id,x,y,flux,flux_err,snr,kron_flux,fwhm,ellipticity,elongation,peak,area,ra,dec,flag_edge,flag_saturated,frame,flux_aper,flux_aper_err,snr_aper,mag_inst,mag_inst_err,mag_calib,mag_calib_err
1,44.99880602952044,1.9973874442335946,44415.35821533203,161.64993286132812,274.7626146769506,44201.45504288547,2.655712189610847,0.00043971117088370537,1.0004399046018513,44714.10546875,25.0,132.83185522174267,11.562399332728534,True,False,science_V_002.fits,42615.77661261071,202.15574904770787,210.80665186797913,-7.128547892183502,0.005150216989736814,16.986269601840867,0.010506523313449546
2,499.99983857148686,0.6648605170747719,61430.37176513672,183.10235595703125,335.49744045648777,61437.413115471674,2.2347614236128255,0.35883291638424497,1.5596558612470661,61397.328125,15.0,132.76283646316327,11.562200676648517,True,True,science_V_002.fits,59784.20619327527,224.2652106657505,266.5781554606741,-7.496088041827271,0.00407272680735524,16.618729452197098,0.010022444848540455
3,380.91003973163214,15.74149615965651,71554.98324584961,239.69793701171875,298.5214814024508,72022.43538215075,4.691671799296043,0.01004522676295927,1.0101471572586216,4943.55126953125,119.0,132.78090094216554,11.564442972836234,False,False,science_V_002.fits,72967.03456650423,259.73824045396947,280.92526706492174,-7.712438615458042,0.0038647289058164184,16.402378878566328,0.0099397397657151
4,177.82042820553485,23.143443598749627,1080986.5510559082,766.373046875,1410.5226631648798,1074429.4918438608,5.171916445315878,0.0006927208215027347,1.0006932010162801,56248.44140625,280.0,132.81170773621068,11.565543374332101,False,True,science_V_002.fits,1073505.5639241193,751.679346003582,1428.1429570089633,-10.631632623301044,0.0007602180122596691,13.483184870723326,0.009189136440430576
5,479.8035336662618,18.432296114611283,13987.344268798828,141.7902069091797,98.64816882422694,14849.811588205626,4.291754864022231,0.022859526317194012,1.0233943091427145,950.169189453125,70.0,132.7658997008544,11.56484148757278,False,False,science_V_002.fits,14119.802806124851,199.45043392253388,70.79354267842281,-5.929193452797446,0.015336144497412064,18.185624041226923,0.01786224020497394
6,271.6821411819279,21.961200838001638,274385.42541503906,412.6729431152344,664.8980263734421,273924.4800084261,5.079638697385837,0.04718384308214585,1.0495204061555536,17952.880859375,190.0,132.79746975905596,11.56536790394765,False,False,science_V_002.fits,273260.5677558345,408.4982098995553,668.939449754323,-9.146064289884347,0.0016230168521212764,14.968753204140024,0.009300348423416982
7,499.6231819588534,25.30755836281954,801757.7859191895,673.0899047851562,1191.1600221891647,795684.048275337,5.209638528309033,0.021986465862829152,1.0224807378378729,51300.53515625,278.0,132.76289311109014,11.565862860415214,False,False,science_V_002.fits,792276.9459271227,655.0769963717748,1209.4409516976582,-10.301814421019085,0.0008976874798856724,13.813003073005286,0.009201529215637397
8,428.6499623993202,38.704165453926734,731201.6685180664,642.6011352539062,1137.8779594423718,726655.9831016005,5.1151337741047,0.0011356754181220952,1.00113696664319,46731.86328125,255.0,132.7736589323168,11.567854915091154,False,False,science_V_002.fits,725431.3937157493,628.3596431814311,1154.484381019183,-10.206112739408953,0.0009404198253782699,13.908704754615417,0.009205796355701639
9,293.88657243731075,48.32690332960088,46780.556396484375,204.2310791015625,229.05699074929126,47425.60057705006,4.607046263108251,0.02190782592762275,1.022398529002034,3201.72119140625,104.0,132.79410146559016,11.569286090329266,False,False,science_V_002.fits,46750.83676953171,232.6305199329046,200.96605029733675,-7.2290953452781705,0.005402405025095864,16.885722148746197,0.010632416336368047
10,450.2395425910693,52.502360807874936,1101996.287261963,778.7982177734375,1414.9959028059152,1094102.2322425488,5.217071819521969,0.0018100586350884296,1.001813340888422,57936.85546875,297.0,132.77038374299303,11.569905165175214,False,True,science_V_002.fits,1091121.8003278195,760.2585042560427,1435.1984150385083,-10.649304956418568,0.0007564807685290464,13.465512537605802,0.00918882801274675
11,254.4593704592245,50.98317358418278,55015.08999633789,214.9333953857422,255.96343414945824,55628.145485252426,4.632941484670621,0.015320703347148301,1.015559079386788,3723.169189453125,108.0,132.8000822983227,11.569680901140941,False,False,science_V_002.fits,54767.43645545435,240.19467394910535,228.01270134349014,-7.400927906602664,0.0047615768490214296,16.713889587421704,0.010321575034064421
12,487.85837725347596,58.37914340299897,44781.09539794922,207.2103271484375,216.11420634392303,45553.677622147574,4.691566616814719,0.008908003055830949,1.008988068800169,3033.233154296875,109.0,132.76467710575562,11.570777884540151,False,False,science_V_002.fits,44493.05455730692,235.33104449878334,189.06581004673586,-7.175352429422781,0.005742444917627476,16.93946506460159,0.01080916142569213
13,338.4259660360118,75.91244296704683,29259.39727783203,175.63641357421875,166.59072388464523,29970.11331557709,4.4867886852492065,0.025467325069853053,1.0261328590872323,1998.63330078125,90.0,132.78734496333365,11.573385391962042,False,False,science_V_002.fits,30402.81623372978,214.70513996526847,141.60264741984219,-6.761906410210779,0.007667229531245794,17.35291108381359,0.011943563361890482
14,205.99282970440464,79.03018011924085,143452.51626586914,350.8516540527344,408.86943130759096,143767.70742587294,4.878829966136719,0.0054238334756452344,1.0054534118735214,9944.619140625,150.0,132.80743445721166,11.573848902147315,False,False,science_V_002.fits,143719.03688614228,356.5665005015874,403.0637670223382,-8.448407619481186,0.002693618451543499,15.666409874543184,0.00954556847218544
15,13.333373277043798,83.17486770397024,239960.38821411133,383.6595458984375,625.4513690052527,239783.45717431183,4.917645679816413,0.007001339093496317,1.0070507034592622,15924.7314453125,173.0,132.8366601119666,11.574462638152527,False,False,science_V_002.fits,241081.7500147888,383.49409298140057,628.645276229799,-9.010032712428945,0.00172704709802532,15.104784781595425,0.009319065874511392
16,387.49804562824113,80.34802207432602,16490.779571533203,147.17913818359375,112.04563211236042,17081.413094152857,4.2903601763509265,0.014083664162354292,1.0142848471522572,1086.4691162109375,73.0,132.77990091360326,11.57404414991991,False,False,science_V_002.fits,17306.353116300823,200.7339047928299,86.21539611936547,-6.150135775917348,0.01259287840534706,17.96468171810702,0.015570577498170753
17,27.479834943092555,101.97670072608885,164453.21044921875,327.9029541015625,501.5301277166356,164563.06235714688,4.884641846661638,0.0016702459514000845,1.001673040340255,10788.689453125,160.0,132.83451449849736,11.577257060436205,False,False,science_V_002.fits,165573.2925847692,331.0652381503982,500.1228564792768,-8.6020975871305,0.002170866589947559,15.51271990689387,0.009411427035579442
18,322.4829931699081,105.15270736394565,439603.5527648926,530.109619140625,829.2691490442029,437461.7748590865,5.064340635595519,0.004038674803214404,1.004055051838902,27944.66796875,222.0,132.78976327762453,11.577730914239861,False,False,science_V_002.fits,435457.64759491856,520.3905723865973,836.7900394464059,-9.651986679344638,0.001297458082457895,14.462830814679732,0.00924909155379167
19,308.74305199176183,115.45357239651085,6932.691375732422,110.72393798828125,62.612398923764445,7597.952717515951,3.846398288239121,0.024659805363609566,1.0252832862822832,533.560546875,49.0,132.79184754954062,11.579261802772258,False,False,science_V_002.fits,5810.267126589035,186.36451484448258,31.17689615664004,-4.965112122803609,0.03482386426619214,19.149705371220758,0.03600782997522704
20,339.0370210297665,122.99376761712121,1577017.314453125,924.262939453125,1706.2431556394836,1569646.0651863192,6.1359679332212504,0.2274322350115111,1.294384836280219,53422.84765625,361.0,132.78725194964616,11.580382194571282,False,True,science_V_002.fits,1546821.2769735039,897.4793345355922,1723.5174309321771,-11.028222217261316,0.0006299327065191277,13.086595276763054,0.009179276241045784
21,0.662158444816649,117.99912928644385,58305.912170410156,177.57664489746094,328.34223331608763,58186.051929549496,2.2316187200280098,0.3591948779564794,1.560536839672896,58487.609375,15.0,132.83858299736278,11.579637660270073,True,True,science_V_002.fits,58855.60714498849,212.41458105443724,277.0789408750856,-7.479091484475768,0.003918377905484567,16.635726009548602,0.009960721987128981
22,274.40491062532783,127.62330211990401,585707.3881530762,580.1420288085938,1009.5930980141392,582229.5711770117,5.1065073984180955,0.0016482286719389228,1.0016509498147594,36737.01171875,247.0,132.79705657406154,11.581070458796544,False,False,science_V_002.fits,581092.1149352826,566.7953469299704,1025.2238626917992,-9.965234329961305,0.0010589882263854222,14.149583164063065,0.00921866330648365
23,365.76462019992357,135.35285251157163,149865.80084228516,323.04296875,463.9190923182263,150036.13952276413,4.906394073418454,0.00837830732842082,1.0084490964551696,9875.3388671875,159.0,132.78319728707353,11.582218686011146,False,False,science_V_002.fits,149590.16905131665,327.0741783792055,457.3585410887551,-8.491879506474014,0.0023738487476706134,15.622937987550356,0.009460309454320321
24,497.40505372121714,138.83881558701384,174912.67059326172,346.3574523925781,505.00622806004276,174921.4408866784,4.9696687237740855,0.0046435197151143415,1.0046651825824104,11434.6044921875,169.0,132.76322735895113,11.582734902314598,False,False,science_V_002.fits,173883.39002927777,347.3115143334504,500.655414097023,-8.6552671205492,0.0021685573938277636,15.459550373475171,0.009410894658055108
25,461.6279645647534,139.50561107691735,52296.661376953125,220.4381866455078,237.2395734730512,53109.97759556076,4.74347528409014,0.02360236831532314,1.0241729061495157,3274.0732421875,117.0,132.76865474330154,11.582834630101694,False,False,science_V_002.fits,53069.66698899734,244.35085891624715,217.18633290005056,-7.366737780164731,0.004998933337576268,16.74807971385964,0.01043319853200429
26,352.05336661467,139.44070992233654,15260.413635253906,144.49876403808594,105.60930217528835,16148.886425888777,4.286741620066928,0.00843220637707709,1.0085039131275817,1040.2967529296875,72.0,132.7852772531549,11.582826299518109,False,False,science_V_002.fits,14929.932871083342,199.94502983989506,74.67018751623087,-5.989766511608039,0.014539939380278163,18.12505098241633,0.017183484346221776
27,399.9471761174253,146.4262875662807,117706.48983764648,294.020751953125,400.33395281028373,118091.40593329759,4.857113305178782,0.009849098464202233,1.0099470681175218,7737.02001953125,146.0,132.77801166153506,11.583863975972422,False,False,science_V_002.fits,118033.85651988727,302.8423107547936,389.75351966409124,-8.234638366687065,0.002785606659654311,15.880179127337305,0.00957193301047367
28,28.31675537618719,149.71133145061475,85382.35729980469,250.20497131347656,341.2496436484906,85874.59703441718,4.7193776517083785,0.007910770873639117,1.0079738501753572,5695.93408203125,124.0,132.83438841380175,11.584350969872075,False,False,science_V_002.fits,87299.67876501972,265.8785922419518,328.34414395265134,-7.907153488149144,0.003306591635624124,16.207664005875223,0.009736315799082552
29,509.77791509615815,153.9999967965328,57202.88018798828,180.17892456054688,317.4781974501461,57339.38032474684,2.4726519436841197,0.14828074341819963,1.1740957977318651,57052.42578125,20.0,132.76135008023655,11.584987778612941,True,True,science_V_002.fits,53202.32456134177,224.78253530975059,236.68353276658664,-7.36944839472721,0.0045871378853834304,16.745369099297157,0.010242271773108009
30,329.3330752182304,162.17304256961717,472079.7932434082,526.564697265625,896.5276170143021,469864.65347537305,5.0611002166333385,0.0017055990845608049,1.0017085131229793,31212.376953125,225.0,132.78872379405246,11.586204730235231,False,False,science_V_002.fits,469839.90427866566,516.0726336090356,910.4142976792783,-9.734496622429162,0.0011925339955309792,14.380320871595208,0.0092349571967163
31,498.8805158025235,165.06295873425418,69273.29287719727,245.37062072753906,282.32105649730056,70016.31871520681,4.8433037407252755,0.009052281861593348,1.0091349742230589,4809.12060546875,132.0,132.76300301437664,11.586632071931136,False,False,science_V_002.fits,69073.26059173977,261.7105196037132,263.9300120466375,-7.652896767262333,0.0041135905370555306,16.461920726762035,0.010039119692544656
32,452.04340726172956,168.88451768097775,256450.74169921875,405.43463134765625,632.5328964789758,255914.74915862875,5.001868315601665,0.003294294667290809,1.003305182913738,17373.3828125,187.0,132.77010825668037,11.5872008139929,False,False,science_V_002.fits,255525.39432257606,401.55787731874847,636.3351555415888,-9.07320704193134,0.001706176360908355,15.04161045209303,0.009315220602283533
33,42.19386327042889,174.83417344003462,181824.7456665039,343.4602355957031,529.3909653067816,181751.15091578942,4.914928061678468,0.001558258686997993,1.001560690646756,12369.404296875,167.0,132.83228367182485,11.588084743471162,False,False,science_V_002.fits,182676.22777697013,344.7473386870789,529.8843740829632,-8.708826961401275,0.002048937566575635,15.405990532623095,0.009384052549214011
34,17.426817396649984,194.14769762489374,246643.3894958496,390.59466552734375,631.4561136231986,246256.72952948505,4.943825432205225,0.0013949681087435106,1.0013969167630785,16241.3935546875,180.0,132.83604128292168,11.590954506266183,False,False,science_V_002.fits,247660.83487636858,388.8038795257742,636.9813880932504,-9.039265205584977,0.0017044454049904827,15.075552288439393,0.00931490371572773
35,427.4459391317061,195.38731175209608,390186.86975097656,485.294677734375,804.0205006421779,388648.9114945912,5.031861815533481,0.0019600845184459814,1.001963933995065,24137.689453125,209.0,132.77383939118084,11.5911397822646,False,False,science_V_002.fits,388547.1648918939,477.02988805710896,814.5132508874956,-9.528231235030058,0.001332943323901752,14.586586258994313,0.00925413610227445
36,264.4621764796355,197.2603893374674,113323.63125610352,288.0404968261719,393.42950906133393,113649.82777738696,4.8548540016539805,0.0029410744448742365,1.0029497498788618,7218.93603515625,146.0,132.79856482821094,11.591419314410587,False,False,science_V_002.fits,114183.08142065445,296.5684141195759,385.0143035617273,-8.198626271512987,0.002819895234946604,15.916191222511383,0.009581967764022151
37,186.13514996932938,203.37673549815787,612634.8423156738,591.0167846679688,1036.5777389213235,609028.3835697204,5.098546984524901,0.002513864053481085,1.0025201994923927,39969.2578125,247.0,132.81044747002636,11.592328087441281,False,False,science_V_002.fits,608753.4144872754,578.0617528155118,1053.0940881701247,-10.015725399490115,0.0010309620120330673,14.099092094534255,0.009215485867003452
38,351.8911557039692,203.50524039472995,311096.5450439453,439.3524475097656,708.0796904790897,310098.53699485585,5.023162088952574,0.0025071252932965526,1.0025134267691223,19864.376953125,200.0,132.78530135927576,11.592347001035048,False,False,science_V_002.fits,308875.3541102452,432.76090889043996,713.732104182362,-9.279080014809551,0.0015211589805726301,14.835737479214819,0.00928311487265249
39,42.36244040250311,205.1814688663214,303570.2106628418,429.28948974609375,707.1456858689704,302655.49070689105,5.007292102673828,0.004492825764393471,1.004513102346895,20062.138671875,199.0,132.8322586193237,11.592594690752746,False,False,science_V_002.fits,303110.81477063824,423.6047216124658,715.5510769965845,-9.25862545391921,0.0015172921052080011,14.85619204010516,0.009282482018685069
40,92.00692539922959,209.04888790138148,13683.382995605469,135.18731689453125,101.21794936044776,14446.070204520744,4.256648790510465,0.004739666598979397,1.0047622380194565,1000.4443359375,69.0,132.8247273197254,11.593170169394876,False,False,science_V_002.fits,14333.28320081957,189.54270026427847,75.62033874601735,-5.945486078694393,0.01435724856571315,18.169331415329975,0.017029177416198277
41,302.48762801857566,220.11521516298188,482558.75329589844,555.9308471679688,868.0193872208323,480097.2392774556,5.074677888287994,0.003821886223371873,1.0038365490774361,30667.748046875,230.0,132.79279608637697,11.594815709786207,False,False,science_V_002.fits,478986.7572736006,521.1565658703308,919.0841843730651,-9.755430640236467,0.001181284607503706,14.359386853787903,0.009233511272458072
42,328.74170824090106,216.1258167006521,15892.024230957031,145.4748992919922,109.24238001401953,16528.757474176717,4.255688181525574,0.014131247457543239,1.014333801960048,1172.190185546875,71.0,132.78881318440807,11.594222715006595,False,False,science_V_002.fits,15604.009933210778,201.12699886625816,77.58287062984942,-6.037712419299154,0.013994068422395874,18.077105074725214,0.01672412174391775
43,280.0630471572043,227.01509408099537,399260.245513916,499.0286865234375,800.0747377779539,399329.06084060436,6.959811631078513,0.40474197438109705,1.6799437503766168,15720.720703125,270.0,132.7961980366308,11.595841172783956,False,False,science_V_002.fits,388887.33757097676,475.5338628310729,817.7910512108448,-9.529181380195858,0.00132760073418813,14.585636113828512,0.009253368078926827
44,360.3746814945665,226.65528769610023,12535.984161376953,134.91749572753906,92.91592683200193,13266.986167677473,4.122893840002257,0.016934661200420087,1.0172263841802205,861.1612548828125,63.0,132.78401416408803,11.595787287275739,False,False,science_V_002.fits,12498.027678704677,198.1596275169366,63.07050449838213,-5.7967255793931685,0.017214068741559698,18.3180919146312,0.019498370694338227
45,42.78743636039666,233.76090697138662,1140446.4807128906,787.0648193359375,1448.9867323444953,1132814.6945017965,5.236053330489417,0.0011992758907735102,1.0012007158803806,55172.44921875,299.0,132.8321946348915,11.596841919234542,False,True,science_V_002.fits,1130631.830091508,770.2915377402581,1467.7972880350615,-10.687924893449658,0.0007396797969653054,13.426892600574712,0.009187460111299735
46,317.84400550098553,232.31412233040777,53988.61346435547,218.7512664794922,246.80366122322255,54826.225496859784,4.675299378881522,0.021761099886855262,1.022245179459065,3654.927734375,112.0,132.79046635566635,11.596628535900736,False,False,science_V_002.fits,53723.51434473705,244.17643126348196,220.01924619320013,-7.380032910214885,0.004934568310658791,16.734784583809482,0.010402512269026316
47,203.87089850620413,237.06745341715836,1095604.4963684082,774.8151245117188,1414.0205343292025,1088081.2296877205,5.257246159070931,0.0027332970635592924,1.0027407884525885,51461.875,297.0,132.80775699729568,11.597334986513127,False,False,science_V_002.fits,1085266.5555275963,756.962773627778,1433.7119252594255,-10.643462923136068,0.0007572650968942357,13.471354570888302,0.009188892616722613
48,339.6658608094281,238.7449011586599,480683.15838623047,573.1593627929688,838.6553367005858,478286.42772369465,5.070686482068777,0.0009443503193736769,1.0009452429598646,31222.072265625,228.0,132.7871557637019,11.597584093752127,False,False,science_V_002.fits,477417.033366461,530.4993755195053,899.9389167969103,-9.751866648490541,0.0012064152130060741,14.36295084553383,0.00923675997094531
49,87.23231657937795,238.66095366131407,73775.73266601562,240.36158752441406,306.93645114372555,74400.3465506958,4.7454496361149126,0.015263408945148216,1.0154999916564469,4983.85498046875,125.0,132.825452057816,11.597570788484324,False,False,science_V_002.fits,74971.09356095607,257.05406090874345,291.6549666475469,-7.741856488291862,0.003722549327651341,16.372961005732506,0.009885326023530157
50,441.5813242854785,244.17056067535583,281152.72103881836,422.60980224609375,665.2773303992077,280367.23595798097,5.016213911689968,0.007084156432984989,1.0071346997622028,18366.732421875,194.0,132.77169424887663,11.598389313517556,False,False,science_V_002.fits,280379.6521260787,417.0302309254585,672.3245254999147,-9.17398810546204,0.0016148451511458924,14.94082938856233,0.009298925849627175
51,354.89589580912644,246.084832461143,12376.637664794922,136.19210815429688,90.87632046030883,12992.744652523908,4.1753220723033015,0.0057741042945566035,1.0058076382032473,909.6826171875,65.0,132.78484517988872,11.59867477787925,False,False,science_V_002.fits,12030.207150025459,341.7468013446906,35.20210607001885,-5.755304638013618,0.030841904681512107,18.35951285601075,0.03217274283424035
52,266.06470432025077,247.03276677815126,14933.709533691406,141.6717529296875,105.41063567628116,15656.630846797469,4.235808427610761,0.00803859634876214,1.0081037390357865,1124.347900390625,69.0,132.7983216721133,11.598816041357122,False,False,science_V_002.fits,15679.362457627527,198.46709591522801,79.00232723879182,-6.042942873425423,0.013742633134317318,18.071874620598944,0.016514304785824965
53,233.75072573032074,262.4398762862148,233782.74975585938,386.8905944824219,604.2606180918186,233381.17811075918,4.983793834257846,0.002709092850446182,1.0027164519710596,14853.318359375,182.0,132.80322402320445,11.601105695997596,False,False,science_V_002.fits,233115.82356158757,384.3733504518135,606.4827941051857,-8.973551258531336,0.0017901579575754644,15.141266235493035,0.009330967935201356
54,415.1214880411555,262.2215406511344,18281.027923583984,153.0493927001953,119.44528234355192,19311.398604373437,4.313271319544004,0.03729532169383443,1.03874014797503,1320.5872802734375,73.0,132.7757082064256,11.601072252343352,False,False,science_V_002.fits,15835.883983472042,208.87429471704482,75.81537979541426,-6.053727652472164,0.014320313410415302,18.061089841552207,0.01699804910180005
55,368.19593492705695,267.1364275189007,374187.61193847656,476.58953857421875,785.1360167449516,372762.9278999291,5.031821272618505,0.0016007275925961073,1.0016032940295883,25288.9140625,208.0,132.78282725160642,11.601803166559874,False,False,science_V_002.fits,371940.39979405893,468.4712763872283,793.9449407921031,-9.480805257923755,0.0013674751789674719,14.634012236100615,0.009259173044056214
56,427.2678278789042,273.7120468484905,763324.1924743652,658.675048828125,1158.8782569378113,758390.9804915924,5.124676902326039,0.0010091178174375104,1.0010101371648485,49804.3828125,265.0,132.7738653216915,11.602779709318158,False,False,science_V_002.fits,756820.026853981,642.338101192764,1178.2268955377772,-10.252103413488156,0.0009214693741178391,13.862714080536215,0.009203879774427859
57,404.32850591514733,270.52686135053074,22130.58609008789,165.19979858398438,133.96254886374533,22934.692164864377,4.441127534031703,0.019100594550889194,1.0194725314795596,1433.117431640625,83.0,132.77734551283234,11.60230664732769,False,False,science_V_002.fits,19435.783514442926,212.77107859634268,91.34598387460075,-6.276127006608344,0.011885580010725408,17.838690487416024,0.0150043096904203
58,255.16119184202267,277.993558751556,1333050.2134399414,852.7474975585938,1563.2414252242884,1323691.2494248464,5.429889776122413,0.001673806854663118,1.0016766131812986,52069.921875,332.0,132.79997583378858,11.60341716389088,False,True,science_V_002.fits,1316536.4844615967,830.8220380615721,1584.6191171496444,-10.853204121481642,0.0006851488715805209,13.261613372542728,0.00918323069899222
59,318.2878049148334,276.2611242786719,173988.8289489746,343.1769104003906,506.9945665807724,174045.12051610154,4.911819741992842,0.004408242893413461,1.0044277615417636,11554.1708984375,163.0,132.79039880312982,11.603159546377572,False,False,science_V_002.fits,173228.60334299007,345.858736337002,500.8651947834491,-8.651170883781033,0.002167649122573603,15.463646610243337,0.009410685406136963
60,337.51325620072583,280.31624041925716,1017846.990020752,751.1369018554688,1355.0752033436945,1010920.1190859783,5.194636794104616,0.0019066574308130857,1.0019102997179654,54894.8203125,290.0,132.78748205488608,11.603762070749827,False,True,science_V_002.fits,1008030.8919469375,732.9907017280029,1375.2301217062316,-10.563306478115532,0.0007894678736770143,13.551511015908838,0.009191602505453181
61,41.210835985059425,283.14143606200514,1016824.6611328125,746.0694580078125,1362.9088420908993,1009975.8208689649,5.182493047744829,0.001907098039052868,1.001910742011396,54881.25,288.0,132.83243467048143,11.60418038677989,False,True,science_V_002.fits,1008280.8117426599,729.9487994642686,1381.3034729047674,-10.56357562992514,0.0007859967207038598,13.55124186409923,0.009191305018311726
62,186.04827787067728,281.25160325421547,110430.15249633789,284.5829162597656,388.0421001643609,110840.39099438912,4.8674222598078964,0.0059770880265263004,1.006013028426739,7444.802734375,145.0,132.81046108272344,11.60390115734805,False,False,science_V_002.fits,107062.42781476906,293.48875242099945,364.7922686358751,-8.128714592773804,0.0029762143919878793,15.986102901250566,0.009629130241187979
63,67.80563928773913,288.195203999541,497789.4380493164,536.7059936523438,927.4899925409891,495105.201563094,5.080817845734026,0.0018738937747254658,1.0018774118450946,33453.3828125,232.0,132.8283999967618,11.604931854798112,False,False,science_V_002.fits,493732.22201293515,525.7208279678258,939.15286545039,-9.788350551851567,0.0011560418329547772,14.326466942172804,0.009230315802518705
64,168.05131863093558,291.7234908866872,232875.0689086914,386.54833984375,602.4474688025405,232349.10921581875,4.980437071637224,0.0023285417553269294,1.0023339765171029,15788.5322265625,186.0,132.81319150841028,11.605457285114479,False,False,science_V_002.fits,228242.4319527937,383.0654956013889,595.831351488516,-8.950612839385528,0.0018221599069731492,15.164204654638842,0.009337160372472217
65,202.45984600060544,289.6636243927299,12618.219360351562,132.61050415039062,95.15248766448788,13247.272214099154,4.131621009851769,0.012466319060973619,1.0126236900083445,849.7774658203125,63.0,132.8079712888756,11.605151356044708,False,False,science_V_002.fits,12687.24218182002,193.75874343591607,65.4795853690918,-5.813039949100258,0.016580740300662946,18.30177754492411,0.01894157453890023
66,350.3594021215487,295.2386516411656,79824.61770629883,253.6711883544922,314.67750919646465,80402.64691746653,4.776906680911161,0.017023607754901637,1.0173184299126656,5179.8046875,127.0,132.78553302826163,11.6059796163469,False,False,science_V_002.fits,76510.5754279014,271.0290280812534,282.29660848344207,-7.763925544688032,0.0038459548126795196,16.350891949336336,0.009932455160525913
67,312.9446229172132,297.8799091956315,565773.4991455078,572.8226318359375,987.6940394833272,562866.0314234231,5.085880386549409,0.00271817259349727,1.0027255811935991,38481.015625,239.0,132.79120932387468,11.60637236359809,False,False,science_V_002.fits,562187.5272029636,560.1283160913235,1003.6763203224747,-9.929324889141288,0.0010817232388736359,14.185492604883082,0.009221302633587315
68,108.12709724144378,298.07478490629217,287858.885345459,420.2954406738281,684.8965215610153,287196.2831523272,4.986996642249373,0.006017530751509126,1.006053960645864,19428.515625,190.0,132.8222828489624,11.60640060330245,False,False,science_V_002.fits,287023.11550465197,416.2580242341304,689.5317298272948,-9.1994140595332,0.0015745468308933838,14.91540343449117,0.009292012420211323
69,236.13536608601476,298.49278601535315,92697.18606567383,265.5516052246094,349.0740942321494,93086.71567942502,4.79878297463355,0.006319002969660037,1.0063591866892339,5969.580078125,133.0,132.80286230353013,11.60646356272201,False,False,science_V_002.fits,93144.86222726044,279.2130075397235,333.5978615323241,-7.977519135704819,0.0032545172652277353,16.13729835831955,0.009718754021187619
70,426.12325100957355,300.56456058556586,198215.78869628906,364.7203063964844,543.4734102268776,198110.71212346957,4.953357682206718,0.0031607089484112505,1.0031707307053246,12859.7705078125,171.0,132.77403859567642,11.606770306334878,False,False,science_V_002.fits,197103.3407363155,365.058779198179,539.9222042248551,-8.79135683721352,0.0020108452504906636,15.32346065681085,0.009375809069947295
71,77.10383045986542,306.7662938259286,1175680.6318359375,799.8363037109375,1469.90156158357,1167791.3180262302,5.272763283977722,0.003161000110550205,1.0031710237168698,53643.4921875,305.0,132.82698961281525,11.607691859110055,False,True,science_V_002.fits,1163939.0392531804,782.0032910973952,1488.4068296180824,-10.719447461403638,0.0007294376634099329,13.395370032620733,0.009186641192486297
72,182.73565664339532,309.47732952603064,1427779.9247131348,879.055908203125,1624.2197013744603,1418489.4569549349,5.450314680219529,0.002502095138971816,1.002508371322665,51913.3515625,329.0,132.81096381141305,11.608095795253341,False,True,science_V_002.fits,1410975.301476697,858.2810875376983,1643.9547858669582,-10.92842040324203,0.0006604196230539539,13.186397090782341,0.009181418799575576
73,439.6682776809671,307.88248281382994,26927.21563720703,175.48793029785156,153.4419808331211,27674.1027950277,4.482590680887661,0.022565734535574977,1.023086702945546,1917.0655517578125,87.0,132.77198352457833,11.607857639969481,False,False,science_V_002.fits,25699.739292356884,219.77319525445495,116.93755129055455,-6.579443668316102,0.00928444274758553,17.535373825708266,0.013040827206426693
74,350.16354655791656,319.7618873264192,1479122.5393066406,911.4051513671875,1622.9034223559383,1469024.7253479252,5.474858466764998,0.00238194801843572,1.0023876352414678,53919.94140625,337.0,132.78556255358086,11.609624042942654,False,True,science_V_002.fits,1461400.5853206192,882.5647611527486,1655.8564874172325,-10.966545066423379,0.0006556727640651095,13.148272427600991,0.009181078578697705
75,216.51209593208188,321.9049682346902,62238.90481567383,236.6422882080078,263.0083798081179,62934.87898820817,5.027196740003313,0.11518195861049418,1.1301758703174882,4105.26123046875,137.0,132.8058394865473,11.609942828494553,False,False,science_V_002.fits,61815.75537869461,250.35804123213492,246.90940652223074,-7.532369825596289,0.004397159327756304,16.582447668428077,0.010158607544755303
76,199.48900332713706,330.62176966109445,819573.5251464844,676.69287109375,1211.145499171277,814233.8562983737,5.125479595176154,9.207016582057914e-05,1.0000920786435166,50329.8125,266.0,132.80842218662804,11.611238178620837,False,False,science_V_002.fits,812151.1088610364,661.6179608888677,1227.5227652071762,-10.328713978051995,0.0008844642484628464,13.786103515972375,0.009200248589113995
77,499.2979653473405,333.92194737959494,1046314.2403564453,764.8482055664062,1368.0024778009385,1038072.1855957317,5.231710707428899,0.0018249261737998124,1.001828262618104,56417.859375,306.0,132.76293635423303,11.611726380145715,False,True,science_V_002.fits,1034045.0453682697,743.286292438385,1391.1800283253403,-10.59097051911937,0.0007804166088460401,13.523846974905,0.009190829515231357
78,17.166776486237666,334.20466284677855,84245.45193481445,252.40322875976562,333.77327361766146,84626.75128264361,4.729478020074914,0.007937532286368065,1.008001040806091,5844.0419921875,127.0,132.83608342297356,11.611768518231878,False,False,science_V_002.fits,86253.74588988183,267.7431781603202,322.1510496832696,-7.894066786563001,0.0033701581946339507,16.220750707461367,0.00975808707439852
79,223.04592871547646,333.5358207869034,27620.378479003906,173.9907684326172,158.7462296294224,28352.852063597253,4.501582048805572,0.03206726171051255,1.0331296384986226,1847.86083984375,90.0,132.8048482351627,11.611671320572317,False,False,science_V_002.fits,26997.014424659537,214.0022824930659,126.15292748353885,-6.632911220494934,0.008606221208316141,17.481906273529436,0.012566994094896186
80,172.9826826683609,346.97354235887684,170162.22207641602,339.6948547363281,500.92669848796004,170106.32476205193,4.937182831661929,0.006119180155026105,1.0061568550603286,11729.388671875,169.0,132.8124437238868,11.613668089196482,False,False,science_V_002.fits,170029.65526672226,340.60177351046536,499.2036697703746,-8.630933559773238,0.002174863819609748,15.483883934251132,0.00941234985157971
81,69.37785674267701,349.17859137423727,409630.5633544922,492.1662292480469,832.3012409452467,407879.79274352523,5.060760596004278,0.0012867952492553458,1.0012884532247437,26569.28515625,218.0,132.82816238630204,11.613994685593589,False,False,science_V_002.fits,407529.52677090693,483.07162330415633,843.6213329680808,-9.580019574516879,0.0012869518083192884,14.534797919507492,0.009247623589421305
82,372.72979021820817,350.293438328875,514464.6875305176,550.160400390625,935.1176259964135,511772.00304382644,5.074533542580554,0.003326215856795822,1.0033373164918302,33703.390625,231.0,132.7821386263749,11.61416118001757,False,False,science_V_002.fits,511581.07206712675,538.1079152626896,950.7034881978772,-9.826908043263893,0.0011419964410333847,14.287909450760477,0.009228567221731552
83,46.61575816911025,358.43628791093215,655019.4338378906,608.6098022460938,1076.255149720758,651272.2211308207,5.09672329029979,0.003812942041580558,1.0038275362153317,40453.15234375,250.0,132.83161594653143,11.615370126615584,False,False,science_V_002.fits,650948.1743516388,595.6949758357231,1092.754179164259,-10.088487907331345,0.00099354458733834,14.026329586693025,0.0092113749213521
84,195.87868175607915,357.97207774998213,106378.23474121094,280.8084411621094,378.82847930415056,106864.01781649538,4.836998390119566,0.005983571628775497,1.0060195902783822,7420.177734375,141.0,132.80897006025523,11.615302721636258,False,False,science_V_002.fits,106394.16906896495,291.384642358202,365.1330701848506,-8.12191644181055,0.0029734365048072983,15.992901052213822,0.009628272001912169
85,425.8474512145649,356.55456128885163,28812.330047607422,179.1097869873047,160.86407410919227,29589.36575975982,4.474997704219478,0.0036291314143982456,1.0036423499811369,1908.50830078125,88.0,132.7740796654804,11.61509104511512,False,False,science_V_002.fits,29039.907546155988,222.51035097898725,130.51036690377774,-6.7121099474772326,0.008318879379141287,17.402707546547138,0.012371986551051017
86,150.73172061795344,363.43009172838464,143685.54348754883,315.8671569824219,454.8923188476508,143888.1742467105,4.9083358633879035,0.0013737852307014187,1.0013756751128537,9194.2236328125,157.0,132.8158197153797,11.616113550840788,False,False,science_V_002.fits,143787.84098498023,320.40629882735533,448.7672106048623,-8.448927280806322,0.0024192944010696773,15.665890213218049,0.009471815163617383
87,510.33430104293643,366.00133519726404,57911.7024230957,178.94293212890625,323.63224260446054,57955.75541122619,2.2358074356985855,0.3587618263669242,1.5594829520742353,57754.36328125,15.0,132.76126130325687,11.61649351385663,True,True,science_V_002.fits,57255.19174312176,224.23710694119612,255.33326095817114,-7.449159057603854,0.004252089978116326,16.665658436420514,0.010096661144986613
88,189.41706531723452,375.43705149764435,187106.93829345703,352.39794921875,530.9535390551065,187079.14912080157,4.938367090047358,0.0024638737001727584,1.0024699593681003,11780.7998046875,168.0,132.80995049668567,11.61789817861116,False,False,science_V_002.fits,186346.76685885753,353.55635022176756,527.0638378916738,-8.73042652926167,0.0020599022773843604,15.3843909647627,0.009386452710532258
89,413.73123439199463,378.5344007745938,541388.8870849609,595.0975952148438,909.7480672720703,540867.21858179,6.723800998779671,0.37233805226082184,1.5932143148106614,23612.603515625,282.0,132.77591763084297,11.618357651106827,False,False,science_V_002.fits,528566.912950444,547.094776560417,966.1340879061986,-9.862371808616269,0.0011237570577319388,14.252445685408102,0.009226327927159723
90,168.8985410755511,380.2149475376069,88214.08139038086,261.7151184082031,337.06146563834085,88682.7402632683,4.816373231387001,0.01119403715335221,1.011320762185865,6055.86328125,135.0,132.81306358948873,11.61860810363473,False,False,science_V_002.fits,88226.11722414602,274.8544315608213,320.99215836955807,-7.918614790592558,0.0033823256166589416,16.196202703431812,0.009762296024593414
91,334.40175632807444,382.41218408603584,716930.8609924316,639.0010375976562,1121.955707126478,712625.0590791774,5.1067915057539075,0.0012060018796733463,1.001207458076383,44352.4453125,255.0,132.78795345122765,11.618934681296684,False,False,science_V_002.fits,711764.5692898014,624.1655858543568,1140.345743855037,-10.18546278802605,0.0009520796704424904,13.92935470599832,0.009206994775362642
92,318.20694743755854,387.3807000093498,14438.460388183594,141.59825134277344,101.96778739330435,15122.6304529965,4.184832154605535,0.031221631382658765,1.0322278370306914,1025.044921875,66.0,132.7904105027744,11.619673149396629,False,False,science_V_002.fits,14291.228670037211,202.89311894268883,70.43722697206923,-5.942295794807434,0.015413724342534345,18.172521699216933,0.01792889274892125
93,63.34741668998574,389.9803214715553,136176.34326171875,307.0289306640625,443.52935395106755,136496.5709506535,4.864193623430724,0.005086334187702213,1.0051123372434025,9023.2470703125,151.0,132.8290779401777,11.620058184596608,False,False,science_V_002.fits,136742.92038333794,313.398277830271,436.32313913797134,-8.394384000987088,0.0024882934289136723,15.720433493037282,0.009489673402338989
94,282.41195230380373,392.94977940184236,347790.04528808594,461.6628112792969,753.3421293440069,346586.59071223624,5.030989092561908,0.005113404168755498,1.0051396854578014,22669.0234375,205.0,132.79584132271444,11.620500904919686,False,False,science_V_002.fits,346753.1963184827,454.0814368626998,763.6365818304309,-9.404673056602334,0.0014217495937630248,14.710144437422036,0.009267344225939297
95,510.33355718849197,387.99978700112376,26705.366577148438,128.201171875,208.3082875653194,26640.93668713968,2.235058981756245,0.35810118004814917,1.5578779223725796,26575.08203125,15.0,132.76126096235478,11.619762727161572,True,False,science_V_002.fits,26335.94181560934,186.3734639891674,141.30735809653711,-6.605994009140723,0.007683251704828287,17.508823484883646,0.011953855187948023
96,98.3992966152527,393.0218059180386,90433.74282836914,262.3620910644531,344.69058567669657,91046.84508810104,4.809644001858676,0.006398719810886466,1.006439927100002,6036.2734375,135.0,132.82375988583914,11.620510666671093,False,False,science_V_002.fits,91097.97034744233,275.2809009777192,330.927318327891,-7.9533936266620415,0.0032807808236739815,16.161423867362327,0.009727580372717155
97,407.0867776102589,398.0501349117246,715888.1091003418,639.9912109375,1118.5905319725612,711308.2513868702,5.116998340396065,0.003929249871114204,1.0039447497786735,49097.01171875,256.0,132.77692548604327,11.621257987295337,False,False,science_V_002.fits,708497.2063005688,624.4335279208512,1134.6239024986705,-10.180467229304673,0.0009568809520133234,13.934350264719697,0.009207492506161001
98,242.3874585822387,397.4891646561276,204925.2020263672,366.8764953613281,558.5672688694356,204875.4052536661,4.954561351318988,0.002124265069102571,1.002128787177343,12581.7724609375,171.0,132.80191387907354,11.621175531393067,False,False,science_V_002.fits,204381.3833651461,367.22856791346555,556.5508819926747,-8.830725209962694,0.0019507650335810448,15.284092284061677,0.009363107460182625
99,40.999319316561596,402.4456124089135,479315.3486022949,531.8753051757812,901.1799268324451,478489.4716781697,5.880512544119496,0.2337439556034785,1.3050468016700183,18782.98046875,249.0,132.83246882252536,11.62191030549872,False,False,science_V_002.fits,473505.3057620323,516.8267737005036,916.1779726923054,-9.742933998441195,0.0011850317649632338,14.371883495583175,0.009233991411012735
100,221.87070688907704,404.2550016565441,777126.2611083984,661.9214477539062,1174.0460499435635,771987.561389547,5.127701497015034,0.002222801704799493,1.0022277535592088,52152.63671875,266.0,132.80502672448543,11.622180972602019,False,True,science_V_002.fits,770468.0516618177,646.1694708913826,1192.3621996547852,-10.27150846131798,0.0009105454704236128,13.84330903270639,0.00920279251903432
101,469.5441935908351,404.33952717705836,128894.3179321289,309.6304016113281,416.2844386770746,129181.8700670895,4.897120288397066,0.012557100324027792,1.0127167862852104,8156.8359375,153.0,132.76744925891975,11.622191752957038,False,False,science_V_002.fits,128376.4719523336,316.31329191293185,405.8522839048775,-8.325835464572947,0.0026751112240986264,15.788982029451423,0.009540362527492524
102,121.25169163879904,406.83159583398077,370750.81271362305,472.0622863769531,785.3853684417602,369336.0819071719,5.047766656700115,0.0023602092148689024,1.0023657929812637,24977.16796875,211.0,132.82029284976096,11.622563217452406,False,False,science_V_002.fits,368485.2687599047,463.8366219905684,794.4290107549926,-9.47067220002269,0.0013666419343978835,14.64414529400168,0.009259050019928603
103,451.0437054238145,402.82202046322845,5815.1494140625,108.171630859375,53.75854434165179,6538.531279133777,3.704504238560339,0.07237390018803891,1.078020551817925,462.8818664550781,43.0,132.77025620964523,11.621966535767685,False,False,science_V_002.fits,6290.27183962361,196.5358396465556,32.005723998919756,-5.0512954097118765,0.033922057193164705,19.063522084312492,0.03513642357029273
104,177.2414957368427,410.8091534860174,756147.1001586914,652.587158203125,1158.6913573977074,751223.6030408047,5.117741475729866,0.0008428876975017374,1.0008435987565152,50386.6171875,261.0,132.8117979898246,11.623154796044846,False,False,science_V_002.fits,750109.4381638073,637.6768996817386,1176.315840417276,-10.242433448931392,0.0009229664029814208,13.872384045092979,0.009204029773730502
105,307.441303146729,406.6872087560785,25744.76904296875,170.36785888671875,151.1128285065025,26205.109144905906,4.4071885103187665,0.004943475990937363,1.0049680353544341,1682.8101806640625,83.0,132.7920437892155,11.622542360036972,False,False,science_V_002.fits,25756.966047240203,215.95975729577412,119.26743375602142,-6.581858637749685,0.00910307169198387,17.532958856274686,0.012912327881682806
106,57.37364444148089,415.37169673448335,126520.90783691406,298.139892578125,424.36759047184654,126852.04316608488,4.842748976496237,0.002874913688934333,1.0028832026476941,8186.45361328125,147.0,132.8299846899213,11.623831531852332,False,False,science_V_002.fits,126020.62499182326,305.8793917921596,411.9944931675958,-8.305725946896395,0.0026352293974918413,15.809091547127975,0.009529256585489252
107,342.7467945678852,412.89294530484807,22445.603759765625,162.0947723388672,138.47210144965055,23139.750573257956,4.327999617441333,0.028351812514834762,1.0291790926798468,1589.78173828125,76.0,132.78668712571022,11.623464405068313,False,False,science_V_002.fits,19958.381471022014,213.69476865383362,93.39667787260063,-6.304935171992315,0.011624610475770542,17.809882322032053,0.014798441330359064
108,411.81057207727423,418.07565299997293,758707.5176696777,657.9652709960938,1153.111799534754,753588.8987149668,5.130412714056459,0.004444665527199576,1.0044645087754498,51357.93359375,264.0,132.77620853223684,11.624233943226647,False,False,science_V_002.fits,751936.4090477116,641.2408293585252,1172.6271544497915,-10.245074659138904,0.0009258697411876169,13.869742834885466,0.009204321369461841
109,136.14520166302276,418.4331051673001,66573.90075683594,235.7203369140625,282.42748007401264,67264.92017526583,4.758618985004406,0.008335068482570929,1.008405125781565,4344.0302734375,124.0,132.8180332881374,11.624287479406286,False,False,science_V_002.fits,66564.29579976457,254.33948577778148,261.7143602229437,-7.612725228684278,0.004148415849535871,16.502092265340092,0.010053439767331652
110,35.911106223634604,422.40420494903617,700088.9862670898,627.2616577148438,1116.1035871657784,696181.9830883679,5.094767180639853,0.0030889715848148036,1.0030985428957742,45316.6015625,249.0,132.8332411676429,11.624876285768286,False,False,science_V_002.fits,695408.0629364465,614.6124914078628,1131.4577439575125,-10.160221178593583,0.000959558592265704,13.954596315430788,0.009207771162810033
111,474.62135501544253,428.0658819228837,265588.24111938477,447.5908508300781,593.3728105184433,264872.4562554108,5.0266233690490925,0.0010744408074193634,1.0010755964721614,17437.376953125,194.0,132.76667852209357,11.625717664305926,False,False,science_V_002.fits,263943.51124135376,442.09230044662394,597.0325901959947,-9.10839934859035,0.0018184936933569825,15.00641814543402,0.009336445598163374
112,168.72704354388398,432.6141885679729,17733.905029296875,150.37716674804688,117.92950627278131,18513.162897176815,4.314047428040163,0.021809627842021118,1.0222958929701047,1200.9705810546875,75.0,132.81308997427521,11.626395210477947,False,False,science_V_002.fits,17469.940063689453,202.3801939781215,86.3223802699688,-6.16035041153348,0.012577271347297529,17.95446708249089,0.015557957823513872
113,148.81650666829213,442.7036309021878,213352.23086547852,373.1071472167969,571.8256336202226,213101.07911738765,4.9718225086642756,0.0040751519167108174,1.0040918267322616,14152.380859375,179.0,132.81611096877276,11.627894461365782,False,False,science_V_002.fits,212530.39601026272,371.330582152591,572.3482153778747,-8.873174502659612,0.0018969221373097167,15.241642991364758,0.009352037782734881
114,434.92092116487186,444.3920569174668,482978.59045410156,537.4593505859375,898.6327801861833,480288.590568142,5.093089095603153,0.006039018426546527,1.0060757097496793,31407.0546875,231.0,132.77270178080826,11.628144543460186,False,False,science_V_002.fits,478633.3267928035,524.5917702248169,912.3919854626815,-9.75462921116731,0.001189949075943968,14.36018828285706,0.009234623755087426
115,374.4392038820734,448.29818196573467,628066.5038757324,608.9271850585938,1031.4312109670338,626267.8567968515,6.09846837689947,0.2658122497584794,1.3620494208341627,31779.8671875,282.0,132.78187833288365,11.628725754957374,False,False,science_V_002.fits,617813.5866883592,586.2524312342332,1053.8354363625929,-10.031765511256587,0.0010302367547511883,14.083051982767783,0.009215404758637863
116,415.44560732635546,450.99414719386465,1171627.7516784668,805.5475463867188,1454.4489110963093,1162940.0897442899,5.262552406869799,0.0025555014763672945,1.0025620487958475,56027.375,309.0,132.7756565874817,11.629125949997487,False,True,science_V_002.fits,1158754.6127055683,784.2332657901513,1477.5637087239209,-10.714600563968851,0.0007347906513876489,13.40021693005552,0.00918706778009457
117,179.3795873820527,450.75454656295994,17021.764739990234,148.87632751464844,114.33493171246722,17900.16664009408,4.325546874285243,0.006339843183706617,1.0063802932423291,1105.1983642578125,74.0,132.8114738376265,11.629091136935907,False,False,science_V_002.fits,17492.578695126336,202.13250988097732,86.54015479957468,-6.161756464992153,0.012545621191855507,17.953061029032217,0.015532382566245884
118,508.99998732019156,453.00217751553055,32049.886749267578,145.60018920898438,220.1225625006943,32228.401326351443,2.665194302337561,0.00042766166382990356,1.000427844636579,31790.4765625,25.0,132.76146195828122,11.629422827571778,True,False,science_V_002.fits,31409.351412575445,204.4613171037873,153.62001897225204,-6.797269295358089,0.007067438262692228,17.31754819866628,0.011567669630986668
119,123.76434925424249,459.4781564250598,19518.406158447266,154.7537078857422,126.12561227197284,20644.171546697733,4.397515436836493,0.022056521166933685,1.022553983583236,1253.817138671875,79.0,132.8199121825228,11.630387105556379,False,False,science_V_002.fits,17731.129071469273,203.4444110475109,87.15466293801738,-6.1764628520584655,0.012457164807947542,17.938354641965905,0.015461023644864262
120,264.50755980595,461.1737289984367,17026.193603515625,321.4755859375,52.962633395202175,17631.5509195252,4.352038447190632,0.04287206401139054,1.0447924069493473,1109.0433349609375,74.0,132.79855774063924,11.63063976602332,False,False,science_V_002.fits,15458.71673354983,350.16005717771185,44.147573135973886,-6.027555472079847,0.02459251829440454,18.08726202194452,0.026242222717508267
121,61.37668168141113,466.8503897508829,53316.58963012695,214.90231323242188,248.09686237515655,54046.282465488526,4.670026313106117,0.007380960497955669,1.0074358441700437,3523.113037109375,111.0,132.82937814373415,11.63148189691262,False,False,science_V_002.fits,54341.85072154762,239.69836628047312,226.70930788890632,-7.392457936815902,0.004788952028965756,16.722359557208467,0.010334232367738802
122,433.22868813666724,469.3717001528301,91963.19134521484,271.1532287597656,339.1558041401444,92719.74082770912,4.823068738290962,0.005240388503202187,1.0052679948428114,6120.6220703125,134.0,132.77295817519368,11.631856818601136,False,False,science_V_002.fits,91583.86941998673,286.1681307503274,320.03518064662046,-7.959169345361646,0.003392439536823356,16.155648148662724,0.009765804785356266
123,174.90703479413932,472.2431275888213,67730.73516845703,238.18199157714844,284.36547498814025,68435.33360056843,4.765667152858816,0.007958040644822195,1.0080218790846256,4573.42626953125,124.0,132.8121525771843,11.632284550226272,False,False,science_V_002.fits,67978.04692579797,257.0730609882203,264.43084570776125,-7.635543580868647,0.004105799371075921,16.479273913155723,0.010035929731231309
124,277.89887770516566,480.2579574911003,1422922.7895507812,881.2310791015625,1614.6988267838751,1412298.3578220853,5.4363035825912025,0.0014247701343248487,1.0014268030006277,55392.16015625,337.0,132.7965258888802,11.633475876315593,False,True,science_V_002.fits,1404974.7849483946,857.9636320472106,1637.5691608232225,-10.923793199134671,0.0006629948987645857,13.191024294889699,0.009181604398495557
125,243.58749597904776,481.03018252626003,951692.7315673828,728.2775268554688,1306.7720703624734,944640.3852544703,5.186397459974903,0.004167720149447107,1.0041851627365128,55037.59765625,287.0,132.80173188491932,11.633590653134831,False,True,science_V_002.fits,941920.2743199252,709.9694367304442,1326.7053841890188,-10.489657236415296,0.0008183429515993567,13.625160257609075,0.00919412759760911
126,195.74380742512247,481.45808755205076,123553.10623168945,300.4085998535156,411.28351948624663,123881.99837521628,4.919567083439502,0.006191513798601389,1.0062300874711454,7750.53466796875,153.0,132.80899111427516,11.633654110394756,False,False,science_V_002.fits,123467.49535884586,306.68425469289684,402.58830856015743,-8.283503469561959,0.0026967996261067963,15.831314024462412,0.00954646664049348
127,326.0223883170168,493.14829666772596,19767.271850585938,157.068359375,125.85139317201158,20725.886453822288,4.34436047841235,0.011498096196564167,1.0116318402142912,1403.398681640625,75.0,132.78922413381596,11.635391343874439,False,False,science_V_002.fits,20497.562171333255,210.7048359999351,97.2809289072965,-6.333877404912668,0.011160460865198089,17.7809400891117,0.014436695737539916
128,357.7075620562961,493.548630633767,2392.3321533203125,81.19255828857422,29.464918999318837,3360.71144258179,3.1301196981532144,0.04772389329634141,1.0501156050859446,201.62847900390625,27.0,132.78441657155338,11.63545061946743,False,False,science_V_002.fits,2879.1811454514163,190.09705387787028,15.145848327040222,-4.202794348145717,0.07168301019241528,19.912023145878653,0.07226559518429637
129,178.99892360106227,508.99893620837616,56651.430908203125,181.514404296875,312.1043265279771,56795.21044436317,2.6612907891484334,0.0004816621848723335,1.0004818942951315,56627.69140625,25.0,132.8115319516892,11.637746894971329,True,True,science_V_002.fits,56499.03858337735,226.51761372766893,249.4244825097945,-7.434724518302472,0.004352820497311712,16.680092975721895,0.010139494236721183
130,29.08424499858657,14.006475421944296,792983.8771057129,657.0932006835938,1206.8057868819035,791619.8148257999,5.066772202480747,0.011391716430043997,1.011522982984633,54441.53515625,225.0,132.83426950883097,11.564183742041493,False,True,science_V_002.fits,803965.4099227496,654.9380344373893,1227.5442372397551,-10.317715283838524,0.0008844487775375781,13.797102210185846,0.009200247101832254
131,31.699873405002766,22.443877580929364,87901.85107421875,243.2300567626953,361.39386819277524,93831.42061457146,4.496317259080441,0.11524374237499391,1.130254792076123,5804.15869140625,97.0,132.83387289570686,11.565437679396,False,False,science_V_002.fits,214741.19098686075,371.4466313529305,578.1212504329434,-8.884410267647583,0.0018779797476514506,15.230407226376787,0.009348214002004559
132,211.0893711218264,19.484182784590054,1427270.9252624512,876.0536499023438,1629.2049298824943,1418063.5900896704,5.395377495943754,0.002512748277200605,1.0025190780863222,56075.26953125,317.0,132.80666112350707,11.564999726610122,False,True,science_V_002.fits,1410949.1505882316,857.5081232742482,1645.4061626853907,-10.92840028011905,0.0006598370813368535,13.18641721390532,0.009181376915724146
133,238.91165903883999,16.955537211423717,1251810.082397461,816.792236328125,1532.593022706669,1249038.541022942,5.216990422792131,0.025830683523023423,1.026515599584309,56148.67578125,240.0,132.80244073725925,11.564624007760084,False,True,science_V_002.fits,1249356.771903922,809.4247756526266,1543.5118981829844,-10.796338061937407,0.0007033959383650242,13.318479432086963,0.009184610113706162
134,227.39828022874903,16.44375314434653,211210.64874267578,432.9355163574219,487.8570613003369,211807.8567569902,4.988707851598836,0.007439780109804728,1.0074955453187795,12962.7138671875,154.0,132.80418720652634,11.564547931152454,False,False,science_V_002.fits,222377.8518716081,444.3044792658424,500.5077874503081,-8.922350700819868,0.0021691970179540743,15.192466793204503,0.009411042067560103
135,249.44346655373107,24.603222988867497,1374078.408782959,862.2669067382812,1593.5650528218926,1362527.6777592497,5.492100764007353,0.06007163376667357,1.0639108637686987,55698.6015625,327.0,132.80084316533822,11.565760547411525,False,True,science_V_002.fits,1356034.2272783348,841.6758229491945,1611.1122480943452,-10.885298502976378,0.0006738822830527092,13.229518991047993,0.009182396986958113
136,341.6366572051892,25.519460326902504,1358494.683746338,856.6817016601562,1585.7636285609026,1349846.5269013094,5.336249273303165,0.004376121352381079,1.0043953559634642,56603.33203125,305.0,132.78685826923078,11.565896415579378,False,True,science_V_002.fits,1344126.6309176215,838.608580259596,1602.8057219514014,-10.875722338465838,0.0006773746718836081,13.239095155558532,0.009182653948657464
137,340.5183884505112,41.36719195416678,820991.2869567871,671.9834594726562,1221.7432964809368,820178.555045032,5.100661061991434,0.023884669783118206,1.0244691063071525,50133.4296875,229.0,132.78702779131953,11.568251571339884,False,False,science_V_002.fits,819198.2963432688,664.2242035489497,1233.31593754984,-10.338094475156758,0.0008803097137923148,13.776723018867612,0.009199850123066256
138,351.76313589931203,41.90220950584036,281018.62579345703,414.79644775390625,677.4856132812931,281358.95666605106,5.018290239360185,0.018224389515102524,1.018562683082035,19039.14453125,175.0,132.78532204348804,11.568331000003575,False,False,science_V_002.fits,293010.34396113973,422.06880895032214,694.2241116794473,-9.22182925466975,0.0015639041942428439,14.89298823935462,0.009290214928808454
139,61.609131323095596,25.622926568350806,182415.8678894043,339.31256103515625,537.6042293656914,182976.22340675327,4.921496054691011,0.015705662137692533,1.0159562658582413,11543.345703125,152.0,132.82933598260726,11.565910612712706,False,False,science_V_002.fits,189211.39799188948,349.2663199214952,541.7396044211151,-8.746990110334874,0.0020040993701395393,15.367827383689496,0.00937436458540411
140,49.88254745874568,30.466562907047862,1309534.6414489746,837.3236083984375,1563.9528472793725,1301935.6610589246,5.283856701308637,0.004734565201285346,1.004757087944326,59111.13671875,295.0,132.83111488214922,11.566630246215624,False,True,science_V_002.fits,1294484.8623767588,822.14269267886,1574.52577746428,-10.834864314512572,0.000689540949750904,13.279953179511798,0.009183559430638453
141,37.10912303954332,41.14851621565727,95945.36599731445,264.4664001464844,362.7884901226455,96457.45272039108,4.847159017360694,0.017904765868643313,1.0182311910763722,6536.8125,140.0,132.83305269082135,11.56821748925725,False,False,science_V_002.fits,61363.38194140202,274.564377226835,223.49360307111453,-7.524395091599125,0.004857857160477814,16.590422402425244,0.010366343293866487
142,12.976898271781442,28.6724777669103,375595.7759094238,463.7677307128906,809.879064531007,374558.2748885808,4.599175606152676,0.020977447673335536,1.021426929975701,59642.2734375,174.0,132.83671312248612,11.566362974455991,False,True,science_V_002.fits,375134.1160406443,464.85522830140354,806.9912807292645,-9.490088279648617,0.0013453676959419823,14.624729214375753,0.00925593384440324
143,16.435767247165902,41.80809952362914,1365207.5317687988,848.5741577148438,1608.82525040029,1367159.2485973686,5.213339318968754,0.03379829899885489,1.0349805832093177,59999.8359375,239.0,132.83618869485335,11.568315138343676,False,True,science_V_002.fits,1425171.151870374,860.38419190798,1656.4357705247091,-10.939289431129316,0.0006554434644067623,13.175528062895054,0.009181062205960627
144,20.972119766232165,49.556041734057565,461065.9249267578,508.0696716308594,907.4856278013532,463598.6459513934,4.906592216140271,0.0937382174054946,1.1034339295839384,29378.361328125,176.0,132.83550071077642,11.569466652660171,False,False,science_V_002.fits,679468.8398224206,606.3123500819736,1120.658089399888,-10.135045736412412,0.0009688057492909296,13.979771757611958,0.009208739418321286
145,138.58583925718918,36.39558935231424,1216944.226776123,806.8549194335938,1508.2565619484715,1213189.8354634838,5.209232427199326,0.04047960598438671,1.0421873325849582,55648.92578125,260.0,132.81765939518507,11.567512490093979,False,True,science_V_002.fits,1238095.2168216063,804.6134039607068,1538.745453067382,-10.786506988477422,0.000705574790057532,13.328310505546948,0.009184777236223523
146,137.91759884749553,46.97229047662626,849686.4154052734,677.570556640625,1254.019093772306,851497.6312463272,5.1205995272510805,0.019534656214464152,1.0199238620092799,54923.34765625,209.0,132.81776086196214,11.569084298688004,False,True,science_V_002.fits,883494.2720053438,687.3737003280462,1285.3187015792137,-10.420131219472593,0.0008446932256303818,13.694686274551778,0.009196510411026072
147,128.00649014626362,56.87915006622602,1639906.8776245117,933.7740478515625,1756.2138093231733,1632780.7935117849,5.669536230044591,0.1177583571489067,1.1334763078835786,55965.09765625,319.0,132.8192644086576,11.57055647216705,False,True,science_V_002.fits,1619344.683117391,915.6510280241968,1768.517299228761,-11.077970123230251,0.0006139040881723164,13.036847370794119,0.009178190198735248
148,220.5244644537607,40.346691283779805,1566851.2015075684,918.388671875,1706.0872476885575,1556605.4217362045,5.7485083599977065,0.05900018946894248,1.0626994700834695,55180.91015625,352.0,132.80522996546824,11.568100155276776,False,True,science_V_002.fits,1541989.9326000984,895.2254064621541,1722.4599765257965,-11.024825719757391,0.0006303194354564094,13.089991774266979,0.009179302788632653
149,199.33758507824484,44.12839086837161,1340874.7369995117,853.1905517578125,1571.600546017455,1333905.8954429927,5.8578139405853245,0.1856007587715387,1.2278989829258358,55352.65625,340.0,132.8084438711817,11.568662082337326,False,True,science_V_002.fits,1320347.24401046,830.448074460764,1589.9214949324833,-10.856342282217042,0.0006828639045766878,13.258475211807328,0.009183060503277697
150,272.95785817533766,43.56730900276688,346769.52838134766,452.921630859375,765.6281015401848,350184.8656612701,4.9784033988510314,0.03125550416455303,1.0322639295489346,22776.373046875,182.0,132.79727621303448,11.568578808874545,False,False,science_V_002.fits,359938.17273917905,459.2061073168167,783.8270593619295,-9.445191643013153,0.001385126970334258,14.669625851011217,0.0092617964682146
151,272.10910808295404,52.86547599817085,144940.27444458008,309.0380554199219,469.0046157831105,146482.6197559334,4.829631386803775,0.038504951751593186,1.0400469579346656,9753.232421875,132.0,132.7974049493538,11.569960620578275,False,False,science_V_002.fits,181388.16137946068,348.00119133523145,521.2285644296213,-8.701144220661545,0.0020829633563695382,15.413673273362825,0.009391540525316565
152,62.875650563741466,51.2801467187489,828592.6047973633,675.4478149414062,1226.7307502789718,823082.2119510169,5.136025362566489,0.003970276937268702,1.0039861028695614,54953.78125,266.0,132.8291442608801,11.569723578267812,False,True,science_V_002.fits,819610.393112328,661.8550399212668,1238.3533306777078,-10.338640516185635,0.000876728776112577,13.776176977838736,0.009199508163024202
153,47.04626286180934,59.40257137003959,1377371.2630310059,854.8010864257812,1611.3354146404647,1374312.5788757796,5.313557662328177,0.029923958762361313,1.0308470238314347,58486.9140625,267.0,132.83154560853276,11.57093041044082,False,True,science_V_002.fits,1404206.0004560857,855.7277344235647,1640.9495029420623,-10.923198935367717,0.0006616291348718812,13.191618558656653,0.009181505879037294
154,38.486234690288256,63.434117222320296,471720.43533325195,513.6513061523438,918.3670511164718,475195.7571719036,4.926568445938209,0.09212977997026617,1.1014790197295476,29417.1640625,178.0,132.83284418307716,11.571529399324096,False,False,science_V_002.fits,616203.9405806062,580.751517967886,1061.0457683120178,-10.028933052221614,0.0010232357853207444,14.085884441802756,0.009214624711134255
155,53.06114258393546,74.65832274406029,615361.6137390137,586.6101684570312,1049.0128654905654,611984.8884756176,5.121597342921604,0.006053884065651105,1.0060907568011976,40771.5625,231.0,132.83063343674465,11.573197681026715,False,False,science_V_002.fits,606186.5878618801,576.7615659683483,1051.01765379274,-10.011137682006678,0.001032998823646876,14.103679812017692,0.0092157139530446
156,54.6752921742807,89.53546000673155,576206.1186523438,570.325927734375,1010.3102289971769,573122.5607373716,5.097270658636661,0.002517678502307441,1.0025240332064504,35756.890625,235.0,132.8303888187838,11.57540861379654,False,False,science_V_002.fits,571746.4244784433,559.9722432612357,1021.0263657866964,-9.947630517407784,0.0010633417866378729,14.167186976616586,0.009219164433390659
157,155.4250990807921,57.47212033792924,553158.144744873,563.8455200195312,981.0455614256047,550327.7515217388,5.235661543008818,0.049528849740259395,1.0521097875792698,32493.197265625,249.0,132.8151051823683,11.570644839236218,False,False,science_V_002.fits,547855.9512621951,550.5312455023205,995.1405224281423,-9.901287833227714,0.0010910016982836684,14.213529660796656,0.009222395664920419
158,148.37672632848216,72.24054283902677,129227.70153808594,297.22076416015625,434.786923125102,130342.7560978655,4.899189550947486,0.03175745797826779,1.0327990731660652,8451.3681640625,143.0,132.81617450384,11.572839532943807,False,False,science_V_002.fits,136820.0965661077,315.44729917420756,433.73361231585005,-8.394996605563067,0.002503149327540196,15.719820888461303,0.009493579601533346
159,144.723056581799,83.91980511894346,1385529.1041259766,858.167724609375,1614.5201740797797,1381175.8532271395,5.354302761036557,0.013922929910405668,1.0141195149271047,55140.28125,263.0,132.8167288511814,11.574575169371991,False,True,science_V_002.fits,1380654.0464907577,848.6618374342983,1626.860058494907,-10.904834049267006,0.0006673591833119548,13.209983444757365,0.009181920571113425
160,135.9263668153547,88.52077908596969,168282.01486206055,322.6800537109375,521.5135330701617,173168.71013607376,4.827678039115627,0.10615765005833322,1.118765518399594,10717.8427734375,121.0,132.8180633173141,11.575258845423164,False,False,science_V_002.fits,273945.8546520973,409.8598304991317,668.3891278598419,-9.148783706734816,0.0016243531720457104,14.966033787289554,0.009300581719560344
161,132.94728470948942,100.76742219435229,1409761.6145019531,869.8743286132812,1620.6497514984014,1401165.0677599395,5.41886674034117,0.007630323029025221,1.0076889925257646,54788.828125,313.0,132.81851535371203,11.577078803896487,False,True,science_V_002.fits,1392447.4036127147,852.00194695829,1634.3242038164994,-10.914068873328254,0.0006643112776918169,13.200748620696116,0.009181699546835195
162,151.25389321962263,103.27783410441745,110149.79541015625,279.072265625,394.6999002694475,110839.79056594541,4.868051866246275,0.021699205207951988,1.022180504527306,7260.703125,136.0,132.815738312132,11.577452042128089,False,False,science_V_002.fits,107366.48157606361,295.71000238245347,363.0803175781734,-8.131793677576507,0.0029902474671220434,15.983023816447863,0.009633476890993972
163,199.60409307075486,112.12471755423236,644911.6758422852,605.1724853515625,1065.665891051932,641040.049129362,5.115410124828042,0.0014096804730758805,1.0014116704773823,41983.75,256.0,132.8084037480555,11.578767090903625,False,False,science_V_002.fits,638403.8540369958,591.2501580799374,1079.7525299784922,-10.067360624494802,0.0010055081788246667,14.047456869529569,0.009212672999318298
164,151.60596664203155,113.63459163680045,118455.30032348633,296.4136962890625,399.62829587998783,120224.107419043,6.385669723255331,0.3676664100154453,1.5814437439966234,5591.74267578125,170.0,132.8156849899622,11.57899117397176,False,False,science_V_002.fits,118141.41149134008,299.6573863162769,394.25496212079463,-8.235627262226926,0.0027538017382450993,15.879190231797445,0.009562725610841651
165,164.6825123227412,117.44920309589205,390010.8774719238,478.8531494140625,814.4686485807842,388789.9282093449,5.06526501724312,0.005362035350762184,1.0053909417711129,24535.1875,202.0,132.81370132781322,11.57955816755542,False,False,science_V_002.fits,386757.96341669303,472.8987951963886,817.8451020499589,-9.52322003570516,0.001327512993938159,14.59159745831921,0.009253355491050786
166,165.40365004336817,132.56940359362574,866545.273223877,693.3378295898438,1249.816808259975,860146.3965183364,5.159280909073425,0.007839527631751997,1.0079014714354013,52616.6640625,278.0,132.8135920416213,11.581805202156223,False,True,science_V_002.fits,847664.4712699422,677.2738433103644,1251.5830629553714,-10.375181825697373,0.0008674614031899166,13.739635668326997,0.009198629592537647
167,192.36695776771882,130.8594952306903,1020637.138671875,744.3871459960938,1371.110643381839,1016561.3669865984,5.186733163732063,0.005506146060341943,1.0055366315624068,53890.67578125,255.0,132.80950170323206,11.581551252928024,False,True,science_V_002.fits,1008877.6650424233,733.1713755985077,1376.0461723138728,-10.56421814290848,0.000788999687542719,13.55059935111589,0.009191562304724241
168,185.50548234570758,141.24603328962863,168469.47296142578,321.723388671875,523.6469554075455,178133.72828121952,4.776346303303664,0.07028989225720439,1.075604096020703,10757.390625,112.0,132.81054264538378,11.583094771908677,False,False,science_V_002.fits,245441.76631206396,408.76421877636875,600.4482658653226,-9.029493043199322,0.0018081491141212105,15.085324450825048,0.009334436261155914
169,193.77370759764102,142.6604594787745,367359.7856140137,456.45660400390625,804.8076912276855,370763.5938085801,4.9470222387697085,0.07259907326890613,1.078282295365828,23575.66796875,143.0,132.80928835803883,11.583305014030948,False,False,science_V_002.fits,418954.5966905208,499.26099065941924,839.1494719769104,-9.61003927349005,0.001293810025813701,14.50477822053432,0.009248580511493704
170,203.82527611855977,148.55730491319164,1422395.6071777344,871.5054931640625,1632.1131861299305,1415125.7158998062,5.343059840281821,0.03402613653704234,1.0352246968826473,57281.6015625,279.0,132.8077635527525,11.584181395335493,False,True,science_V_002.fits,1408579.8036953644,857.9097907237517,1641.8740279290382,-10.926575516940193,0.0006612565772597288,13.188241977084177,0.009181479039656647
171,131.10573672270573,150.8308505000905,562753.6690979004,578.9390258789062,972.0430717959731,564071.8819206005,6.567564487033678,0.3470137029188991,1.5314257044444535,21879.3671875,250.0,132.81879521245185,11.584518766474636,False,False,science_V_002.fits,552882.5509522036,564.6961448363298,979.0797334245123,-9.911204083447538,0.0011088984512043405,14.203613410576832,0.00922452995386586
172,175.85386165649535,148.52461684723042,1059193.4401855469,754.42724609375,1403.9702909323673,1064930.7359910025,5.160118204579841,0.05646586088848504,1.05984506394401,53458.00390625,230.0,132.8120068480881,11.584176393515145,False,True,science_V_002.fits,1127069.5749022996,775.0757586559587,1454.141175640334,-10.684498689585393,0.0007466262686096554,13.430318804438977,0.009188021978623204
173,151.97619445503773,150.3669294910755,153490.17678833008,316.07904052734375,485.60694354250217,155599.7395563802,4.832357506498223,0.07712063380466672,1.083565237916852,10164.943359375,136.0,132.8156291326579,11.584450009768908,False,False,science_V_002.fits,189971.82935143687,360.2667771520919,527.308765057838,-8.75134488610342,0.0020589454830717917,15.36347260792095,0.009386242783827128
174,142.83845406243924,153.6202844329114,590191.5792236328,571.7745971679688,1032.2102138620435,590631.6452348793,5.065765380041384,0.021392562577951413,1.0218602084552983,38382.48828125,188.0,132.8170153690556,11.584933416722244,False,False,science_V_002.fits,598515.2100259498,575.0770005666889,1040.756645520799,-9.99730985298721,0.001043183346147851,14.117507641037161,0.009216861102803129
175,167.64934601277142,154.23568125909296,1323791.6457519531,840.651611328125,1574.7208806993506,1336135.0072279917,5.297460745520135,0.038843190339028166,1.0404129585813675,52951.125,261.0,132.81325152273484,11.58502506709228,False,True,science_V_002.fits,1374457.784113864,847.9374304356653,1620.9424596431313,-10.899950387076082,0.0006697955214517788,13.214867106948288,0.009182097970248517
176,195.96271886818676,163.80595914478545,1369002.9459228516,868.3408203125,1576.5732923049413,1343948.1570515083,6.227996136574715,0.24266282550591534,1.3204158381212683,58778.5546875,400.0,132.80895638439247,11.586447480372767,False,True,science_V_002.fits,1330151.6648993364,834.5558079812486,1593.8438773997764,-10.86437477998045,0.0006811834053478496,13.25044271404392,0.009182935692163285
177,133.3404463443256,165.98865052262755,509056.6668395996,532.6185913085938,955.7621065928158,514410.11666742945,5.400813685543229,0.20943176599628655,1.2649129537315849,53064.2578125,173.0,132.81845635300158,11.58677140539887,False,True,science_V_002.fits,512740.2361157277,545.0754703495953,940.6775098260636,-9.829365371647093,0.0011541681273965526,14.285452122377277,0.009230081319305002
178,122.62897491735205,168.0831221076364,1083869.8694763184,759.08251953125,1427.868303627426,1087089.231901497,5.095453173520409,0.08482596764991535,1.0926883463160442,52721.79296875,205.0,132.82008133279743,11.587082559589774,False,True,science_V_002.fits,1347756.35885317,839.9774473125017,1604.5149344965166,-10.878650347919784,0.0006766530972431763,13.236167146104586,0.009182600748627477
179,114.42450010805256,169.44465677858847,991153.179901123,730.2476196289062,1357.2836846832895,994273.4015287943,5.0549623884382395,0.06692412604532483,1.0717242058372798,53917.85546875,227.0,132.82132598927555,11.587284810253195,False,True,science_V_002.fits,1271200.7770313602,816.277008024752,1557.3154266680183,-10.815157248204098,0.0006971612695848835,13.299660245820272,0.009184134740436592
180,134.2427114040143,183.80239193511278,224535.21899414062,380.11431884765625,590.7044482692344,223930.82340078062,5.011018789937141,0.012115188174838698,1.012263766007755,14890.0234375,191.0,132.81831965084058,11.58941873369614,False,False,science_V_002.fits,222798.69621896298,375.50890573630727,593.3246663806647,-8.92440348676542,0.0018298581898218904,15.19041400725895,0.009338665755317692
181,99.7114936148822,61.227235555197325,628320.8363037109,589.7484741210938,1065.404768092197,627576.1763885027,5.051504999536059,0.02282150696546048,1.0233544916595436,41166.7265625,210.0,132.82355663653263,11.571202330598567,False,False,science_V_002.fits,663498.6312712942,599.6871838395065,1106.4078892319058,-10.10922195228341,0.000981283675366522,14.005595541740961,0.009210060518054479
182,89.7594625463311,62.19971080231487,683038.8248291016,612.9818115234375,1114.288894040024,687319.1262136569,5.034198297719407,0.04576677301683696,1.0479618312616612,45429.74609375,215.0,132.8250663135815,11.571346725298527,False,False,science_V_002.fits,717606.8531768497,621.6558721601513,1154.347421642274,-10.194338318008757,0.0009405314029769217,13.920479176015613,0.009205807754600942
183,306.7611081852223,65.25352017331636,126387.78216552734,292.51593017578125,432.0714502269237,127669.53001982234,4.748115849252937,0.05579813144115697,1.0590955528676542,8303.65234375,126.0,132.79214841723157,11.571801526932008,False,False,science_V_002.fits,162932.65338712145,334.7462193435435,486.7348575486281,-8.584642199372006,0.00223057786629044,15.530175294652365,0.009425379287448856
184,302.3669114576557,71.54461844158193,91804.47964477539,256.0959167480469,358.47693633903106,92688.81435914463,4.683852138166283,0.0667878272597654,1.0715676769020845,5694.5771484375,111.0,132.79281496827863,11.572736470998988,False,False,science_V_002.fits,143018.63209383798,319.56917506807184,447.53575517217325,-8.443103423794925,0.0024259514183002343,15.671714070229445,0.0094735176876722
185,491.2637883258944,81.23893946319708,414047.2498779297,500.8052673339844,826.7629693315581,411708.2571163216,5.118150423000381,0.009253300185227631,1.009339723449957,27257.55859375,231.0,132.76416008982167,11.574175039744354,False,False,science_V_002.fits,408603.81221814867,488.0488259339657,837.2191274842527,-9.582877909600748,0.0012967931146800288,14.531939584423622,0.009248998295867863
186,488.9275715698283,99.75855882844915,1205390.830291748,804.49462890625,1498.3205443279792,1225233.3255689808,5.096821711980027,0.06301907508610805,1.0672575859448787,58155.734375,234.0,132.76451413387642,11.576927303284032,False,True,science_V_002.fits,1478013.315466043,880.0648197572441,1679.4368804263036,-10.978817740661821,0.0006464666893133901,13.13599975336255,0.009180425713172397
187,485.93478785659295,107.21271161326534,891148.1977539062,690.6654663085938,1290.2747295544316,923630.1144376849,4.8549893599292355,0.04906636149185817,1.051598092132733,56733.94921875,165.0,132.76496799161052,11.578035127760742,False,True,science_V_002.fits,1499754.9196352984,885.7945791049146,1693.1181958132818,-10.994672612103143,0.0006412428870498843,13.120144881921227,0.009180059342666427
188,492.547716006849,111.59383411894707,611387.9762878418,586.7615356445312,1041.9701005388151,612497.53543084,4.981288720013312,0.1081832585619289,1.1213066020575946,36576.421875,202.0,132.7639647412385,11.578686088696946,False,False,science_V_002.fits,922206.8941644997,703.8472671355828,1310.2372307525832,-10.466692785444245,0.0008286285678024797,13.648124708580125,0.009195048798025135
189,463.68447822606475,89.82469900462014,1433099.9610595703,876.4325561523438,1635.1514454815222,1442862.6631157792,5.320417661942043,0.044094184046252094,1.0461281679746424,56792.4921875,273.0,132.76834360672132,11.57545146293497,False,True,science_V_002.fits,1627150.792926397,920.5070976744923,1767.667839864703,-11.083191379464232,0.0006141991020683498,13.031626114560138,0.00917820993612952
190,461.5272729354167,98.37325602279067,1083031.9348144531,767.2523803710938,1411.5719449324192,1119679.5476612127,5.304769025258461,0.14110275346973356,1.1642836253576943,56321.73046875,249.0,132.76867070432627,11.576721908438882,False,True,science_V_002.fits,1344258.3632144658,840.1559817242635,1600.0104652657785,-10.875828741770757,0.0006785580616934614,13.238988752253613,0.009182741319332385
191,176.95914184924385,87.82557324239325,294526.878326416,418.6838684082031,703.458863715432,296467.2194528856,4.960240734839744,0.031845735424620325,1.0328932450022181,19863.197265625,166.0,132.81183879325604,11.57515584941264,False,False,science_V_002.fits,312224.8907368958,430.4185523566214,725.3983106151131,-9.290790679783754,0.0014966949662170612,14.824026814240616,0.009279137509304654
192,187.41458792565547,93.11052881366334,1311575.0671386719,836.2989501953125,1568.3088766670837,1308840.1817288438,5.348096656549135,0.014631081930345569,1.014848329049193,53538.03125,257.0,132.81025277027499,11.575941312480404,False,True,science_V_002.fits,1326485.8394991118,832.8956137728114,1592.619552275535,-10.861378419448101,0.000681707064596031,13.253439074576269,0.009182974551669259
193,196.47088835897463,94.0303040601289,177150.61581420898,340.09893798828125,520.8796500867434,191768.87374914702,4.656026181538307,0.11660682867546956,1.1319987888299308,13183.0908203125,124.0,132.80887896404656,11.576078046364643,False,False,science_V_002.fits,371292.6013863076,472.33167113521034,786.0844912091886,-9.478912612248262,0.001381149243041203,14.635904881776108,0.009261202423348621
194,241.0884062559523,93.13523495728045,26400.694366455078,171.0013885498047,154.388771871088,27190.923038931156,4.550791409112095,0.026595533992655906,1.02732218201314,1844.58642578125,93.0,132.8021106309274,11.57594515677191,False,False,science_V_002.fits,27009.550071075806,208.47218131544912,129.5594927853054,-6.633415248312135,0.0083799340106952,17.481402245712236,0.012413121731389379
195,249.0035746950789,108.6434843817977,1311569.8977355957,848.67822265625,1545.4265971743168,1300227.0446437101,5.569054158466741,0.0774388218993679,1.0839389557436168,53459.9609375,371.0,132.80090993373136,11.578249860802115,False,True,science_V_002.fits,1292146.3141959037,822.4094567659301,1571.1715175031939,-10.832901106815001,0.0006910130357539358,13.28191638720937,0.009183670078474452
196,297.44979827172,97.76396369837408,994651.0597839355,737.2692260742188,1349.1015555880626,991177.0238755248,5.131269334121854,0.023546342684470645,1.0241141425484588,53995.484375,260.0,132.79356077951346,11.576632973673272,False,True,science_V_002.fits,989085.4997492646,725.0787311279634,1364.1077269093262,-10.542706461639389,0.0007959048824244127,13.572111032384981,0.009192157618130366
197,285.89982877682905,101.2560164252117,420993.3184814453,495.67144775390625,849.339457394896,421223.97517102276,5.043074992263273,0.01733313292598193,1.0176388698009051,28521.7578125,199.0,132.79531286702908,11.577151964869737,False,False,science_V_002.fits,426653.5448395382,494.1592469419014,863.3928181651534,-9.629810269810157,0.001257480925434711,14.485007224214213,0.009243568324652403
198,352.04256727938866,101.1505044358612,958419.6313171387,727.1516723632812,1318.0463825411064,952434.1420770771,5.181814152199423,0.003475380417482743,1.003487500809502,53579.421875,272.0,132.78527919151176,11.577135950506062,False,True,science_V_002.fits,948424.9385012327,711.7154956371071,1332.5899805683312,-10.497129286734454,0.0008147292234157157,13.617688207289916,0.009193806654600295
199,366.39562876092197,100.9025196050028,672134.8699951172,615.4329833984375,1092.1333242225178,669159.6188500514,5.127911616601364,0.0037694597371602523,1.0037837223261252,43699.84375,233.0,132.78310187296432,11.577098979093885,False,False,science_V_002.fits,666044.5230794358,604.6716697305103,1101.497815130446,-10.113380027602608,0.0009856578788324014,14.001437466421763,0.009210527593400363
200,374.5540381135125,112.08578179618164,286195.2609863281,421.8523254394531,678.4252301754934,285586.5439733528,5.032666993835331,0.005904780950150568,1.0059398544897884,18634.21875,189.0,132.78186415644095,11.578760861393542,False,False,science_V_002.fits,285070.38896196947,418.2893538542282,681.5148086731251,-9.192002144793548,0.0015930688316425628,14.922815349230822,0.00929516892783752
201,73.42052009332,103.14258277584047,104813.53439331055,275.39288330078125,380.596379750432,105206.73753570998,4.897164302650276,0.015089657300416892,1.0153208435795862,6768.15673828125,147.0,132.8275454358169,11.577431065455215,False,False,science_V_002.fits,103976.52494180242,283.13273016405793,367.23597756272983,-8.09696012038791,0.002956409682966166,16.017857373636456,0.009623027346330321
202,61.992567555470664,115.50456172966211,904956.6744995117,705.0714111328125,1283.496480229642,898824.3335986398,5.153557315562426,0.0042045505648964365,1.004222303453266,54862.24609375,280.0,132.82927921968107,11.579268023364634,False,True,science_V_002.fits,896806.9672734943,690.0144825576853,1299.692962891574,-10.43636930810151,0.0008353511413838237,13.67844818592286,0.009195657052331625
203,421.589785769108,115.40575019775177,707519.9131774902,633.8343505859375,1116.253659214644,702900.4537190462,5.141676861844865,0.0017957929636728265,1.0017990236376628,43886.9609375,255.0,132.77472887445717,11.579253714012088,False,False,science_V_002.fits,700527.3570703332,619.094464484079,1131.5354881328426,-10.168184624211342,0.0009594926640714768,13.946632869813028,0.009207764292546376
204,429.88779080960404,128.81643804363975,904449.1400146484,708.2242431640625,1277.0660546353674,898636.7874363547,5.171701536806813,0.0045213715031826585,1.0045419071527533,53616.6328125,260.0,132.77346989062812,11.58124657888732,False,True,science_V_002.fits,894035.8559023747,693.5562701409496,1289.0603032406905,-10.433009216076204,0.0008422414353079963,13.681808277948166,0.009196285539827195
205,421.0702706424258,140.8808292708181,806111.3787841797,671.9806518554688,1199.6050430296616,801353.215101012,5.137744836944592,0.002283731851451476,1.00228895922053,53636.21484375,255.0,132.7748073424135,11.5830395998661,False,True,science_V_002.fits,798288.8818155135,657.8508113865056,1213.480120413649,-10.310022075710952,0.0008946994530325792,13.804795418313418,0.00920123818874079
206,116.21937091038082,118.09205183000905,29921.249938964844,234.22903442382812,127.74355669683345,31802.282106342063,4.3517092170013765,0.16354949832581456,1.195528005540632,2166.200439453125,77.0,132.82105312674068,11.579653263549387,False,False,science_V_002.fits,80071.72476684234,309.72610823076377,258.524298207319,-7.813319832615382,0.004199605249984441,16.301497661408987,0.0100746702849464
207,109.57771880593134,124.0945259315033,329201.91973876953,442.7364807128906,743.561766603672,329453.9215699518,5.051881873665821,0.012616190467213073,1.0127773924844714,21211.126953125,192.0,132.82206072699898,11.580545223179882,False,False,science_V_002.fits,332351.56605935877,440.8001891238963,753.9732837227623,-9.358616197878689,0.0014399714465203974,14.756201296145681,0.009270157218811293
208,94.31620001942673,142.77899029039668,42686.053802490234,183.63211059570312,232.45419150287248,47320.94104960125,4.369136282535288,0.15914966796167962,1.1892722900826858,3057.085205078125,76.0,132.8243761288538,11.583321757160663,False,False,science_V_002.fits,145979.4044099048,319.4691494220854,456.94366631012474,-8.465350842576061,0.002376004046116141,15.649466651448309,0.00946085050731938
209,86.36574303927308,146.91966629520712,445165.63983154297,501.2999267578125,888.0225511116241,447294.3768686627,4.998424268043672,0.048043723437071195,1.0504684139596565,28966.53515625,177.0,132.82558227475596,11.583937004082037,False,False,science_V_002.fits,509349.66594932426,532.2344393707236,957.0024565707234,-9.822161938210392,0.0011344798464681535,14.292655555813978,0.009227640089249662
210,93.83925312078668,153.01134627172334,722618.336730957,626.5255737304688,1153.3740473327068,723665.418117879,5.0498342698767384,0.03378094123035569,1.0349619901654303,48801.91796875,191.0,132.82444861519454,11.58484239263256,False,False,science_V_002.fits,757650.4710330262,639.1767108066591,1185.3536873658145,-10.253294117965853,0.0009159291539495923,13.861523376058518,0.009203326752307554
211,92.06112001088894,166.167174965919,1188394.6658935547,803.0016479492188,1479.9405068826309,1183185.72093427,5.72048968708208,0.16385676561538365,1.1959673401363808,54258.74609375,309.0,132.82471853374585,11.58679747188195,False,True,science_V_002.fits,1169219.273947915,783.5912701848539,1492.1290198550696,-10.72436178867654,0.0007276180447890854,13.390455705347831,0.009186496890207266
212,276.27604964794403,152.70255915328553,210637.77590942383,372.666015625,565.2186329793507,214055.1745205711,4.961846354754446,0.07287499918787343,1.0786032078997305,14682.69921875,158.0,132.79677268019447,11.584797511705865,False,False,science_V_002.fits,250261.86906514686,402.590206465676,621.6293020691841,-9.050608583397928,0.0017465392901944757,15.064208910626443,0.009322697924253371
213,296.33120283551705,160.60565312406672,241348.60424804688,394.6000061035156,611.6284858463326,240661.25232691178,5.035472599618015,0.014119059645535392,1.0143212624036113,15285.21875,194.0,132.79373025736737,11.585971949591721,False,False,science_V_002.fits,239930.8461021543,389.0795211772775,616.6627464127927,-9.004837087861954,0.0017606057870621472,15.109980406162416,0.009325343416310297
214,280.11407902481994,161.72733382971487,575420.2913208008,571.3743896484375,1007.0809993336466,574190.924222519,5.079632115812663,0.01884301914724451,1.0192048973966097,38258.44140625,216.0,132.7961904271456,11.586138686374383,False,False,science_V_002.fits,586470.085166176,570.0571301197938,1028.791772226291,-9.97523653503934,0.0010553155937965567,14.13958095898503,0.009218242137045179
215,469.46364447260976,167.15492133888338,20080.23715209961,159.16162109375,126.16255736847434,20982.003326128583,4.443736704803121,0.02779464604304771,1.0285892748172196,1300.995849609375,79.0,132.76746558884912,11.586943493533912,False,False,science_V_002.fits,23944.072106443546,214.61963963775798,111.56514914877842,-6.5026169032695105,0.009731533622136407,17.612200590754856,0.0133628231947241
216,475.6400947007538,175.05592602644995,75724.82720947266,249.63121032714844,303.3467934968277,76503.84586981182,4.815226160667096,0.016836107716460602,1.0171244162327364,5035.5732421875,126.0,132.7665284644973,11.58811756416808,False,False,science_V_002.fits,76497.88088599364,268.6558116662794,284.7430711121867,-7.763745385707075,0.003812911042082011,16.351072108317293,0.009919707037484323
217,366.08714706438127,179.16013363063925,1840372.9020080566,1012.1660766601562,1818.2519098849211,1834244.1347707058,7.468280413520499,0.420312273959792,1.7250667127815613,53004.10546875,418.0,132.7831479666891,11.58872893119962,False,True,science_V_002.fits,1751649.8166126383,953.3452594031188,1837.3719272588937,-11.163240093926866,0.0005908983281461774,12.951577400097504,0.009176680114774136
218,399.1442413166268,185.3914862425175,1380806.5043029785,866.4608154296875,1593.6167911046518,1371696.8356186785,5.407848850269855,0.0016966299229006498,1.0016995133681355,53710.9609375,316.0,132.77813301387985,11.589654645876482,False,True,science_V_002.fits,1364566.3395476367,845.9939323186138,1612.9741448709597,-10.892108509323409,0.0006731044037205306,13.222708984700962,0.00918233993233713
219,354.75622420378926,188.88992875403943,23738.117614746094,169.37554931640625,140.15079337337826,24860.27367944881,4.600570143967804,0.05455066983290313,1.0576981421344516,1649.9046630859375,90.0,132.78486683016865,11.590174981185093,False,False,science_V_002.fits,21672.984791348572,213.460354859346,101.53166289651024,-6.394418689620876,0.010693215978414916,17.72039880440349,0.01407860664468303
220,376.16070540813246,197.22214510013228,367436.0895385742,473.7300109863281,775.6234163285434,365846.2092105191,5.09703186457526,0.01141323776146319,1.0115450036328821,24640.52734375,215.0,132.781619594822,11.59141305410883,False,False,science_V_002.fits,360551.8171220057,464.03095672355556,776.99949086975,-9.447041095729382,0.0013972982128787497,14.667776398294988,0.009263624527710481
221,391.3353929288201,200.30892445857563,776433.1795654297,662.8521728515625,1171.3519414521136,772272.1213523785,5.454659206944969,0.10198816737203531,1.1135710729708033,44058.2734375,268.0,132.7793174839448,11.591871629312184,False,False,science_V_002.fits,765436.1734579023,645.5798254154149,1185.656898378698,-10.264394330370196,0.000915694921089413,13.850423163654174,0.009203303444046275
222,71.7965709548673,194.81206830664922,274167.8869628906,408.5420227050781,671.0885826323167,274540.44204431656,5.006282640904915,0.010893319862131712,1.0110132911655327,18263.17578125,182.0,132.82779314112037,11.59105414346856,False,False,science_V_002.fits,278020.3725699632,409.0031900810497,679.7511102905324,-9.16481342652081,0.001597202245886676,14.95000406750356,0.009295878232257054
223,82.33213301675293,195.8307518212017,144195.2162475586,310.2918701171875,464.70832830103024,146047.7234953619,4.8967316856443714,0.025102120862234845,1.0257484618639605,9482.4013671875,147.0,132.8261948594679,11.591205679349855,False,False,science_V_002.fits,153043.1577095718,324.46515518312367,471.6782534728462,-8.516656668603082,0.0023017809110474543,15.598160825421289,0.009442483384001665
224,230.5123678733696,201.11400218740144,936433.5179443359,712.6260986328125,1314.0600937025777,941250.6511867126,5.046510738975804,0.04532345247607483,1.04747519208849,59098.80859375,223.0,132.80371519429627,11.5919919839192,False,True,science_V_002.fits,1156136.7782576783,780.450214889934,1481.3715932165217,-10.712144916277682,0.0007329018626870017,13.402672577746689,0.009186916905851232
225,231.23559521333834,210.293549331087,1300479.9595947266,833.3576049804688,1560.5304995389172,1319055.8335419605,5.367042588875395,0.061065552113641064,1.065037077136861,55412.91796875,248.0,132.80360549442887,11.593356167974258,False,True,science_V_002.fits,1408476.1380929095,857.7956773780118,1641.9715967771483,-10.926495608340472,0.0006612172842276964,13.188321885683898,0.00918147620982849
226,241.2534126962837,222.26891022448234,780884.5315246582,660.7852783203125,1181.7523137162389,776269.0024625587,5.1443735688956975,0.0018685741476458517,1.0018720722534613,51109.09765625,257.0,132.80208574336956,11.59513585450105,False,False,science_V_002.fits,773437.0548327175,646.849696873585,1195.698256598042,-10.275684311497923,0.0009080050037782902,13.839133182526448,0.00920254150664758
227,256.02258315486847,224.55907277268363,38731.56521606445,194.48623657226562,199.14810373572575,39435.35758844041,4.634242224919459,0.02932820721346563,1.0302143396268602,2602.606201171875,102.0,132.79984515514602,11.595476205531034,False,False,science_V_002.fits,38724.047385307356,226.46708394247082,170.9919459869249,-7.024573731249209,0.006349421861559605,17.09024376277516,0.011143493844873615
228,483.6168599591673,221.66199597813684,1267705.1470336914,833.0377807617188,1521.7858977230524,1259208.2020793122,5.330084776129253,0.006761607081573917,1.0068076376525341,55410.0390625,306.0,132.76531750282655,11.59504360095601,False,True,science_V_002.fits,1252957.5673813762,813.0687684035983,1541.0228704780627,-10.799462782643259,0.0007045320486795823,13.315354711381111,0.00918469719164991
229,471.1756911820222,226.4607606023535,304907.9257507324,434.7053527832031,701.4128622952488,304858.9923015523,5.047703022728423,0.013776401598368349,1.013968841975284,19390.236328125,186.0,132.7672048314213,11.59575696940605,False,False,science_V_002.fits,306541.34278020094,433.1772817798727,707.657939771587,-9.27084451269798,0.001534215811032142,14.84397298132639,0.00928526333764994
230,412.2931302337585,237.84863885759972,62918.972717285156,233.1533203125,269.8609337107171,63605.40362486196,4.746243471346952,0.021348322240316686,1.0218140148588792,4230.4892578125,118.0,132.7761376070996,11.597450204163259,False,False,science_V_002.fits,63467.11231215517,256.0850510551053,247.83606872272327,-7.560993721077306,0.004380718293327479,16.553823772947062,0.010151501852444253
231,400.4591987540123,242.85773149296583,169973.4333190918,336.2248840332031,505.5349600546117,172133.51505941042,4.942470576363253,0.03771431097657596,1.0391924263311558,10889.396484375,145.0,132.7779328542896,11.59819475263732,False,False,science_V_002.fits,195515.62437918026,363.3534970375506,538.086535490189,-8.782575547047376,0.002017705198683225,15.332241946976994,0.0093772827281403
232,400.87427641791567,253.80111652196499,1055825.7848815918,761.9491577148438,1385.6905991577066,1050299.6386783468,5.201888222279732,0.01834159404609037,1.018684293777597,52602.4609375,271.0,132.77786975443712,11.599821056340597,False,True,science_V_002.fits,1046423.0779773965,747.5050603345685,1399.8876174952425,-10.60389014675063,0.0007755622568778739,13.510927347273741,0.00919041859269634
233,386.6965222997845,261.32906441699726,89285.08938598633,266.0550842285156,335.58873586230385,89975.82833904859,4.848460003738721,0.017181146022111737,1.0174814981952902,5656.03271484375,135.0,132.78002057615342,11.600939948660002,False,False,science_V_002.fits,87603.26730136579,282.35763063348736,310.25641880059084,-7.910922634452308,0.0034993635399943337,16.20389485957206,0.009803460729748794
234,129.53890019566677,244.13077385465294,793068.9076538086,658.9453125,1203.5428321736617,802308.146720181,5.063711647417367,0.04546961190726906,1.0476355833973217,50679.8046875,221.0,132.81903384904953,11.598384155174017,False,False,science_V_002.fits,876264.7193658251,684.1859038742273,1280.7406794029878,-10.411210189667877,0.0008477125912062814,13.703607304356494,0.009196788229157761
235,140.52155097074404,250.15193413670372,2338209.204803467,1121.547607421875,2084.8060210108756,2336892.0320746107,7.214821311514494,0.38419099462314366,1.6238801174855029,52365.30859375,385.0,132.81736773938948,11.59927907068955,False,True,science_V_002.fits,2268794.471748606,1079.3023428823187,2102.0935298719933,-11.444109762245606,0.000516485106191309,12.670707731778764,0.009172189158516223
236,171.6945450961672,250.34740599206634,56886.037048339844,221.90037536621094,256.3584534476725,57475.01755957347,4.850169226621667,0.0036782402659162328,1.003691819665665,3727.87744140625,119.0,132.81263850625493,11.599308363882054,False,False,science_V_002.fits,58759.64771016274,245.73488189298192,239.11805787406567,-7.47731983239162,0.004540435003749474,16.637497661632747,0.010221440559821233
237,178.40361835901408,262.46808432942606,1194226.8969421387,797.7481079101562,1496.997467121081,1222155.007175107,5.205381516394718,0.11607373111943653,1.131316078281548,52460.859375,223.0,132.8116207520194,11.60110967375904,False,True,science_V_002.fits,1619828.7529755775,917.3752659367661,1765.7209793219242,-11.078294633285019,0.0006148763098555542,13.036522860739352,0.009178255279251427
238,171.3006585261616,267.40117870143206,1494195.571258545,892.2027587890625,1674.7264638438621,1514272.3640719936,5.909276947466843,0.16991321621550837,1.2046933158492756,52152.859375,278.0,132.81269837783069,11.601842741327866,False,True,science_V_002.fits,1751454.68640215,953.7731719546271,1836.3429984225538,-11.163119138394876,0.0005912294167988402,12.951698355629494,0.009176701439949619
239,153.41527012457897,273.92599128666114,930629.1311340332,718.4112548828125,1295.3988746819366,923728.131365476,5.208553421626639,0.005292843588363683,1.0053210068453287,51453.8046875,290.0,132.81541183683217,11.60281226981474,False,False,science_V_002.fits,915628.8106103545,700.6768168462029,1306.777659251902,-10.458920497689146,0.0008308222843521343,13.655896996335224,0.009195246748340208
240,137.42142550366532,280.3038880225418,428919.93563842773,503.645263671875,851.6310319516261,426725.3524644585,5.07773827707117,0.0036008176397689384,1.0036138303839626,27365.63671875,225.0,132.8178383437377,11.603759957376893,False,False,science_V_002.fits,425517.92541726003,493.1243591335487,862.901857383242,-9.626916523904544,0.0012581963878167972,14.487900970119826,0.009243665682238856
241,101.93868213962803,273.8908759199353,684145.5593261719,615.3827514648438,1111.7399012202513,687617.9669300105,5.023318246643562,0.048423647740510334,1.0508878216924262,46767.38671875,215.0,132.82322141421955,11.602806532563468,False,False,science_V_002.fits,747771.3889650175,635.1921230887758,1177.236558490048,-10.239043984723983,0.0009222445498910984,13.875773509300387,0.009203957415399582
242,110.30680594505554,273.52590210457464,269413.9549255371,399.85858154296875,673.7730971933283,278769.25523097115,4.833123668941747,0.0714272433786759,1.0769215367017322,17071.53515625,147.0,132.8219518714552,11.602752392001983,False,False,science_V_002.fits,439901.6477445333,499.84676489225734,880.0730116545913,-9.663010845844939,0.0012336476469819446,14.451806648179431,0.009240356249170764
243,283.1982304124032,274.5907548876346,369734.4298400879,473.09014892578125,781.530604007762,368293.94373721606,5.037074127966357,0.005789175146853287,1.0058228848470931,23995.13671875,210.0,132.79572229750724,11.602911437965012,False,False,science_V_002.fits,367147.17716414965,464.7726945787741,789.9499722050087,-9.46672235767648,0.001374390832585836,14.64809513634789,0.009260196933941582
244,274.5407861772214,292.2607641971686,962526.4609680176,730.9301147460938,1316.85155878736,956010.6040032704,5.186849415493543,0.0037433933452373225,1.0037574589922238,52358.48828125,286.0,132.79703570196665,11.60553741401865,False,True,science_V_002.fits,952697.4454997478,713.4346654552369,1335.3674717948268,-10.502009375867143,0.0008130346312395522,13.612808118157227,0.00919365663956839
245,465.1402611451663,283.9034794085035,1684752.6418457031,966.5048217773438,1743.1394069483742,1674133.6794593448,6.77807547888883,0.3044665160024892,1.4377453034361445,55842.84765625,427.0,132.76811947574902,11.60429369609014,False,True,science_V_002.fits,1579907.8456767108,910.647170576496,1734.928627381043,-11.051201263450226,0.0006257894318332367,13.063616230574144,0.00917899283732585
246,497.72002743500394,284.0169512735498,505398.3837585449,549.027587890625,920.5336760950313,502108.0533999337,5.139316372704751,0.0065224387015718754,1.006565260208844,33664.52734375,245.0,132.7631767312111,11.604309975345961,False,False,science_V_002.fits,498995.8116551214,533.7406228203133,934.9031914010994,-9.799864124959573,0.0011612967096335481,14.314953369064797,0.009230975416633433
247,481.9044282542441,289.0177228426284,229102.74127197266,390.8527526855469,586.16125816643,228606.43765413944,5.126832891518257,0.01774125181045727,1.0180616887792113,15578.7353515625,192.0,132.76557605621173,11.605053439379587,False,False,science_V_002.fits,217146.66962190162,385.5716732359824,563.1810755169267,-8.8965048064799,0.00192779915234806,15.21831268754447,0.009358349569581112
248,476.7802824276529,300.36201294737907,212023.86972045898,365.7210693359375,579.7420151522687,215084.61375016425,4.784995935201756,0.1663035844289441,1.1994773892784838,13526.072265625,139.0,132.7663532496435,11.606739417626494,False,False,science_V_002.fits,473063.5467192338,523.892985611517,902.9774394994957,-9.741920582839974,0.0012023556209796163,14.372896911184396,0.00923623062368986
249,473.0917219532734,308.23691779301555,1304177.0458984375,839.947509765625,1552.6887463031458,1304698.4647243004,5.3475309006545135,0.02398830609087832,1.0245778879910754,55294.08203125,267.0,132.7669127148056,11.607909779998376,False,True,science_V_002.fits,1330847.4413841122,837.9084941352303,1588.296873344891,-10.864942559004032,0.0006835623857355826,13.249874935020339,0.009183112469630196
250,462.844207892699,320.2750525600425,842938.5833129883,689.3675537109375,1222.7708988845818,837049.797664956,5.176044768677961,0.0032734130585735377,1.0032841634822027,54378.97265625,268.0,132.7684672040087,11.609698953068378,False,True,science_V_002.fits,831345.3911634434,672.4060058658188,1236.3741309730979,-10.354075607725663,0.0008781322520437172,13.760741886298707,0.00919964202275091
251,446.99438979820724,325.51055297188316,344380.28244018555,462.0295715332031,745.3641577472864,342995.3143757922,5.053490302160425,0.007784533730013088,1.0078456081311424,22165.78125,206.0,132.77087177756567,11.610477257410524,False,False,science_V_002.fits,341045.86105047935,453.7493157041557,751.6173562074109,-9.386653832240219,0.001444485004282416,14.728163661784151,0.009270859400416009
252,371.38997480739977,287.03471877335954,130457.47137451172,306.4633483886719,425.68702606831516,130927.46153595729,4.91346823827916,0.004295782038454599,1.0043143153970455,8569.7294921875,148.0,132.7823424944723,11.60476024456603,False,False,science_V_002.fits,131145.6140774932,315.6083455692153,415.53278269928376,-8.349006301524696,0.002612790242318158,15.765811192499674,0.009523075655744739
253,366.82979073629735,298.13231717339596,217770.44006347656,376.90289306640625,577.7892504133889,217934.95779238423,4.964103764158832,0.006201438162677042,1.0062401359800843,14805.27734375,171.0,132.78303423032352,11.606409512097162,False,False,science_V_002.fits,217193.4631664636,377.74110790011133,574.9796848266183,-8.896738749612672,0.001888240625975136,15.218078744411699,0.009350280731414863
254,35.60327975891722,313.17309208641126,396714.3108215332,489.1343688964844,811.0538454219518,396239.47590552934,5.962244657981086,0.25800542142017324,1.3477187419805603,21569.83203125,242.0,132.8332859361006,11.608643327603117,False,False,science_V_002.fits,390179.1886513063,473.41737418783924,824.1758962071674,-9.532782127314155,0.0013173158848691871,14.582035366710215,0.009251898088241882
255,49.4160270785592,314.2183567518348,319050.1953125,440.1519775390625,724.8637097948401,318011.44354010565,5.076014641893893,0.023652487074864892,1.0242254799256898,20423.82421875,202.0,132.8311903608457,11.608798897931615,False,False,science_V_002.fits,316862.9338649345,433.59664895489766,730.7780967142444,-9.306800471705621,0.0014856767120984752,14.808017022318749,0.00927736667312211
256,414.37548006460486,323.7930863584694,910380.0295410156,711.24169921875,1279.9868603612604,906843.145211071,5.305553515624008,0.09252435617170685,1.1019579498369587,52964.41796875,255.0,132.77582059085876,11.61022247667097,False,True,science_V_002.fits,901850.4679138048,697.1387959484572,1293.6455023806807,-10.442458211400734,0.0008392561934486682,13.672359282623637,0.009196012617049144
257,403.7311703547236,331.7489298234008,349965.5927734375,462.4415283203125,756.7780386086607,349685.0004764345,5.033626073154811,0.01963925937833877,1.0200326865046485,22923.591796875,196.0,132.77743539966352,11.611404933138115,False,False,science_V_002.fits,349606.2865806323,457.87620151244687,763.538889826159,-9.413569957707754,0.001421931501415979,14.701247536316616,0.009267372135044766
258,417.9553183030595,337.99769608886766,70394.22100830078,245.6346893310547,286.5809434327365,70983.05710734174,4.835255619412884,0.01473095507608646,1.0149512005395684,4907.654296875,126.0,132.7752772877366,11.612333393535925,False,False,science_V_002.fits,69460.41550227671,265.24096287703424,261.87665264387755,-7.658965316215954,0.004145844958070502,16.455852177808413,0.010052379196540673
259,317.10947943179144,338.8702820433333,1418438.3391113281,879.79833984375,1612.231206714074,1408617.843100633,5.482584083653381,0.001821420230186166,1.0018247438555596,52284.96484375,339.0,132.79057725449178,11.612463968406718,False,True,science_V_002.fits,1400717.6927995046,856.5309063066044,1635.3381792601688,-10.920498409946823,0.0006638993779813626,13.194319084077547,0.009181669754394847
260,246.5809314155333,348.9444055337535,508711.8249511719,537.664794921875,946.1505193493092,516438.7161372884,5.018640361373927,0.04876521704760983,1.0512651744044252,33424.58203125,187.0,132.8012776070964,11.613961244986578,False,False,science_V_002.fits,554401.8877132975,557.1161666353098,995.1279839204718,-9.914183624939124,0.0010910154447900306,14.200633869085246,0.009222397291130733
261,273.2399504917727,354.2894814301417,1384769.8619689941,874.9118041992188,1582.7536619378836,1376509.7039506638,5.44409241125934,0.003460529864815265,1.0034725467164345,52477.14453125,306.0,132.79723296393743,11.61475557223299,False,True,science_V_002.fits,1366641.1774396906,846.8832321284108,1613.7303533628944,-10.89375812916207,0.0006727889809703844,13.2210593648623,0.009182316815902198
262,255.46444774146718,352.92747813315435,695531.7876281738,629.4228515625,1105.0310389932029,701994.8567894647,5.9491763216770535,0.25820876981351015,1.348088194233026,39974.03125,259.0,132.7999298235389,11.614553176593652,False,False,science_V_002.fits,712626.0494256265,624.5491779507473,1141.024717643332,-10.186776107946729,0.0009515131295686571,13.928041386077641,0.009206936207578861
263,234.8997790097497,356.33462044376074,431583.3311767578,505.6064758300781,853.5953390790871,430053.50852244446,5.072778144777823,0.0012301736455393453,1.001231688836686,28436.677734375,215.0,132.80304985238766,11.61505949976782,False,False,science_V_002.fits,428858.89496066025,496.85321704890544,863.1500818448912,-9.635407929558975,0.0012578345560478104,14.479409564465396,0.009243616438660417
264,301.7206938940828,357.3944986963336,518101.5115966797,541.1124267578125,957.4747981690099,532269.2905160116,4.942683280470699,0.08042634723316444,1.0874604736566513,33273.015625,177.0,132.79291191751236,11.615216938973687,False,False,science_V_002.fits,759476.5117782361,643.5739358611644,1180.092091147201,-10.255907741648373,0.0009200129448749719,13.858909752375997,0.009203734074462528
265,286.6188676553084,362.01747184701566,1431267.241241455,880.0529174804688,1626.3422492127804,1422313.859047183,5.50235572175653,0.016735645255382403,1.0170204942085277,52145.328125,310.0,132.79520312479448,11.615904010964723,False,True,science_V_002.fits,1410773.2166560825,859.993554806033,1640.4462670354255,-10.928264889166172,0.0006618321013110967,13.186552604858198,0.009181520507247748
266,309.05224363336885,358.6125925198272,526836.6343994141,546.8858032226562,963.3393869339858,535663.0348738076,4.9123097786231975,0.09899765714111819,1.109875027435554,34362.65234375,186.0,132.79179958403256,11.6153979319669,False,False,science_V_002.fits,763015.9920886261,644.6931580649543,1183.5335656094408,-10.260955975163546,0.0009173377346851477,13.853861518860825,0.009203467043139905
267,467.66792550489305,346.31784209826185,885044.5286865234,696.560791015625,1270.5919427306244,890488.7011276626,4.9864384689802375,0.09838844079784426,1.109125088064431,54551.05078125,211.0,132.76773492643537,11.613569119865936,False,True,science_V_002.fits,1314128.3462972012,832.1813027481517,1579.1370726036419,-10.851216332318312,0.0006875273963456035,13.263601161706058,0.009183408463931616
268,464.9299132632928,352.21041130399874,609351.5499267578,583.380615234375,1044.5179939377124,641231.7314242052,4.738881582342809,0.17246444277408646,1.2084072898960696,55077.61328125,176.0,132.7681502297116,11.614444866766414,False,True,science_V_002.fits,1200017.2900412888,797.0818903487574,1505.5131782209103,-10.75259063273376,0.000721149449706571,13.36222686129061,0.009185986807278638
269,18.270616936440724,381.96118387642053,963470.4628295898,724.72265625,1329.4333418731035,959330.443886514,5.127806164868844,0.005177872090244562,1.0052048219927756,56619.47265625,252.0,132.8359168658983,11.618865686719937,False,True,science_V_002.fits,959002.1493982979,713.4489288278348,1344.1777128657213,-10.509170825415865,0.000807705699632038,13.605646668608506,0.009193186911615752
270,12.108362707636497,393.67325939995123,796610.9754638672,662.9603881835938,1201.5966408588224,793055.4179833374,5.092994270979244,0.00878131765763035,1.0088591123372281,53129.578125,238.0,132.83685203255055,11.62060611358796,False,True,science_V_002.fits,794150.2781001374,653.3555438611071,1215.4948183449728,-10.304378604838371,0.000893216477449322,13.810438889185999,0.009201094107239207
271,1.2362014263207146,398.9846279293429,26380.650970458984,130.39967346191406,202.306112201761,26284.727392711447,2.5047106819308835,0.1448520687109911,1.169388316817475,26299.451171875,22.0,132.8385016753256,11.62139522766961,True,False,science_V_002.fits,32473.849157197255,189.3927423915985,171.46300722576055,-6.833456296611025,0.006331978060844863,17.281361197413343,0.0111335638165731
272,368.96733426622666,397.03660336726807,1121992.4775390625,781.2861328125,1436.083952367203,1120899.2665564637,5.180597395413832,0.029282973145454028,1.0301663330665383,53348.6640625,248.0,132.78270902616507,11.621107767259216,False,True,science_V_002.fits,1138053.5581025549,776.9212593404471,1464.8248383223342,-10.695028626378924,0.0007411807689194114,13.419788867645446,0.009187581075936204
273,361.36028820932574,404.3201490923122,689403.309173584,622.3336181640625,1107.7712806314125,689888.3912240074,5.054720784597874,0.03627511012678053,1.0376405242906537,43846.1875,214.0,132.78386311378026,11.622190249316088,False,False,science_V_002.fits,726940.4102630543,631.0905121187769,1151.8797958512764,-10.208368903407816,0.000942546265600251,13.906448590616554,0.009206013825618668
274,253.29972731362565,422.17753062909566,430344.9069824219,495.3183898925781,868.824812007793,436679.0904461226,4.800912195102765,0.11636589157809718,1.1316901310950038,27884.50390625,159.0,132.80025825935823,11.624844502489355,False,False,science_V_002.fits,744191.6298088108,636.7749084688328,1168.6886840410666,-10.233833826657364,0.0009289899139314757,13.880983667367007,0.009204635753514177
275,255.03367960470501,429.76006928143687,841591.8387756348,669.2064819335938,1257.5966633556113,862447.5349512212,4.970597456462595,0.05010900539910135,1.0527523744133978,51405.30859375,142.0,132.79999517846147,11.625971351876485,False,False,science_V_002.fits,1209066.4369642981,801.7348100823594,1508.0627930326425,-10.760747287926169,0.0007199302343483384,13.354070206098202,0.009185891172717753
276,264.0274890802209,428.0889028761327,80899.40243530273,256.8956604003906,314.9115181985368,84416.87691906666,4.651532671857302,0.08321791323456262,1.0907717487458437,6148.1669921875,100.0,132.79863060417188,11.62572299479924,False,False,science_V_002.fits,187673.67885410265,395.0277540893453,475.08985612098434,-8.738130292275287,0.0022852519076381216,15.376687201749084,0.009438467745140032
277,251.77076751710098,436.13411689857963,334486.0801086426,453.0123596191406,738.3597224363896,353167.807983708,4.769716048279109,0.16145588188835192,1.1925430974960998,24742.21484375,160.0,132.800490241748,11.626918605559823,False,False,science_V_002.fits,754055.7347771992,647.3130355660929,1164.9012044346625,-10.248130492069498,0.0009320103678035946,13.866687001954872,0.009204941087284507
278,248.20308057901747,453.54979449717825,500913.12619018555,544.6531372070312,919.6919873790804,497878.3977077765,5.114784187843499,0.00911893329047897,1.0092028534976056,31998.31640625,243.0,132.80103155638946,11.629506766711604,False,False,science_V_002.fits,495730.50546435924,530.4303530773544,934.581708207911,-9.7927359856431,0.0011616961796543858,14.32208150838127,0.009231025680199827
279,288.4808578065854,424.88900941768804,364350.8698425293,476.4658203125,764.694662890115,371449.02712782193,4.761443111033114,0.1804940726362919,1.2202474278824662,26902.630859375,155.0,132.79492045659694,11.625247413955739,False,False,science_V_002.fits,779318.4288851055,661.9017129321826,1177.392977928361,-10.283909239823233,0.0009221220275241526,13.830908254201137,0.00920394513935901
280,293.7989535941847,429.39931252088,745187.9811096191,641.5997314453125,1161.4530751609832,758289.2150625723,5.008964160167193,0.060834169279747496,1.0647746833305183,47392.29296875,201.0,132.79411356252766,11.62591767973294,False,False,science_V_002.fits,960546.8521253526,726.127958985466,1322.8341372055318,-10.510918256752129,0.000820737815470597,13.603899237272241,0.009194341067005755
281,328.4334286530979,428.41825832751556,485071.0341796875,526.73388671875,920.9034132992692,486888.90094630735,4.913328187388724,0.07215864740816857,1.077770458501985,28990.65625,177.0,132.788858693159,11.625771730077235,False,False,science_V_002.fits,696235.0602476973,618.7730775792762,1125.1864140105495,-10.161511597110803,0.0009649067803175776,13.953305896913568,0.009208330043465423
282,349.7580121309753,434.5742263377707,839287.4274597168,688.05712890625,1219.793229660836,833546.2943271587,5.133357212850958,0.0029731339926826195,1.0029819998778857,53882.8671875,270.0,132.78562320034263,11.62668643288566,False,True,science_V_002.fits,831176.8172347865,671.1791226886371,1238.3830025958257,-10.353855428028545,0.0008767077695060571,13.760962065995825,0.009199506161082636
283,330.13412058512165,436.72155740716414,929864.0864257812,715.531494140625,1299.5431983641422,930276.8757118377,5.087787639776923,0.060480432808606044,1.0643737873277155,53743.80859375,238.0,132.7886006074042,11.62700568227432,False,True,science_V_002.fits,1034320.6361298201,742.8782008622466,1392.3152340845393,-10.59125984790872,0.0007797803065150388,13.52355764611565,0.009190775507056723
284,123.89148482055207,440.7349631734569,169876.86126708984,331.9844970703125,511.70118715245565,173504.84877517185,4.88005252228163,0.04797205895935286,1.05038933931594,11032.833984375,141.0,132.81989269418747,11.627601660986295,False,False,science_V_002.fits,233768.03915667406,384.9371377828821,607.2888693024141,-8.976584709040456,0.001787781819955191,15.138232784983915,0.00933051236162556
285,119.20151674025199,446.0656740830572,113091.16952514648,277.0440368652344,408.20647433808034,116371.9414629466,4.590486617442521,0.14556703297566598,1.170366826414272,7624.93896484375,113.0,132.8206043368111,11.628393813973137,False,False,science_V_002.fits,201793.38686016912,363.54062528515277,555.077955048042,-8.81688919780703,0.0019559414855631094,15.297928296217341,0.00936418732136601
286,12.345643902598159,451.58879912451414,986892.5764770508,728.0247192382812,1355.575642417222,1009607.4892740473,4.956445178811144,0.08501248729219257,1.0929110901640693,59824.72265625,209.0,132.83681716738656,11.62921300744348,False,True,science_V_002.fits,1358820.339585158,842.4914839591224,1612.8594359193403,-10.887526971566126,0.0006731522759025458,13.227290522458244,0.009182343441694928
287,15.901651758681082,459.02202940533635,1367733.3883361816,859.3947143554688,1591.5077966961412,1375353.8677791203,5.0380000619082,0.12271242938610649,1.13987708648401,60219.18359375,177.0,132.83627777367641,11.630317735484512,False,True,science_V_002.fits,1869323.1385203598,992.0311225126887,1884.3392068039175,-11.23383282832526,0.0005761701481770299,12.88098466569911,0.009175743519428571
288,20.713380280312563,466.17972536074274,1100124.9278564453,767.5700073242188,1433.25679398486,1109032.8315898853,5.086330663869209,0.06602167736057662,1.0706886613535092,59704.3671875,223.0,132.83554784403645,11.631381538476344,False,True,science_V_002.fits,1381772.4954879393,849.9205094228541,1625.766739558084,-10.905713233286791,0.0006678079785880693,13.209104260737579,0.009181953201304773
289,24.202487575506744,482.02434277539754,1488544.179321289,894.4813232421875,1664.14226953988,1478245.1969441765,5.3820563870548055,0.002543025594908932,1.0025495090617074,60459.4296875,318.0,132.83501874858604,11.63373628785157,False,True,science_V_002.fits,1471467.3602829762,875.3331297992867,1681.036979167443,-10.97399845687103,0.0006458513485751564,13.14081903715334,0.009180382402663924
290,92.60118737382419,464.9216363433333,521549.0224609375,549.436279296875,949.2438743367559,518779.37858941697,5.093445731262565,0.001762887071159236,1.001766000330309,33801.8046875,232.0,132.82464052332224,11.631195703858447,False,False,science_V_002.fits,516955.04620050575,538.1546712288996,960.6068177760428,-9.838253821544157,0.0011302230838977053,14.276563672480213,0.009227117714327717
291,105.57079319577733,472.50386241606174,277642.624420166,414.68145751953125,669.5322864950845,280289.4563950046,5.078635101450029,0.03226348682680591,1.033339123188619,16862.630859375,186.0,132.8226727796674,11.632322666907035,False,False,science_V_002.fits,277640.1553606974,416.5489738668074,666.5246412285571,-9.163327570918513,0.0016288970172187588,14.951489923105857,0.009301376381342133
292,116.87729268731563,476.2267599333838,894055.7444763184,703.7415161132812,1270.43200380465,888431.3663926192,5.191877593254851,0.01084760426179665,1.01096656522143,56042.33203125,269.0,132.82095731664666,11.632876059619587,False,True,science_V_002.fits,877317.7883320951,688.9652007318493,1273.3847622494857,-10.412514211845572,0.0008526095428392493,13.702303282178798,0.009197240897531479
293,131.48288979239896,489.10069412279177,1500552.7244873047,902.0390014648438,1663.5120233720709,1489135.0841067093,5.46177903204446,0.004762001487543466,1.004784786648682,57288.8203125,351.0,132.8187413729545,11.634789420136443,False,True,science_V_002.fits,1479814.0718680902,878.6390061152948,1684.2116746111194,-10.980139756051619,0.0006446339354883559,13.134677737972751,0.009180296836457321
294,105.23744507849223,491.71127671736355,1265534.640045166,831.4432373046875,1522.0938523087693,1255451.3484890494,5.329447302789047,0.0018276488473162322,1.0018309952636995,57134.5390625,328.0,132.8227235900796,11.635177096915413,False,True,science_V_002.fits,1247938.4551125509,810.054634395908,1540.560848766937,-10.795104793208008,0.0007047433412766481,13.319712700816362,0.009184713401721301
295,400.07577258894315,481.61382515007364,42046.79736328125,200.9145050048828,209.27706221240416,43519.355665901516,4.6440097819372586,0.06147871519122983,1.0655059359721997,2714.947998046875,95.0,132.77798822526245,11.633676558909869,False,False,science_V_002.fits,54638.73317509524,251.1390524540322,217.5636669852299,-7.398373427708309,0.0049902633791960626,16.71644406631606,0.010429047209042176
296,410.17479119917704,488.1731325646707,1262993.6763916016,832.4934692382812,1517.1214226427762,1254162.356756004,5.296143345545809,0.000987703832729947,1.000988680356107,57449.35546875,301.0,132.77645583885533,11.634651224125179,False,True,science_V_002.fits,1249029.3107461932,812.5414836568458,1537.1883600637009,-10.796053449051431,0.0007062895011480629,13.318764044972939,0.00918483216798854
