id,x,y,flux,flux_err,snr,kron_flux,fwhm,ellipticity,elongation,peak,area,ra,dec,flag_edge,flag_saturated,frame,flux_aper,flux_aper_err,snr_aper,mag_inst,mag_inst_err,mag_calib,mag_calib_err
1,318.50210413961787,2.2475074743924175,179765.48300170898,312.5469970703125,575.1630464754325,179621.73725428412,3.320666094403677,0.2859672662610955,1.4004960175476537,45658.5703125,44.0,132.79036751535037,11.562437985616953,True,False,science_V_000.fits,179858.06023221998,334.44461177083923,537.781306387015,-8.691946637141116,0.0020188503897505777,15.422010803092512,0.013877379497853629
2,380.9326007341931,15.738002559647185,71497.5444946289,240.3953094482422,297.4165538368066,72113.59067807748,4.716850852409124,0.005399667242043882,1.005428981937972,4832.75634765625,121.0,132.78089733846448,11.564442355832115,False,False,science_V_000.fits,73324.15185784348,259.824986359447,282.2059297884669,-7.717739494509264,0.0038471905987723515,16.396217945724363,0.014258568663597848
3,178.01954071108736,23.088251579790153,1136909.0891113281,785.0506591796875,1448.198375247915,1130880.414741647,5.316856005903692,0.07743716938102041,1.0839370141641897,56248.359375,286.0,132.8116773508302,11.565535075806146,False,True,science_V_000.fits,1128766.7825810583,769.8416531449043,1466.2324102234502,-10.686132425264315,0.0007404692410492701,13.427825014969313,0.01374969816134857
4,271.6852241250602,21.96611537520913,273838.97552490234,412.7578430175781,663.4373644433459,273399.7884398627,5.093426810127004,0.050349262790986615,1.053018716058665,17727.431640625,192.0,132.79746910994007,11.565368536705677,False,False,science_V_000.fits,272877.1655815163,408.12662372629563,668.6090779623274,-9.144539862383313,0.001623818813990398,14.969417577850315,0.013825436426092354
5,479.79515120244497,18.548082542182925,13641.121887207031,139.210693359375,97.98903775295638,14332.301953698636,4.231809672882012,0.03389142979378734,1.0350803531186492,926.111572265625,67.0,132.7659007888496,11.564858597269065,False,False,science_V_000.fits,13661.142977955918,198.6630253599237,68.76540288866346,-5.893339465789208,0.015788462720967882,18.22061797444442,0.02092322776061678
6,499.62450678818425,25.30589786739865,800885.5252075195,673.4960327148438,1189.1466115682556,794409.1797503247,5.209528462558107,0.017711228496287257,1.0180305720782845,51185.3828125,283.0,132.76289272871537,11.565862516029245,False,False,science_V_000.fits,791362.8200380442,654.6008919921186,1208.9241394549952,-10.300560979794582,0.0008980712391841669,13.813396460439046,0.013759085608495281
7,428.6501228956832,38.70389553810628,732056.1695251465,643.792724609375,1137.0991649048626,727273.5172946167,5.126877342497006,0.004018162029415517,1.0040343727929848,46558.32421875,261.0,132.77365872652808,11.567854777383998,False,False,science_V_000.fits,726026.6458791879,628.558308198262,1155.0665012452307,-10.207003274089814,0.0009399458808904515,13.906954166143814,0.013761882250995141
8,293.90874475700497,48.3397580402864,47158.04428100586,205.5712432861328,229.40000521068498,47794.70717882895,4.620963003805744,0.009384134918206333,1.0094730311203237,3218.783447265625,106.0,132.79409792070936,11.569287903020994,False,False,science_V_000.fits,47152.3362524283,233.11674253007473,202.26919671522566,-7.238379912927963,0.005367599306426053,16.875577527305662,0.014741676537816098
9,450.23831802607475,52.50326283681488,1101333.6551513672,778.820068359375,1414.1053882591698,1093420.1472905339,5.224861561750741,0.00041253967548704473,1.0004127099347095,57936.91796875,299.0,132.77038374729185,11.569905201653068,False,True,science_V_000.fits,1089957.1441268453,759.9912717682706,1434.170607763486,-10.64814542982106,0.000757022905171019,13.465812010412568,0.013750599569117186
10,254.50115691942122,50.87302195424051,44769.66958618164,269.3080749511719,166.23961087798355,45687.48680882879,4.881878962040417,0.02732207752023197,1.0280895421688778,2767.959716796875,109.0,132.8000757781379,11.569664433798627,False,False,science_V_000.fits,44684.73584017221,289.77160821870837,154.20674273390478,-7.180019861261026,0.007040548167685874,16.9339375789726,0.015429686430150066
11,487.8361167735542,58.36558840008376,45066.089599609375,207.94265747070312,216.7236398138208,46028.89167763062,4.716264901137764,0.014939750060453671,1.0151663312587942,2935.787109375,110.0,132.76468030134413,11.570775772933603,False,False,science_V_000.fits,45195.64348752111,235.74878088747826,191.71103798450932,-7.1923633094922135,0.005663210691539457,16.921594130741415,0.014851863861752133
12,205.98364874069716,79.00017173038984,141933.4613647461,309.5321044921875,458.5419712685359,142322.4952373397,4.854080253925103,0.0037251312344825926,1.003739059722643,9814.521484375,146.0,132.8074356683458,11.57384434494025,False,False,science_V_000.fits,142313.28911033482,317.1299189120449,448.7539037583049,-8.437735514234305,0.0024193661401210875,15.676221925999323,0.013941278182118617
13,13.33546245738851,83.16768765275212,239835.701171875,383.8795166015625,624.7681650094555,239626.54471726215,4.931057730226627,0.0010746621121646704,1.001075818253281,16188.673828125,175.0,132.83665961343814,11.574461473564948,False,False,science_V_000.fits,240805.6633122981,383.2579433119793,628.3122568350205,-9.008788615351268,0.001727962471190624,15.10516882488236,0.013838054745270209
14,387.4685114066662,80.3024286253694,16268.95849609375,145.61241149902344,111.72782820235663,16775.765296904116,4.270270537838824,0.02291245929983088,1.0234497507597038,1070.7744140625,71.0,132.77990521285443,11.57403727694501,False,False,science_V_000.fits,16976.775855280815,200.43464607891846,84.69980708123903,-6.12925991077566,0.012818211013853444,17.984697529457968,0.01878330211722438
15,241.08215663200872,93.15186268047822,26050.862701416016,169.05938720703125,154.09296775407068,26879.20870991679,4.49910561938304,0.011461376166353898,1.0115942623687335,1893.0673828125,90.0,132.80211139753683,11.575947530236519,False,False,science_V_000.fits,26569.941651987298,303.54349067013084,87.53256936371464,-6.6155983757753,0.012403383196587181,17.498359064458327,0.018502697629065697
16,27.496541785884567,101.98588922817852,160935.05883789062,367.8213195800781,437.5359726881018,161073.67071324424,4.9204479874102836,0.006226595928167211,1.0062656093458073,10625.6923828125,160.0,132.83451178281504,11.577258328656914,False,False,science_V_000.fits,161665.26337497737,370.6030970059136,436.2221057542801,-8.576163659348184,0.0024888697424507986,15.537793780885444,0.013953507710469768
17,322.4749394142538,105.15920059831976,440075.18658447266,510.5115051269531,862.0279507217678,437919.10207322834,5.07077821236941,0.004016602606460973,1.0040328007645232,28057.236328125,225.0,132.78976431787277,11.577731781656897,False,False,science_V_000.fits,436177.48304125457,499.84240980136667,872.6300019531916,-9.653779979214649,0.0012441699203212103,14.46017746101898,0.013786002452556153
18,249.00520573672046,108.64632816651228,1313177.8762207031,848.1058349609375,1548.3655719467915,1302384.656184702,5.5569562495293665,0.07985196572765663,1.086781651162037,53459.19140625,360.0,132.80090950485115,11.578250185828335,False,True,science_V_000.fits,1294318.446847732,823.1082963284813,1572.4764926086991,-10.834724726182703,0.0006904395742023787,13.279232714050925,0.013747094661668586
19,308.80748621688474,115.49431783848233,7132.818695068359,112.03917694091797,63.66361204911149,7851.723552683275,3.885925946376042,0.04486161561263713,1.0469687077243912,531.1011962890625,50.0,132.79183759333733,11.579267760130643,False,False,science_V_000.fits,6081.604563850861,186.97147327990317,32.52691149706285,-5.0146673194635625,0.033378514898287776,19.099290120770064,0.03609198195785971
20,339.0428352234978,123.10862305097913,1549117.5485839844,935.8404541015625,1655.3222739993516,1540813.9544570982,5.990041896722961,0.1967903922182378,1.2450050277183775,53422.41796875,359.0,132.78725088540756,11.580399165731414,False,True,science_V_000.fits,1523237.2230060166,897.4683412484388,1697.260118264552,-11.011540733857935,0.000639678024786282,13.102416706375694,0.01374463869320131
21,274.4091850260048,127.62088776164458,585928.2368164062,580.291748046875,1009.713198211938,582653.9674408757,5.104533398070792,0.000215072369825986,1.0002151186359007,36522.0078125,247.0,132.79705574418642,11.581070002397071,False,False,science_V_000.fits,581911.497618939,567.0151236903571,1026.2715636782852,-9.966764219607034,0.0010579071255844954,14.147193220626594,0.013770441979748312
22,365.76960033977014,135.34977418138635,150532.94766235352,322.9866943359375,466.06547669664883,150720.0955517006,4.8921721759421715,0.0034637109130446486,1.0034757499059248,9986.91015625,157.0,132.78319635016373,11.582218130901072,False,False,science_V_000.fits,150381.3935171808,327.59779205511745,459.0427565881749,-8.497607136343815,0.0023651391606076986,15.616350303889813,0.01393196999997819
23,497.4064046363924,138.85368618249976,174701.58056640625,386.2960510253906,452.24790702021284,174597.19602760632,4.986034095905027,0.011608886998684675,1.011745236117546,11386.005859375,174.0,132.76322697228295,11.582737014631316,False,False,science_V_000.fits,173313.56288142232,385.7971701652709,449.23492519962457,-8.651703249868937,0.002416775586888202,15.46225419036469,0.013940828851565138
24,461.6126514737759,139.51420880260827,52099.463623046875,217.9563446044922,239.03623323095997,52778.4972141186,4.694025765495467,0.003937742738396088,1.0039533098555726,3289.9755859375,112.0,132.76865688471497,11.582835810476444,False,False,science_V_000.fits,52641.04703679228,243.9382397181682,215.7966176094844,-7.357933171194837,0.0050311261224897106,16.75602426903879,0.014622521495680918
25,352.01420334057633,139.38102103045023,15296.557739257812,143.94924926757812,106.26354647271562,16086.951781658929,4.269786522485603,0.0204400436142822,1.020866556948387,1061.98193359375,71.0,132.78528301325647,11.58281733179439,False,False,science_V_000.fits,14849.749908044852,199.7280032046643,74.34986416415573,-5.983919722909543,0.014602582159436129,18.130037717324083,0.020043485489164167
26,399.9460159604441,146.43647409839758,118534.17422485352,294.57818603515625,402.38612308756336,118881.94563820293,4.854808420014559,0.0052293460986693185,1.0052568359130425,7929.5146484375,146.0,132.77801165596478,11.583865392224848,False,False,science_V_000.fits,118616.43317147101,303.28660216924794,391.1034391993272,-8.23998402539095,0.002775991952979655,15.873973414842679,0.014007570672827603
27,28.304258574000333,149.7140762880569,109051.07318115234,276.6473083496094,394.1880867437918,109420.28854041971,4.790004489384491,0.0012381889664909718,1.0012397239790434,7244.287109375,137.0,132.83439012816407,11.584351279968995,False,False,science_V_000.fits,110590.00726456125,287.1583173993513,385.118593346414,-8.163911590514974,0.002819131609736156,15.950045849718654,0.014016183783907291
28,329.33399144895685,162.1749802654284,472090.7924499512,527.4385375976562,895.0631377832202,469676.9966468255,5.073565611343723,0.0032589699659577587,1.0032696255775146,31222.029296875,230.0,132.78872347359484,11.586204920600455,False,False,science_V_000.fits,469566.9252884575,515.9378207549433,910.1230931304204,-9.73386562173421,0.0011929155607574716,14.380091818499418,0.013781471342579843
29,498.8831721934627,165.07252563571686,68689.4521484375,244.4306640625,281.0181464420269,69431.68063708898,4.835056980412958,0.015523607338097767,1.0157683896270218,4775.0439453125,131.0,132.76300242976453,11.586633396034943,False,False,science_V_000.fits,68361.15923433396,261.1814121105118,261.73822509776767,-7.641645420690061,0.004148037603580662,16.472312019543565,0.014342667840815785
30,452.04606128024363,168.8860428732018,255941.10000610352,404.55303955078125,632.6515314043925,255442.7481121159,4.990766841769047,0.0021602667438792578,1.0021649435995397,17748.033203125,185.0,132.770107672589,11.587200943019557,False,False,science_V_000.fits,255084.5822415261,401.18462197464754,635.8284148230535,-9.07133239875256,0.0017075361444834807,15.042625041481068,0.013835518946391916
31,12.807153639673999,166.9130288155855,12847.017639160156,129.44366455078125,99.24794453049668,13006.47226363053,4.095341103213164,0.018052853840577088,1.0183847510644388,966.5230712890625,64.0,132.83674139373142,11.586906947653247,False,False,science_V_000.fits,13503.089064306547,184.4640352960614,73.20174386640916,-5.880704704559514,0.014831613874955874,18.23325273567411,0.020210954330932417
32,42.187597929251055,174.82712446432404,182714.75537109375,343.9557189941406,531.215924844693,182681.8289513149,4.90993143576761,0.004884531993825103,1.0049085077570061,12463.5078125,166.0,132.8322844407092,11.588083598217395,False,False,science_V_000.fits,183934.21602274856,345.5132841848502,532.350634380655,-8.716278187995933,0.002039445301428297,15.397679252237696,0.013880390555339937
33,17.41661789814991,194.15830780878417,246836.7135925293,390.18157958984375,632.6201094680133,246516.60429591942,4.931285111760567,0.0024162644803840116,1.002422116955551,16279.6376953125,177.0,132.83604264896962,11.590955985272991,False,False,science_V_000.fits,247902.75600451173,389.06369030155264,637.1778250814643,-9.040325261461637,0.0017039199376739005,15.073632178771991,0.01383507311094722
34,427.44089525112634,195.39225243399162,392349.78216552734,486.9483337402344,805.7318507528332,390690.80031460046,5.0510648771151665,0.002318375291456287,1.0023237626453565,24329.638671875,212.0,132.7738399748469,11.591140418981015,False,False,science_V_000.fits,390418.6544845004,477.99466194156287,816.784549222081,-9.533448275024769,0.0013292367014459793,14.58050916520886,0.013793939793971957
35,264.46320790919265,197.27376865568314,113238.50894165039,288.5131530761719,392.48993584619586,113590.58215040472,4.875910543298161,0.004450213373315082,1.0044701063001522,7199.3427734375,148.0,132.79856449027247,11.591421205132624,False,False,science_V_000.fits,114073.99878875504,296.3881362813845,384.880448387636,-8.197588538342378,0.0028208759487479266,15.91636890189125,0.014016534734001721
36,186.12591918042094,203.3809998027186,612271.3932495117,590.68017578125,1036.5531439068604,608805.5953424843,5.095074082420841,0.0005704079925034078,1.0005707335434781,40027.2734375,246.0,132.81044868895287,11.592328623521531,False,False,science_V_000.fits,608377.5548078606,577.9301828691109,1052.6834777647275,-10.01505483159707,0.0010313641497493435,14.098902608636559,0.01376842826326376
37,42.35937742697449,205.17879148065694,303654.435546875,428.4601135253906,708.7110934280242,302840.687834043,4.988970207912983,0.0012856489296131368,1.0012873039505592,20099.931640625,194.0,132.83225890248156,11.592594195219577,False,False,science_V_000.fits,303232.16276905045,423.8016645054593,715.5048886438346,-9.259060032769433,0.0015173900517407113,14.854897407464195,0.013813340559052825
38,302.4887000528734,220.12039421968151,483921.9277648926,553.8841552734375,873.6879781765801,481308.22024644446,5.089321062650892,0.0009924579646127807,1.0009934439159396,30788.515625,232.0,132.79279574226894,11.594816381855045,False,False,science_V_000.fits,480190.59260171745,521.5973766261392,920.615428911368,-9.75815599292909,0.0011793197961974691,14.355801447304538,0.01378030115828226
39,328.72320194163075,216.13968663602432,15977.565399169922,145.50245666503906,109.80959198477208,16714.71035165548,4.264410838861426,0.01030773788645789,1.0104150939449048,1164.6456298828125,71.0,132.78881581040147,11.594224678748454,False,False,science_V_000.fits,15670.946023104874,201.02870920847465,77.95377130364743,-6.042359910874904,0.013927485249827811,18.071597529358723,0.019557115079055585
40,280.06036854350975,227.00993321000004,399392.2151489258,498.6428527832031,800.9584674074755,399585.63825546834,6.94585514707232,0.40288683654620017,1.6747244261302785,15774.7529296875,268.0,132.7961982615527,11.595840308234012,False,False,science_V_000.fits,389271.5194211669,475.61254606394965,818.4635217104354,-9.530253449668832,0.0013265099435721833,14.583703990564796,0.01379367730018533
41,360.4494644407931,226.7035304440323,12846.835052490234,135.4282989501953,94.86078723631275,13445.112430050429,4.116829253597926,0.035622877635950956,1.0369387419193707,888.1585693359375,63.0,132.7840026370975,11.595794358467801,False,False,science_V_000.fits,12619.612990641883,198.18085845091912,63.6772546515496,-5.807236965232363,0.017050044100379243,18.306720475001264,0.021890863588632795
42,42.6498752690293,233.93602733809496,1189337.2766723633,817.5607299804688,1454.738752802836,1183448.8125207082,5.451094073415163,0.10107435098383977,1.112439055548656,55172.08984375,295.0,132.83221532554373,11.596867844160247,False,True,science_V_000.fits,1179710.2772602686,795.854948285961,1482.3182035885054,-10.734060281212054,0.0007324338305848618,13.379897159021574,0.013749267767682663
43,317.8439244261314,232.33586014662083,54468.19494628906,218.7740020751953,248.97014466813874,54992.2451021212,4.673910105256538,0.010941724343324521,1.0110627701245003,3627.362060546875,111.0,132.7904661864034,11.596631668789605,False,False,science_V_000.fits,53663.37112099856,244.15935339933446,219.78830781563187,-7.37881675272921,0.004939753214309895,16.735140687504416,0.014591335327842243
44,203.8693824307892,237.06929817239435,1094685.264099121,784.9347534179688,1394.6194372619577,1087241.2473753237,5.253384382781762,0.0018905568524700822,1.0018941378277197,51461.65625,298.0,132.80775704584616,11.59733516306563,False,False,science_V_000.fits,1084306.5132456515,767.2251638519334,1413.283302390368,-10.642502040327702,0.0007682111563645398,13.471455399905926,0.013751220062671352
45,339.6693945239313,238.74970073949797,479451.31549072266,531.4383544921875,902.1767274378592,477192.6105879237,5.063675316948574,0.00037514019217332883,1.0003752809751505,31320.818359375,227.0,132.78715504612364,11.59758470940699,False,False,science_V_000.fits,476227.58290702023,520.3947057728773,915.1276475800015,-9.74915823893162,0.0011863918687967374,14.364799201302008,0.013780908188417743
46,87.22988489367654,238.66109094826024,73205.49322509766,239.32150268554688,305.88765490614935,73806.43954338637,4.74019118086944,0.006521321882178688,1.006564128678165,4909.66259765625,124.0,132.82545224526046,11.59757071126193,False,False,science_V_000.fits,74163.34600145083,256.4108765870424,289.2363498327459,-7.730095162763377,0.0037536775741631996,16.38386227747025,0.014233622172940656
47,441.57827040030423,244.1783825402209,280848.58462524414,423.6045227050781,662.9971342888057,279886.7278358259,5.034873215466387,0.003925623861763872,1.0039410951188037,18192.1796875,199.0,132.77169453061435,11.59839037838604,False,False,science_V_000.fits,279633.8365734353,416.7007395052446,671.0663314527567,-9.171096177168677,0.0016178728526725884,14.942861263064952,0.013824739324799839
48,354.88425811825624,246.06940024767954,12343.842254638672,136.7761688232422,90.24848671255587,12929.269746077207,4.180669491026447,0.023624363842036478,1.0241959784402224,903.5443115234375,66.0,132.78484676410545,11.598672386980422,False,False,science_V_000.fits,12079.252797086914,198.2372674999626,60.93330961136857,-5.759722049956794,0.017817840634696738,18.35423539027683,0.02249402920142815
49,266.0749366231203,247.03270155155138,14778.449157714844,141.40281677246094,104.51311717146102,15313.309860129808,4.230855745083827,0.007358048146492213,1.0074125903431272,1058.4775390625,69.0,132.79831993832485,11.598815934062268,False,False,science_V_000.fits,15156.495246774923,197.9655828465036,76.56126397752078,-6.006118843152449,0.014180800362945594,18.107838597081177,0.019738313093194414
50,233.74303633604663,262.4314246728312,233891.48858642578,387.0550537109375,604.2848074039149,233481.47876469436,4.970898997300763,0.004285768041800142,1.0043042149085,14837.408203125,182.0,132.80322500829385,11.601104342388522,False,False,science_V_000.fits,233286.9246790932,384.53302917262636,606.6759081295068,-8.974347869130158,0.0017895881234964689,15.13960957110347,0.013845884965686079
51,415.14591937586096,262.22391914489964,18479.6640625,154.62442016601562,119.51323110967165,19482.71170941005,4.342848351071678,0.04764828726814363,1.0500322377028783,1287.36669921875,75.0,132.77570431846254,11.601072507911853,False,False,science_V_000.fits,15609.832462779272,208.92733101103548,74.7141716080926,-6.038117478769173,0.014531379745397638,18.075839961464453,0.01999167081902373
52,368.1939863769775,267.13597621191167,373662.809967041,476.9106750488281,783.5069112864455,372153.1314548871,5.040819794542298,0.005376477521664369,1.0054055402875126,25463.251953125,211.0,132.78282736577685,11.60180300191561,False,False,science_V_000.fits,371393.36008203006,468.0965986558403,793.4117896786736,-9.479207211500805,0.0013683940850434063,14.634750228732823,0.01379776819645967
53,427.27207408892025,273.7103903840975,762969.8364257812,658.357666015625,1158.89868958809,757980.8171812256,5.12431940551332,0.0014242268011908088,1.0014262581162252,49725.1328125,264.0,132.77386449607033,11.60277936549879,False,False,science_V_000.fits,756208.1105039377,642.1481843506502,1177.6224381427264,-10.251225201437308,0.000921942351669436,13.86273223879632,0.0137606643201211
54,404.33194775550464,270.54076169082526,21995.59454345703,164.9490509033203,133.34780905377295,22846.63702621706,4.43737743522983,0.010346047198469543,1.0104542069166518,1456.7081298828125,83.0,132.77734480905198,11.602308615439377,False,False,science_V_000.fits,19597.03947040461,212.55813004380803,92.19614166894334,-6.285098042383542,0.01177598086369511,17.828859397850085,0.018088107422651094
55,255.16253299211522,277.9910676796694,1332043.006286621,852.0214233398438,1563.3914474417063,1323113.445575849,5.423103903992397,0.0016180245934693804,1.0016206468399136,52068.81640625,327.0,132.79997544886496,11.603416696097405,False,True,science_V_000.fits,1316307.0300235862,830.7259451812856,1584.5262058552107,-10.853014875907457,0.0006851890464089984,13.260942564326172,0.013746831957239131
56,318.28729902532734,276.27325637284116,174164.63543701172,343.9097900390625,506.42534897662983,174206.36140716675,4.9200571495087955,0.009060859025861512,1.0091437088830242,11431.90625,165.0,132.79039869836475,11.603161251751573,False,False,science_V_000.fits,173162.00642454962,346.0040543490241,500.46236235681846,-8.650753397369288,0.002169393907839807,15.46320404286434,0.01390007822850737
57,337.51667918262433,280.31507641117327,1017463.3662109375,750.287841796875,1356.097366277721,1010745.353952534,5.187054023802942,0.0013940997372828834,1.0013960459645954,54894.39453125,284.0,132.7874813541359,11.603761800150448,False,True,science_V_000.fits,1007818.1975646305,732.9576169271913,1375.0020114256383,-10.563077363750297,0.0007895988449313741,13.550880076483331,0.013752431463823737
58,41.21118868826155,283.1437840554382,1016756.5870361328,745.5809936523438,1363.7104428526181,1010297.7253001371,5.17449787915625,0.0009193245242148373,1.0009201704594848,54881.41796875,284.0,132.8324344355457,11.604180638131231,False,True,science_V_000.fits,1008725.2080533985,730.0680557154145,1381.686542996214,-10.564054059009537,0.0007857788045366923,13.549903381224091,0.013752212664182854
59,186.0524164488062,281.2831333665251,110264.97216796875,285.4414367675781,386.29630447716835,110658.89015764103,4.8827523492589595,0.008228719412266439,1.008296993039958,7326.11474609375,148.0,132.81046027356837,11.60390574550307,False,False,science_V_000.fits,106923.55191902038,293.3680502530092,364.4689727692105,-8.127305317181637,0.002978854391228217,15.986652123051991,0.014049180699079638
60,67.7973090510403,288.19119150768256,497881.9916687012,536.6964721679688,927.6788976411981,495392.20283134567,5.0758630424943965,0.003475676217549739,1.003487798676461,33298.7265625,232.0,132.82840107903564,11.604931160781389,False,False,science_V_000.fits,494298.455199844,525.8402042213172,940.0164750274632,-9.78959500701444,0.00115497975710296,14.324362433219187,0.013778239476455973
61,168.04545447734722,291.7212941799533,232786.20971679688,386.4871826171875,602.3128843249888,232287.06230118597,4.987537974387805,0.004962982281536132,1.0049877363285598,15700.31640625,186.0,132.8131922166012,11.605456861026608,False,False,science_V_000.fits,228122.44341413706,382.9945845396828,595.6283786318155,-8.950041910680847,0.0018227808461609915,15.163915529552781,0.013850214252652683
62,202.38413453650662,289.6338957330017,12659.294860839844,134.14366149902344,94.37117430205231,13321.064376761782,4.161859901152989,0.0183810283545236,1.0187252171010017,844.094482421875,65.0,132.8079825936695,11.605146840128022,False,False,science_V_000.fits,12791.71187415815,193.95571105388504,65.95171549552536,-5.821943545587623,0.016462043357669168,18.292013894646004,0.0214360625195261
63,350.3484946412548,295.2345172379625,79504.8147277832,252.26602172851562,315.16259773321724,80121.76963836941,4.746161483704574,0.012187620070693517,1.0123379908151846,5283.162109375,124.0,132.78553450164927,11.605978904418516,False,False,science_V_000.fits,76931.79073671873,270.8197276327585,284.0701133893801,-7.76988647804648,0.0038219437696066652,16.344070962187146,0.014251777398250625
64,312.94368162123715,297.8777010222255,564500.6140136719,571.843994140625,987.1584204744707,561739.0936063135,5.072261883399361,0.0030835934037093393,1.0030931313631777,38544.3125,236.0,132.79120928523946,11.606371937850824,False,False,science_V_000.fits,561466.8722187687,559.7134478327582,1003.1327179877486,-9.927932216598622,0.001082309429781015,14.186025223635006,0.01377233816507005
65,108.12591053236419,298.08350251584875,287527.1622314453,420.4347839355469,683.8805284853014,286758.5631633737,4.997556106278754,0.005893739951315591,1.0059286820616409,19762.263671875,192.0,132.82228284764184,11.606401801229698,False,False,science_V_000.fits,286412.4005505167,415.894188037486,688.6665137159871,-9.197101417331508,0.0015765250355235852,14.91685602290212,0.013819961505694754
66,236.1120165051844,298.49629122895874,92192.90603637695,264.905517578125,348.0218414446115,92581.74863308945,4.78620941673574,0.014778758962151861,1.0150004469519796,6016.12939453125,132.0,132.8028656645198,11.606463986008313,False,False,science_V_000.fits,93009.78841514762,278.9236867642318,333.45962651700785,-7.975943515075873,0.0032558664187930554,16.138013925157754,0.01411051278190401
67,426.13733983996286,300.5556989640203,198025.66900634766,394.9261779785156,501.4245194379605,197930.44188071636,4.949470973013309,0.004411624878412401,1.0044311735539033,12858.380859375,171.0,132.7740362768881,11.60676889161624,False,False,science_V_000.fits,196963.86245910704,395.2320065973159,498.3499796861965,-8.790588254492409,0.002178589433641894,15.32336918574122,0.013901516347205734
68,77.10440731208978,306.7661568960668,1175314.0493469238,799.8975830078125,1469.3306672179865,1167020.2331702712,5.27838573585567,0.0023025644293712677,1.0023078784682395,53643.8828125,307.0,132.8269893438317,11.607691741176403,False,True,science_V_000.fits,1163005.772125113,781.6810889369741,1487.8264148704313,-10.718576549503165,0.0007297222237411003,13.395380890730463,0.013749123584980746
69,182.7385326800404,309.4766816377999,1426836.153503418,878.9188842773438,1623.399131623594,1417354.3687084164,5.452696531512448,0.00018873648538464405,1.0001887721135698,51913.03515625,330.0,132.81096319361436,11.608095601393916,False,True,science_V_000.fits,1409911.1487636128,857.9460821049721,1643.356357901179,-10.927601235790114,0.000660660114758437,13.186356204443515,0.013745631182979005
70,439.65148555546295,307.90680439023964,26880.802032470703,175.95010375976562,152.7751416911498,27705.426454584656,4.494985539290181,0.016510412341206426,1.0167875822463048,1842.5164794921875,88.0,132.7719858903699,11.607861157078514,False,False,science_V_000.fits,25581.62811804748,219.81961251183353,116.37554914109562,-6.5744423272300265,0.009329279286009467,17.5395151130036,0.016599438449165005
71,350.1644146036733,319.7625254947376,1478531.6390075684,896.2877197265625,1649.6172004438881,1468717.0895028482,5.465647264250804,0.0022323109117877715,1.0022373052727611,53919.56640625,331.0,132.78556224042984,11.609624040182512,False,True,science_V_000.fits,1461159.749772036,874.0627415177006,1671.6874892011926,-10.96636612477968,0.0006494634954280817,13.147591315453948,0.013745097586526835
72,216.5020560279414,321.8969423333561,62353.86102294922,236.89837646484375,263.2093218764742,63006.04841015091,5.039838141936487,0.1255106016907236,1.1435244405859966,3949.824462890625,137.0,132.80584082827022,11.609941538133407,False,False,science_V_000.fits,62020.40712270323,250.49435687432953,247.59203319625377,-7.535958405953268,0.004385036085306591,16.577999034280356,0.01441299574344949
73,199.48497455065322,330.6234429904497,817717.4238586426,676.3286743164062,1209.0533122599657,812356.8629869774,5.124987052699864,0.0011784844335769318,1.0011798748977776,50252.9609375,268.0,132.8084226164062,11.611238329685955,False,False,science_V_000.fits,810247.3236128194,660.9281816502572,1225.9234000125862,-10.326165886932785,0.0008856181389382514,13.787791553300844,0.013758278392272364
74,499.29564202749646,333.9213800952045,1046459.3287353516,765.2903442382812,1367.4017144132756,1037796.0773564633,5.233819873398626,0.0023316444642417222,1.0023370937359135,56417.87109375,309.0,132.76293652528645,11.611726198293459,False,True,science_V_000.fits,1034071.5583165812,743.2012280472475,1391.3749322422302,-10.590998357073794,0.0007803072880221951,13.522959083159835,0.013751901115663706
75,17.158365547443037,334.1986309799632,84498.22897338867,252.6353759765625,334.4671293430725,84823.59699746287,4.71583614995635,0.0030637707892230415,1.0030731863277238,5881.537109375,127.0,132.83608451746406,11.611767524078742,False,False,science_V_000.fits,86280.2612907071,267.86735869507885,322.1006908457346,-7.894400503160171,0.003370685102069465,16.219556937073456,0.014137447537959785
76,223.0448604257662,333.48997803492585,27276.990753173828,170.93287658691406,159.57720537923743,27938.649802375803,4.428132084120988,0.012957448613037714,1.0131275481435227,1842.3475341796875,85.0,132.80484821566375,11.611664410235125,False,False,science_V_000.fits,26806.5269207765,213.70702362422836,125.43587228050934,-6.625223249090528,0.008655418743149283,17.4887341911431,0.01623028584007417
77,317.1097756817979,338.8702302700366,1417989.376739502,879.4564819335938,1612.347405322293,1408181.3574959412,5.479594207748281,0.0004204708522871359,1.0004206477223934,52284.94140625,337.0,132.79057702809365,11.612463863118693,False,True,science_V_000.fits,1400703.910952664,856.4360198697583,1635.5032698947841,-10.920487727191993,0.0006638323627869273,13.193469713041635,0.013745784016822592
78,172.98145527904583,346.9769882741383,170663.47491455078,340.3355407714844,501.45651708218577,170619.07730395353,4.941133277043514,0.0016463028545276037,1.0016490176369706,11730.2919921875,170.0,132.81244372866564,11.613668503697264,False,False,science_V_000.fits,170579.6292157478,340.96250235034796,500.288530380601,-8.63443978919372,0.002170147692920403,15.479517651039908,0.013900195892157057
79,69.37885326546424,349.1828334466622,410093.5994567871,492.40118408203125,832.8444624301875,408316.60191044555,5.057071355443846,0.0007168951616045582,1.0007174094689817,26611.150390625,218.0,132.82816205371037,11.613995218434741,False,False,science_V_000.fits,407906.50962840347,483.2848439006393,844.029178188478,-9.581023464332501,0.0012863299374675826,14.532933975901127,0.013789871266232963
80,372.7294204312112,350.28941335273566,514972.3340148926,550.7615356445312,935.0186980872653,512276.44955606293,5.080291128528839,0.0017041189570041748,1.0017070279356695,33444.78125,233.0,132.78213850106692,11.614160484272402,False,False,science_V_000.fits,511963.13989638985,538.3144050319485,951.0485603037231,-9.827718608922558,0.0011415820866741812,14.28623883131107,0.013777122866980157
81,46.61537164796184,358.4400539403857,653883.455078125,608.1314697265625,1075.2337078890757,650189.3988991599,5.094463471721276,0.0009092982820130269,1.000910125857892,40450.2578125,250.0,132.83161582377033,11.615370588690416,False,False,science_V_000.fits,649795.8180387894,595.2136259425482,1091.701852439631,-10.086564153995889,0.000994502297100423,14.02739328623774,0.013765716096527278
82,195.8761098112326,357.9829377799983,106172.6435546875,280.97930908203125,377.8664126606228,106581.17609190772,4.835959880496715,0.005019675384939304,1.0050449996454767,7330.5625,142.0,132.80897026905882,11.615304237952719,False,False,science_V_000.fits,106122.57469524251,291.1385404951183,364.5088503733223,-8.11914131924962,0.0029785285018129166,15.99481612098401,0.01404911160420345
83,425.8629760543633,356.57233989243406,28611.336212158203,178.8570556640625,159.96761271692475,29350.55689910775,4.467643266719074,0.012928802308264653,1.0130981456438994,1958.7591552734375,88.0,132.7740771283921,11.615093589410055,False,False,science_V_000.fits,29017.362157713556,222.21874015941074,130.58017580739443,-6.711266699221241,0.008314432058978126,17.402690741012385,0.01605103377650846
84,150.7335708625611,363.44484981551994,143645.9893798828,315.8327941894531,454.8165739043438,143877.05170795397,4.911452935285566,0.0032176688498912753,1.0032280556640472,9172.0068359375,157.0,132.81581925332648,11.616115646479066,False,False,science_V_000.fits,143929.02674851147,320.3796153443388,449.2452698459573,-8.449992845773533,0.002416719936466506,15.663964594460095,0.013940819204141728
85,189.42032198116038,375.45396376452385,186346.82479858398,351.60736083984375,529.9855621721881,186348.78557743767,4.935217491673578,0.005173021331919658,1.0051999206322746,11602.2431640625,167.0,132.80994982121683,11.617900594386088,False,False,science_V_000.fits,185677.29316514483,353.04232850061703,525.9349323740378,-8.726518864730641,0.0020643238035154225,15.387438575502987,0.01388406776117909
86,413.7253067181892,378.5337708828849,542320.490020752,572.6659545898438,947.0101822434583,541874.1262222459,6.71707730756151,0.3710898373472422,1.590052219512524,23833.798828125,282.0,132.77591834874872,11.618357459980016,False,False,science_V_000.fits,529566.896925388,547.5645110801875,967.1315182218524,-9.86442394818286,0.0011225980950307,14.249533492050768,0.013775562831123044
87,168.90682952586212,380.207312260972,88442.27066040039,262.9554748535156,336.33933923478435,88888.06884496444,4.834045106832753,0.006663180803044844,1.0067078765976194,6002.396484375,138.0,132.81306215045296,11.618606871412,False,False,science_V_000.fits,88691.7758568526,275.0064406796606,322.50799522242687,-7.9243302509714155,0.003366428169482174,16.18962718926221,0.014136433194110008
88,334.4004465683125,382.417899150667,718048.1481323242,639.382080078125,1123.0345211498375,713725.9244160418,5.1091932433810365,0.0005340536964797415,1.0005343390622312,44505.828125,255.0,132.78795346845635,11.618935433034439,False,False,science_V_000.fits,712821.2110538407,624.541433571286,1141.3513543493,-10.187073409786972,0.0009512408215601343,13.926884030446656,0.013762658316322998
89,318.14467286782553,387.2787667572721,14115.193389892578,140.9143829345703,100.16857822417302,14783.520121360722,4.15805116072969,0.014135573415386293,1.0143382528410696,1075.132080078125,66.0,132.79041977016684,11.61965790370413,False,False,science_V_000.fits,14137.10889397344,202.20828368446612,69.91359916804174,-5.930523382174636,0.01552916761430708,18.18343405805899,0.020728264558918
90,63.36298306500735,389.96837490956506,136001.30136108398,338.8053283691406,401.4142930270142,136267.63000813188,4.877429165817166,0.013081406084940017,1.0132547974732613,9022.2421875,151.0,132.82907539678703,11.620056311849195,False,False,science_V_000.fits,136379.45355753662,344.49943235705945,395.8771502885524,-8.39149423901506,0.0027425174683829066,15.722463201218568,0.01400097521230709
91,282.40590808524354,392.95007070075474,348232.9925842285,461.99603271484375,753.7575388643373,346950.19055199955,5.033902265404278,0.0003730602997865651,1.0003731995257135,22881.75,206.0,132.7958420582938,11.62050085063057,False,False,science_V_000.fits,346873.3810080242,454.1717819528061,763.7493010168309,-9.405049307669591,0.0014215397625301058,14.708908132564037,0.013803140227053637
92,98.40074973701299,393.0338787090174,90382.6930847168,260.69195556640625,346.7030384130651,90971.596949058,4.782764526449476,0.00656511379758995,1.0066084993478397,5970.47705078125,130.0,132.823759484059,11.620512363247142,False,False,science_V_000.fits,91099.68918022256,275.24718710362356,330.97409691575103,-7.953414112095107,0.003280317130909382,16.16054332813852,0.01411617459904027
93,407.08285100752914,398.04958094873155,715589.6884460449,640.6879272460938,1116.908338700724,711009.164198318,5.1238867741692475,0.006208007108947644,1.0062467872083452,48986.1796875,261.0,132.77692590035167,11.621257807425142,False,False,science_V_000.fits,708471.4146870327,624.2935156621654,1134.8370548676655,-10.180427704239428,0.0009567012245001152,13.9335297359942,0.013763036803852999
94,242.40387278466113,397.4878851482508,204352.68981933594,366.7241516113281,557.2381554949202,204242.07478382785,4.944296305580235,0.006123853566206816,1.006161586217941,12628.4033203125,172.0,132.80191120723254,11.621175243667896,False,False,science_V_000.fits,203795.6275045347,366.77682113325767,555.6393309556807,-8.8276090286754,0.001953965350387693,15.286348411558228,0.013868088744371657
95,40.99993719199016,402.44653209812105,480414.4545593262,532.8182373046875,901.6479184150097,479445.049905811,5.882408158660897,0.23499416289562713,1.3071795684397711,18750.267578125,252.0,132.83246854732917,11.621910344592717,False,False,science_V_000.fits,474279.38688405545,517.1090922772205,917.1747199327832,-9.744707498462864,0.0011837439218555519,14.369249941770764,0.013780680480432819
96,221.87007551865315,404.24843939054807,776803.218170166,660.6857299804688,1175.7529834844927,772365.4429759021,5.110519345893795,0.00016229683874458,1.0001623231832841,51982.0234375,258.0,132.80502663880313,11.62217989978237,False,True,science_V_000.fits,771160.3562187481,646.3776999669662,1193.0491356031605,-10.27248361222836,0.0009100211949368802,13.841473828005268,0.013759870762710184
97,469.5409514569117,404.3399127562846,129313.31558227539,310.2549743652344,416.79691307719963,129718.26068703536,4.912017427376743,0.008065080262155244,1.0081306546444466,8036.3291015625,154.0,132.76744956937108,11.622191712721044,False,False,science_V_000.fits,128906.54087829242,316.66336316682566,407.07753365955836,-8.330309260428248,0.0026670594916888197,15.78364817980538,0.013986390212040402
98,121.25539257044717,406.83222677610394,370694.6513366699,472.62078857421875,784.3384385502063,369047.238133325,5.053789904816739,0.0004477912563332076,1.0004479918631723,24796.888671875,214.0,132.82029210679232,11.622563213664147,False,False,science_V_000.fits,367987.4463663518,463.6688015851826,793.6428871390158,-9.469204382227298,0.0013679956282526692,14.64475305800633,0.013797728685192015
99,451.02490667162783,402.7174155810865,5816.426574707031,107.20866394042969,54.253325812724604,6762.546498531167,3.680697361923212,0.02412817351063501,1.0247247362365552,480.406494140625,42.0,132.77025888203414,11.621950893023971,False,False,science_V_000.fits,6249.83811410817,236.87890163730506,26.38410627079634,-5.0442937945770545,0.04114977361206751,19.069663645656572,0.04337983140994971
100,177.2409488146439,410.811458471568,756218.4268798828,652.3172607421875,1159.2801116736964,751652.4685219355,5.115964024768586,0.0019835853938032777,1.0019875278249668,50133.265625,259.0,132.81179789135962,11.62315504099538,False,False,science_V_000.fits,750670.9366256065,637.8479871892321,1176.8806231301987,-10.24324587858143,0.0009225234732069241,13.870711561652199,0.013760703266543826
101,307.4390104642497,406.67429141795856,25921.76300048828,171.05355834960938,151.5417934043082,26443.26887551038,4.429677470420821,0.0028427545764647677,1.0028508588685603,1667.251220703125,84.0,132.79204395566774,11.622540342794352,False,False,science_V_000.fits,26232.09377409118,216.02578870210996,121.4303807508097,-6.601704264474427,0.008940925601048654,17.5122531757592,0.01638432346588468
102,342.75997189511685,412.8490104846398,22577.460174560547,164.65391540527344,137.12070022136533,23237.027903352653,4.381558769222838,0.01525351974147704,1.015489793614162,1624.3399658203125,80.0,132.78668494527383,11.623457778182933,False,False,science_V_000.fits,20316.47440033628,213.87244190764383,94.99341859625612,-6.324242737238305,0.01142921284488639,17.789714702995322,0.0178642887091809
103,57.35946043717162,415.3931085211494,126295.72256469727,298.8009338378906,422.6751266889175,126665.18164179419,4.862779437085945,0.004855039921655591,1.0048787263327679,8097.82421875,150.0,132.82998666083188,11.623834616066002,False,False,science_V_000.fits,125637.47161215103,305.66729422108176,411.02687133180984,-8.302419843708464,0.0026414331415416064,15.811537596525165,0.013981526163923827
104,411.80988006553,418.0803646809324,757242.2208862305,657.2618408203125,1152.1165140838466,752267.2663052733,5.127151652720111,0.002084905716538188,1.002089261630054,51380.23046875,263.0,132.77620845572386,11.62423454585072,False,False,science_V_000.fits,750590.7648997024,640.7201783393948,1171.4798289091939,-10.243129915661166,0.0009267765207796481,13.870827524572462,0.013760989046966085
105,136.14407476294514,418.41833175581354,66446.1022644043,235.1974334716797,282.51202100130536,67077.53158630583,4.7531038221727275,0.01209957856123789,1.0122477714339024,4322.30419921875,123.0,132.81803327751015,11.624285186310585,False,False,science_V_000.fits,66343.71222570195,254.1627496885925,261.0284642694029,-7.609121295467753,0.004159316506108959,16.50483614476587,0.014345933870935088
106,36.28866720478557,422.37696732872035,756583.5130615234,649.8521728515625,1164.2394142372748,753822.0335396219,5.442662789430773,0.15500547884899218,1.1834396259017772,57133.515625,253.0,132.83318370092775,11.62487214691807,False,True,science_V_000.fits,751459.5819926946,636.9774589714561,1179.7271181402489,-10.244385940507906,0.0009202975699257678,13.869571499725723,0.013760554220250848
107,474.62818306870287,428.05989380695036,266204.9910583496,415.80267333984375,640.2195274987446,265433.05418752815,5.017573389052299,0.006434200344257346,1.0064758673723337,17453.224609375,193.0,132.7666773047785,11.625716676694301,False,False,science_V_000.fits,264605.5881976643,410.0971660081348,645.2265709937033,-9.111119403542821,0.0016826647395006232,15.002838036690807,0.013832471415362146
108,168.74273482851285,432.5548064875954,17956.363342285156,150.71360778808594,119.14228320732047,18675.618903800194,4.327010578125603,0.009862383188294799,1.0099606186259766,1218.9619140625,75.0,132.81308741165537,11.626386288157972,False,False,science_V_000.fits,17434.230191287246,202.55003415309,86.07369662604067,-6.1581288136797845,0.012613609529482359,17.955828626553842,0.018644276606870548
109,148.81877592484918,442.6992348482139,213687.8371887207,372.5732727050781,573.5458038555329,213504.3702743047,4.950988544950719,0.0008246687618166382,1.0008253494016857,14245.6435546875,176.0,132.81611044297105,11.627893710490124,False,False,science_V_000.fits,213024.63657887594,371.58811070450525,573.2816267318027,-8.875696456716698,0.001893833587846556,15.23826098351693,0.013859744243300737
110,434.9249164381042,444.39587066968363,482269.3112792969,537.1088256835938,897.8986905782062,479562.37752085784,5.086993389510066,0.00543363414631548,1.0054633198274823,31300.712890625,231.0,132.7727009931239,11.628145012576413,False,False,science_V_000.fits,477820.9768339207,524.2268547310277,911.4774882700026,-9.75278490356154,0.0011911429672944247,14.361172536672088,0.013781318021139601
111,374.3429857970846,448.34742071484123,669422.3079528809,625.5128173828125,1070.1975872433575,667213.9867923377,5.966295826417255,0.25067707106679005,1.3345381028492909,54315.69921875,281.0,132.7818927496817,11.628732975699151,False,True,science_V_000.fits,659421.8284127271,603.6523309725058,1092.3867838800104,-10.102530172074385,0.0009938787396747335,14.011427268159244,0.013765671061754657
112,415.44838942476014,450.99376572089284,1170853.8522644043,804.6539306640625,1455.1023833290983,1162181.3194287943,5.2605213814677985,0.0029589094365266577,1.0029676905641416,56027.5703125,304.0,132.77565598392414,11.629125795678481,False,True,science_V_000.fits,1157937.1363911622,783.9700905581603,1477.0169810518535,-10.713834330249352,0.0007350626390407657,13.400123109984277,0.013749408056878874
113,179.4071917662959,450.7506175878057,16697.790954589844,148.31796264648438,112.58104316325462,17454.66479887016,4.309023185107325,0.02128859500092406,1.0217516572221248,1144.25341796875,74.0,132.8114694678524,11.629090455619771,False,False,science_V_000.fits,16750.107205023112,201.4642388015052,83.14183849534872,-6.114665851488122,0.013058407411338858,17.999291588745503,0.018948031796251603
114,123.7259740681584,459.42644203979313,19793.818145751953,224.8305206298828,88.03883961260154,20866.82637266229,4.401025197131996,0.017431018385009378,1.0177402489913319,1297.887939453125,79.0,132.8199178230346,11.630379322234644,False,False,science_V_000.fits,17714.508505152542,260.5994254005413,67.97600753695195,-6.175444642024736,0.015971811810362804,17.93851279820889,0.02106192482506993
115,264.534426070509,461.1953785072839,17046.658447265625,210.21511840820312,81.09149606530117,17807.67802757713,4.330172242863303,0.03845731196501401,1.0399954286414528,1156.9520263671875,75.0,132.79855348284582,11.630642885767168,False,False,science_V_000.fits,15523.087954982533,251.6809001188799,61.677655903369306,-6.032067169634333,0.01760280905780485,18.081890270599292,0.02232408545846366
116,61.39025122949545,466.8521200022394,53837.2819519043,216.29293823242188,248.90910628830784,54423.99567900173,4.689023601690142,0.02794919654278183,1.0287528146094598,3604.47119140625,113.0,132.8293759034309,11.63148205666307,False,False,science_V_000.fits,54683.056212451615,239.99703814002777,227.8488794538641,-7.399253821804839,0.004765000392375586,16.71470361842879,0.01453310474642606
117,433.24635476260414,469.3693551643747,92525.37335205078,272.0107116699219,340.15341816511983,93128.11672996182,4.821880871926986,0.004657199551663216,1.0046789905443285,5984.08740234375,135.0,132.7729553132766,11.631856372267617,False,False,science_V_000.fits,91699.10641450802,286.43716786529035,320.1368980775342,-7.960534633032216,0.003391361653466929,16.153422807201412,0.014142391547961685
118,174.92081755320925,472.22635891582354,67217.95065307617,238.01657104492188,282.4087010327942,67828.29492463867,4.789803397814318,0.0014587282416809177,1.001460859238309,4557.044921875,125.0,132.81215030439523,11.63228196071111,False,False,science_V_000.fits,67135.35416595075,256.46027055600945,261.77682032542646,-7.622000084882766,0.004147426035087132,16.49195735535086,0.014342490981268587
119,277.8975423620286,480.26299641644584,1421889.385925293,887.5088500976562,1602.1129093741845,1411319.5266577818,5.434064250441006,0.0005171874103084839,1.000517455031536,55392.8671875,340.0,132.7965259100253,11.63347652756556,False,True,science_V_000.fits,1404054.4806449125,857.6529541375606,1637.0893073606942,-10.923081773483345,0.0006631892317166003,13.190875666750284,0.013745752972766425
120,243.5854220817957,481.02991651926317,951006.0713500977,728.1683959960938,1306.0249203059334,944200.7280893134,5.1850246335387755,0.0027894763352689367,1.0027972792796227,55037.62890625,288.0,132.8017320181311,11.633590516008892,False,True,science_V_000.fits,941411.1650341288,709.814786546133,1326.2771963583823,-10.489070235757119,0.0008186071531509811,13.62488720447651,0.013754127471506221
121,195.74606701456858,481.47192867912474,123729.86608886719,301.5032958984375,410.3764959522899,123963.0171315349,4.93928435493168,0.007785347126425091,1.0078464343414781,7805.142578125,156.0,132.80899059003954,11.633656069757413,False,False,science_V_000.fits,123353.01983944484,306.72971577350637,402.15542706181907,-8.282496339139398,0.002699702470590076,15.83146110109423,0.0139926515807749
122,326.02853863267137,493.15357331597943,19804.789489746094,158.3546142578125,125.06607137763916,20657.56643761728,4.360889604184331,0.02741862021930752,1.0281915948519291,1450.4906005859375,77.0,132.7892230191527,11.635392030415517,False,False,science_V_000.fits,20465.68372838189,210.8328584759028,97.07065528744904,-6.332187519949177,0.011184636559678999,17.78176992028445,0.01770881136054479
123,357.49568515080284,493.40644181203675,2197.493194580078,78.0797348022461,28.144219497488145,3505.1475287399962,3.0538601742352567,0.06737674701800944,1.072244335322519,194.64993286132812,25.0,132.7844485391526,11.635429392770495,False,False,science_V_000.fits,3197.366380407223,190.35871369792937,16.796532810580775,-4.316602884388802,0.0646383400814766,19.797354555844823,0.06608041247843326
124,29.07788656718457,14.00850108099219,793327.6080322266,657.2796020507812,1206.986502482294,791748.1536847784,5.068268943868877,0.011816989770424113,1.0119583008897095,54445.5625,226.0,132.83427029191222,11.564183945370988,False,True,science_V_000.fits,804156.1361097166,654.9810574570736,1227.7547983323468,-10.31797282448011,0.0008842970937476286,13.795984615753518,0.013758193419968432
125,31.718610988096387,22.453541833296715,89255.30187988281,245.82115173339844,363.090406380828,95360.21416717645,4.5362131808636175,0.11854844579507229,1.1344922987877688,5907.31884765625,101.0,132.83386987209263,11.565439018348059,False,False,science_V_000.fits,213734.86341406446,371.0802958614245,575.9800932515188,-8.879310294020769,0.0018849609782015451,15.23464714621286,0.013858534652718326
126,210.9445852408096,19.578095125412165,1517500.2950439453,901.4820556640625,1683.3394358871656,1508450.5285069738,5.396335443781465,0.04644997688016228,1.0487126797272643,56469.71875,317.0,132.80668290505798,11.565013584927344,False,True,science_V_000.fits,1501326.4900198048,883.5409610164958,1699.215493407979,-10.995809742882248,0.0006389419142021237,13.11814769735138,0.013744604454147687
127,238.91304083432664,16.951314078192393,1253034.1994934082,817.621337890625,1532.5360792639065,1249939.9166330341,5.224747184470068,0.02602178197141214,1.0267170060785162,56148.234375,244.0,132.802440346192,11.564623282565066,False,True,science_V_000.fits,1250004.637951403,809.7085731332448,1543.7710300069941,-10.796900935026962,0.0007032778688657483,13.317056505206667,0.013747745436692101
128,227.40126772052164,16.450802427364316,211583.48959350586,363.53887939453125,582.0106227589607,212048.36678689552,4.974184363668797,0.0127096274295313,1.0128732415332289,13019.630859375,154.0,132.8041865719109,11.564548881167848,False,False,science_V_000.fits,222762.61866998245,380.46412972918375,585.5022885562063,-8.924227660454276,0.0018543053054109054,15.189729779779352,0.013854398326774325
129,249.4395996194923,24.601435892701218,1371662.20211792,861.895751953125,1591.4479204818253,1360526.1446928624,5.490978722931433,0.05863694143096332,1.0622894014134112,55698.28515625,330.0,132.80084357046113,11.565760184235069,False,True,science_V_000.fits,1354279.4152200501,841.1485626632008,1610.0359381607943,-10.883892567352856,0.0006743327737393469,13.230064872880773,0.013746295119812872
130,341.63800005046323,25.51671984513698,1358461.337310791,872.3043823242188,1557.3249026804465,1349707.2927727986,5.338834952644832,0.003127045498352521,1.0031368545853625,56549.96875,308.0,132.78685788410107,11.56589591071183,False,True,science_V_000.fits,1344075.3517981553,854.1961474900853,1573.497323474824,-10.875680916283342,0.0006899916407880508,13.238276523950287,0.013747072171761139
131,340.51839857450756,41.36640299471028,819999.1317749023,672.165283203125,1219.9367510730285,818920.5280592422,5.111149243665872,0.021591883270438927,1.0220683811808637,50086.46484375,233.0,132.7870276083381,11.568251356499209,False,False,science_V_000.fits,817661.8818429497,663.7069209567705,1231.9622653086765,-10.33605625422544,0.0008812769924637023,13.777901186008188,0.013757999635437487
132,351.7623564743571,41.89994386922517,280743.8885498047,414.4400634765625,677.4052831542465,280988.4683287635,5.006910784815168,0.01975351035736428,1.020151574696856,19087.25,174.0,132.78532198028813,11.568330565718378,False,False,science_V_000.fits,292837.7006760108,422.0392444906691,693.8636738140715,-9.221189344466703,0.0015647165876721276,14.892768095766925,0.013818619425651336
133,61.60679097266565,25.634034089626972,182410.30462646484,339.4745178222656,537.3313608238692,182922.1918206808,4.92323944594953,0.015843601964813825,1.016098662769906,11580.4375,153.0,132.82933615632538,11.565912165784798,False,False,science_V_000.fits,189147.20516652055,349.149500446382,541.7370064247519,-8.746621695425443,0.0020041089811552414,15.367335744808186,0.013875242615522053
134,49.878464135912765,30.466304698169907,1308887.669555664,837.6346435546875,1562.5997320276897,1300964.5178582766,5.292602457425641,0.0032602181674852293,1.0032708819562628,59111.78515625,301.0,132.83111532008408,11.566630110184372,False,True,science_V_000.fits,1293507.3272585082,821.8118494774541,1573.970158839861,-10.834044106998784,0.0006897843608421687,13.279913333234845,0.013747061769546052
135,37.1237088778064,41.144364968455115,95945.59664916992,264.3710021972656,362.92027435587744,96313.9976282024,4.842096628274296,0.021462667861868012,1.0219334175171135,6558.6201171875,140.0,132.83305029672,11.56821677499436,False,False,science_V_000.fits,62099.767335809855,274.33676420176107,226.3632711295616,-7.537346806649684,0.004796272798949734,16.576610633583943,0.014543388105706224
136,13.134037702421015,28.570642584592907,288689.23303222656,414.01226806640625,697.2963250111268,289317.88815498503,4.965068904689316,0.00558063314902435,1.0056119513909876,18611.1484375,173.0,132.83668910232788,11.566347746031479,False,False,science_V_000.fits,287437.61459981214,415.3578314795262,692.024064108637,-9.200980874213373,0.0015688760786063678,14.912976566020255,0.013819091033106174
137,16.433477069505756,41.808030205817815,1367456.7321472168,858.1822509765625,1593.4339478486404,1369447.400705455,5.215338872656022,0.03406606193275996,1.0352674863054543,60000.578125,237.0,132.83618886078645,11.568315030406701,False,True,science_V_000.fits,1426975.190097181,863.4729336593421,1652.5997914604607,-10.940662929992264,0.0006569648656681293,13.173294510241364,0.013745454072746178
138,20.97040708107348,49.55907629074929,462340.6015625,508.6282653808594,908.9951011989094,465267.7795549212,4.912163356288448,0.093536985056061,1.1031889702216322,29379.1171875,176.0,132.83550078916824,11.569467006004702,False,False,science_V_000.fits,680343.4655395503,606.820363167646,1121.161231287804,-10.136442418783806,0.0009683709797501008,13.977515021449822,0.01376385291935635
139,138.58679004672348,36.394144907291164,1218687.9348144531,806.763427734375,1510.588969354847,1215170.8137302618,5.20117428783201,0.03950008037588215,1.0411245014901616,55649.21875,254.0,132.81765906948246,11.567512177849725,False,True,science_V_000.fits,1239816.3377001625,805.1527965933282,1539.852240401988,-10.788015261480727,0.0007050676496834342,13.325942178752902,0.013747837110683349
140,137.91067102935887,46.9727267993051,849783.727722168,678.1922607421875,1253.0130125522185,851139.1233012137,5.137107379794684,0.023174960709410275,1.023724781590612,54923.5625,214.0,132.81776173140543,11.569084265873888,False,True,science_V_000.fits,882392.2454348701,687.227018300642,1283.9894560851635,-10.418776081087785,0.0008455676912723718,13.695181359145844,0.01375575841427058
141,128.00638508759047,56.8843227260799,1640159.9496765137,933.570068359375,1756.8686114357504,1633444.5191037161,5.658467550352471,0.11670616877924211,1.132126099667138,55965.234375,316.0,132.81926424318502,11.570557143288005,False,True,science_V_000.fits,1620253.791288108,915.9316087468195,1768.968093048939,-11.078579489908682,0.000613747644327898,13.035377950324946,0.013743456297531936
142,220.38461729297825,40.42978108932729,1528210.9798583984,907.7691650390625,1683.4797200813023,1516272.2074135132,5.540672993960559,0.027390389360883005,1.0281617506770104,55180.34765625,351.0,132.8052509979955,11.568112405367566,False,True,science_V_000.fits,1503979.6541154073,884.5187199356156,1700.3367144393308,-10.99772677690539,0.000638520588763502,13.116230663328238,0.013744584874543393
143,199.34081580715167,44.13015601618171,1341272.3737182617,852.74951171875,1572.8796736744823,1334403.8075655994,5.849846561870577,0.1849057107257408,1.226851927634503,55352.27734375,334.0,132.80844319965303,11.568662247079521,False,True,science_V_000.fits,1321229.3124316148,830.7163141623107,1590.4699232540468,-10.857067374702574,0.0006826284383792025,13.256890065531055,0.013746704565681776
144,272.96272043115175,43.568381564522106,346606.2553405762,452.8502197265625,765.3882900837766,349941.9906164703,4.9751125056289185,0.031248174901563175,1.0322561197739037,22665.4921875,182.0,132.79727529400967,11.568578870669725,False,False,science_V_000.fits,359600.256894784,459.23563998629055,783.0408304231768,-9.444171857333101,0.0013865177367740301,14.669785582900527,0.013799577394458178
145,272.10978159594924,52.87194937262375,145106.13360595703,309.77105712890625,468.4302495877575,146701.91193479765,4.83440033226058,0.03553384891875255,1.0368430233439672,9989.2822265625,134.0,132.7974046657226,11.569961484999967,False,False,science_V_000.fits,181065.2029033879,347.8434868182321,520.53641871985,-8.699209363173892,0.0020857330264615324,15.414748077059736,0.0138872670849568
146,62.87874223488498,51.28301554131225,829024.0374450684,675.795166015625,1226.738631962781,823140.9515878041,5.148189659185329,0.004503181828812042,1.004523552206912,54954.25,268.0,132.82914361047315,11.569723907060942,False,True,science_V_000.fits,819106.933721065,661.7743080403617,1237.743629163536,-10.337973379642966,0.0008771606449178117,13.775984060590662,0.013757736573588142
147,47.04750344187457,59.40339212562554,1375372.997619629,866.0279541015625,1588.1392639876997,1372604.6767750718,5.30914887145094,0.028139598225595308,1.0289543623489736,58487.51953125,264.0,132.83154523889147,11.57093043484205,False,True,science_V_000.fits,1402399.4132244717,855.1147677481418,1640.013090777918,-10.921801177474313,0.0006620069108625304,13.192156262759315,0.013745695980243486
148,38.49028275708632,63.437948721903936,470682.3035888672,513.0829467773438,917.3610359595976,474200.4686465666,4.928012142643669,0.09392332256164715,1.1036593534524979,29461.12109375,178.0,132.8328433876087,11.571529871203959,False,False,science_V_000.fits,615125.3966658587,580.2920471330755,1060.0272736889588,-10.027031019287415,0.0010242189299730928,14.086926420946213,0.013767894873500719
149,53.065319162253296,74.65817954633081,616216.9188232422,587.0663452148438,1049.6546495059779,612777.578168973,5.133392573147179,0.009665773725465843,1.0097601127670068,40655.00390625,232.0,132.83063262170936,11.573197562220036,False,False,science_V_000.fits,607019.1354777345,577.0128454258222,1052.0028111848503,-10.01262782867055,0.0010320314627079725,14.101329611563079,0.013768478266361584
150,54.67185932161292,89.5375526366268,576420.7776489258,570.5347290039062,1010.3167227966927,573303.7840257487,5.099963529046105,0.003416165576734964,1.0034278757679347,35960.59375,236.0,132.83038915810258,11.575408827137723,False,False,science_V_000.fits,571506.7257889691,560.0402205025238,1020.4744317759114,-9.947175238453779,0.001063916905895014,14.16678220177985,0.013770904981659752
151,155.42537239422302,57.477400559161126,552464.3165588379,562.7885131835938,981.6552818991388,549718.5042309734,5.220491275508854,0.048164433885391045,1.0506016328870733,32503.333984375,244.0,132.8151049594899,11.570645526345197,False,False,science_V_000.fits,547243.1817393998,550.277120165902,994.4865263058956,-9.900072772224636,0.0010917191648970094,14.213884668008992,0.013773080830600522
152,148.3607626788381,72.0244401306275,113828.94708251953,328.7687683105469,346.22798165244063,115341.26564303973,4.9369629126943995,0.06112210614218516,1.0651012304603709,8363.7421875,138.0,132.81617674212302,11.572807319961841,False,False,science_V_000.fits,119788.27720277557,345.64551825964844,346.5639531677387,-8.250657671359944,0.0031327551237693664,15.863299768873684,0.014082615506245826
153,144.72753784028654,83.91523913038247,1386664.0268249512,858.876708984375,1614.5088256784686,1382160.8444637228,5.362411913995245,0.01078537151268033,1.0109029640303369,55140.38671875,267.0,132.81672798989067,11.574574393262017,False,True,science_V_000.fits,1380586.9474546716,848.7672856525054,1626.578887749332,-10.904781281795454,0.0006674745431512786,13.209176158438174,0.013745960391948144
154,176.9256946338459,87.79157952316174,293512.8210144043,417.65789794921875,702.7589384891538,296400.7211510005,4.918744445346676,0.05473750172943803,1.0579071970268417,19979.490234375,164.0,132.81184368539863,11.5751506997707,False,False,science_V_000.fits,312532.79930229584,430.6033062362599,725.8021356919584,-9.291860878709215,0.0014958622282985235,14.822096561524413,0.013810992311825475
155,135.94111846685797,88.51606802450738,168217.1798095703,322.11578369140625,522.2258216651871,173098.89223186538,4.804813437549364,0.10268874608405565,1.114440497247653,10999.1025390625,119.0,132.81806089803615,11.575258047853426,False,False,science_V_000.fits,275170.1063572193,410.7672179040746,669.8930546630892,-9.153625003279558,0.0016207064582062784,14.96033243695407,0.01382507122060945
156,186.91079274523682,93.1620357853699,1489875.2450256348,888.470458984375,1676.8990234393784,1486383.84061486,5.629978726572467,0.1601013195644354,1.1906198012853266,54232.62890625,262.0,132.81032901314754,11.57594886669636,False,True,science_V_000.fits,1493435.3243238209,881.4041128673994,1694.3820689301651,-10.99008792281497,0.0006407645712902948,13.123869517418658,0.013744689304130267
157,196.4407020391951,94.06015468828221,175609.2151184082,341.1720886230469,514.7232759489735,189679.12864029506,4.708529077605881,0.13361283723593775,1.1542183944758235,13163.5390625,127.0,132.8088833618953,11.576082384766808,False,False,science_V_000.fits,374322.89625057305,474.98890112937863,788.0666166315623,-9.48773785520632,0.0013776754110466118,14.62621958502731,0.013798691762969946
158,132.95033127301417,100.76750459034984,1409579.2378234863,869.4414672851562,1621.2468473868842,1401133.9349111444,5.4178870553186504,0.005836143459319931,1.0058704039791062,54788.83984375,309.0,132.81851471009537,11.577078718578319,False,True,science_V_000.fits,1392243.9830581972,851.9642120054048,1634.157824283545,-10.913910248166212,0.0006643789136315506,13.200047192067416,0.013745810422529856
159,151.26230162935454,103.28078286267225,110612.95663452148,280.6402587890625,394.145006535436,111310.11885919856,4.89539683777437,0.026395084533670787,1.027110673040335,7290.65576171875,140.0,132.815736855161,11.577452382822628,False,False,science_V_000.fits,108526.20696709648,296.06762273412426,366.5588488362187,-8.143458435328908,0.002961870934085946,15.970499004904722,0.014045589494977964
160,199.6054558731819,112.1252861620722,645061.0825195312,605.5097045898438,1065.319147868123,640939.0739443932,5.121502902083059,0.007003784677390601,1.0070531836570145,42006.48828125,258.0,132.80840335986477,11.578767077818517,False,False,science_V_000.fits,638299.0609445742,591.161020318626,1079.7380730558682,-10.067182387798743,0.001005521641861955,14.046775052434885,0.013766516574773189
161,151.60904211778032,113.6331414243783,118762.28860473633,297.15203857421875,399.66842958431675,120467.33769477531,6.415503830204637,0.37169062500316086,1.591572622969426,5539.68115234375,172.0,132.81568434194446,11.578990860886742,False,False,science_V_000.fits,118777.40467621933,299.8503394862555,396.12229514138613,-8.241456452973825,0.0027408202298042483,15.872500987259803,0.014000642855360478
162,164.6775735252516,117.45635960403972,390422.0475463867,479.15777587890625,814.8089568832438,389051.0129930754,5.05720725402777,0.0029770472568403372,1.002985936530999,24701.181640625,203.0,132.8137018956138,11.57955913346416,False,False,science_V_000.fits,386653.9879326839,472.96006881918163,817.5193074925452,-9.52292810862056,0.0013280420291601498,14.591029331613068,0.013793824722043845
163,165.4008764800643,132.56918799185607,865636.0265808105,692.0310668945312,1250.8629568688677,859627.9184246792,5.155710989423823,0.008068168046877267,1.0081337928544858,52617.86328125,271.0,132.81359228090847,11.581805072503291,False,True,science_V_000.fits,846845.9185611833,677.0043836491834,1250.8721346773582,-10.37413287092452,0.0008679544214805284,13.739824569309109,0.013757152674482454
164,192.3701015890319,130.857762188549,1020016.8864135742,744.1342163085938,1370.743159041314,1015967.1381025277,5.185939341805452,0.004061560144524301,1.0040781236891645,53891.19921875,255.0,132.80950104484754,11.581550897801797,False,True,science_V_000.fits,1008349.5784085088,732.9158742408073,1375.8053466272786,-10.563649676670828,0.000789137796754128,13.5503077635628,0.013752405000345145
165,185.50896678165194,141.2448989002823,168531.40924072266,321.6878662109375,523.8973145795094,177966.47381826118,4.783594653054896,0.06991474121414532,1.0751702497741045,10738.9267578125,112.0,132.81054193532725,11.583094505752475,False,False,science_V_000.fits,246898.23838334132,408.9028163416541,603.8066467535609,-9.035916852180529,0.0017980921638365472,15.0780405880531,0.01384698668522876
166,193.7742639085283,142.6568975573615,367659.0082702637,456.19403076171875,805.9268282322197,371065.26908405626,4.944334649566637,0.07140518051640854,1.0768959496846195,23446.150390625,141.0,132.8092880921696,11.583304387100089,False,False,science_V_000.fits,421090.6512143734,499.5423855726721,842.952797151813,-9.615560873037529,0.0012879724744592894,14.4983965671961,0.013790024580334037
167,203.7897827372321,148.6306786336947,1382969.9865112305,860.4039306640625,1607.3496845183515,1375657.43766043,5.34271824668878,0.013388646195228948,1.0135703346039926,57281.90625,282.0,132.8077687559842,11.58419220174863,False,True,science_V_000.fits,1369069.9521403832,846.2867418106246,1617.737682161093,-10.895685971096885,0.0006711224025823779,13.218271469136743,0.013746138007109492
168,131.1368574098184,150.81752056528967,565983.1114807129,588.4166870117188,961.8746782234626,567284.158317881,6.570478345783005,0.3432965354378681,1.522757308227035,21779.302734375,252.0,132.81879030980716,11.584516688210595,False,False,science_V_000.fits,556048.0085176779,574.1068333917225,968.5444871517096,-9.917402598203818,0.0011209603837535856,14.19655484202981,0.013775429467468415
169,175.85410008526657,148.52408694313138,1059304.1997680664,754.14208984375,1404.6480285797902,1065316.0712940348,5.158758173799291,0.05502479474675981,1.0582288238261384,53459.3046875,228.0,132.81200663045493,11.584176217174516,False,True,science_V_000.fits,1127844.0206113313,775.0412038866796,1455.2052393542626,-10.685244477609954,0.0007460803264299488,13.428712962623674,0.013750001479444938
170,151.97518985158044,150.3550629141648,154211.86358642578,317.0458984375,486.40232958833224,156238.76866912117,4.845905917498465,0.07794542234142632,1.0845344996164519,10121.6474609375,138.0,132.81562910349768,11.584448148663254,False,False,science_V_000.fits,189650.9059455794,360.2272677766707,526.4757082830189,-8.749509178115982,0.002062203408284049,15.364448262117646,0.013883752652953399
171,142.84267683592864,153.61983056476183,590340.6715698242,572.0569458007812,1031.9613736066938,590688.6172946068,5.070806410932205,0.027184100595041394,1.0279437256439468,38123.390625,190.0,132.81701454698867,11.584933251717333,False,False,science_V_000.fits,598449.0297996819,574.9401752070452,1040.8892187507522,-9.99718979214432,0.0010430504807255364,14.116767648089308,0.013769308593266182
172,167.6513481380754,154.23617319181795,1324118.8295898438,840.9453125,1574.559974243086,1336285.4478095653,5.30306513755057,0.03912819415037405,1.0407215550629836,52952.546875,264.0,132.81325103755242,11.585025042620272,False,True,science_V_000.fits,1374508.1789126904,847.892336135433,1621.0881032107143,-10.899990195104525,0.0006697353449511296,13.213967245129103,0.013746070357143127
173,195.96589090646196,163.80647644456468,1367871.5851745605,867.7459716796875,1576.3502566618486,1342704.8809007108,6.229048064521109,0.24459284998931308,1.3237894292976347,58779.234375,398.0,132.80895572173043,11.58644745967154,False,True,science_V_000.fits,1328945.7515787466,834.2151114301492,1593.0492427791776,-10.863390006851334,0.0006815231888914659,13.250567433382294,0.013746649725960465
174,133.1507482260716,165.52411046297817,455311.1214904785,506.88031005859375,898.2616062514758,459411.94231094344,5.0072476518510785,0.029539048414964464,1.0304381627789545,29267.529296875,174.0,132.81848494465413,11.586702270173907,False,False,science_V_000.fits,460485.14729043416,521.0847584930627,883.7048863645945,-9.712660941079724,0.0012285775678647403,14.401296499153904,0.013784604008512997
175,122.63265643139941,168.0904137778883,1085874.501525879,759.0796508789062,1430.5145715190636,1089283.846780062,5.08175851010447,0.08327640851442908,1.090841349876769,52721.8125,199.0,132.82008059291707,11.587083545658896,False,True,science_V_000.fits,1348736.7267444222,840.416552062093,1604.84312622721,-10.879439833319246,0.0006765147211318705,13.234517606914382,0.013746402329306394
176,114.42813458176398,169.44713542148847,990364.6102905273,730.5759887695312,1355.594250994402,992886.1831627507,5.0643765267404515,0.07033798300970373,1.0756597362527698,53917.5546875,232.0,132.82132525648072,11.58728508105492,False,True,science_V_000.fits,1271185.9954921172,816.2360784399327,1557.3754077640474,-10.815144623175923,0.0006971344189637356,13.298812817057705,0.013747432532271474
177,134.24470889966634,183.8037785080016,224721.4490661621,407.27032470703125,551.7746701231298,224059.3329060279,5.020473015570687,0.005588237812379715,1.005619641706657,15025.970703125,192.0,132.81831916636403,11.589418842182832,False,False,science_V_000.fits,222775.2802864345,402.20073975427414,553.8907770844474,-8.924289370918991,0.0019601337392091507,15.189668069314637,0.013868959193351108
178,99.70554855624661,61.226507364217355,627436.5267028809,589.3679809570312,1064.592151212614,626680.3307337882,5.0567936760029175,0.023926995691193498,1.0245135308379285,40993.328125,210.0,132.82355735688978,11.571202124715981,False,False,science_V_000.fits,662833.0841902131,599.3868920458164,1105.8518178931865,-10.10813231744451,0.0009817771083185643,14.005825122789119,0.013764802618333127
179,89.75771717832065,62.19442122303846,684071.7472229004,613.52294921875,1114.9896643540164,688370.3577960109,5.0414632778122295,0.045022482436355205,1.047145070547019,45556.78515625,216.0,132.8250663968086,11.571345841593303,False,False,science_V_000.fits,718845.6816377183,622.1242157674511,1155.4697010965115,-10.196211044343,0.0009396178878335783,13.917746395890628,0.013761859852737528
180,306.7660802845645,65.24043443890672,126675.2880859375,293.40478515625,431.74240671800135,128072.28182824058,4.769689049078873,0.054052307101135955,1.0571409048374465,8316.9345703125,128.0,132.79214748159367,11.571799484634159,False,False,science_V_000.fits,163254.1997872637,334.85457211438006,487.53761597586646,-8.586782780317133,0.002226905092906192,15.527174659916495,0.013909170037211555
181,302.389150810974,71.56233739925149,91828.2145690918,256.51800537109375,357.979606290201,92688.83672800928,4.700630075845443,0.06692987451573484,1.0717308085295283,5702.119140625,112.0,132.79281141316065,11.572739006556692,False,False,science_V_000.fits,142692.53295298238,319.3556337559068,446.8138898155359,-8.440624992143483,0.0024298707465164613,15.673332448090145,0.013943104986911224
182,491.25759666770887,81.22837842416709,414335.97775268555,501.4031982421875,826.3528816833617,411811.66836773953,5.124302296838241,0.00684038144131216,1.0068874945310797,27236.521484375,234.0,132.76416084782764,11.574173372780237,False,False,science_V_000.fits,408532.137975582,487.98765344152184,837.1772012968328,-9.582687441122928,0.0012968580586262886,14.5312699991107,0.013790857321264553
183,488.92665256678913,99.75791159190017,1206146.7101135254,804.8958129882812,1498.5128393643242,1225762.7602255708,5.1023836284624675,0.06660752911583967,1.0713606882351916,58156.68359375,236.0,132.76451409185555,11.576927109522034,False,True,science_V_000.fits,1477857.507274055,880.0768640567486,1679.2368571783754,-10.9787032792355,0.0006465436935586941,13.135254160998128,0.013744959933696885
184,485.9353851283259,107.21672397898695,892297.9390869141,691.1749877929688,1290.9870218772858,924709.2239328959,4.857660598775725,0.04668698353219236,1.0489734040401293,56734.75,166.0,132.7649677194875,11.578035626439304,False,True,science_V_000.fits,1498659.048645158,885.4702727908777,1692.5006910978452,-10.993878974616589,0.0006414768429404645,13.12007846561704,0.013744722527984369
185,492.5462610669575,111.59283875510064,610674.2846374512,585.5828857421875,1042.848586436166,611928.7212289607,4.9682515421068585,0.10916529933373986,1.1225427110687252,36764.671875,197.0,132.76396478052615,11.578685843209682,False,False,science_V_000.fits,922792.8487350681,704.0021819855269,1310.781233848561,-10.467382424687228,0.0008282846686874636,13.6465750155464,0.01375470684251885
186,463.6838300161282,89.82161413851992,1430591.6558532715,875.1349487304688,1634.7097758221023,1441084.7263276465,5.311712584794562,0.04053163967172979,1.0422438522702953,56793.03125,268.0,132.76834352365978,11.575450906907939,False,True,science_V_000.fits,1625343.4518027683,919.92116761916,1766.8290599392399,-11.08198473880842,0.0006144906853848876,13.03197270142521,0.013743489499893284
187,461.4876922824885,98.3351011716562,1076005.6353149414,768.6198120117188,1399.919203876228,1093850.9599817293,5.229888971017864,0.11665716019236572,1.1320632883805004,56322.2421875,257.0,132.76867652778608,11.576716141258771,False,True,science_V_000.fits,1344398.1959998277,841.6961683489916,1597.2488013541738,-10.875941676624631,0.0006797312973905667,13.238015763608997,0.013746561005135226
188,297.43435875580474,97.80779563718892,945162.3396911621,719.8563842773438,1312.9873685012888,942403.9430040412,5.1866643755940025,0.02847493732910189,1.0293095241936623,53994.828125,256.0,132.79356294003875,11.576639390044514,False,True,science_V_000.fits,939771.2789227584,707.9338956559022,1327.4845076489216,-10.487177294240977,0.0008178626520642861,13.626780145992651,0.013754083180964619
189,285.8959388029072,101.25689331699684,421948.8807373047,563.4151000976562,748.9129784845466,422060.58747117966,5.060701824232717,0.01740711236782022,1.017715487855573,28310.3125,203.0,132.79531327567153,11.577151997602584,False,False,science_V_000.fits,427053.70715997793,527.9883491427265,808.8316870123515,-9.630828114627297,0.001342306461818206,14.483129325606331,0.013795205379721285
190,352.041468074919,101.14682301632725,958094.2429199219,737.2632446289062,1299.5280178414002,952316.157560476,5.170084542713383,0.004110686495190974,1.0041276539866908,53579.015625,272.0,132.78527917683647,11.577135305822246,False,True,science_V_000.fits,948571.1206722521,722.1562174192583,1313.5262119076176,-10.4972966200034,0.0008265537376854106,13.616660820230228,0.01375460271736461
191,366.40248280665685,100.9001896447281,672340.0005187988,631.672119140625,1064.381314523588,669447.7846678473,5.12472109743749,0.006199591776464786,1.0062382664820462,43383.5078125,233.0,132.7831006517954,11.577098535183184,False,False,science_V_000.fits,666362.4322590962,604.8306098509242,1101.7339754403931,-10.11389813584476,0.0009854465998164542,14.000059304388868,0.013765064832115466
192,374.5512975896909,112.02971366847493,290058.189453125,437.9658508300781,662.2849450553662,289419.6043941013,5.055593329718593,0.008544879530162808,1.00861852377757,18564.611328125,191.0,132.7818643912655,11.578752431481742,False,False,science_V_000.fits,288749.9740315549,433.93948108817466,665.4153093133328,-9.205926758646779,0.0016316125956289988,14.90803068158685,0.013826353984093832
193,73.42584392326941,103.13727139684691,104441.96810913086,274.2431335449219,380.83713075726996,104905.34486869794,4.868938806231231,0.014038503390557788,1.0142383890637048,6786.94140625,144.0,132.82754444666236,11.577430178609351,False,False,science_V_000.fits,103830.2419347492,282.9149919615796,367.0015548304685,-8.095431538951225,0.0029582980935912518,16.018525901282402,0.014044836504630369
194,61.9957043212836,115.50344618886217,905630.1636962891,705.4673461914062,1283.7308042469976,899303.4378476595,5.156192363777339,0.005120508856998329,1.0051468634167093,54861.77734375,281.0,132.82927856235534,11.57926776003826,False,True,science_V_000.fits,897471.8276141713,690.2030730533176,1300.3011181099776,-10.437173935540764,0.0008349604448376497,13.676783504692864,0.013755110460323306
195,421.59172698370156,115.40642578765136,708264.5340576172,634.0955200195312,1116.9682038374935,703722.1787409466,5.134448248538363,0.0023628164794224915,1.0023684126037526,43977.7421875,255.0,132.77472839852203,11.5792537167942,False,False,science_V_000.fits,701692.4854897173,619.4419703177543,1132.7816310699307,-10.169988938143945,0.0009584371517169985,13.943968502089684,0.013763157581203651
196,429.88449393431034,128.81718889755314,905320.2415466309,708.7109985351562,1277.4180779158905,899596.5101591363,5.17259438499085,0.004125090316543734,1.0041421771714831,53617.50390625,262.0,132.77347020930551,11.581246592925579,False,True,science_V_000.fits,894888.6087205712,693.8687568634821,1289.7087523666087,-10.434044323703006,0.0008418179670470146,13.679913116530622,0.013755528427541245
197,421.0694054342538,140.8829755440783,806519.1368408203,672.1535034179688,1199.9031958318876,801555.5307912356,5.146400518330914,0.002919799241707377,1.0029283494341648,53637.5078125,256.0,132.7748072921904,11.583039821244952,False,True,science_V_000.fits,798602.2994091024,657.7948019991469,1214.0599119695357,-10.31044826484261,0.000894272176600164,13.803509175391019,0.013758838161599741
198,116.22756316497575,118.11577679817734,29765.992065429688,166.46949768066406,178.8074841345971,31687.9358767822,4.372733293563791,0.17535625868081062,1.2126448669825491,2113.544189453125,78.0,132.82105170278948,11.579656691839881,False,False,science_V_000.fits,80429.29001742568,262.2239353099386,306.71986492141286,-7.818157461597469,0.0035397120440118085,16.295799978636158,0.014178697619519728
199,109.58333572376127,124.09452162805701,329858.108795166,442.258544921875,745.8490346488059,330326.67328420293,5.041792736829843,0.008628014516782523,1.0087031050333515,21451.853515625,187.0,132.82205969345392,11.580545125012382,False,False,science_V_000.fits,333254.95242469414,441.3382675319636,755.1009666311304,-9.361563404249896,0.0014378209643192902,14.752394035983732,0.013804826473255222
200,94.29954583708935,142.76735230963317,42676.41571044922,184.6349334716797,231.139443159575,47298.75243681697,4.396866162903056,0.16314514139055203,1.1949503425978079,3102.17822265625,78.0,132.82437847368894,11.58331992982379,False,False,science_V_000.fits,146122.77294852806,319.5189995163312,457.32107689908895,-8.466416636928667,0.0023740432156805387,15.647540803304961,0.013933484346033873
201,86.36908428100615,146.89165549108043,443441.8617248535,498.9270324707031,888.791011240491,446187.8246963583,4.947447437831335,0.056647410102999896,1.0600490322597036,29087.509765625,167.0,132.82558158604022,11.583932743818089,False,False,science_V_000.fits,509120.6295021259,532.1502440887763,956.7234726612124,-9.821673611416307,0.001134810664757736,14.292283828817322,0.01377656343491003
202,93.81240914053885,153.013101725182,723119.7721557617,627.20556640625,1152.9230779935183,723643.2278698955,5.074783543820611,0.03971096141418673,1.0413531341278952,48784.703125,194.0,132.82445250602473,11.584842555578055,False,False,science_V_000.fits,757474.7882207925,639.0402843997683,1185.331827604994,-10.253042329950988,0.0009159460454155663,13.86091511028264,0.013760263877897276
203,92.06278433448635,166.16786648000422,1188778.4070739746,803.1224975585938,1480.1956248115741,1183619.6512862658,5.716078651281915,0.16297980162630077,1.1947142995389655,54257.6328125,308.0,132.82471809980856,11.586797477077551,False,True,science_V_000.fits,1170311.3075688852,783.8399160780423,1493.048878429871,-10.725375377072927,0.0007271697636193602,13.388582063160701,0.013748988351743353
204,276.2729721323116,152.70975095315688,211008.94842529297,407.7130126953125,517.5428349229113,214283.46567702884,4.948655425060255,0.07188654193372312,1.0774544763993603,14759.2373046875,156.0,132.7967729655913,11.584798482899833,False,False,science_V_000.fits,250967.2597664636,411.70334278319945,609.5827594448789,-9.053664545968658,0.0017810543083414973,15.06029289426497,0.013844784551610544
205,296.3338197778629,160.60221709520346,241956.77703857422,394.2690124511719,613.684487995463,241231.05682913843,5.0253643991978025,0.017881731243212795,1.0182073094575954,15186.5322265625,191.0,132.79372967892968,11.585971341358647,False,False,science_V_000.fits,240234.27621848555,389.4176340178778,616.9065168924955,-9.006209303757919,0.0017599100840576766,15.10774813647571,0.013842080347087286
206,280.1193657910278,161.72401415302778,574316.2688598633,570.8660888671875,1006.0437641330601,573075.8401437964,5.078432931207939,0.019509111116211453,1.019897289548933,38149.0,216.0,132.7961894436839,11.586138095430574,False,False,science_V_000.fits,585368.9474765137,569.5438990969612,1027.785476070666,-9.973196074916974,0.0010563488444599817,14.140761365316655,0.013770322353250998
207,469.45039907528803,167.1522642758949,20426.376983642578,158.45652770996094,128.90839701492797,21196.489655036145,4.422906016538912,0.011921978855340187,1.0120658273944085,1360.25634765625,77.0,132.76746741681208,11.586943001296923,False,False,science_V_000.fits,23962.386408087743,214.8186422312068,111.54705271015216,-6.5034470419165835,0.009733112382817695,17.610510398317043,0.016829717213542577
208,475.59529278219316,175.03998175437113,76223.47467041016,250.8832244873047,303.8205317480972,76829.03385983361,4.835736318340604,0.005470484522536956,1.0055005753347708,5153.24951171875,128.0,132.76653507993345,11.588115097861357,False,False,science_V_000.fits,76742.373925256,269.03555447418165,285.2499331370742,-7.7672099475496745,0.0038061358614877466,16.346747492683953,0.014247546280933963
209,365.9421226129134,179.2794819138539,1865483.9577941895,1014.6303100585938,1838.5848907731329,1841005.4000099793,7.944527295312709,0.28529242147166445,1.3991736341443506,53004.64453125,517.0,132.78316978490219,11.588746571359263,False,True,science_V_000.fits,1750946.3895378865,953.1214035780429,1837.0654388462872,-11.162803996696251,0.0005909969111834365,12.951153443537377,0.013742459102368853
210,399.14845428734776,185.3926271838251,1380562.0278320312,866.4229736328125,1593.4042261639167,1371237.5098477288,5.41156887772439,0.002836667886818911,1.0028447374622245,53711.796875,317.0,132.77813219329363,11.589654717792524,False,True,science_V_000.fits,1364010.1243024548,845.7975214217628,1612.691087116915,-10.891665858699026,0.0006732225462602127,13.222291581534602,0.01374624070166259
211,376.16400706706816,197.2202533272673,368305.7137451172,475.3245849609375,774.8509658413415,366518.7358290241,5.110574807515359,0.0073997274865921225,1.0074548916532684,24677.55078125,221.0,132.78161891251293,11.591412675346268,False,False,science_V_000.fits,360992.8245091248,464.3049101160585,777.490861380058,-9.448368297731191,0.0013964151270831225,14.665589142502437,0.013800575351716273
212,391.55887785216925,200.4329260092472,815225.2854614258,676.861572265625,1204.4195133321912,812538.6976155371,5.682328047293385,0.068800948783309,1.0738842556738162,44292.62890625,265.0,132.77928339727964,11.591889957315297,False,False,science_V_000.fits,804676.2129773867,660.4853197917724,1218.3105193482158,-10.318674782399437,0.0008911521182471928,13.795282657834191,0.013758635721942369
213,351.88724574466966,203.50917664848131,311482.28466796875,440.7636413574219,706.6877923702946,310199.30865951674,5.041393914021786,0.00799040953194019,1.0080547704464935,20032.736328125,206.0,132.78530177095706,11.592347488443526,False,False,science_V_000.fits,309053.89863651467,432.6962653155263,714.2513661659399,-9.279707440233627,0.0015200530953520957,14.83425,0.013813633346949008
214,71.80173874968065,194.81013957000047,274426.7692565918,407.9562683105469,672.6867328036519,274864.8842192696,4.9932065064922115,0.007950686844913069,1.0080144068842978,18573.81640625,178.0,132.82779217564695,11.591053759319273,False,False,science_V_000.fits,278481.36974705925,409.2474613919426,680.4718318835296,-9.166612240080207,0.0015955105694747257,14.947345200153421,0.013822140167447214
215,82.3283712760346,195.82546173303626,143986.61950683594,310.4350891113281,463.82198584258464,145929.03656787868,4.899683473204777,0.02871604054155874,1.029565031175404,9530.912109375,148.0,132.82619524860394,11.591204795540232,False,False,science_V_000.fits,153530.16064445415,324.48007819235426,473.15743234455306,-8.520106134889504,0.0022945851122325683,15.593851305344124,0.013920166150895308
216,230.515681316818,201.11638792656842,936580.6156921387,712.6559448242188,1314.2114683729362,941082.547476831,5.043127723456786,0.04454038643414604,1.0466167128382513,59132.546875,223.0,132.80371451017683,11.591992240880444,False,True,science_V_000.fits,1156416.3905903194,780.4937719612934,1481.6471727690723,-10.712407470443711,0.0007327655463148621,13.401549969789917,0.013749285442419117
217,231.23323045215923,210.29157589739364,1300384.5422668457,833.30224609375,1560.519665418671,1318921.8853623313,5.366279848033473,0.05925002405444957,1.062981690746149,55413.28125,248.0,132.80360567171695,11.593355777103143,False,True,science_V_000.fits,1408744.2815057226,857.8946569408452,1642.0947142031919,-10.926702289372749,0.0006611677089082063,13.18725515086088,0.013745655588969013
218,241.25314863209852,222.2698890467035,779033.3797912598,660.4544677734375,1179.5413882467665,774233.173558732,5.147558337195148,0.005093117807518754,1.0051191904475472,51023.6171875,260.0,132.8020856019747,11.595135902372096,False,False,science_V_000.fits,771182.5568142096,646.0305957875883,1193.7245106387666,-10.272514868559309,0.0009095063310872606,13.84144257167432,0.013759836721325582
219,256.0188149075812,224.56479861493153,38898.04055786133,196.0224151611328,198.43669677208428,39622.115476026214,4.682391150529683,0.02268887782083273,1.0232156140515847,2556.95703125,105.0,132.7998455453605,11.595476958862617,False,False,science_V_000.fits,39052.413509356455,226.48531121481898,172.42801884099072,-7.033741572096939,0.006296540476992945,17.080215868136687,0.015104712073047361
220,483.61778210867203,221.66625992650916,1268548.5534057617,833.3402709960938,1522.2455910950546,1259942.6405629297,5.330488267370484,0.007126465640391433,1.0071776166790345,55410.7890625,307.0,132.76531718140777,11.595044137016846,False,True,science_V_000.fits,1253675.8532512255,813.2625286688766,1541.5389361455077,-10.80008502679686,0.0007042961903477471,13.313872413436767,0.01374779756742841
221,471.17236089360944,226.46319971325008,304760.949798584,434.34271240234375,701.6600971913521,304798.24848608597,5.040593559463967,0.013547339496482458,1.0137333903986507,19147.5703125,185.0,132.76720515516394,11.595757234349435,False,False,science_V_000.fits,306428.3491897841,433.1345631796038,707.4668595835894,-9.270444227871444,0.0015346301883865435,14.843513212362184,0.013815245008553394
222,412.29366568178443,237.84712501512305,63032.5478515625,233.73590087890625,269.6742246892503,63794.318792828366,4.742882408806573,0.012686816012185465,1.012849839562501,4284.36962890625,119.0,132.77613734443958,11.597449881590315,False,False,science_V_000.fits,63518.0387893659,256.25012811082956,247.87514940048735,-7.561864574442021,0.004380027617233442,16.552092865791604,0.01441147274774441
223,400.4640855540653,242.85679473664553,170330.42431640625,336.79779052734375,505.7349813658518,172295.09666539452,4.936846233275594,0.03492993892199825,1.0361942001215756,10781.4296875,146.0,132.77793193148239,11.59819451577621,False,False,science_V_000.fits,195615.00122085138,363.2980691382608,538.4421714237241,-8.783127265732523,0.002016372523588266,15.330830174501106,0.013877019239920865
224,400.87394475005095,253.80024571698755,1053731.4896240234,761.1312866210938,1384.4280325170655,1048181.0437298531,5.196152802945416,0.016584951451269814,1.016864650867144,52602.47265625,270.0,132.7778696233167,11.599820829340652,False,True,science_V_000.fits,1044432.9580061095,746.8542514025846,1398.4428100190567,-10.60182329382535,0.000776363532510282,13.512134146408279,0.013751677903654665
225,386.7066429064703,261.32554836319133,89110.81591796875,266.2367858886719,334.7051220608967,89764.86341089803,4.847537944932883,0.02318852098508606,1.0237389931253378,5871.98388671875,136.0,132.7800188593425,11.60093932843741,False,False,science_V_000.fits,87287.57046612816,279.9470073068201,311.8003343056336,-7.907002888164741,0.0034820360357143585,16.206954552068886,0.014164408910549904
226,129.5401655717141,244.12601689502839,792839.5796508789,659.20361328125,1202.7233523560997,802253.6068035635,5.069131135102477,0.046187688248114256,1.0484242944644744,50703.0703125,224.0,132.81903347557025,11.598383350657071,False,False,science_V_000.fits,875754.1161519919,683.9530710962059,1280.4301247575024,-10.410577342120828,0.0008479181948375498,13.7033800981128,0.013755903099992698
227,140.3104762976297,250.40078904845154,2485703.636505127,1144.39453125,2172.068782773753,2514092.241626569,7.3651745466751475,0.2826964853043996,1.3941099959957208,52745.484375,388.0,132.8173995822323,11.599315953786741,False,True,science_V_000.fits,2415345.410602347,1112.725017232313,2170.657955197277,-11.512069990426246,0.0005001709262394258,12.601887449807382,0.013738852782772926
228,171.69997713504597,250.34272754524167,56641.375427246094,221.662353515625,255.52997398474992,57387.08590499252,4.841299882433154,0.0030918710525834614,1.0031014603681163,3773.85888671875,119.0,132.81263750067222,11.5993075710562,False,False,science_V_000.fits,58910.8684063787,245.5304702254441,239.93302481882276,-7.480110435859594,0.00452501276479063,16.633847004374033,0.014456197472114523
229,178.40302323266977,262.468403163572,1194570.5105895996,797.7725219726562,1497.3823711498346,1222811.5116741322,5.204961339561645,0.11547609614131182,1.1305516963844093,52460.51953125,222.0,132.8116206608485,11.601109623545234,False,True,science_V_000.fits,1620369.8806845907,917.6016288761189,1765.875113658227,-11.078657278923119,0.0006148226404022645,13.03530016131051,0.013743504346068487
230,171.30185600202782,267.40470179598003,1495754.2884216309,893.3447875976562,1674.3303472379885,1515687.7016267986,5.918254793337281,0.1684025688691171,1.2025049171209052,52152.69140625,285.0,132.81269801472445,11.601843167314282,False,True,science_V_000.fits,1752614.87593926,953.8031014098372,1837.5017583279837,-11.16383810804342,0.0005908565774586915,12.950119332190209,0.013742453068007122
231,153.4159370076155,273.9309789193483,931366.1577453613,750.7180786132812,1240.6337136116015,924211.5221718132,5.208329918149938,0.008556762432652687,1.0086306125337523,51454.08203125,292.0,132.8154115542384,11.60281291344522,False,False,science_V_000.fits,916422.68520774,700.8503547259073,1307.5868179679242,-10.45986145207644,0.0008303081562777218,13.654095988157188,0.013754828841742579
232,137.42243202594997,280.30859551960685,429625.9067993164,503.5885314941406,853.1288540758105,427397.6125350121,5.077547257290652,0.006326184875848684,1.0063664602805884,27211.76953125,223.0,132.81783800961927,11.603760559380106,False,False,science_V_000.fits,426025.5889900776,493.399676316744,863.4492672763434,-9.628211087897622,0.001257398715994887,14.485746352336006,0.013787202630056531
233,101.93231692408133,273.88872278908804,685685.8903808594,616.4854125976562,1112.249984134444,689116.1091449359,5.031725545987953,0.051373595313058296,1.0541557720291501,47060.16015625,219.0,132.82322219840395,11.602806114914733,False,False,science_V_000.fits,748489.9216973208,635.5008129544913,1177.7953803356042,-10.240086766564527,0.0009218069777881433,13.873870673669101,0.013760655250951935
234,110.30450190932308,273.5290179765562,269954.9260253906,400.3338317871094,674.3245376497383,279250.45464044716,4.846980094796436,0.07795831591487923,1.084549665444065,17147.2578125,148.0,132.82195203957636,11.60275275743627,False,False,science_V_000.fits,440070.1531068808,499.90959606179354,880.2994712917732,-9.663426660021383,0.001233330287483664,14.450530780212246,0.013785028415976395
235,283.20373442938046,274.5883751701704,369299.870513916,473.1348876953125,780.5382357509351,367687.97830785613,5.041014681000486,0.00816447653999608,1.0082316839303298,24093.697265625,211.0,132.7957212810368,11.602910986707782,False,False,science_V_000.fits,366693.9024543274,464.4825079438403,789.4676251159574,-9.46538109499874,0.0013752305546925144,14.648576345234888,0.013798447880461485
236,274.54216773218235,292.2620865254284,964188.9691162109,732.4876708984375,1316.321089655446,957411.2582525576,5.197400386852788,0.003173940784370055,1.0031840467602418,52357.453125,293.0,132.79703531091045,11.605537512936685,False,True,science_V_000.fits,954139.8757789335,713.9305205062193,1336.4604094840931,-10.50365199011451,0.0008123697434622155,13.61030545011912,0.013753757647688322
237,465.13908210689846,283.9016716003458,1683437.6846923828,965.9781494140625,1742.7285345051675,1673003.005267138,6.7763339489179915,0.3049658708567381,1.4387782672379787,55842.484375,424.0,132.7681194732095,11.604293329856935,False,True,science_V_000.fits,1578520.9074438706,910.3374758707188,1733.9953031528755,-11.050247720237662,0.0006261262634482931,13.063709719995966,0.013744014658353355
238,497.7187812684484,284.02328883534204,505701.0129394531,549.6273193359375,920.0798343693025,502353.0041158572,5.144115920189307,0.0032287012711209595,1.0032391595496764,33757.484375,247.0,132.76317673870253,11.604310819609324,False,False,science_V_000.fits,499334.150277448,533.9084864094734,935.2429545285236,-9.80060004698896,0.0011608748237481514,14.313357393244669,0.0137787348906808
239,481.8963812161403,289.0107855804736,229465.7993774414,390.91851806640625,586.9913774165631,228992.44953246816,5.118013269801839,0.021601648623274294,1.0220785824024317,15570.8955078125,191.0,132.76557709573103,11.605052310977596,False,False,science_V_000.fits,217758.52302105993,385.82965597640236,564.3903200493696,-8.899559779549863,0.0019236687119386267,15.214397660683765,0.013863852500100532
240,476.9197100361087,300.410730177969,195325.05526733398,365.2660217285156,534.7473995610508,198409.36838085647,4.772748103960117,0.14509533873945546,1.1697210757109624,13462.775390625,138.0,132.76633191429582,11.60674655750552,False,False,science_V_000.fits,453675.5561129514,522.612085351053,868.0923553618263,-9.696485324678681,0.0012506733797321295,14.417472115554947,0.013786590903266215
241,473.09189597682655,308.24277527088293,1304429.2018432617,840.4423828125,1552.0745128036644,1304827.487743527,5.342180359470347,0.022952271899421284,1.023491454142206,55293.6328125,269.0,132.76691250685656,11.607910552889024,False,True,science_V_000.fits,1329540.3403651856,838.0345479326941,1586.4982459791936,-10.863875671670195,0.0006843373465754457,13.250081768563433,0.013746789531929631
242,462.93287706997006,320.2641597120435,880308.1804199219,738.2738647460938,1192.3870293345362,874007.0259671487,5.14941299760361,0.020621400387675903,1.0210555962687347,54686.984375,270.0,132.76845357030535,11.609697235218178,False,True,science_V_000.fits,868487.5892380559,686.1107648919937,1265.81250969699,-10.401530915846296,0.0008577099623228521,13.712426524387332,0.013756510139229355
243,446.9969385205344,325.50629486632334,344664.09466552734,515.9017944335938,668.0808215523508,343209.3640759948,5.067434670181987,0.006032110413126457,1.0060687175876815,22091.015625,208.0,132.77087120950583,11.610476526977598,False,False,science_V_000.fits,341059.4136420709,479.3551960805219,711.4962274963634,-9.386696976722183,0.0015259392222224386,14.727260463511445,0.013814282295550826
244,371.3952314635229,287.033427610506,131313.83059692383,306.84063720703125,427.9544971363225,131832.0170808374,4.896275276276721,0.007807132557944851,1.007868563476043,8622.60546875,147.0,132.78234151553545,11.604759955043978,False,False,science_V_000.fits,131881.01094060662,316.356779342119,416.87430000665796,-8.355077543016758,0.0026043821842283398,15.75887989721687,0.013974573746371592
245,366.82667190055076,298.1323413005313,217518.9769897461,377.0075378417969,576.9618778312683,217556.5507339745,4.970140897481515,0.008580948089477847,1.0086552180664088,14787.7119140625,172.0,132.7830345220422,11.606409418117847,False,False,science_V_000.fits,217047.1847857204,377.5730419613942,574.8482032991986,-8.896007267008716,0.0018886725117498748,15.217950173224912,0.013859039962706354
246,35.5970174195196,313.1838435012653,396615.88607788086,489.40899658203125,810.397620084213,396278.14942696044,5.977725655005154,0.2577364878090619,1.3472304425261339,21406.75390625,244.0,132.83328670491088,11.608644827681243,False,False,science_V_000.fits,390036.6004627802,473.31536660793927,824.0522661624437,-9.532385280281483,0.0013175135177481306,14.581572159952145,0.013792815039023078
247,49.42597439044717,314.2188691432591,320319.5852661133,440.4628601074219,727.234040091354,319391.62233872735,5.075091563185882,0.022542855039071164,1.023062755390644,20662.044921875,200.0,132.83118867023637,11.608798876648118,False,False,science_V_000.fits,318010.2561200287,434.35066356455184,732.1509618754548,-9.310724690546845,0.0014828909016508089,14.803232749686783,0.01380959341390799
248,414.58954012103385,323.65459860560554,857952.8366699219,692.5426635742188,1238.8447409752632,852618.1407365799,5.134573488887894,0.006915480789102979,1.0069636376917828,52964.70703125,255.0,132.77578793501664,11.610201795558513,False,True,science_V_000.fits,850056.991477698,678.1802782116738,1253.4380883490953,-10.37824198319295,0.0008661776038974344,13.735715457040678,0.013757040687326095
249,403.75197465061314,331.731732163287,350155.5151672363,462.5375671386719,757.0315149391041,349557.04142137547,5.04847577688822,0.005591621218389742,1.0056230632582168,23046.720703125,196.0,132.77743206207953,11.611402279537453,False,False,science_V_000.fits,349331.8939138518,457.57239106912533,763.4461797348222,-9.412717470102232,0.0014221041755387532,14.701239970131397,0.01380319836549982
250,417.95235065700325,338.00568610287587,70562.86572265625,246.6160125732422,286.1244287683869,71094.74585168174,4.854005484574191,0.01721678414301453,1.0175183945606983,4800.626953125,128.0,132.77527755642507,11.612334483386437,False,False,science_V_000.fits,69773.95824387722,265.34000179625247,262.96057048139613,-7.663855276540804,0.004128755873979255,16.450102163692822,0.014337103260358083
251,467.6695967196057,346.3147272814034,886113.1932983398,696.7831420898438,1271.7201949528276,891952.1774924762,4.9843996400581325,0.09701080811952656,1.1074329670740597,54596.7734375,210.0,132.76773449149272,11.61356855934901,False,True,science_V_000.fits,1300781.2725225142,828.1607492997665,1570.6869392474368,-10.840132563326161,0.0006912262226616537,13.273824876907467,0.013747134193065377
252,464.9291439871797,352.21658234548454,595750.0614318848,577.3274536132812,1031.910153766815,628272.5915250132,4.773981370358485,0.17471483773939744,1.21170238570729,41557.73046875,175.0,132.76815016487515,11.61444568627186,False,False,science_V_000.fits,1185230.2887584944,792.4038633320149,1495.740169381136,-10.739128727585978,0.000725861364309825,13.37482871264765,0.01374891921394005
253,246.57553446755713,348.9517332329643,509330.5072631836,537.806640625,947.0513541284587,517030.7837292179,5.014948069762207,0.047733846049308304,1.0501265805271705,33237.62890625,186.0,132.80127824445586,11.613962236367955,False,False,science_V_000.fits,554653.7741046349,557.2582423540605,995.3262813333664,-9.914676805198111,0.0010907980833637454,14.199280635035517,0.013773007851951664
254,273.24081570554233,354.29269834262436,1385978.477508545,866.7778930664062,1599.000722786502,1377036.4427237841,5.451278176484638,0.00562186541852705,1.005653649474999,52477.359375,310.0,132.7972326512097,11.614755952708157,False,True,science_V_000.fits,1367160.775491479,847.0139682575834,1614.0947218425506,-10.894170848468923,0.000672637104444919,13.219786591764706,0.013746212042069198
255,255.4620828936602,352.93560435128563,694661.7449035645,628.635009765625,1105.0319089968539,701574.925637213,5.945756646737735,0.26093617929308544,1.353063121184176,40141.953125,256.0,132.79993000087214,11.614554286647481,False,False,science_V_000.fits,711983.0813086014,624.2693978261868,1140.5061401181104,-10.185796058338033,0.0009519457737312712,13.928161381895595,0.013762707058837552
256,234.9088455450949,356.3379207727655,431420.7007446289,505.5548095703125,853.3608870446855,429899.25748625025,5.07690526472859,0.006132840003124418,1.0061706838197004,28331.22265625,215.0,132.80304829538034,11.615059892655282,False,False,science_V_000.fits,428793.1498029311,496.82520018550116,863.0664258633244,-9.635241470681834,0.0012579564764252944,14.478715969551795,0.013787253509232086
257,301.71620549697514,357.376760811718,518284.5963745117,541.6849365234375,956.800829096134,532415.4309844035,4.943113699262804,0.08195645440583166,1.0892729487606043,33334.96875,180.0,132.7929124170968,11.615214205351284,False,False,science_V_000.fits,759383.6555223784,643.5081899266819,1180.0683618477315,-10.255774987625166,0.0009200314448732691,13.858182452608462,0.013760536424529669
258,286.6184629939914,362.0169786888782,1431708.3088378906,880.2396240234375,1626.4983644950862,1422881.4103510883,5.5064120100130145,0.016598129636278713,1.0168782774738263,52145.8671875,311.0,132.79520300473635,11.61590384008445,False,True,science_V_000.fits,1411139.7295835265,860.0646942697108,1640.736724789917,-10.92854692221585,0.0006617149379276649,13.185410518017779,0.013745681921619195
259,309.0329819655662,358.62564897484043,527287.9664001465,547.3992309570312,963.2603346524186,535630.6572595101,4.937890089814317,0.103522977991095,1.1154775587656576,34453.64453125,188.0,132.79180232486667,11.615399774791017,False,False,science_V_000.fits,765128.331981367,645.3630933012887,1185.5780721321257,-10.26395758348404,0.0009157558034516391,13.849999856749589,0.013760251215832053
260,18.268938592380863,381.9590294363535,963943.9726257324,724.9537353515625,1329.6627434553088,959790.0192693792,5.133045130542391,0.00662098667550759,1.0066651163218654,56608.4609375,253.0,132.83591693902716,11.618865268922345,False,True,science_V_000.fits,959420.3500284754,713.5545308455293,1344.5648630268054,-10.509644188892748,0.0008074731311629965,13.60431325134088,0.013753469296464886
261,12.113231186797336,393.6739619297673,797091.6083984375,663.3277587890625,1201.6557393189266,793300.434721183,5.09875711098563,0.008508823048278047,1.0085818444440806,53045.453125,240.0,132.83685111244583,11.620606120492925,False,True,science_V_000.fits,794410.3900404095,653.3512536655692,1215.9009194264809,-10.304734163123339,0.0008929181503638518,13.80922327711029,0.013758750221386437
262,369.16366128710155,396.8449110867174,1239008.626800537,818.3568725585938,1514.0199445344365,1238086.9682184393,5.245289707303631,0.04734579874107847,1.0496988295212593,53348.69921875,252.0,132.78267905951134,11.621079180293853,False,True,science_V_000.fits,1248766.0984551436,811.7335296128063,1538.394131693439,-10.795824623973175,0.0007057359213954355,13.318132816260453,0.013747871399674934
263,361.3580872567162,404.31524354385346,689030.3314819336,622.3250732421875,1107.1871616745655,689325.309628159,5.058551583234649,0.03985065320302794,1.0415046402270318,43925.5859375,215.0,132.7838632663049,11.62218942272328,False,False,science_V_000.fits,726291.3293500814,630.8235267898604,1151.3383672388352,-10.207399022727833,0.0009429895075969279,13.906558417505796,0.013762090467755618
264,253.29356259764302,422.17490315813825,431498.3098449707,497.00531005859375,868.1965788134131,437604.5568420325,4.814712419363548,0.11498669797082395,1.1299265194174823,27882.001953125,165.0,132.80025901323287,11.624844014424736,False,False,science_V_000.fits,744310.1802734896,636.954725690619,1168.544874938278,-10.234006771736762,0.0009291042417667924,13.879950668496866,0.013761146010537103
265,255.03440681840917,429.75733297549846,842105.551940918,669.369384765625,1258.0580634648766,863031.7728689886,4.967217876778209,0.049165544330515454,1.0517077857637143,51405.80859375,142.0,132.79999488667016,11.625970847638591,False,False,science_V_000.fits,1210101.6718934434,801.7886941206818,1509.2526007997114,-10.761676526458622,0.0007193626828436257,13.352280913775006,0.013748577653732772
266,264.01904468241116,428.10239990955876,80663.77450561523,256.2687683105469,314.7624075980525,84037.35828753246,4.626752788819923,0.0802727894001023,1.0872789110455305,6175.45751953125,99.0,132.79863170392238,11.625724903021528,False,False,science_V_000.fits,188289.558371923,367.06158247875214,512.9644924985371,-8.741687466074175,0.0021165207648424053,15.372269974159453,0.013891924451970693
267,251.78456437926047,436.1421782800235,336679.89447021484,453.0272216796875,743.1780660374181,355560.84220517875,4.771700405880903,0.1674822790888174,1.2011756325204823,24799.123046875,160.0,132.80048796697398,11.626919705981448,False,False,science_V_000.fits,755312.893268506,646.9721942075296,1167.458045385833,-10.249939119570296,0.0009299691790133558,13.864018320663332,0.01376120443512002
268,248.19944070498784,453.5474374605584,502181.5316467285,545.0357055664062,921.3736394111221,499243.57195253414,5.1047183779854794,0.00898479490235049,1.0090662533290446,31917.025390625,242.0,132.80103192719488,11.629506318835418,False,False,science_V_000.fits,496709.7916112625,531.0902017099734,935.2644616902838,-9.794878677294632,0.0011608481284938778,14.319078762938997,0.013778732641599513
269,288.48379040649917,424.88951411053404,365417.74798583984,476.79241943359375,766.4084685321516,372370.8256152023,4.757982111964565,0.18036405024154933,1.2200538547567406,26802.4765625,155.0,132.7949198301975,11.625247391358405,False,False,science_V_000.fits,781844.6636072206,662.6621568071015,1179.8541014841937,-10.287423064748676,0.0009201985216936969,13.826534375484952,0.013760547596319684
270,293.7938687453067,429.40254819820933,745988.8569030762,642.1195678710938,1161.7600431900157,758728.0687454685,5.0087081424930355,0.05838610050449755,1.062006413176122,47338.671875,203.0,132.7941141525567,11.625918063013597,False,False,science_V_000.fits,961770.612542819,726.480037930842,1323.8775497288693,-10.512300631094666,0.0008200909519330938,13.601656809138962,0.013754215862807107
271,328.42492829539975,428.42501454292477,484001.74349975586,526.904296875,918.5761937610046,485706.7885070398,4.9215311532786234,0.07551604364223086,1.0816845366789758,28956.748046875,181.0,132.7888598013733,11.625772636582704,False,False,science_V_000.fits,695673.0326190885,618.439772773243,1124.8840440832446,-10.160634795286391,0.0009651661482004765,13.953322644947237,0.013763627811187147
272,349.7530356976833,434.5728979358197,840691.7775878906,689.40234375,1219.4501298254263,834775.1678515665,5.140352924689779,0.004758884685497233,1.0047816399586682,53624.66796875,276.0,132.78562377394775,11.626686137915325,False,True,science_V_000.fits,832057.4976841067,671.583438827497,1238.9488030508583,-10.355005220008467,0.0008763073965013812,13.758952220225162,0.01375768219884495
273,330.1350985702372,436.72295491384386,930393.6865844727,715.6653442382812,1300.040157141796,931018.5159725475,5.090262071933223,0.06126512881696988,1.0652635059138276,53744.46875,238.0,132.78860027755985,11.627005792360961,False,True,science_V_000.fits,1034754.4023488711,742.8886902473023,1392.8794662419868,-10.591715080982985,0.0007794644305650063,13.522242359250644,0.013751853316181357
274,123.8947654202608,440.7323631364354,170321.80490112305,372.7895812988281,456.8845628885564,173971.03310553584,4.909764021734304,0.0500808028188795,1.0527211187725167,11153.29296875,144.0,132.8198920149492,11.627601177033638,False,False,science_V_000.fits,234385.22585730918,413.5305249233624,566.7906278520712,-8.979447456709956,0.001915522146360121,15.134509983523673,0.013862724476972349
275,119.20582987724853,446.0623045204069,113717.43774414062,277.9428405761719,409.13965442824815,116970.54558066936,4.600196626336453,0.14516124895677085,1.1698112641473246,7609.59716796875,114.0,132.82060350089986,11.628393215672808,False,False,science_V_000.fits,202750.44677401197,364.1180504967669,556.8261350883297,-8.82202642374301,0.0019498007215982683,15.291931016490619,0.013867502575633338
276,12.344744103088555,451.5865349176335,988700.3142089844,728.6920166015625,1356.815076443455,1011338.7940145988,4.95651688491297,0.08203570255890924,1.0893669860446547,59798.09375,210.0,132.8368171223962,11.629212573347544,False,True,science_V_000.fits,1359067.2846576162,842.4985126181992,1613.139090814649,-10.887724269794427,0.0006730355777639188,13.226233170439201,0.013746231546143408
277,15.9015476410813,459.0227875294364,1367906.294128418,912.2240600585938,1499.528848253087,1375425.3670633906,5.043060213100578,0.12406762997122445,1.141640649685259,60220.1015625,179.0,132.83627760802005,11.630317750555687,False,True,science_V_000.fits,1869403.0782896823,983.2481611405659,1901.2525547173955,-11.233879257775685,0.0005710445975765591,12.880078182457943,0.0137416155077805
278,20.71349138916921,466.1798594988402,1100303.08493042,767.1131591796875,1434.342602214032,1109207.0751769834,5.082772356471028,0.06454539501282375,1.068998960151261,59796.0234375,219.0,132.83554764571267,11.631381460820316,False,True,science_V_000.fits,1381824.3008420812,849.8992253795185,1625.8684083692795,-10.90575393889817,0.0006677662192163142,13.208203501335458,0.013745974558203524
279,24.199602422670672,482.0232853293968,1487424.0740356445,894.3019409179688,1663.2235780555918,1477185.1569697282,5.383323901557518,0.002849478513929249,1.0028576212442657,60460.125,320.0,132.83501900485697,11.633736033058119,False,True,science_V_000.fits,1470399.851425496,875.012126373701,1680.433684409896,-10.973210499439286,0.0006460832165366029,13.140746940794342,0.013744938281198008
280,92.59931682538989,464.9248505227225,521906.6862792969,549.9375610351562,949.0289866669656,519050.14623524656,5.10728584044937,0.00192114327684767,1.0019248411725252,33656.890625,234.0,132.82464062571225,11.631196083904472,False,False,science_V_000.fits,517193.1278072803,538.2437485572839,960.8901714020312,-9.838753737960829,0.0011298897962665798,14.2752037022728,0.013776158963330799
281,105.56505931669646,472.5094934033134,277649.9389038086,414.9121398925781,669.1776697006092,280119.1919183483,5.085303536326479,0.03538978901422607,1.0366881758156592,16703.775390625,187.0,132.82267346825776,11.632323406073501,False,False,science_V_000.fits,276897.1038859124,416.4627932027349,664.8783718624255,-9.160417907563867,0.001632930240998499,14.953539532669762,0.013826509537957133
282,116.8811431032803,476.23031387044546,894968.5433959961,704.448486328125,1270.4527879120585,889139.5287955047,5.190535032653232,0.013376846760965844,1.013558212897245,56042.328125,272.0,132.82095655100898,11.63287649022362,False,True,science_V_000.fits,878551.3042741315,689.2176438967773,1274.7080868488479,-10.414039693606568,0.000851724415339604,13.69991774662706,0.013756138241197554
283,131.48175308360376,489.09792139467925,1499776.0518493652,902.1116943359375,1662.5170267340127,1488050.1682338724,5.466811852424735,0.0038820658021613275,1.0038971949694766,57288.953125,354.0,132.81874136393589,11.634788910474782,False,True,science_V_000.fits,1478491.2279588012,878.2781974471036,1683.3973930542058,-10.97916875443027,0.0006449457534386477,13.134788685803358,0.013744884861508688
284,105.2343612378619,491.7133165422567,1265851.388824463,831.4303588867188,1522.4983972433142,1255875.1848591245,5.32634448031501,0.004500456546273401,1.0045208022202199,57134.53515625,327.0,132.82272387654825,11.635177302426799,False,True,science_V_000.fits,1248640.2981470535,810.2276762772738,1541.0980576276284,-10.795715241736177,0.0007044976759436907,13.318242198497451,0.013747807890957097
285,400.05224267494265,481.6318852790151,41869.534240722656,200.1570587158203,209.18340082209306,43273.96096948991,4.627317886333755,0.05498967933610488,1.0581895013564224,2755.874755859375,94.0,132.77799161375034,11.633679145522963,False,False,science_V_000.fits,54567.986419214474,250.90095733418428,217.48815548173997,-7.396966695132516,0.004991995989828302,16.71699074510111,0.01460910431182261
286,410.17197592749744,488.1727109854243,1263593.2475585938,832.5183715820312,1517.7962321208513,1254807.814452748,5.2965678399483505,0.0023522712824665115,1.0023578175088819,57449.69921875,300.0,132.77645608457033,11.634651063916024,False,True,science_V_000.fits,1249793.2753084623,812.7152059720421,1537.7997927498552,-10.796717332926084,0.000706008678840162,13.317240107307544,0.013747885404157608
