id,x,y,flux,flux_err,snr,kron_flux,fwhm,ellipticity,elongation,peak,area,ra,dec,flag_edge,flag_saturated,frame,flux_aper,flux_aper_err,snr_aper,mag_inst,mag_inst_err,mag_calib,mag_calib_err
1,380.9373070767542,15.76704461465896,71101.0732421875,238.47793579101562,298.14528965268806,71668.08411954646,4.68128971954259,0.00690528400591206,1.00695329850688,4902.6787109375,117.0,132.78089657512376,11.56444676515992,False,False,science_V_001.fits,72506.0205506685,259.47534598665186,279.43317803456523,-7.705557048515777,0.0038853653944618616,16.409025011595848,0.012860499224721308
2,177.82108460458707,23.142486175011165,1082228.6211547852,767.1151123046875,1410.7773446196154,1075394.2674358462,5.183067934463074,0.001060092521113165,1.0010612175098588,56249.5078125,284.0,132.81170740604708,11.565543227864234,False,True,science_V_001.fits,1074318.0548521595,751.9530689827674,1428.7035975602619,-10.632454060267262,0.0007599196935277584,13.482127999844362,0.01228307184710677
3,479.8014900777932,18.414970105104757,13527.854614257812,139.00914001464844,97.31629598479842,14380.048163100573,4.237989268327321,0.02482934157025296,1.0254615347125333,891.493408203125,67.0,132.76589978057493,11.56483890858482,False,False,science_V_001.fits,13781.531384702317,199.07637528705698,69.22735741410864,-5.902865570178468,0.015683106224978233,18.211716489933156,0.01990618489124741
4,271.68825253596225,21.969631085212846,275088.04888916016,413.20513916015625,665.7420801887399,274628.6238380042,5.089156325395611,0.05179423833379504,1.0546234165913326,17799.064453125,191.0,132.79746860142006,11.565369152579443,False,False,science_V_001.fits,273786.8755255929,408.87013098081695,669.6181862656977,-9.148153438033372,0.0016213717343232454,14.966428622078253,0.012366293800546628
5,499.6212081965972,25.303872036771523,800817.9483642578,673.759033203125,1188.5821323345835,794311.678804744,5.216267634230254,0.02341873259681293,1.023980321329617,51036.5703125,285.0,132.7628931799781,11.565862308436472,False,False,science_V_001.fits,791068.7313274916,654.6013259073089,1208.4740742482186,-10.300157420141264,0.0008984057028078197,13.81442463997036,0.012292416722004392
6,428.6468134852122,38.7043356648315,732127.2015686035,643.6527709960938,1137.456769487048,727465.1492217273,5.122041853957028,0.0036111483932922406,1.003624236047472,46750.8671875,260.0,132.77365917939304,11.567854936241408,False,False,science_V_001.fits,726236.3708534215,628.6978142856393,1155.1437818797108,-10.207316861913132,0.000939882997277873,13.907265198198493,0.012295517724323269
7,293.8990960627506,48.320030353635936,46985.289306640625,206.08584594726562,227.98891932958597,47555.00924595076,4.654858073374087,0.007179437685806422,1.0072313547465936,3163.157958984375,108.0,132.79409933527725,11.569285064702422,False,False,science_V_001.fits,46985.37388972996,232.79529763211065,201.83128425549876,-7.234528591883123,0.005379245363298633,16.8800534682285,0.013387780127382785
8,450.2955501158432,52.391687815118935,1137319.5597229004,805.4881591796875,1411.9631018302632,1130261.1983959095,5.282181628825247,0.04682188151374733,1.0491218593940295,57937.0703125,298.0,132.77037501818228,11.569888712894405,False,True,science_V_001.fits,1126565.892546566,771.8900940776701,1459.4900247977623,-10.684013370476496,0.0007438899763295352,13.430568689635129,0.012282090553218501
9,254.45524323037972,51.006745514191834,55410.68273925781,216.09982299804688,256.41243926312063,55941.26300957769,4.652753371204152,0.03269624581952524,1.0338014255379648,3744.02001953125,110.0,132.80008269380895,11.569684400002377,False,False,science_V_001.fits,54902.116762836464,240.5309893666339,228.2538183849187,-7.403594596764357,0.004756546933944896,16.710987463347266,0.01314994733051795
10,487.8337273395771,58.382880746698156,44960.506591796875,206.9183807373047,217.28619000202278,45823.108983452505,4.684232417610936,0.017069647445454694,1.0173660803139228,2922.788330078125,108.0,132.76468061433752,11.570778436215546,False,False,science_V_001.fits,44753.583594559044,235.622070069275,189.93799511820387,-7.181691415798079,0.005716075919008926,16.93289064431354,0.013526636683686352
11,205.9809779686027,79.00579758114903,142133.72134399414,309.8655700683594,458.69478597650607,142528.46047646468,4.8631450864872905,0.0034132779170199523,1.0034249682856358,9844.662109375,147.0,132.80743602438272,11.573845274398042,False,False,science_V_001.fits,142372.12990523403,317.26562800107894,448.74741333388266,-8.43818432950886,0.002419401132441078,15.676397730602764,0.012495994474239847
12,13.337595604873993,83.17218157563393,239937.3720703125,384.396240234375,624.1928170889947,239643.5732620284,4.93490513283543,0.002928687373297656,1.0029372897767785,15978.96484375,177.0,132.83665924081657,11.574462234856606,False,False,science_V_001.fits,241002.55916652628,383.38730702978137,628.6138188393527,-9.00967600979341,0.0017271335237341633,15.104906050318215,0.012380604438773658
13,387.48875069408683,80.36977416531201,16187.506317138672,145.485595703125,111.26535406412724,16726.945342097224,4.266932578853962,0.010864667105536019,1.0109840046596488,1016.8959350585938,71.0,132.779902092784,11.574047378430565,False,False,science_V_001.fits,16923.03702471465,200.4522565308936,84.4242779681878,-6.125817635561508,0.012860044836973394,17.988764424550116,0.01776730506490902
14,27.471755085050198,101.97173881957809,164429.73403930664,327.59674072265625,501.9272587284775,164555.67932362872,4.8902199529991,0.0021769960078510397,1.0021817456594417,10663.412109375,159.0,132.83451549351093,11.57725631870873,False,False,science_V_001.fits,165565.42459723479,331.07770339363896,500.0802618241667,-8.602045992082967,0.00217105149489332,15.512536068028657,0.012450294801893412
15,322.47405372906115,105.15844470475578,439019.84088134766,509.93389892578125,860.9348031307194,436889.3734922174,5.063666211919166,0.0009031285426024382,1.0009039449210617,27880.498046875,225.0,132.78976440309785,11.577731762731831,False,False,science_V_001.fits,434879.7878568572,499.3667747535616,870.8624799306505,-9.650544932027973,0.0012466951154979807,14.464037128083651,0.012322768551408491
16,308.85548606889427,115.55439302766911,7001.252532958984,110.04943084716797,63.61916167183118,7834.459345015653,3.8281107523428997,0.045052387542901084,1.0471778629059876,496.9624328613281,48.0,132.791830262437,11.579276781170309,False,False,science_V_001.fits,6071.949713500337,186.99135567295068,32.47182037719553,-5.0129422894776035,0.03343514430014743,19.10163977063402,0.03561186951610736
17,339.03765001281016,122.99333198990223,1579277.8836364746,925.532470703125,1706.3451943903174,1571499.2636736385,6.142239753546654,0.22915734275995792,1.2972816055360021,53422.125,367.0,132.78725162364552,11.580382125639959,False,True,science_V_001.fits,1549075.1302324568,898.1127817310655,1724.8113619390822,-11.02980307798397,0.000629460139211644,13.084778982127654,0.01227569126882197
18,274.4071245012607,127.62082163292929,585292.3707580566,579.9198608398438,1009.264228182205,581872.0256135552,5.101216985173879,0.001245142154924106,1.001246694466759,36587.3671875,247.0,132.79705600763407,11.581070085977164,False,False,science_V_001.fits,580934.527724889,566.6687606924629,1025.1747899689997,-9.964939847658579,0.0010590389176784484,14.149642212453045,0.012305199693208278
19,365.7557037795914,135.34737731868933,150298.95303344727,322.5834045410156,465.92276886437645,150529.70590077876,4.88985918815065,0.004694584552731085,1.0047167276293996,9853.060546875,156.0,132.7831984091567,11.582217868226664,False,False,science_V_001.fits,150126.32436802192,327.6281243483182,458.2217252155525,-8.495764003139687,0.0023693769637161462,15.618818056971937,0.012486405537894577
20,497.39025962485175,138.84723513272723,175332.8321533203,348.5978088378906,502.9659616559891,175207.02156562015,5.015508478260532,0.0030895687542061845,1.0030991437719687,11301.74609375,176.0,132.7632293724681,11.582736149647461,False,False,science_V_001.fits,173925.38240621708,347.52408726582104,500.4700070564652,-8.655529291303946,0.0021693607702599183,15.459052768807679,0.012450000088840093
21,461.64105531596573,139.5112178605696,51618.91613769531,219.1287384033203,235.5643377213601,52455.51412440198,4.71886520893318,0.014579020180465196,1.0147947125939363,3305.374755859375,116.0,132.768652526749,11.582835458930026,False,False,science_V_001.fits,52360.06396720134,243.6997700276031,214.85479432857358,-7.352122295159841,0.005053180234552544,16.76245976495178,0.013260128451242397
22,352.27087758517644,139.10340196151424,9080.551452636719,213.72586059570312,42.48691022849146,10185.349314982424,4.591953995714821,0.03735296208170147,1.0388023445877694,490.8323974609375,67.0,132.78524402871588,11.582776165955677,False,False,science_V_001.fits,8994.357367355471,256.3943486618429,35.0801701141162,-5.439547221876971,0.030949108754838,18.67503483823465,0.033288792540123256
23,399.9510571737336,146.41888508282733,117693.37075805664,293.2177429199219,401.38556959767214,118155.62891580473,4.855814583668404,0.003256070414050183,1.0032667070422017,7689.41845703125,144.0,132.77801084227448,11.583862871648734,False,False,science_V_001.fits,118180.5085599122,302.82976367563145,390.2539404498506,-8.235986510351067,0.0027820346893832775,15.878595549760558,0.012571240713370638
24,28.300969314391658,149.7052299502814,85522.99392700195,251.2608184814453,340.37536948212045,85997.47615858575,4.744207521507769,0.0014396154143619944,1.001441690894797,5760.29931640625,127.0,132.8343905778662,11.58435005865069,False,False,science_V_001.fits,87358.70305222631,266.02643888876014,328.383537430111,-7.907887318468115,0.00330619497096765,16.206694741643506,0.012697531305203676
25,329.50113625177806,161.35746956196076,580699.6103210449,576.8599243164062,1006.6561843573876,578850.4778909279,5.589987774183088,0.24648219684797779,1.3271086573096535,51999.91796875,231.0,132.7886980731369,11.586083521857343,False,True,science_V_001.fits,577327.7718379002,565.8810063172654,1020.2282200548309,-9.958177997416136,0.001064173661008564,14.156404062695488,0.01230564267486099
26,498.8967106836319,165.04475182936474,69184.83312988281,243.349609375,284.3022156787993,69854.72239692883,4.810605294190708,0.019385328310483008,1.0197685481057344,4725.53955078125,127.0,132.7630003273456,11.586629361683219,False,False,science_V_001.fits,68649.22140417818,261.6903636626098,262.3299553081203,-7.6462109139966214,0.004138680993273485,16.468371146115,0.012939283458702757
27,452.05275436795984,168.87828808565862,255888.45053100586,404.96697998046875,631.8748519776777,255263.96861186938,5.002413038647435,0.0009924397070888435,1.0009934256221222,17514.8984375,187.0,132.77010660821063,11.58719988387231,False,False,science_V_001.fits,254627.61847708872,401.1111982365523,634.8055591480246,-9.0693856443467,0.0017102874799286934,15.045196415764925,0.012378265602441096
28,42.094976921196235,174.8272954108087,166911.08346557617,373.3586730957031,447.05291585068335,167079.46773843362,5.023930125777184,0.012524074805306928,1.0126829166015745,12329.3134765625,167.0,132.8322984424962,11.588083715468013,False,False,science_V_001.fits,167526.4296533774,374.64910605415196,447.1555568830399,-8.61483020616178,0.002428014106697059,15.499751853949844,0.012497664924412701
29,52.36954957339525,188.02889980814683,13323.505767822266,130.77569580078125,101.88059552073643,13707.33854688665,4.116375355689471,0.01873445115671024,1.0190921317667723,918.9868774414062,64.0,132.8307399727622,11.590045788940829,False,False,science_V_001.fits,11885.143264076296,187.2710973384665,63.4649096042597,-5.742132926795582,0.017107091253575644,18.372449133316042,0.021046352349486593
30,17.41416548101068,194.15111921024044,246659.1215209961,390.222412109375,632.0988079276705,246362.31258878854,4.939450069072912,0.003256132187759442,1.003266769220167,16221.595703125,178.0,132.83604297175512,11.59095501032591,False,False,science_V_001.fits,247782.1120060535,388.9718272583453,637.0181453822435,-9.039796750030069,0.001704347054899864,15.074785310081555,0.012377446220611158
31,427.4412816725353,195.39870027779847,391984.5291748047,486.5065002441406,805.712830102162,390449.9811347214,5.048495987593719,0.003602969758495833,1.003615998090262,24353.59375,211.0,132.77383986699436,11.591141470601224,False,False,science_V_001.fits,390055.8431128376,477.9107844873341,816.1687406390283,-9.532438844296925,0.0013302396256317528,14.5821432158147,0.012331500862513715
32,264.4579830057555,197.2594413184052,113397.42901611328,289.6591491699219,391.4857491678652,113680.98520262542,4.886383860224245,0.011431602930062734,1.0115637956503014,7322.01708984375,151.0,132.79856523379536,11.59141916933943,False,False,science_V_001.fits,114208.7271093925,296.64764729282194,384.9979197598579,-8.198870102086902,0.0028200152371659682,15.915711958024723,0.012579700393825914
33,186.12937206646862,203.38376589259016,612927.5487670898,590.947265625,1037.1949993183282,609442.3335637173,5.096742643456891,0.002678197638065427,1.0026853896422625,39636.87109375,246.0,132.81044811601774,11.592329128016383,False,False,science_V_001.fits,609068.556500163,578.2618577636775,1053.2746511340465,-10.016287322511415,0.0010307852741267833,14.09829473760021,0.012302800264246032
34,42.358089434689845,205.17678008611145,303695.54263305664,428.8539733886719,708.1560658826315,302908.117493478,4.998711394273165,0.007808478954326459,1.0078699311460524,19982.630859375,196.0,132.83225904872157,11.592593989686762,False,False,science_V_001.fits,303190.2017597598,423.88588335664446,715.2637388130828,-9.2589097791188,0.0015179016369564933,14.855672280992824,0.012353153501841171
35,302.4877494032631,220.1151041908884,483264.64822387695,532.9061889648438,906.8475056793876,480831.69777504215,5.077212227894566,0.0005219056117188314,1.00052217813942,30729.078125,230.0,132.79279583737497,11.594815689105944,False,False,science_V_001.fits,479714.72338726156,521.5246445474168,919.831360613,-9.75707949409408,0.0011803250535798876,14.357502566017544,0.012316230888250023
36,328.773731700874,216.1609732456909,16380.281921386719,145.61277770996094,112.49206408254784,17124.738146429205,4.26601449483141,0.01657224807536606,1.016851515571869,1110.2257080078125,70.0,132.7888080954409,11.594227935284751,False,False,science_V_001.fits,16170.901229001416,201.88568112434686,80.0992974783651,-6.076457435228573,0.013554425995973918,18.03812462488305,0.018276182318550806
37,280.0604847520168,227.01222490919523,399957.6194152832,499.724609375,800.3560599417061,399959.7246505417,6.961384834015005,0.4029145995460496,1.674802296689423,15636.56640625,272.0,132.7961981947851,11.595840742210124,False,False,science_V_001.fits,389358.0614961679,475.89299206288854,818.163049235898,-9.530494801569025,0.001326997107745163,14.5840872585426,0.01233115150278106
38,360.4282376219132,226.65971332859442,12720.881713867188,131.621826171875,96.64720573969205,13262.156811157023,4.010032717570476,0.033750779532203956,1.0349296835819066,882.7357788085938,58.0,132.7840058085998,11.59578794033928,False,False,science_V_001.fits,12123.49262181163,198.01514384088006,61.22507797461068,-5.763691255272939,0.01773292964118767,18.350890804838684,0.021558134653069775
39,42.78844905367937,233.7606595566869,1140141.1902770996,786.700927734375,1449.2689026827506,1132507.3336082809,5.23269482144264,0.0014020468261918273,1.0014040153214172,55171.9453125,296.0,132.83219425066548,11.596841878294859,False,True,science_V_001.fits,1130576.4646365568,770.2681728485887,1467.769933236997,-10.687871725168714,0.0007396935823624715,13.42671033494291,0.012281837104292006
40,317.8392638167046,232.3201588542935,54526.918548583984,220.56723022460938,247.21223770665208,55059.18953802279,4.696578544602269,0.003995980380144926,1.004012012302591,3650.7197265625,115.0,132.79046684439925,11.596629428830695,False,False,science_V_001.fits,53701.75897203415,244.44005651085837,219.69295760512412,-7.379593151573642,0.004941897145157635,16.734988908537982,0.013218121025845268
41,203.87047103484812,237.06706041360906,1095761.813446045,774.9596557617188,1413.9598175197975,1088460.1336455983,5.25624524696292,0.0013864354614249175,1.0013883603334244,51462.08984375,298.0,132.80775683155727,11.597334923918593,False,False,science_V_001.fits,1085732.3851332075,757.1245239789214,1434.0208918704036,-10.643928854340686,0.0007571019405330378,13.470653205770938,0.012282897842485482
42,339.6686168803499,238.74210516149049,480847.75817871094,532.4432373046875,903.0967518957306,478327.83218740765,5.0761382390572045,0.0008030580787316,1.0008037034993196,31457.615234375,229.0,132.7871551150144,11.597583674029316,False,False,science_V_001.fits,477403.3308378927,520.9756296563869,916.3640363614848,-9.751835485913952,0.001184791149498709,14.362746574197672,0.01231665969849399
43,87.23738558705112,238.65490243344428,73646.78833007812,239.83348083496094,307.0746756194455,74230.8457252889,4.734036070331614,0.0029493737102074258,1.0029580982474104,4887.57080078125,124.0,132.82545105813497,11.597569885083873,False,False,science_V_001.fits,74627.61246633656,256.9800137585447,290.4023989058377,-7.736870743089813,0.0037386054801566426,16.37771131702181,0.01281692424089465
44,441.5823268929052,244.179467471185,280800.0035095215,422.8660583496094,664.0400617761733,279912.8265726126,5.026900389538305,0.00538608290500231,1.0054152498898605,18140.6640625,196.0,132.77169386605078,11.598390632963305,False,False,science_V_001.fits,279788.9075453453,416.8081925478784,671.2653746919963,-9.171698105404854,0.001617393121905272,14.94288395470677,0.012365772785045102
45,354.9274905932097,246.1239855086523,12374.482635498047,136.81053161621094,90.44978109003833,13103.423622522816,4.207328300157653,0.014357240796886384,1.0145663737320956,893.4411010742188,66.0,132.78484015577175,11.59868059201908,False,False,science_V_001.fits,11969.9086632285,198.5465430444006,60.28767098982777,-5.749848965343634,0.018008657195982714,18.36473309476799,0.021785502290812473
46,266.03504713035824,247.0631157788262,14860.480529785156,141.52041625976562,105.00591308683144,15427.582102913086,4.236905527529132,0.01712714946796301,1.0174256003293731,1082.55224609375,69.0,132.79832594076427,11.59882054739364,False,False,science_V_001.fits,15329.801920187945,198.28712800462492,77.31112994803368,-6.018463232226222,0.01404325613569193,18.0961188278854,0.0186416045165974
47,233.743951077061,262.44041738078965,233819.91552734375,387.6273193359375,603.2080399490717,233326.81906692847,4.982173248381832,0.004928275655305736,1.004952683846535,15001.4619140625,185.0,132.8032248204027,11.601105772210762,False,False,science_V_001.fits,233092.80727710933,384.4261731821861,606.3395875146167,-8.97344405496742,0.0017905807609400527,15.141138005144205,0.012389614825410202
48,415.17242827243143,262.2082841409558,18670.700164794922,155.5462188720703,120.03313420399324,19863.993126484635,4.367470445861623,0.05295194694544281,1.055912629538337,1310.0946044921875,76.0,132.77570024785203,11.60107027744516,False,False,science_V_001.fits,16244.174983126855,209.42350795253654,77.5661488146231,-6.081366021757693,0.01399708528258553,18.03321603835393,0.018606847461849846
49,368.1897484961439,267.1317040338422,374216.35900878906,476.9736022949219,784.5640874217688,372860.95105771505,5.030966518622193,0.0024871534329137246,1.0024933547888362,25429.1484375,210.0,132.7828279596101,11.601802460464842,False,False,science_V_001.fits,371778.3318490362,468.5680343269883,793.4351142476617,-9.480332060111625,0.001368353858436761,14.63425,0.012335670567199595
50,427.2695477786018,273.71640824144896,764961.7095947266,658.8184204101562,1161.1115990328403,759952.512795565,5.1218319959689325,0.0021742568170052268,1.0021789945106743,49892.17578125,262.0,132.77386483011549,11.602780353257979,False,False,science_V_001.fits,758288.993048516,642.9834458098056,1179.3289516085267,-10.254208754106909,0.0009206082819549008,13.860373306004716,0.012294059364968902
51,404.3196942164765,270.55516016713085,21786.932861328125,162.2378387451172,134.29008318803088,22373.392067529017,4.36552214083941,0.032524000829459165,1.0336173722731554,1483.82275390625,79.0,132.77734661873512,11.602310848761949,False,False,science_V_001.fits,18966.808318692216,212.13541352155207,89.40896762041699,-6.249607511989956,0.012143077242646464,17.864974548121666,0.01725545423863
52,283.1995794534126,274.59224414883386,370263.4024963379,473.33209228515625,782.2486759956998,368819.0115744567,5.033640083618899,0.003288192365877296,1.003299040244825,24190.044921875,210.0,132.7957218622515,11.602911655094648,False,False,science_V_001.fits,367697.01787979994,465.0846448325855,790.6023601621125,-9.468347143140575,0.0013732567150158495,14.64623491697105,0.012336215386653708
53,255.16062956770864,277.993096181267,1333234.7932434082,852.7034301757812,1563.5386771794356,1323971.2224840126,5.431539438028125,0.0010612176493414172,1.0010623450286356,52069.83984375,331.0,132.7999756885045,11.603417090959683,False,True,science_V_001.fits,1317314.8041154125,830.9899371641903,1585.2355668840453,-10.853845805281548,0.0006848824380934518,13.260736254830077,0.012278657907710615
54,318.283249079337,276.26525183101916,175178.41033935547,345.3707580566406,507.2184203580614,175105.42112519115,4.940886313251417,0.0025054579785911413,1.002511751065338,11562.0517578125,168.0,132.79039926369364,11.60316015561241,False,False,science_V_001.fits,173885.84127239953,346.6428259273815,501.6282705612001,-8.655282426120621,0.002164351699686634,15.459299633991003,0.012449128256247987
55,337.5125438314499,280.3182482803215,1016892.862121582,750.5474853515625,1354.868122228484,1010139.4943383143,5.188652511685769,0.0006103631235349072,1.000610735894203,54894.984375,288.0,132.7874819323601,11.603762364956811,False,True,science_V_001.fits,1007341.8828838324,732.798213982538,1374.6511163137695,-10.562564102190137,0.0007898003988905828,13.552017957921487,0.012284956684118317
56,41.209765946187794,283.1428272716262,1016307.3935546875,745.7893676757812,1362.7271151933467,1009603.9571267696,5.1806413415543435,0.0003878089661514261,1.0003879594202931,54881.1875,287.0,132.83243460225503,11.604180589322835,False,True,science_V_001.fits,1008210.4867418554,729.8681209029103,1381.359807158876,-10.5634998999683,0.0007859646663913171,13.551082160143325,0.012284710681061692
57,186.06550390461499,281.27651546051743,110349.16317749023,285.484375,386.5331094827527,110692.70185903169,4.880464337779798,0.009962093858230103,1.0100623357918213,7403.8779296875,148.0,132.81045823888073,11.603904855484517,False,False,science_V_001.fits,106755.95698194363,293.47376122599053,363.7666159181291,-8.125602169049492,0.0029846059327344994,15.988979891062135,0.01261761659879906
58,67.80407326767187,288.1966315528404,498929.8984680176,537.687255859375,927.9184005776513,496515.7379873421,5.083674349646997,0.005194823733535969,1.0052219508477351,33746.15625,235.0,132.82840000377996,11.604932062737042,False,False,science_V_001.fits,495324.8759552842,526.4298576374488,940.913340626689,-9.791847222660587,0.0011538788463524993,14.322734837451037,0.012313724556470937
59,274.54012707376893,292.2661696047305,963724.3618469238,731.8258056640625,1316.8767135403696,956915.9509508074,5.1984189860758105,0.000791168574570511,1.0007917950179062,52358.70703125,290.0,132.79703557136494,11.605538213135159,False,True,science_V_001.fits,953734.5675784631,713.7251893688571,1336.277017799869,-10.503190683244458,0.0008124812337097328,13.611391376867166,0.012286435683944554
60,168.04985229170447,291.72390131918115,232987.87811279297,385.7044372558594,604.0580703981869,232557.4320378172,4.971660477069922,0.004829788914914701,1.0048532289864751,15692.759765625,182.0,132.81319150028764,11.605457341911105,False,False,science_V_001.fits,228461.1966977861,383.286202995289,596.0590152017398,-8.951652992374155,0.0018214639361381663,15.162929067737469,0.012394115818856443
61,202.45421051117373,289.6037827156531,12818.900177001953,135.07974243164062,94.89876088184853,13455.772150536837,4.191977515857351,0.02722624646176408,1.0279882617748834,859.4821166992188,66.0,132.8079719130083,11.605142458695195,False,False,science_V_001.fits,13035.931207721942,194.1686992911566,67.13714030794696,-5.842477023969809,0.016171376901370445,18.272105036141813,0.020293097519766497
62,312.9431980484791,297.87966782647726,566554.5319824219,572.9414672851562,988.8523773065364,563771.7945519214,5.084771358496731,0.0014845822325172398,1.0014867894937831,38656.703125,238.0,132.7912093094597,11.606372323546372,False,False,science_V_001.fits,562992.5821676137,560.5642866034774,1004.3318770427734,-9.930878555907729,0.0010810171665533636,14.183703504203896,0.012307110715962487
63,350.3709156275132,295.2396692367849,79238.99523925781,251.54246520996094,315.0123982967151,79735.18372740931,4.72792910883147,0.007816940173265619,1.0078785261407615,5388.552734375,123.0,132.78553105091802,11.60597976329786,False,False,science_V_001.fits,75629.38817491494,270.48213804473477,279.6095473129049,-7.751348341700039,0.0038829146230297245,16.363233718411582,0.012859759019138486
64,108.12422056145344,298.0812108940163,287798.58026123047,420.20794677734375,684.8956152981247,287062.3137856069,4.989872158195631,0.0011172066991793628,1.00111845624599,19806.869140625,190.0,132.822283054881,11.606401554053974,False,False,science_V_001.fits,286815.7641787624,416.1917481201983,689.1433226973268,-9.198629418201316,0.001575434259089298,14.915952641910309,0.01236035473460563
65,236.13157521369158,298.51233282700304,92524.03713989258,264.8168640136719,349.38876526804495,92990.15104140602,4.785466668712929,0.014222118742402645,1.0144273055957178,5984.7802734375,131.0,132.80286264809786,11.606466463401604,False,False,science_V_001.fits,93496.04552586545,279.3921652448146,334.64089962558717,-7.981604980296668,0.0032443733004983407,16.132977079814953,0.012681574593620544
66,426.1208623622413,300.5548118111315,198073.26400756836,364.0392150878906,544.0987009043715,198025.30652082432,4.949089831986943,0.005429977963228305,1.0054596235990587,12747.8271484375,169.0,132.77403872761374,11.606768853403091,False,False,science_V_001.fits,196910.1086070929,365.0535075233654,539.4006756516087,-8.790291903334795,0.0020127894698842358,15.32429015677683,0.012423674879465113
67,77.1046954184246,306.75892045173237,1174950.4247131348,815.883056640625,1440.096610843911,1167002.3089647787,5.273560491253266,0.003008965416019138,1.0030180466139043,53643.703125,310.0,132.82698925089502,11.607690759168928,False,True,science_V_001.fits,1163142.0273386235,797.906722020302,1457.7418578371476,-10.718703744532302,0.000744782071093749,13.395878315579322,0.012282144617044627
68,182.7355519293243,309.47584388123374,1426142.4251403809,893.0237426757812,1596.9815325035006,1416806.6562577062,5.450060625230887,0.0016628619114672505,1.001665631626858,51912.7890625,327.0,132.81096359670317,11.608095570281309,False,True,science_V_001.fits,1409452.5205658267,861.8961966009024,1635.2926560348521,-10.927248000591215,0.0006639178595912811,13.18733405952041,0.01227750638301035
69,439.6313342923563,307.88339294094186,26652.265747070312,173.93655395507812,153.22981363626235,27435.90544145074,4.459703443900243,0.0037465694414252626,1.0037606590115575,1780.1341552734375,85.0,132.7719888988061,11.607857771576471,False,False,science_V_001.fits,25150.449108090008,219.6102571112799,114.52310761307423,-6.555986235535052,0.009480182843694106,17.55859582457657,0.015497426973870458
70,350.16274538114664,319.7633350115969,1480398.3835144043,897.2354736328125,1649.9552536865558,1470351.1613982685,5.475225032269749,0.00046156507808003955,1.0004617782187797,53920.796875,336.0,132.78556244453284,11.609624253902659,False,True,science_V_001.fits,1462803.1469812223,874.5383234587554,1672.6575699917976,-10.967586588991916,0.000649086830130643,13.146995471119709,0.012276713313164262
71,216.51073639710992,321.86819044882685,62030.09796142578,234.31784057617188,264.7263128104029,62547.10520573778,4.9607636189889135,0.10973560211574496,1.123261811183886,4050.317626953125,131.0,132.80583946210731,11.60993735871488,False,False,science_V_001.fits,61844.13310704825,250.4273227491111,246.9544154692991,-7.532868139609029,0.004396357918674154,16.581713920502594,0.013023990901780627
72,199.4872663247486,330.62171673712317,819121.3645935059,676.926513671875,1210.059508749803,813672.1253989653,5.126214345052529,0.0007889008910817452,1.0007895237470694,50427.375,268.0,132.80842221957084,11.611238166559993,False,False,science_V_001.fits,811879.0530674106,661.5391975998615,1227.2576681971364,-10.32835021531588,0.0008846552994815775,13.786231844795745,0.01229141940784206
73,499.2970754541564,333.9177531510691,1045660.3284301758,764.8328247070312,1367.1750147892976,1037249.736755353,5.231870817036277,0.0011624817049072922,1.0011638346413854,56418.52734375,308.0,132.76293625873978,11.611725752666018,False,True,science_V_001.fits,1033434.7055184379,743.0461261050588,1390.8082812241475,-10.590329479620786,0.0007806252052543142,13.524252580490838,0.012284370222834134
74,17.15936298367322,334.1865138738439,84553.05368041992,252.77342224121094,334.50136066811064,84905.88464472478,4.711239077439187,0.00568301450532227,1.005715495750578,5751.166015625,127.0,132.83608431678425,11.611765816765722,False,False,science_V_001.fits,86350.80568446327,268.08938105358794,322.097075777883,-7.8952878591610265,0.0033707229330721864,16.219294200950596,0.012714485799752751
75,223.0791910812692,333.49783268577477,27641.65594482422,173.18240356445312,159.6100722469581,28366.674126936647,4.465109711253267,0.018349027166115195,1.0186920073161485,1933.3299560546875,88.0,132.80484295804104,11.611665671014693,False,False,science_V_001.fits,27529.028463967483,214.55394855909037,128.3081884479311,-6.654099086125461,0.008461657927939568,17.460482973986164,0.014896175044286976
76,172.9716086352989,346.98006589884517,170464.71926879883,339.71533203125,501.7869468815084,170376.0294214328,4.9358739622318035,0.0020320953491435034,1.0020362331690962,11839.7568359375,168.0,132.81244517346312,11.613669054406852,False,False,science_V_001.fits,170482.63485877524,340.9488279958557,500.02411171463973,-8.633822246305197,0.002171295292695008,15.480759813806428,0.012450337317063145
77,69.37646181287302,349.18349907922004,409336.0436706543,517.1669311523438,791.4969403758623,407473.90034754074,5.057689589398889,0.00014826147325297523,1.000148283457977,26762.5703125,219.0,132.82816236742258,11.613995410724316,False,False,science_V_001.fits,407102.5955360933,508.3483533329014,800.8339023171667,-9.578881552265301,0.0013557118359482406,14.535700507846324,0.012334274629774778
78,372.73232853109283,350.28856586469107,514258.14657592773,549.95849609375,935.0853750393984,511667.9261090238,5.0712466276151105,0.001362243755315684,1.0013641019947397,33996.2734375,231.0,132.78213801072758,11.614160451703532,False,False,science_V_001.fits,511467.7262650069,538.0417666736073,950.609707174051,-9.826667461110386,0.0011421091030382408,14.287914599001239,0.012312627228330209
79,46.615537923953696,358.4391143782875,653282.2698364258,607.5091552734375,1075.345555150335,649805.9603186976,5.084730037084391,0.001238921376856661,1.0012404582070464,40746.8671875,247.0,132.83161574940607,11.615370542468192,False,False,science_V_001.fits,649822.4888602492,595.1903904423465,1091.7892817074887,-10.086608717043855,0.0009944226584657752,14.027973343067769,0.012299807010040674
80,195.87822258141992,357.9871348563359,106602.70220947266,281.1428527832031,379.1762840639484,106965.9707297972,4.832504581029838,0.005305233812466059,1.0053335294331547,7394.1025390625,141.0,132.80896989940447,11.615304955099113,False,False,science_V_001.fits,106300.5731282827,291.6815409416444,364.44052230768295,-8.120960889200958,0.0029790869388651186,15.993621170910666,0.012616312260319666
81,425.85052388112143,356.58981633046693,28615.744018554688,177.71176147460938,161.02335479153513,29398.511717412264,4.445112750561796,0.019723235404059736,1.02012006824643,1918.3946533203125,86.0,132.774078968228,11.615096280175417,False,False,science_V_001.fits,28998.57930251798,222.41895229269554,130.37818496850426,-6.710563677737359,0.008327313348182252,17.404018382374264,0.01482027407504294
82,150.73641636744603,363.4656963854788,144244.19857788086,355.9501953125,405.2370260711454,144429.92133128527,4.9275438111882615,0.0019087562373165667,1.0019124065552572,9141.021484375,159.0,132.81581877265967,11.6161188379385,False,False,science_V_001.fits,144328.83971660092,365.33826298219844,395.0553619499568,-8.453004674718727,0.0027482224127805405,15.661577385392897,0.012563801275517091
83,189.4221273367035,375.447485416945,187035.98526000977,352.4037170410156,530.7435086964222,186975.77055559307,4.94272421988138,0.004080360807479977,1.0040970783654675,11483.185546875,168.0,132.80994949814627,11.61789972504552,False,False,science_V_001.fits,186344.32623834832,353.61540094042783,526.9689208749735,-8.730412309066457,0.0020602733045381794,15.384169751045167,0.012431456155654826
84,413.7186412931185,378.5353801370972,542256.8507385254,639.75,847.6074259296997,541568.6124425251,6.743347386940185,0.370441710551321,1.5884152694990747,23527.3828125,290.0,132.77591931086428,11.618357792621246,False,False,science_V_001.fits,528579.0950590203,547.1781867537503,966.0090768510473,-9.862396831756369,0.0011239024829239864,14.252185228355255,0.01231095174434935
85,168.90559141407084,380.2109936611654,88665.4963684082,263.18328857421875,336.8963768510863,89127.68199036457,4.835221144269309,0.007164701007789542,1.0072164043875778,6011.91357421875,138.0,132.81306228919712,11.618607511904836,False,False,science_V_001.fits,88939.55910702415,275.39751420163026,322.9497527051305,-7.927359304603113,0.0033618232895545807,16.18722275550851,0.012712129321666264
86,334.4041969379133,382.411844178569,718888.4838562012,639.525390625,1124.0968605697433,714553.4665604369,5.110405665767632,0.0015628350754725018,1.0015652813520726,44685.67578125,254.0,132.78795285035298,11.618934626579193,False,False,science_V_001.fits,713666.0891057778,624.9115961642177,1142.0272779163417,-10.188359526805685,0.0009506778174168377,13.926222533305939,0.012296347602971543
87,318.17976368545266,387.3220877662952,14500.024536132812,142.30648803710938,101.8929265709349,15199.620975914635,4.209700153204398,0.005504447605522711,1.0055349142510186,1024.7623291015625,67.0,132.79041439681671,11.619664434915268,False,False,science_V_001.fits,14705.061523032298,203.0422537277817,72.4236519889468,-5.973288988660944,0.014990959033185708,18.14129307145068,0.019365568124773094
88,63.34207886830773,389.96646321688013,136683.45834350586,307.7576599121094,444.12690940833266,136911.64999680658,4.875422925282649,0.014280721670238194,1.0144876152715974,9105.193359375,152.0,132.8290785192326,11.6200561208373,False,False,science_V_001.fits,137091.37211310543,313.8159490986366,436.85278745987426,-8.39714718202895,0.002485276576379231,15.717434878082674,0.012508915849172336
89,282.40660615730826,392.9584292341188,347661.7729187012,461.56195068359375,753.2288404704908,346460.5606590605,5.02733328350638,0.0024804029278586714,1.002486570624917,22807.43359375,205.0,132.7958419032298,11.620502186204197,False,False,science_V_001.fits,346554.7001443335,454.0673351037657,763.2231463316715,-9.404051357383942,0.0014225197508988948,14.710530702727683,0.012341796404991983
90,98.39703414694394,393.02659073785526,90837.48815917969,263.1265869140625,345.22352615339224,91354.09143552888,4.822824813451899,0.006056508096533353,1.0060934129011043,6042.84326171875,136.0,132.82375999857533,11.62051137353212,False,False,science_V_001.fits,91320.68230120123,275.6638434072765,331.2755172113033,-7.956044743179565,0.0032773324426129836,16.15853731693206,0.012690046650819657
91,407.087448662175,398.0529585942303,715586.9234619141,640.4290771484375,1117.3554558892345,710951.1009513141,5.129284452322377,0.0024926394398460117,1.0024988682173195,48833.39453125,260.0,132.77692515360843,11.621258402729639,False,False,science_V_001.fits,708330.9191283305,624.257283791538,1134.6778604266437,-10.180212372698039,0.000956835448954448,13.934369687413586,0.012296825205594794
92,242.39517405058274,397.477441574837,204591.72708129883,366.8966064453125,557.627744403229,204411.93782381804,4.945980640026291,0.002147646345357024,1.002152268657273,12587.65234375,172.0,132.8019124778734,11.621173785032749,False,False,science_V_001.fits,203863.12443763396,366.9947923342971,555.4932350427856,-8.827968564018608,0.0019544792474680208,15.286613496093016,0.012414361247738795
93,40.997304324621744,402.4468385837794,479378.98724365234,533.0476684570312,899.3172948889746,478394.80653770664,5.888324869390626,0.23775570257243417,1.3119153575498248,18550.1015625,256.0,132.83246889767625,11.62191048349957,False,False,science_V_001.fits,473082.65162732167,516.7016312926125,915.5818812567497,-9.741964429954592,0.0011858032822905386,14.372617630157032,0.012316757100993208
94,221.9777593398794,404.68207948890387,878923.2778320312,698.8861083984375,1257.605877796263,874778.16040106,5.334404775000172,0.13142116605274645,1.151305973524019,52235.484375,263.0,132.80501025284647,11.62224443719604,False,True,science_V_001.fits,872207.0923746596,684.4710560708031,1274.278999292611,-10.406170908612498,0.0008520112162271399,13.708411151499126,0.012289113034436312
95,469.53517265122105,404.33950743275193,129243.31649780273,310.2202453613281,416.6179301008126,129501.69550704113,4.91055247492603,0.007432335654813715,1.0074879889017108,8135.32763671875,154.0,132.76745039700577,11.62219174598814,False,False,science_V_001.fits,128739.14713977158,316.6143906863337,406.61179948485665,-8.328898443353586,0.0026701143483182036,15.785683616758039,0.012546947305766066
96,121.25081684254806,406.8394072002982,369578.3243713379,489.6888732910156,754.7206900731485,367846.98441075435,5.070856329058594,0.002389622795744284,1.002395346770992,24578.412109375,218.0,132.82029275198326,11.622564374110583,False,False,science_V_001.fits,366881.285735237,465.07266430636065,788.8687379259915,-9.46593577247407,0.0013762745914540934,14.648646287637554,0.012336551698576784
97,451.013797606255,402.75583266359666,5686.033172607422,105.91014862060547,53.687330691755534,6305.924136158032,3.6372447976235396,0.019284908215624008,1.0196641291412532,455.19476318359375,41.0,132.77026051776943,11.621956695804686,False,False,science_V_001.fits,5886.730649994686,196.07994449181,30.02209463722368,-4.979307286360026,0.036163366118161074,19.135274773751597,0.03818488477207619
98,177.24565543647617,410.81751332055956,756563.6353149414,652.7066040039062,1159.1174819956527,751941.8210771943,5.1194073883753,0.0013656787615996535,1.0013675463906608,50473.8203125,261.0,132.81179712817,11.623156034246442,False,False,science_V_001.fits,751002.784281748,637.9946290499522,1177.1302611121946,-10.243725741837455,0.0009223278305445924,13.87085631827417,0.01229418824841936
99,307.4643770919862,406.6501601658518,25516.04217529297,170.00811767578125,150.08719891807786,26139.368331838814,4.401179716406344,0.00888161418132094,1.0089612041390843,1696.774658203125,83.0,132.79204005796,11.622536849921646,False,False,science_V_001.fits,25939.444888125683,216.04542346615958,120.06477374971438,-6.589523568580333,0.009042618963853942,17.52505849153129,0.01523369074735425
100,342.75374823764537,412.8409505259086,22643.192138671875,164.83160400390625,137.37166652904298,23240.44479561843,4.376250784388162,0.019531627102150173,1.019920711001032,1642.719482421875,80.0,132.78668584046332,11.62345667383143,False,False,science_V_001.fits,20849.583538435763,214.29163023497273,97.29537040515304,-6.352365335412978,0.011158804324182914,17.762216724698643,0.016577553800424805
101,57.394374295429266,415.3900226389163,127002.5181274414,299.147705078125,424.5478603764438,127329.94536334222,4.851221003386317,0.0022163796629165455,1.0022213029135194,8103.798828125,149.0,132.82998131443725,11.62383425142121,False,False,science_V_001.fits,126341.42888116701,306.3748670035485,412.3753038779898,-8.308486334835548,0.0026327958774205063,15.806095725276077,0.012539058584787696
102,411.81318791868597,418.0771524520988,759818.8895874023,658.2977294921875,1154.2176974748622,754814.0162527554,5.133463809659199,0.0024444696121853626,1.0024504596864248,51511.359375,264.0,132.77620790474754,11.624234161841194,False,False,science_V_001.fits,753011.8934649349,641.6886435073674,1173.4848373645705,-10.246626463365352,0.000925193036527239,13.867955596746272,0.012294403532315592
103,136.1551434662048,418.44149568291203,66189.689453125,288.7007141113281,229.26749473713141,66747.5518300499,4.741098426744761,0.008072351123501798,1.0081380442743428,4346.12109375,122.0,132.8180315492305,11.624288722235429,False,False,science_V_001.fits,66195.72390207472,304.6792534602437,217.2636408626107,-7.606696713738571,0.004997154589186672,16.50788534637305,0.013238879486150065
104,35.91193706557274,422.4101150195964,699819.2653198242,627.4151611328125,1115.4006289173574,695839.3427850243,5.095461170792811,0.0018199612206326599,1.001823279518651,45524.609375,251.0,132.8332408111014,11.624877159896451,False,False,science_V_001.fits,694915.1251564078,614.5194162791825,1130.8269629038064,-10.159451285058768,0.0009600938389478029,13.955130775052856,0.0122970791751603
105,474.62019728216006,428.05757778224796,265294.6959838867,414.83087158203125,639.5249586226267,264576.06274929206,5.014824480805958,0.005283861976505655,1.0053119294787,17310.328125,191.0,132.76667846730933,11.625716426050873,False,False,science_V_001.fits,263678.5118189175,409.7426814392968,643.5222000615071,-9.107308721289755,0.0016871212833002968,15.00727333882187,0.0123750860314238
106,168.74977712914398,432.5663443655099,17713.0458984375,150.29603576660156,117.85437858084646,18291.683577629836,4.318553838742975,0.015724784862440666,1.0159760040897128,1164.7266845703125,75.0,132.8130862941216,11.62638809626698,False,False,science_V_001.fits,17311.646062464293,201.95106606972095,85.72198403987467,-6.150467784898838,0.012665362475686202,17.964114275212783,0.01762690508005009
107,148.80295025080775,442.70073191567565,213580.72589111328,372.77410888671875,572.9494640305551,213320.66272382083,4.961513074163479,0.0018386523907585328,1.001842039260649,14268.36328125,177.0,132.81611279500606,11.627894026242013,False,False,science_V_001.fits,212888.95430865575,371.570852817496,572.9430946867626,-8.875004695940534,0.00189495258790678,15.23957736417109,0.012405128833308835
108,434.91568116688103,444.39490550679614,483048.3308105469,557.2881469726562,866.7837875874435,480491.5884305147,5.091275327370505,0.005443182175007166,1.0054729725616993,31388.669921875,231.0,132.7727023452184,11.62814496267872,False,False,science_V_001.fits,478685.7774688067,539.0869811491771,887.956478652828,-9.754748184240562,0.0012226950600632822,14.359833875871063,0.012320363601390941
109,374.43773734525377,448.29909925018427,627454.0948791504,608.3551635742188,1031.3943769174593,625769.2586501387,6.095962013666611,0.26633596375606716,1.3630216973965374,31850.501953125,280.0,132.78187832479824,11.628725887101778,False,False,science_V_001.fits,617492.2701898508,586.0479420394253,1053.654873423837,-10.031200687635714,0.0010304133045691071,14.08338137247591,0.012302769104506865
110,415.4465918996051,450.9936774292799,1170305.7457580566,805.2180786132812,1453.402223374712,1161653.956451685,5.263084004455992,0.0026588502952523685,1.0026659386269579,56027.890625,310.0,132.77565620751562,11.62912587598462,False,True,science_V_001.fits,1157438.259127619,783.862396621716,1476.5834719409138,-10.713366458718722,0.0007352784455679218,13.401215601392902,0.012281571986235817
111,179.35318209429326,450.7475822702963,16720.050689697266,148.3241729736328,112.72640429735984,17594.51038462171,4.3339935958623,0.020564151048411694,1.0209959141994078,1161.87890625,74.0,132.811477613353,11.629090097618379,False,False,science_V_001.fits,17385.983031866974,201.80371381186447,86.1529389299317,-6.15512000262239,0.012602007702639157,17.959462057489233,0.017581438342694045
112,123.68246061917635,459.49284374340004,19639.639709472656,156.70143127441406,125.33159110129571,20888.67377654337,4.442952720855947,0.0159757745170237,1.0162351435089745,1321.257080078125,82.0,132.8199243767458,11.630389283213338,False,False,science_V_001.fits,17915.327460889344,353.0160492914062,50.749328527272354,-6.1876837508387155,0.0213933865039525,17.926898309272907,0.024657115852590557
113,264.544309079629,461.2114994278629,16558.94903564453,149.20977783203125,110.97764018042642,17462.476140188184,4.303068949445023,0.0398213616163019,1.0414728676773466,1122.36572265625,73.0,132.7985519341875,11.630645374911309,False,False,science_V_001.fits,15437.217502546699,204.72561708502965,75.40442531007288,-6.026044432014586,0.014398359188276541,18.088537628097036,0.018910555871660756
114,61.3620738823313,466.84178091082856,54101.65148925781,217.4353485107422,248.81718570513374,54769.65153007924,4.714848214972607,0.0033673902933282207,1.0033787679236377,3532.606201171875,115.0,132.82938012940627,11.63148061313135,False,False,science_V_001.fits,55105.821307339094,240.52951844819307,229.10211462967766,-7.40761557299042,0.004738934870832308,16.706966487121203,0.013143587020694389
115,433.23194974168325,469.3599774407564,92225.58489990234,272.1631164550781,338.8614375861787,92811.0037489124,4.835989360405511,0.010053865282008245,1.010155972056876,5992.169921875,136.0,132.7729574499016,11.631855072242375,False,False,science_V_001.fits,91671.89543548215,286.3461032814975,320.143680619123,-7.960212401654145,0.0033912898043165322,16.15436965845748,0.01271995371836851
116,174.9340339969717,472.217504937367,67502.68151855469,237.94729614257812,283.68753338599424,68107.04347573883,4.76397649119222,0.011751116099434689,1.0118908468209482,4644.54638671875,124.0,132.8121482499149,11.632280738400302,False,False,science_V_001.fits,67494.75350220685,256.88682894155426,262.741199228875,-7.627796913022317,0.004132203107797503,16.486785147089304,0.012937212937285485
117,277.9008110332403,480.2606575262167,1419173.2781677246,880.4766845703125,1611.8238029895194,1408846.8997471973,5.427313386743871,0.0016263491645482908,1.0016289984848732,55392.35546875,340.0,132.79652536494774,11.633476273379047,False,True,science_V_001.fits,1401930.1060043254,857.129966309453,1635.6097221062284,-10.921437779491779,0.0006637891578450075,13.193144280619846,0.012277499424013353
118,243.58224153571882,481.032183604672,952693.6734313965,728.9536743164062,1306.9330836761442,945599.9093155548,5.193928951263112,0.0012631540935972296,1.0012647516698463,55038.1796875,290.0,132.8017324515797,11.633590946324341,False,True,science_V_001.fits,942758.028192995,710.3185553103406,1327.2327199464764,-10.490622472518838,0.000818017807791676,13.623959587592786,0.01228680305020146
119,195.74697676040785,481.48354497568516,123457.48095703125,300.9226989746094,410.2631053679606,123774.67873800636,4.926584810807037,0.005027038610932899,1.0050524374088665,7762.923828125,155.0,132.80899040293224,11.633657889476208,False,False,science_V_001.fits,123031.1542194381,306.6586343138808,401.199054755815,-8.27965961996426,0.0027061379809600957,15.834922440147364,0.012554662832293442
120,326.00460977929737,493.09838661719266,19749.723266601562,155.1847686767578,127.26586143089376,20605.071823215476,4.293165040444308,0.01609796980104239,1.0163613543899153,1394.91064453125,72.0,132.7892266010342,11.635383922601424,False,False,science_V_001.fits,20397.86008233483,211.03035219783118,96.65841842131213,-6.328583395157011,0.011232337728387816,17.78599866495461,0.016627140069932052
121,357.8333216384927,493.28882846558105,2197.8267822265625,75.50172424316406,29.109623710687032,3083.626682586153,2.9112900542404385,0.09744558814523596,1.1079664415411627,197.54537963867188,23.0,132.7843972617483,11.635412004780804,False,False,science_V_001.fits,2959.7870005247382,190.25261741033577,15.557142081998727,-4.232773020079122,0.06978788226510259,19.8818090400325,0.07085650913718793
122,29.07527033492982,14.011826894686562,793883.9733581543,657.216796875,1207.9483925745553,792365.6438171123,5.068341377775167,0.013528534541492387,1.0137140657537462,54258.6484375,224.0,132.83427063970922,11.564184532981315,False,True,science_V_001.fits,804961.2626313189,655.2968412194006,1228.391794371261,-10.319059327040518,0.0008838385317900171,13.795522733071106,0.012291360649287464
123,31.70847411221044,22.43104797598477,88433.29614257812,244.93862915039062,361.04266790960395,94390.53883744053,4.543411968287307,0.12999833402808914,1.1494230863142811,5879.1083984375,101.0,132.83387136023828,11.565435768738544,False,False,science_V_001.fits,217256.18658418526,373.3117999356786,581.969781350652,-8.897052254692117,0.0018655607813180207,15.217529805419508,0.012400673090174077
124,211.1205701577449,19.64821037929361,1480491.9479675293,891.3363647460938,1660.9800817329635,1472166.108667831,5.508946892490772,0.06593280319425032,1.0705867879952558,56075.94140625,320.0,132.80665616089627,11.565024098843882,False,True,science_V_001.fits,1463829.510733767,872.867121187551,1677.0359144037884,-10.968348119707523,0.0006473922178261655,13.146233940404102,0.012276623833297064
125,238.89921484997612,16.954642870903292,1251775.2274780273,816.3102416992188,1533.4552521016415,1249381.91436174,5.201653478862058,0.03206599073606253,1.0331282819171186,56149.34375,236.0,132.80244239433588,11.564623870647281,False,True,science_V_001.fits,1250276.4752912724,809.8046981660382,1543.9234646610091,-10.797137023394228,0.0007032084328340598,13.317445036717396,0.012279693732360939
126,227.40019308889882,16.45108275528872,211418.5489501953,363.5365905761719,581.5605758284646,212032.03993647613,4.979385348255144,0.010414266464413235,1.010523864796641,12886.353515625,155.0,132.8041866857923,11.564549016229712,False,False,science_V_001.fits,222429.0164130223,380.28447735483707,584.9016451057441,-8.922600477517213,0.0018562095167363,15.191981582594412,0.012399269729729974
127,249.39166852956936,24.454204609419676,1415537.6916809082,874.724853515625,1618.2662307943933,1407839.3874704745,5.620230284139039,0.11250182825119748,1.126762884513344,55699.34375,333.0,132.80085079198426,11.565738397421542,False,True,science_V_001.fits,1396872.6074990658,853.7805763690249,1636.1025843896725,-10.917513876472142,0.0006635891968870685,13.197068183639482,0.012277488614647575
128,341.64265334911363,25.518498920028353,1358754.8940124512,857.0001220703125,1585.4780635620168,1349776.0722351577,5.343104544697597,0.0016143522158437174,1.00161696256294,56463.203125,307.0,132.7868571290878,11.565896268474594,False,True,science_V_001.fits,1344228.6654964946,838.6473054614103,1602.8533767921922,-10.875804755129009,0.0006773545326852187,13.238777304982616,0.012278240314618574
129,340.51249170550807,41.364636883427245,819759.7850646973,671.681396484375,1220.4592673779182,819035.6892892023,5.103352807555895,0.021006109820731922,1.0214568344414134,50467.51171875,230.0,132.78702845524163,11.568251187479776,False,False,science_V_001.fits,817882.9534963617,663.8686968112667,1231.9950577951113,-10.336349765591477,0.000881253535174943,13.778232294520148,0.012291175039589744
130,351.76188027017224,41.89898940492016,280794.84765625,414.0564880371094,678.1558936255192,281093.51000922394,5.007658605748842,0.018669874070653347,1.019025069726635,18923.828125,172.0,132.78532200339532,11.568330517282435,False,False,science_V_001.fits,293257.62302047893,422.17298831041893,694.6385276664124,-9.222745149306485,0.0015629711810649638,14.89183691080514,0.012358772389416968
131,61.61559479048032,25.645125025479746,182604.71417236328,340.0634460449219,536.9724864466658,183252.2053482724,4.933589096627179,0.016459894815689546,1.0167353570321416,11744.8828125,155.0,132.82933477191486,11.565913907558977,False,False,science_V_001.fits,189373.93612706498,349.44988547190945,541.9201550783963,-8.747922389179047,0.0020034316676096654,15.366659670932577,0.012422162231566485
132,49.87898955391625,30.464700698661517,1309494.0306396484,837.1378784179688,1564.2513191666144,1301850.487205433,5.282739813896302,0.002871223747818785,1.0028794914119425,59112.046875,294.0,132.83111519123443,11.566629965225205,False,True,science_V_001.fits,1294113.1452433448,822.1444630172366,1574.0702558453079,-10.83455249572011,0.0006897404966317447,13.280029564391514,0.01227892983990337
133,37.124539993994,41.15293680115046,96016.55252075195,263.5150451660156,364.36838913793747,96537.60949131678,4.834937681742547,0.024708140564039804,1.0253340990442894,6540.96337890625,137.0,132.83305012167583,11.56821814228198,False,False,science_V_001.fits,62368.16391662382,274.65664428154645,227.07684381627826,-7.5420292711810655,0.004781200855858339,16.572552788930558,0.013158885123164352
134,13.138200246108692,28.56625802731793,288194.2897338867,413.85791015625,696.3604721849593,288779.8937862297,4.974857832803545,0.0030350304769751757,1.0030442699289899,18370.798828125,174.0,132.83668842170044,11.566347187921698,False,False,science_V_001.fits,286470.2669026408,415.04984417045677,690.2069014751645,-9.197320755766135,0.0015730065835035214,14.91726130434549,0.012360045540867599
135,16.432868588935385,41.80638158530917,1365925.1598205566,848.611572265625,1609.599968303292,1367633.1534079679,5.21547253115548,0.03397958826027758,1.0351748139556214,60001.0,238.0,132.8361889039367,11.568314878796405,False,True,science_V_001.fits,1425900.0824457915,860.5910603992646,1656.884608799278,-10.9398446093544,0.0006552659094267236,13.174737450757224,0.01227704156027145
136,20.969294534030794,49.55430318397354,460955.7144165039,507.77410888671875,907.7968063931756,463527.7596943414,4.903240520737703,0.09515647042773145,1.1051634534787613,29168.576171875,175.0,132.8355009087236,11.569466390052163,False,False,science_V_001.fits,680548.7531372989,606.8759456253073,1121.3968160100353,-10.136769980622864,0.0009681675429246843,13.97781207948876,0.01229771216331511
137,138.58549639603035,36.39312702182604,1219647.671295166,807.5086669921875,1510.3833818132455,1215756.9636167665,5.211933607143371,0.039885419732555105,1.0415423539568005,55649.953125,259.0,132.81765921658337,11.567512119973179,False,True,science_V_001.fits,1240216.7165418507,805.4186015231461,1539.8411635843122,-10.788365826008139,0.0007050727215739572,13.326216234103486,0.012279800633694478
138,138.22028891624453,47.02663873498667,901494.0182189941,771.37939453125,1168.6778576277784,904970.8275964349,5.395266182160873,0.14900720873204798,1.1750980857429263,54924.4453125,207.0,132.81771471594365,11.569092374045026,False,True,science_V_001.fits,933412.3174294892,763.2554659695954,1222.9356474293131,-10.479805693023447,0.0008877817915294309,13.634776367088177,0.012291644827684649
139,128.01361915478492,56.877601775748694,1642884.677581787,934.7537841796875,1757.5587340612208,1635471.0472285924,5.678209254720724,0.11909755005063527,1.1351994764658462,55966.078125,322.0,132.81926309662794,11.570556237957282,False,True,science_V_001.fits,1621472.1580505653,916.3372187131845,1769.5146774978803,-11.079395613780738,0.0006135580641440035,13.035186446330886,0.012274886132207162
140,220.3840227102513,40.43144527310643,1528397.6635437012,907.8992919921875,1683.4440526877877,1516269.5169274928,5.548154823907335,0.028545712688715863,1.0293845145999843,55181.45703125,353.0,132.8052510390636,11.568112746086438,False,True,science_V_001.fits,1503876.7350096821,884.4383677502916,1700.3748252521311,-10.997652476151075,0.0006385062774844439,13.11692958396055,0.012276158451525567
141,199.33708609924972,44.13269226378685,1342013.7804260254,852.953125,1573.3734259148478,1334930.6875029479,5.857905489248723,0.18565397076195966,1.2279792177972189,55353.4296875,335.0,132.80844371630477,11.568662717381972,False,True,science_V_001.fits,1321329.8809865036,830.7522898186985,1590.5221053015305,-10.857150014986605,0.000682606042620309,13.25743204512502,0.01227853114464419
142,272.95944707499604,43.573805160781376,346889.0960998535,452.1268615722656,767.2384137795992,350335.84029833425,4.959158544956548,0.030809792917062206,1.031789211954373,22738.767578125,178.0,132.79727574141305,11.568579770085151,False,False,science_V_001.fits,360316.6937493074,459.53040573964455,784.0976119291909,-9.44633283350534,0.0013846490328273643,14.668249226606285,0.01233748876411587
143,272.11341861357573,52.86594977188094,144774.10021972656,308.80279541015625,468.82380072834366,146334.79299075477,4.823104010823049,0.03623255514104784,1.037594707451807,9812.533203125,132.0,132.79740406488642,11.569960686792346,False,False,science_V_001.fits,181386.85787106658,348.09596031297883,521.0829154925517,-8.701136418215503,0.0020835455696599572,15.413445641896121,0.012435334261748867
144,62.87439790236601,51.28069046578558,828611.9607543945,675.282958984375,1227.058893949621,823173.2425421546,5.132662090726141,0.003765642120891588,1.0037798757803418,55113.3671875,265.0,132.82914422032076,11.569723654867516,False,True,science_V_001.fits,819497.9495287271,661.9022930046166,1238.0950454314432,-10.3384915521828,0.0008769116749204522,13.776090507928824,0.012290864499545482
145,47.05061319411319,59.40211500137938,1375685.0838623047,853.6144409179688,1611.6000596040833,1373176.0074664906,5.304638133213369,0.027948566240110106,1.0287521475401822,58487.5390625,260.0,132.83154471801814,11.57093033850267,False,True,science_V_001.fits,1403104.7709322695,855.381172527828,1640.326927918936,-10.922347127411669,0.0006618802517479947,13.192234932699956,0.012277396366014643
146,38.49534280600803,63.44406607468135,471681.43365478516,529.794921875,890.3094653785183,474725.1140132641,4.929978213294593,0.0950265074176434,1.1050047412399713,29525.416015625,180.0,132.83284257101445,11.57153087380101,False,False,science_V_001.fits,616672.2590434838,595.1385427451489,1036.1826948713622,-10.02975790444135,0.0010477881992950917,14.084824155670274,0.01230423651313472
147,53.05445163086753,74.65549908134238,616079.117401123,587.5476684570312,1048.5602283454186,612533.6287974284,5.128932549803847,0.006067836162904849,1.0061048795719416,40373.33984375,236.0,132.83063422109552,11.573197257104445,False,False,science_V_001.fits,606930.8798917007,577.0016450137053,1051.8702765176422,-10.0124699600862,0.001032161497703268,14.102112100025424,0.01230291564702923
148,54.6703271508018,89.53352152455457,576110.0268249512,570.1272583007812,1010.4937422953624,573057.0996879287,5.0922638879032895,0.00352405119428989,1.0035365140508543,36192.046875,234.0,132.8303893413402,11.575408321450011,False,False,science_V_001.fits,571576.7628731346,559.9916814797238,1020.6879526545794,-9.947308285250104,0.001063694341817535,14.16727377486152,0.012305601233316081
149,155.42010259832796,57.47416568621779,553290.1217346191,563.6104125976562,981.6889634535471,550458.7541214814,5.228875871643999,0.052216218573851614,1.0550929648693512,32517.556640625,248.0,132.81510570973222,11.570645138970226,False,False,science_V_001.fits,547684.6170443877,550.5442995771948,994.8057176597719,-9.900948231445204,0.0010913688780901383,14.21363382866642,0.012308024296719573
150,148.38444137261752,72.3685407574007,109754.95040893555,338.26483154296875,324.4645620069248,111220.85804761111,5.1081973479430856,0.04298817324969606,1.0449191661462216,7339.921875,140.0,132.81617310402078,11.57285855072844,False,False,science_V_001.fits,118777.66177331915,356.4247226024849,333.2475393571115,-8.241458803078444,0.003257938534503484,15.87312325703318,0.012685051815234273
151,144.72228680967388,83.91801358036187,1386653.7276916504,858.3934326171875,1615.4057976233935,1382003.6203361999,5.359480648179305,0.01483585671904275,1.0150592739496527,55141.60546875,263.0,132.81672873734885,11.574574898934694,False,True,science_V_001.fits,1380953.6370698249,848.8478001301058,1626.8565894358933,-10.905069619541168,0.0006673606063681758,13.209512440570457,0.012277693034096744
152,135.94406986308869,88.53384230976002,168676.4090576172,323.1402587890625,521.9913163705322,173398.15616935922,4.83645169881673,0.11237158991630392,1.1265975588880803,11045.9384765625,122.0,132.81806040136524,11.575260782741204,False,False,science_V_001.fits,276087.8435801133,411.1413375075796,671.5156526313132,-9.157240085656209,0.0016167903097205828,14.957341974455415,0.012365693954088545
153,132.94752326251594,100.76870590860452,1410105.243927002,869.4175415039062,1621.8964727670684,1401766.386696045,5.416469803420564,0.007401323006256066,1.0074565110530596,54789.76953125,308.0,132.81851508694893,11.57707899048484,False,True,science_V_001.fits,1392930.49613685,852.1712986470582,1634.566311196262,-10.914445490841453,0.0006642128817676583,13.200136569270171,0.012277522340149973
154,151.2555344434021,103.28287421672196,110603.17199707031,280.21685791015625,394.70563199496064,111331.93264394629,4.882301533570621,0.027776359143893647,1.0285699277168727,7263.947265625,139.0,132.81573783261683,11.577452786969952,False,False,science_V_001.fits,107503.24090657188,295.9640342827388,363.2307593289273,-8.133175766917025,0.002989008976018007,15.9814062931946,0.012618658832034878
155,199.6026807833173,112.12816074046242,644765.8070373535,604.3422241210938,1066.8885629744777,640975.1637303354,5.1063063544002185,0.002006777693362327,1.0020108129479317,41705.5625,251.0,132.8084037317246,11.578767598404985,False,False,science_V_001.fits,638185.2776686781,591.2456441631842,1079.3910855308363,-10.06698882706521,0.00100584488287307,14.047593233046415,0.012300735749904456
156,151.60638131238068,113.64498465247871,118876.51013183594,297.43988037109375,399.66567355904834,120582.79162095085,6.413005085851209,0.37145728689710755,1.5909817728430176,5689.3447265625,173.0,132.8156846965563,11.578992714304375,False,False,science_V_001.fits,118523.86444097199,299.84960771396595,395.27770386158005,-8.239136381795593,0.002746676550165842,15.875445678316032,0.01256346322205014
157,164.6737276355751,117.45291480955252,390523.6770629883,479.1588134765625,815.0192923083742,389218.34729898465,5.068451945421103,0.003935590545247947,1.0039511406169028,24539.470703125,203.0,132.81370242987745,11.579558714906444,False,False,science_V_001.fits,386823.68280205637,473.0619288558967,817.7019946153601,-9.523404512460946,0.001327745324273917,14.591177547650679,0.012331232043340473
158,165.4049650152757,132.56972309788478,866104.0863037109,692.5684204101562,1250.5682626862808,860010.6550220854,5.157731132575354,0.008422553498914409,1.008494095472456,52617.87109375,274.0,132.81359161155473,11.58180524545928,False,True,science_V_001.fits,846665.8626585075,677.1971063735643,1250.2502664142494,-10.373901997758688,0.0008683861376921089,13.740680062352936,0.012290259173211582
159,192.37381298596705,130.85918995303985,1021955.9047241211,745.2239990234375,1371.3405715104732,1017784.8731130234,5.192597236001965,0.008131341177889828,1.008198001928548,53891.44921875,259.0,132.8095004327081,11.581551203406168,False,True,science_V_001.fits,1009852.7090906108,733.5928186417402,1376.5847803150125,-10.565266961235324,0.0007886909804069987,13.549315098876301,0.012284885409443221
160,185.50034948825822,141.25112359692227,168582.1005859375,321.1940612792969,524.8605777905263,178177.20135766343,4.7745213060349965,0.06417041027936787,1.068570614761737,10575.31640625,110.0,132.8105431934819,11.58309552416853,False,False,science_V_001.fits,245842.82935926088,408.56057693125814,601.7292006140497,-9.031265737769035,0.0018043000055374915,15.08331632234259,0.012391605003814404
161,193.78489163020996,142.65846259087323,366982.18869018555,504.4475402832031,727.4932661663038,370209.8740506169,4.949607605740002,0.07236245847246359,1.078007255240344,23408.291015625,143.0,132.809286430816,11.583304713137219,False,False,science_V_001.fits,420040.3355828999,528.0809947297205,795.408923583555,-9.612849365987818,0.0013649582847381158,14.501732694123806,0.012335294369395925
162,203.7889973277364,148.62679783735462,1381648.0530395508,860.001953125,1606.5638549064206,1374318.668556795,5.341997610944733,0.015073719230905724,1.015304413665493,57282.09375,282.0,132.80776882598627,11.584191718420424,False,True,science_V_001.fits,1367724.6539056553,845.9630091162461,1616.7665006233299,-10.89461856244732,0.000671525541617431,13.219963497664304,0.012277920125722442
163,131.10683242561356,150.8332332690683,562847.2413635254,578.9264526367188,972.2258134863926,564073.9600080694,6.564746061396793,0.3466028742221383,1.5304628082186795,21841.5703125,251.0,132.81879481566824,11.584519116403136,False,False,science_V_001.fits,553161.1223705251,564.6887327276982,979.5859033675251,-9.911750996898016,0.0011083254631040385,14.202831063213608,0.012309539446816863
164,175.8523715476864,148.52495429989014,1058755.3930358887,754.2042236328125,1403.804645824084,1064849.2542577945,5.15899349709836,0.05522275272357291,1.0584505531677093,53459.04296875,230.0,132.81200684355363,11.584176439466924,False,True,science_V_001.fits,1127907.8784320985,775.1833563899332,1455.0207626810006,-10.685305949572372,0.0007461749191808814,13.429276110539252,0.012282229157225093
165,151.98312069135167,150.3591517588964,154235.50036621094,316.3157653808594,487.59978871272506,156300.33002183217,4.8441107835875155,0.07514398159160218,1.0812493837915644,10146.3154296875,135.0,132.81562785128637,11.584448849779893,False,False,science_V_001.fits,191240.68375478697,360.5205041405329,530.457162792162,-8.758572593507823,0.0020467251196783017,15.356009466603801,0.012429217987311099
166,142.8449836669116,153.61810353792427,590079.1853027344,572.2913208007812,1031.081835169304,590236.693614048,5.076618533103616,0.024109001966714838,1.0247046053455784,38142.08203125,192.0,132.8170141478969,11.584933088486805,False,False,science_V_001.fits,597863.288562324,574.9310417778487,1039.8869518569782,-9.996126590655749,0.0010440557967009887,14.118455469455876,0.012303919236048348
167,167.6501351190101,154.23427486633727,1323974.5591125488,840.83447265625,1574.5959545759683,1335885.3801390603,5.30077937595824,0.03875765172783563,1.0403203747707357,52952.11328125,263.0,132.8132511724284,11.585024853904038,False,True,science_V_001.fits,1375291.9337515435,848.1590538888755,1621.5023909085478,-10.900609113565778,0.0006695642301160401,13.213972946545846,0.012277813010419506
168,195.96705810887286,163.80690615608344,1368566.0907287598,867.7447509765625,1577.1528311621262,1343402.9016328035,6.227843966863428,0.24370749873902975,1.3222397396942254,58779.20703125,396.0,132.8089554955361,11.586447616941282,False,True,science_V_001.fits,1329453.421970665,834.4823346665398,1593.1474720814986,-10.863804689594826,0.0006814811679558441,13.250777370516799,0.01227846866033603
169,133.14315125603588,165.53131228403095,454911.3366699219,506.7484436035156,897.7064308970004,458893.68218313006,5.000591219955028,0.03193758296890192,1.0329912435469293,28944.259765625,174.0,132.81848604807857,11.586703433775638,False,False,science_V_001.fits,460993.9745771322,521.3232477038148,884.2766490993739,-9.713859996490044,0.001227783184262271,14.400722063621581,0.012320869596263601
170,122.54006644261722,168.25930120266972,1120052.9627685547,772.7947387695312,1449.3537631375948,1122629.2008023614,5.333999487853241,0.13583096394683636,1.1571810123713806,52721.06640625,222.0,132.8200945917505,11.587108736639339,False,True,science_V_001.fits,1401800.504843273,855.9747849023246,1637.6656527367597,-10.921337404175912,0.0006629558348406766,13.193244655935713,0.012277454398185518
171,114.39938214036671,169.41553019616978,986339.3289794922,726.6087036132812,1357.4559788158633,990637.3922057993,4.975304819616865,0.05769980835559185,1.0612329370907798,53916.8515625,209.0,132.82132956882322,11.58728047725273,False,True,science_V_001.fits,1300063.6336760644,825.1279726453964,1575.5903045051346,-10.839533399188808,0.0006890750704009946,13.275048660922817,0.012278892479096954
172,134.23915444140172,183.80684743798957,224228.0546875,379.9339904785156,590.1763472257152,223585.9908547494,5.014275765049723,0.007213503958338974,1.00726591667705,15112.0966796875,191.0,132.81831995990152,11.589419391611251,False,False,science_V_001.fits,222469.79387354123,375.35847371871535,592.6862171766362,-8.922799505090781,0.0018318293365617996,15.191782555020843,0.012395643378980538
173,99.70607927615536,61.22637718382053,626331.156829834,588.7219848632812,1063.882737410064,625661.4650305214,5.054039050732696,0.02308015131360397,1.0236254298084315,40847.875,209.0,132.82355722725697,11.571202198780599,False,False,science_V_001.fits,662056.0301030813,599.1705415011371,1104.9542396466845,-10.1068587378776,0.0009825746271150187,14.007723322234025,0.012298854782394408
174,89.7585131125755,62.19712216828033,683723.895690918,612.967041015625,1115.4333755988837,688140.663756999,5.032158404158028,0.046819788456721634,1.0491195556619,45563.19140625,213.0,132.82506622698247,11.571346336398383,False,False,science_V_001.fits,718701.7612949682,622.1191135410184,1155.247838640119,-10.195993646958287,0.0009397983390975343,13.918588413153337,0.012295511253247913
175,306.7567161847909,65.24543857195995,126243.43530273438,292.31805419921875,431.8701273808348,127559.9476762868,4.747169179659653,0.05559143010673584,1.0588637501595508,8379.2841796875,126.0,132.79214885291978,11.571800321746371,False,False,science_V_001.fits,162846.23693429845,334.5677889088947,486.73614834643473,-8.584066192291713,0.0022305719509191917,15.530515867819911,0.012460811662520345
176,302.36441477655404,71.56857240056219,92370.68377685547,258.2777404785156,357.64090086013107,93402.81438011126,4.735885698611332,0.07649107485245121,1.0828265680705038,5747.34228515625,116.0,132.79281511633334,11.572740026643812,False,False,science_V_001.fits,142901.02528823103,319.5345011446868,447.21626233257587,-8.442210236001236,0.002427684526356984,15.672371824110389,0.012497600898576045
177,491.2637204514931,81.22618914361784,415422.7152404785,501.9548645019531,827.6097008297089,412837.0079518998,5.128935883987098,0.008916507890110226,1.0089967272798865,27425.052734375,234.0,132.7641598697741,11.574173140719084,False,False,science_V_001.fits,409287.5970107029,488.58544086487586,837.6991264541103,-9.584693334167218,0.001296050056296048,14.529888725944407,0.012327859579383624
178,488.9292813058973,99.75879856760848,1203580.7569580078,803.7476196289062,1497.4610531521155,1223212.8774065506,5.098374857616876,0.06403380854833796,1.0684146597742201,58156.6484375,233.0,132.7645136439227,11.576927334692224,False,True,science_V_001.fits,1477872.0875566404,880.0694557686818,1679.2675599289125,-10.97871399086535,0.0006465318725301645,13.135868069246275,0.012276578494139682
179,485.93746091043516,107.21351498842607,891473.5190429688,690.8732299804688,1290.3575943565957,923775.2912631147,4.856715513341299,0.047815059778348545,1.050216147891625,56734.76171875,166.0,132.76496735551217,11.578035242914318,False,True,science_V_001.fits,1500892.671130454,886.1895223759404,1693.6475022932434,-10.995495966403935,0.0006410424828837959,13.11908609370769,0.012276290625650626
180,492.5490937615389,111.59113608324778,609980.2957458496,584.9598999023438,1042.7728393821233,611446.4808437994,4.967889461044833,0.10657707417225648,1.1192907312888958,36528.44921875,195.0,132.76396430170038,11.578685683525025,False,False,science_V_001.fits,922930.2142774013,704.1083744169148,1310.7786355214096,-10.467544033701994,0.0008282863105776237,13.64703802640963,0.012287490967356431
181,463.6834919742564,89.82262527117147,1431581.112335205,875.409912109375,1635.326596754757,1441841.7481134653,5.310938012945305,0.04248646042863802,1.0443716549926358,56793.1328125,268.0,132.76834352577993,11.575451150583367,False,True,science_V_001.fits,1626840.4995090512,920.45060608037,1767.4392180985778,-11.08298431265424,0.0006142785499396144,13.031597747457385,0.01227492216665717
182,461.48172961000733,98.32782182075358,1073286.4295959473,767.3728637695312,1398.6504869662585,1091308.0732636284,5.21008362962352,0.1158942084595822,1.1310863581807946,56322.3828125,252.0,132.76867738328482,11.576715152968264,False,True,science_V_001.fits,1345491.13608818,842.1934057350925,1597.6035040476168,-10.876823976632071,0.0006795803822721465,13.237758083479553,0.01227836330935621
183,176.9563179170533,87.8256746100102,295354.6057128906,419.255859375,704.4734118998039,297252.06623537076,4.966024028819339,0.030015486452583562,1.0309442945050857,20087.919921875,167.0,132.81183899104877,11.575155860271488,False,False,science_V_001.fits,312794.5597897182,430.9072386501687,725.8976682999282,-9.292769851747536,0.0014956653636079842,14.821812208364088,0.012350440920893158
184,187.4102669709029,93.10819320976174,1312261.4886779785,836.326904296875,1569.077213630041,1309225.6620279439,5.348248022886683,0.01906977279031674,1.0194404986831345,53539.015625,256.0,132.8102531951489,11.575940961172606,False,True,science_V_001.fits,1327915.5232955555,833.1896614427195,1593.7734044805447,-10.86254799359843,0.0006812135256792417,13.252034066513195,0.01227845380852752
185,196.45282440774434,94.03748251752042,177372.07595825195,340.1523742675781,521.4488840190297,191806.53014386763,4.680061180251689,0.12768390085944847,1.1463734315866105,13099.0322265625,124.0,132.80888147373525,11.576079108891355,False,False,science_V_001.fits,375610.3056796722,474.4843792699527,791.6178531685083,-9.491465622951614,0.0013714950915450007,14.62311643716001,0.012336019408492662
186,241.10519957550562,93.15669717990538,26350.00961303711,168.856689453125,156.04954531784736,27171.430565833973,4.497803493638161,0.02626993240704223,1.0269786599811803,1874.813720703125,89.0,132.80210785287312,11.575948342126415,False,False,science_V_001.fits,26807.658320515162,208.49095316803957,128.57947989191032,-6.62526907284605,0.008443804570625796,17.489312987265574,0.014886040833193247
187,249.00588153560162,108.6419010964538,1313788.6597595215,848.8843994140625,1547.6649832019018,1302422.8839783738,5.577632682813562,0.08088892084732024,1.0880077747750478,53460.30078125,367.0,132.80090935320004,11.578249621321307,False,True,science_V_001.fits,1294393.4652433367,823.0533676667249,1572.672582475198,-10.83478765337655,0.0006903534862235842,13.279794406735075,0.012278964288429079
188,297.4393547666366,97.80976981803516,943923.3996582031,720.2913208007812,1310.4744877514277,940997.9745867765,5.19724379554892,0.024315245534157426,1.0249212108961048,53996.26171875,264.0,132.79356213301776,11.576639776817315,False,True,science_V_001.fits,938044.4006019842,707.3558649717958,1326.1279746926064,-10.485180362526043,0.0008186992663748482,13.629401697585582,0.012286848438445814
189,285.90250275264617,101.25351766941392,421893.82260131836,496.5747375488281,849.6079053152268,421954.8532229767,5.067903875646162,0.016981439033620482,1.0172747898238326,28193.388671875,202.0,132.79531223081278,11.577151589332283,False,False,science_V_001.fits,426974.2358540904,494.4486939405531,863.5359767082831,-9.630626048933786,0.0012572724579913684,14.483956011177838,0.01232384315439787
190,352.03817931454387,101.14830084713591,958157.3469238281,727.1203002929688,1317.7425338527487,952125.2371235045,5.174960115971436,0.004850702444211263,1.0048743464484426,53578.77734375,272.0,132.78527962658407,11.57713561887386,False,True,science_V_001.fits,948280.3748378049,711.7342468047561,1332.3517578295462,-10.496963780788457,0.0008148748959273702,13.617618279323167,0.01228659420492873
191,366.40422412897885,100.90350440509509,672462.7840576172,615.485107421875,1092.57360730369,669678.539306572,5.119771970305143,0.004304074387982415,1.0043226795222013,43497.984375,232.0,132.78310033847407,11.577099121182352,False,False,science_V_001.fits,666445.0458973605,605.0221785422618,1101.5216789293422,-10.114032733856336,0.0009856365251524415,14.000549326255289,0.01229909978089007
192,374.5581905706352,112.08492691521242,285590.1730041504,421.339111328125,677.8154824125553,285016.1850292265,5.021219315302321,0.005057169864772559,1.00508287482617,18531.568359375,188.0,132.78186329594163,11.578760730121434,False,False,science_V_001.fits,284416.68535307935,418.02146391876573,680.3877549415744,-9.189509550952199,0.001595707730062294,14.925072509159426,0.012362955116813948
193,73.40538888476173,103.1396915065475,104684.71032714844,273.8555603027344,382.26249710403704,105139.39556075408,4.854164158909024,0.004832712275774531,1.0048561808003418,6826.5751953125,142.0,132.8275475005521,11.577430631375513,False,False,science_V_001.fits,104169.5237949863,283.2173379304821,367.8077216464605,-8.098973571075087,0.0029518140487642696,16.015608489036534,0.012609900167687994
194,61.75612213844104,115.38460993708576,949483.3793945312,720.5017700195312,1317.8085313639033,944968.057747548,5.436701118143387,0.12365119587879425,1.1410981509842881,54861.84375,278.0,132.8293148556215,11.579250189405569,False,True,science_V_001.fits,941459.0768507747,706.0033008823822,1333.5052055339027,-10.48912549139059,0.0008141700501013887,13.625456568721035,0.012286547478077708
195,421.59099813085476,115.40741786190718,708363.1417541504,634.2571411132812,1116.8390481355787,703765.3115810759,5.136743857208664,0.005083684640497799,1.00510966054332,44055.10546875,256.0,132.7747284599341,11.579253957641392,False,False,science_V_001.fits,701518.4909389677,619.4761156723289,1132.4383187519613,-10.169719681150776,0.0009587277134851189,13.944862378960849,0.01229697259040533
196,429.8903754176137,128.8208886937266,904462.8464660645,708.2498779296875,1277.0391844047112,898971.0542176513,5.166418211054913,0.004723697193690146,1.0047461164104592,53617.8046875,261.0,132.77346926789423,11.581247236079406,False,True,science_V_001.fits,894748.5225177868,693.7043905343548,1289.8123966442959,-10.433874348840725,0.0008417503218488713,13.6807077112709,0.012288405904140222
197,421.06987572349226,140.88213813175358,805339.4189453125,682.4813842773438,1180.0166825034487,800052.7573294517,5.15136357006968,0.0022942606616507266,1.0022995363975475,53637.77734375,263.0,132.7748071717181,11.5830397901944,False,True,science_V_001.fits,796846.28597404,662.2246611071007,1203.286939876084,-10.308058255976345,0.0009022785538682958,13.80652380413528,0.01229270038068716
198,116.20342702335672,118.10000401938177,29632.479736328125,164.7333984375,179.88143277193856,31562.045403746928,4.3238111706921805,0.16340099960350707,1.1953157958903438,2190.7255859375,75.0,132.82105531490828,11.579654440969966,False,False,science_V_001.fits,81197.27544116163,264.79517137273217,306.64182817316697,-7.82847551608715,0.0035406128592048534,16.286106544024474,0.012760576612337798
199,109.59032313813988,124.08353761023875,329190.1540222168,442.42041015625,744.0663822583512,329528.9763260609,5.040923132819797,0.004171626566395803,1.0041891019353184,21340.61328125,190.0,132.8220585842155,11.580543586150227,False,False,science_V_001.fits,332695.6721011001,441.08190857732853,754.2718611474706,-9.359739752416466,0.0014394014359071134,14.754842307695158,0.01234375358447612
200,94.3070445505062,142.76901984617933,42582.926696777344,184.0802459716797,231.3280627804497,47168.805539099776,4.3763674973152265,0.15328772064649432,1.1810387358070853,3079.792236328125,77.0,132.82437728702703,11.583320271137783,False,False,science_V_001.fits,146167.9828016172,319.6962591004982,457.20892453630034,-8.466752507795169,0.002374625563359493,15.647829552316455,0.012487402557246882
201,86.36829026403065,146.92144236793368,444319.5395202637,500.682861328125,887.4270997446358,446453.64248118637,4.991515224187579,0.05076541888087471,1.0534803723870063,29031.20703125,175.0,132.82558165777561,11.58393726387196,False,False,science_V_001.fits,509587.4408936978,532.4056610393692,957.1412894049147,-9.822668664030157,0.0011343152907707225,14.291913396081467,0.012311906726395058
202,93.84287852165751,152.91621187837538,757837.3563232422,640.2819213867188,1183.5994911146681,758716.7526885672,5.0099219010138,0.03456934594878114,1.0358071766249792,53461.4140625,189.0,132.82444783338963,11.584828250464975,False,True,science_V_001.fits,795075.9769505803,653.7289017723048,1216.2166531035627,-10.305643452895218,0.0008926863459972301,13.808938607216406,0.012292000039574742
203,92.06338028885898,166.16835927361845,1188497.6336669922,803.2792358398438,1479.5572705478878,1183222.1215290213,5.721501092165814,0.16283889812286878,1.1945132158645952,54257.203125,310.0,132.82471796028352,11.5867976437242,False,True,science_V_001.fits,1169474.6864807638,783.7374036888564,1492.1766920608081,-10.724598938675518,0.0007275947987771923,13.389983121436106,0.012281114373369512
204,276.2737172216858,152.77545915576206,221832.4772644043,372.0008544921875,596.322493848097,225353.6330234281,4.888380039727157,0.0649532742648381,1.069465271068427,14901.8291015625,154.0,132.79677280331416,11.584808341271263,False,False,science_V_001.fits,264436.75635684934,404.7065453424632,653.4037054752416,-9.11042642745046,0.0016616067385328576,15.004155632661165,0.012371633401217214
205,296.32839502021426,160.60210881429248,241434.71868896484,394.68377685546875,611.7168549782502,240667.47525086493,5.030308494781516,0.013096346695928185,1.0132701370109256,15322.1181640625,194.0,132.7937304527432,11.585971418688995,False,False,science_V_001.fits,239893.67006206268,389.18811887398925,616.3951529561854,-9.004668845634232,0.0017613701126510544,15.109913214477393,0.012385426950021384
206,280.1176643883361,161.72655865271784,576101.1499938965,572.30419921875,1006.634497493343,574697.9012898537,5.0920555537543715,0.01887259015242626,1.0192356160504763,38122.0234375,220.0,132.79618965265203,11.586138566979235,False,False,science_V_001.fits,587649.8977000623,570.2960819392297,1030.4294844562544,-9.977418536253355,0.0010536383288497527,14.13716352385827,0.012304736071472517
207,469.4662472020404,167.17425594888428,20276.521362304688,158.20541381835938,128.16578695331376,21080.698643669468,4.417397324303137,0.03471552720806581,1.0359640377386954,1321.823974609375,77.0,132.76746496308624,11.586946362638937,False,False,science_V_001.fits,24228.570394960167,215.21078554279472,112.58065126174779,-6.515441347488564,0.009643753059091558,17.599140712623058,0.015598023885265511
208,475.61645823721716,175.0598039656621,76946.28125,251.9888458251953,305.3559017583566,77681.8874087594,4.8459656487138085,0.013862957274853205,1.0140578405173215,5154.30419921875,129.0,132.76653181956908,11.588118136696881,False,False,science_V_001.fits,77241.09499578089,269.9264943798635,286.15603360180216,-7.774242928680547,0.003794083900082275,16.340339131431076,0.012833216615542618
209,365.94522680644826,179.2861787051207,1865738.8868408203,1014.2739868164062,1839.482142982868,1841428.250812562,7.942950897276938,0.28686588336540064,1.4022607763027373,53004.41015625,512.0,132.78316926478718,11.588747659953917,False,True,science_V_001.fits,1751346.9472955791,953.2416227428253,1837.2539611272036,-11.163052348287447,0.0005909362684589857,12.951529711824177,0.012273776180701513
210,399.14911268622114,185.3932075393607,1382086.6612243652,866.9386596679688,1594.2150529469923,1372557.5134883993,5.413736228145471,0.003288015937732869,1.003298862650705,53712.16796875,318.0,132.77813204426576,11.589654897436667,False,True,science_V_001.fits,1365214.4382579543,846.236739479184,1613.2772007726523,-10.892624055665436,0.000672977960315823,13.221958004446188,0.012277999649602798
211,376.16479215477705,197.2165482663853,368309.0275878906,475.1054382324219,775.2153478986565,366429.41273910046,5.1092398427206245,0.011906391697806828,1.0120498620755833,24872.08203125,220.0,132.78161874430924,11.591412218129943,False,False,science_V_001.fits,361076.0336520159,464.3236898413311,777.6386205394839,-9.448618531980689,0.001396149794163772,14.665963528130936,0.012338784798687396
212,391.332166770336,200.30925303216662,775732.7800598145,682.6131591796875,1136.4163869797515,771557.5398702215,5.452491302448147,0.10659004066628919,1.119306976100627,44077.96875,270.0,132.7793177427792,11.591871673988525,False,False,science_V_001.fits,764720.0403414405,665.635383269761,1148.8572566334317,-10.263378052814057,0.0009450260193172255,13.851204007297568,0.012295911931929334
213,351.88541049551367,203.5057901962951,311664.0669555664,440.0390930175781,708.2644971798368,310521.2713335351,5.029947474619929,0.005791225669710132,1.0058249593236703,19981.49609375,202.0,132.7853020002642,11.592347078597571,False,False,science_V_001.fits,309500.2913234222,433.0102689784239,714.7643219954307,-9.281274529402921,0.001518962218160269,14.833307530708703,0.012353283866275152
214,71.80121037498995,194.8036613541209,275407.55322265625,470.082763671875,585.8703498750168,275781.22156064137,5.03314744746014,0.012799210728055899,1.0129651544722682,18393.064453125,184.0,132.8277922065854,11.591052889981267,False,False,science_V_001.fits,279192.8510550363,470.12222166883674,593.8729083342612,-9.169382608174622,0.0018281689310348439,14.945199451937002,0.012395102972584645
215,82.35829667059974,195.85702825770252,144429.6219482422,334.3871154785156,431.9234063237158,146327.12459839036,4.899886629514371,0.023468117183327086,1.0240321054501944,9506.08984375,147.0,132.8261906600909,11.591209580488806,False,False,science_V_001.fits,153838.76792384288,348.1324733805566,441.897207778362,-8.52228635662132,0.0024569062236404625,15.592295703490304,0.012503310131814648
216,230.5177666265326,201.11357654043846,936967.8428344727,712.790283203125,1314.5070365212364,941496.1067313544,5.049141649134512,0.044562935523720926,1.0466414138414737,58834.03515625,223.0,132.8037141446878,11.591991916485656,False,True,science_V_001.fits,1157190.0197053743,780.7365965778973,1482.1772474577688,-10.713133572486683,0.0007325034855731278,13.401448487624942,0.012281406166109498
217,231.2333143312204,210.29486990592062,1302110.3586730957,834.0330200195312,1561.2215912537888,1320428.6618693294,5.371325700980189,0.061564047244914266,1.065602822509275,55413.27734375,250.0,132.8036056098675,11.593356360033951,False,True,science_V_001.fits,1410415.097613928,858.4656421910577,1642.9488010890364,-10.927989244460147,0.0006608240008942085,13.186592815651478,0.012277339468334881
218,241.25203027859374,222.2746531103982,778634.9314575195,660.0420532226562,1179.6747308081863,773921.375410825,5.142498066943027,0.0043919137304268,1.0044112877255575,51187.71875,258.0,132.80208572251087,11.595136703768068,False,False,science_V_001.fits,771087.3350362878,645.9803193197504,1193.6700112602214,-10.272380798987635,0.0009095478564077927,13.84220126112399,0.012293236081832628
219,255.99670413005038,224.54062214216674,38745.508728027344,196.78712463378906,196.8904662849807,39212.54444628145,4.682812101584093,0.021635404099004107,1.0221138460954626,2528.41943359375,107.0,132.79984885059648,11.59547345937632,False,False,science_V_001.fits,38812.38433622415,226.3846349794645,171.44442837184977,-7.027047682273161,0.006332664235930726,17.087534377838463,0.013798514861593319
220,483.6162719387635,221.6634761176188,1269095.4764709473,833.669677734375,1522.3001512060612,1260275.2804656154,5.336791451910466,0.00515144015357738,1.0051781149026064,55410.27734375,308.0,132.7653173614189,11.595043816743658,False,True,science_V_001.fits,1253907.789299793,813.4130349188681,1541.5388437005574,-10.800285874626274,0.0007042962325838715,13.31429618548535,0.012279756074279629
221,471.1826141364827,226.45417153094647,304086.15881347656,433.98773193359375,700.6791585067341,303768.30581425945,5.033531752772749,0.015111597597250337,1.0153434618179926,19272.384765625,185.0,132.7672035506859,11.59575598589051,False,False,science_V_001.fits,305565.36634026637,432.76704777130516,706.0735513803301,-9.26738219530129,0.001537658502966899,14.847199864810335,0.012355596696733105
222,412.28843658659576,237.81915179014726,63167.570739746094,234.22750854492188,269.6846802160787,64025.79284810766,4.777403786937779,0.027818226204143204,1.0286142231359963,4095.08349609375,120.0,132.7761380889523,11.597445817928074,False,False,science_V_001.fits,63347.79659179687,256.4432074453348,247.02466180665175,-7.558950657895931,0.00439510772754255,16.555631402215692,0.013023568942393626
223,400.4520879110392,242.85399333883507,170653.35256958008,336.40948486328125,507.2786596339119,172672.74907074554,4.938042575174861,0.034569747176784404,1.0358076071012814,10945.5556640625,144.0,132.77793370252326,11.598194192999836,False,False,science_V_001.fits,195954.95719407362,363.64703717883884,538.860315525421,-8.78501251046571,0.0020148078615538382,15.329569549645914,0.012424002043607154
224,400.87286714745346,253.8032263099343,1053966.0566711426,778.3988647460938,1354.0179776790094,1048387.8384025508,5.204284489241337,0.016939782922978486,1.0172316839077735,52602.78125,273.0,132.77786973762483,11.599821365706658,False,True,science_V_001.fits,1044927.3560022782,746.9029565083772,1399.01354907886,-10.602337121728006,0.0007760468086351614,13.512244938383619,0.012284080132829174
225,386.7144752396553,261.3450855634134,89029.72860717773,351.3334045410156,253.40524828114988,89584.215555454,4.8511671456134735,0.015506220584613484,1.0157504505450723,5805.4189453125,137.0,132.78001762175086,11.60094232520501,False,False,science_V_001.fits,87270.89822334735,382.9516710500179,227.89010943354458,-7.906795488801163,0.004764138306391059,16.20778657131046,0.013152695155860575
226,129.53782817264153,244.1254238838674,793115.818572998,659.3157348632812,1202.9377984395628,802488.2474861608,5.063082304321814,0.04573554986976203,1.04792754237415,50682.09375,224.0,132.81903378104278,11.598383355910201,False,False,science_V_001.fits,876885.6114570128,684.3463692394516,1281.347649190482,-10.411979233872453,0.0008473110327910725,13.702602826239172,0.012288788062574156
227,140.52238450894043,250.1517619615079,2337562.10345459,1111.5576171875,2102.960806808348,2335733.4606650323,7.214302493128164,0.38371938924980575,1.6226374520897335,52365.62890625,388.0,132.8173673823445,11.599279040921836,False,True,science_V_001.fits,2268567.9857094847,1079.2149731057955,2102.0538467706165,-11.444001371481123,0.0005164948565270866,12.670580688630501,0.012270417392957525
228,171.72324597331044,250.32231561700954,56709.40591430664,272.61431884765625,208.0206430609292,57440.273229637176,4.845157983175109,0.004151486251100289,1.0041687929376646,3717.58203125,118.0,132.8126339213066,11.59930463117465,False,False,science_V_001.fits,58903.72629027355,292.7620341166157,201.20001716756232,-7.479978797600966,0.0053961228000085765,16.634603262510655,0.013394570442285486
229,178.4044975185175,262.46874611530467,1193126.484375,797.18212890625,1496.679919320311,1221257.5562612242,5.202659470981997,0.11437093650264185,1.1291409024575028,52460.859375,221.0,132.81162038805812,11.601109767924987,False,True,science_V_001.fits,1619480.3565391195,917.2814440144649,1765.5217677264834,-11.078061085566453,0.0006149456890571727,13.036520974545171,0.012274955570635097
230,171.30112733307107,267.40537995065824,1495393.4990234375,893.1272583007812,1674.3341837629025,1514885.1357857303,5.9151379909640625,0.16886943108864694,1.2031803875410798,52152.91796875,284.0,132.81269807614822,11.601843361495153,False,True,science_V_001.fits,1753446.9214845167,954.0053061329253,1837.9844537680192,-11.164353433808706,0.0005907014054304028,12.950228626302918,0.012273764875169844
231,153.41334606940885,273.9289350762378,930819.9205322266,717.9634399414062,1296.472590036328,924025.0972781992,5.20003056258978,0.010861822915387731,1.0109810976535167,51454.09375,286.0,132.81541189816934,11.602812703090983,False,False,science_V_001.fits,915820.5693895114,700.8617378589527,1306.7064727876739,-10.45914785799967,0.0008308675457035215,13.655434202111955,0.012287665235474109
232,137.42564245923342,280.3115172999385,429638.5862426758,503.6113586425781,853.115361418204,427509.79235974024,5.0782463897759555,0.0034432794881681383,1.0034551766269757,27368.96484375,223.0,132.81783747346046,11.603761087023354,False,False,science_V_001.fits,426345.8194426644,493.53755881506993,863.8568875411922,-9.629026896145431,0.0012568053987394173,14.485555163966193,0.01232379551399958
233,101.93564470523187,273.88620103764623,683993.4283447266,615.5508422851562,1111.1891680717806,687445.1787832542,5.02196606760868,0.04975082177231649,1.0523555535876463,46845.93359375,217.0,132.82322164438673,11.602805833599165,False,False,science_V_001.fits,747630.1489398384,635.2133921526818,1176.9747901664766,-10.23883889009827,0.0009224496642331938,13.875743170013354,0.012294197389159633
234,110.30400217175374,273.5297879545625,269584.53634643555,400.13079833984375,673.7410303454543,278905.2226083904,4.835714988476581,0.07499877738134864,1.0810796521641661,17081.787109375,148.0,132.82195206627654,11.6027529652622,False,False,science_V_001.fits,441081.3664714134,500.5196543770394,881.2468453819171,-9.66591865241587,0.0012320044102166138,14.448663407695754,0.01232129096025935
235,465.1360210514054,283.9208594656331,1679079.897277832,965.870361328125,1738.411244930432,1668527.6931493273,6.751572111389256,0.29936062461785373,1.4272677716044364,55842.46484375,422.0,132.76811988814012,11.604296274841738,False,True,science_V_001.fits,1575050.881400377,910.6858167940495,1729.5216993113365,-11.04785834420333,0.0006277458099729571,13.066723715908294,0.012275603482620079
236,497.71431649830816,284.02148469179247,506473.7431335449,549.2474975585938,922.1229871502769,503254.8052478235,5.134140007552006,0.0056949837809193715,1.0057276023835975,33732.30859375,243.0,132.7631773669529,11.604310644983741,False,False,science_V_001.fits,500355.98237855016,534.4296601061234,936.242914136152,-9.802819615748291,0.0011596349447426776,14.311762444363334,0.012314265275104477
237,481.90005807909034,289.01106412587393,229402.83877563477,390.8668212890625,586.9079345723787,228964.63636222313,5.113251580283299,0.015262569230856338,1.0154991257100234,15702.71875,191.0,132.76557648875658,11.60505244571085,False,False,science_V_001.fits,217896.34412815727,385.95176108101487,564.5688557498739,-8.90024673329252,0.0019230603830562832,15.214335326819105,0.01240945354548121
238,476.98967121384715,300.3451767378339,185857.95223999023,362.47222900390625,512.7508740483048,189444.140505869,4.7794484441400185,0.17879104780891608,1.2177168762370163,13489.8583984375,137.0,132.76632125228267,11.606736907712742,False,False,science_V_001.fits,430470.33362737636,514.2681600238597,837.0542201317782,-9.639479941297452,0.0012970485948079653,14.475102118814172,0.01232796459752659
239,473.0941533406807,308.22446861324124,1307272.6770629883,841.2368774414062,1553.9887897437573,1306354.6515506124,5.356880180366115,0.01630180560370098,1.016571958448806,55293.88671875,269.0,132.76691211556232,11.607907925682177,False,True,science_V_001.fits,1328129.4455416447,838.2066610465654,1584.4892521891595,-10.862722887571092,0.0006852050264777606,13.251859172540533,0.012278675905360723
240,462.8457239197895,320.2802662890249,842627.7094726562,688.8097534179688,1223.3097822605177,837038.113883221,5.166424556975523,0.00496286228100884,1.0049876151279997,54379.0625,265.0,132.76846674333,11.609699723673225,False,True,science_V_001.fits,831541.6333771057,672.5045748623559,1236.484723612922,-10.354331869605298,0.0008780537108680652,13.760250190506326,0.012290946032740717
241,447.00014890537017,325.5026535248102,345430.2743835449,463.01995849609375,746.0375477236779,344016.15923590853,5.0637323598446535,0.004170163195351018,1.004187626280341,22121.943359375,208.0,132.77087067335574,11.610476079189421,False,False,science_V_001.fits,341926.10068051814,454.3598938576234,752.5446354375259,-9.389452508080293,0.0014427051218945694,14.725129552031332,0.012344139262391543
242,371.39212066220125,287.034714990492,131076.08575439453,306.9415283203125,427.0392685919271,131638.93372434258,4.907429677087608,0.012090122043095342,1.012238081947413,8655.298828125,148.0,132.7823419383323,11.604760239795972,False,False,science_V_001.fits,131800.48790242747,316.2395845237275,416.774162225534,-8.354414418899445,0.002605007935718631,15.76016764121218,0.01253325346451322
243,366.8176604753416,298.1296442694506,217877.59637451172,376.68218994140625,578.4122589082406,218080.4787382269,4.9676131181334595,0.006961644633334374,1.0070104488872071,14800.7021484375,170.0,132.78303584008117,11.606409110793237,False,False,science_V_001.fits,217265.8889452886,377.8801043038412,574.9598522673003,-8.897100741088167,0.001888305758599742,15.217481319023458,0.012404115232395116
244,35.602118377724125,313.1775856205708,396889.52798461914,489.7705078125,810.3581609216889,396482.7527381855,5.974043467709746,0.25585593402117335,1.3438258070157791,21391.439453125,245.0,132.83328588179035,11.608643991183795,False,False,science_V_001.fits,390632.4299425574,473.64792539706815,824.7316392552184,-9.53404261197641,0.0013164282153409945,14.580539448135214,0.012330018625562635
245,49.41572539067694,314.22159026968484,319639.3872375488,440.4976501464844,725.6324457832068,318596.96560699656,5.076373935510578,0.018381379043832413,1.018725581046871,20690.7265625,202.0,132.83119017608172,11.60879937427519,False,False,science_V_001.fits,317623.4820973531,434.0178183342806,731.8212955319715,-9.309403380534308,0.0014835589051980088,14.805178679577317,0.012348980649663676
246,414.5864339181305,323.65903280654686,859197.7478637695,693.0048828125,1239.8148543727286,853796.2439201123,5.14007113497506,0.008573507983868689,1.008647648668772,52964.546875,255.0,132.77578835707777,11.610202547973595,False,True,science_V_001.fits,851014.0138837479,678.6718724284042,1253.9403037857955,-10.379463653518723,0.0008658306912395608,13.735118406592902,0.012290078878773236
247,403.7483797790352,331.7319027830316,351267.73260498047,463.76654052734375,757.4236213883776,350513.2093683209,5.064675006488112,0.007535061106833885,1.0075922693201003,23159.95703125,199.0,132.77743255833718,11.61140239834016,False,False,science_V_001.fits,350040.3354367946,458.11149497621125,764.0941981928908,-9.414917102404514,0.001420898107285356,14.69966495770711,0.012341609598908187
248,417.9385031004974,338.0275619681734,70678.40240478516,245.9256591796875,287.39742994098646,71435.70502075982,4.8363381847346085,0.019289965140880994,1.0196693869290856,4834.2880859375,126.0,132.77527960789857,11.61233782796573,False,False,science_V_001.fits,70007.33122529023,311.9570501801593,224.4133645476519,-7.667480679218405,0.004837947161428805,16.44710138089322,0.013179609584405474
249,317.109059007081,338.87163933206875,1419531.1974487305,880.4210815429688,1612.332129713378,1409435.9322427344,5.491590935006499,0.0027909457943418037,1.0027987569733459,52286.2734375,343.0,132.79057708768283,11.612464165928849,False,True,science_V_001.fits,1401426.2602706074,856.7264231398784,1635.7920363123847,-10.921047501917954,0.0006637151764398648,13.19353455819367,0.012277495424393861
250,246.58242899669102,348.9437559821933,509453.07736206055,538.4609985351562,946.1280923743602,517350.8889281471,5.028320583024363,0.050798684325655485,1.0535172923665477,33265.984375,189.0,132.8012771492993,11.613961144268893,False,False,science_V_001.fits,555338.9989128929,557.6358783862678,995.8810407249588,-9.916017306677608,0.0010901904500658602,14.198564753434017,0.01230791985991095
251,273.23997765682117,354.29097656116636,1385077.6549987793,866.3303833007812,1598.7868851159687,1376201.1432450763,5.448127289100584,0.006003035781126931,1.0060392898542143,52476.97265625,308.0,132.7972327292262,11.614755790237902,False,True,science_V_001.fits,1366653.147242135,846.8565187689169,1613.7953914895184,-10.89376763860111,0.000672761866668803,13.220814421510514,0.012277987807039852
252,255.46453444302404,352.93528643747834,694159.3317260742,628.6624145507812,1104.18456020167,700778.3689260518,5.948164023987829,0.2586708664988281,1.3489285053147304,39861.19140625,257.0,132.7999295797968,11.614554332806247,False,False,science_V_001.fits,711954.6842007544,624.2221263027925,1140.5470171613322,-10.185752753400346,0.0009519116561298465,13.928829306711279,0.012296443057309356
253,234.90140558338567,356.3319881267232,432298.04040527344,531.3515625,813.5819500959375,430727.0753783962,5.078959646025236,0.0014470134688987502,1.0014491103510947,28569.181640625,217.0,132.80304937501532,11.615059104390763,False,False,science_V_001.fits,429675.23186807084,498.07606825229595,862.6698997519848,-9.637472674046288,0.0012585346959620776,14.477109386065337,0.012323971991266289
254,301.720123746632,357.3964064182818,518732.52157592773,542.0341186523438,957.0108296238793,532884.8458429992,4.952139966847641,0.08283508171994414,1.0903164524383286,33230.60546875,181.0,132.79291177341926,11.615217218296346,False,False,science_V_001.fits,761118.3637087315,644.2864006381918,1181.3354479542218,-10.258252375061625,0.0009190446302785221,13.85632968505,0.012293942373909982
255,286.54569318035425,362.0735222294619,1472538.9442749023,891.8782958984375,1651.053681928131,1463840.2644001348,5.520120740573002,0.03908886746543416,1.0406789620204844,52145.74609375,312.0,132.7952139959775,11.615912336668652,False,True,science_V_001.fits,1452487.0911453962,871.9897852464217,1665.7157179139751,-10.959902577352175,0.0006517918924122624,13.15467948275945,0.012276856630733697
256,309.05068747975844,358.6123625343954,527649.7662963867,546.986083984375,964.64934254426,536695.4065086639,4.91449010769232,0.09767624364614114,1.1082496642234432,34430.65625,185.0,132.79179958954276,11.61539789360706,False,False,science_V_001.fits,765082.5937505179,645.4688130483214,1185.3130287384495,-10.263892677852596,0.0009159605721667724,13.850689382259029,0.012293712207073162
257,467.6661541893733,346.3153083603401,885749.7692260742,695.9019775390625,1272.8082371002533,891543.8021608393,4.978124162735532,0.0975472010243078,1.1080911945034981,54817.51171875,205.0,132.76773496463056,11.613568739166139,False,True,science_V_001.fits,1302602.7146711505,828.7227013748536,1571.819756488061,-10.841651821351912,0.0006907280529580535,13.272930238759713,0.012278985353184474
258,464.93243639968836,352.214482534546,595843.1914978027,577.1712036132812,1032.3508653370588,627981.5815598164,4.7646844922876355,0.173167443177489,1.209434717765548,42046.6328125,174.0,132.76814961625135,11.614445467566298,False,False,science_V_001.fits,1187546.272610177,793.0976977114086,1497.3518092878135,-10.741248226199447,0.0007250801002580632,13.373333833912177,0.012280965646575428
259,18.26970600110012,381.9621556070407,964079.0420532227,725.305908203125,1329.203348752025,959711.5678442909,5.134291845297041,0.004711534751124735,1.00473383839523,56806.13671875,255.0,132.83591677353576,11.618865826924656,False,True,science_V_001.fits,959438.0156871657,713.6227146523169,1344.4611501115294,-10.50966418020171,0.0008075354203503286,13.604917879909914,0.012286109616786592
260,12.108519684568526,393.67560707255655,796164.4670410156,662.5241088867188,1201.7139548006203,792581.1740184387,5.09193094695887,0.00816689691194794,1.0082341443197655,52866.390625,236.0,132.83685177819174,11.62060645829298,False,True,science_V_001.fits,793668.3150686921,653.2672938288912,1214.92124673331,-10.30371948076599,0.0008936381703087661,13.810862579345635,0.01229206920091196
261,368.9757808523291,397.03759554573196,1122823.70413208,793.040771484375,1415.8461260830682,1120862.0986623438,5.189664144528209,0.029522514367128938,1.030420607179647,53349.21484375,253.0,132.78270751404236,11.621107910443502,False,True,science_V_001.fits,1138310.1288964718,786.4163438230944,1447.464994639705,-10.695273374793082,0.0007500699526555711,13.419308685318542,0.012282466405183136
262,361.35907252709967,404.32266530090436,688757.604309082,622.0514526367188,1107.2357461583167,689113.3482786072,5.056491438611958,0.036978867952508376,1.038398812572147,43641.71875,214.0,132.78386306761675,11.622190619074699,False,False,science_V_001.fits,726285.3061800671,630.8661679439531,1151.2509991573859,-10.207390018626302,0.0009430610707783418,13.907192041485322,0.012295761068099573
263,252.82132242392115,422.38209342745307,483679.59967041016,523.1253051757812,924.5960669172437,490304.39787137124,5.239469751918251,0.2738370237137343,1.3771013293932837,53271.73828125,168.0,132.80033061395105,11.624874898526693,False,True,science_V_001.fits,812556.9169510583,663.157387481524,1225.2851770782645,-10.329256353097458,0.0008860794371061355,13.785325707014167,0.01229152198995055
264,255.03723498870718,429.7585696369771,841019.6403808594,668.8162841796875,1257.4748257099955,862012.4388731582,4.961465700460918,0.04458287653509674,1.046663258842811,51405.98828125,141.0,132.79999440843727,11.625971124824552,False,False,science_V_001.fits,1209539.0613585527,801.9070259987155,1508.3283000945924,-10.761171619569325,0.0007198035069234677,13.3534104405423,0.012280655241034777
265,264.02594576496836,428.0973938981929,81486.5378112793,257.1263122558594,316.91248202632124,84955.45935149222,4.633321156351217,0.0845428656930699,1.092350436219032,6146.7685546875,100.0,132.79863060773562,11.625724252472205,False,False,science_V_001.fits,188897.32346954467,367.2898600483745,514.300404167612,-8.745186384903674,0.002111023034790708,15.36939567520795,0.01243996761707974
266,251.76898285883428,436.1261773036838,334259.08068847656,452.8717041015625,738.0878020445157,352761.66046741116,4.780857154295146,0.16824458871979409,1.2022765183587305,24659.150390625,161.0,132.80049028193446,11.626917421459497,False,False,science_V_001.fits,755328.5090986597,647.8103789094569,1165.9716078803833,-10.249961566554921,0.0009311547491055046,13.864620493556703,0.012294853607398395
267,248.2021865376354,453.5481913217519,501496.1769104004,544.143310546875,921.6251807017284,498520.091761369,5.102210748767874,0.006523268172302199,1.0065661006074107,31993.01171875,239.0,132.80103146145007,11.629506524273395,False,False,science_V_001.fits,495898.1664765145,530.7736427756755,934.293127072437,-9.793103130397803,0.0011620550002353002,14.321478929713821,0.012314493407531933
268,288.4778245840469,424.889749750415,364851.1958618164,476.7330017089844,765.3155845177574,371958.10145352525,4.758778826710628,0.17862246272639026,1.2174669437872503,27063.869140625,155.0,132.79492068621843,11.625247519797329,False,False,science_V_001.fits,781324.408071206,662.7188225435865,1178.9681860436654,-10.286700353044269,0.000920889989104243,13.827881707067355,0.012294080463076854
269,293.7924636451516,429.4081918880709,746096.1448669434,642.4022827148438,1161.4157747290078,758764.5297828995,5.009655179963237,0.05804076655072343,1.0616170684353177,47556.96484375,204.0,132.7941143165922,11.625918995137141,False,False,science_V_001.fits,962034.1692405781,726.6732886287045,1323.8881685826377,-10.51259811767258,0.0008200843740165431,13.601983942439045,0.012286940808886551
270,328.4478632799826,428.3998560836033,482463.0657348633,524.3948974609375,920.0376816610849,484725.2156372947,4.867539983148005,0.0655386603153395,1.0701352292834885,29018.201171875,171.0,132.78885627260502,11.625768991027753,False,False,science_V_001.fits,701416.913041815,620.8470228184652,1129.774142843733,-10.169562458230288,0.0009609885364053432,13.945019601881336,0.012297149060968484
271,349.7545534553087,434.57249780623425,839880.969329834,689.0359497070312,1218.9218424480464,834124.6133722458,5.14189723380996,0.004171039413759403,1.004188509853443,53617.984375,275.0,132.78562349453338,11.626686171844618,False,True,science_V_001.fits,831832.9912377958,671.4517579150338,1238.857418172188,-10.354712226232659,0.0008763720377134629,13.759869833878966,0.012290826010039425
272,329.2783343755266,436.6339157238099,1135769.687927246,784.4644165039062,1447.8281793698038,1139136.3875036438,5.68853239668785,0.28607986977554745,1.4007169116881542,55062.28125,240.0,132.78873022100774,11.626992658632068,False,True,science_V_001.fits,1258777.912060605,814.8917234423417,1544.7179985374717,-10.804494658256898,0.0007028467338555861,13.310087401854727,0.012279673024631683
273,123.88692807475331,440.7280373282498,169759.84866333008,331.9232177734375,511.4431277272201,173431.77123045232,4.888209472430868,0.04363724621354792,1.045628341380693,11125.7490234375,141.0,132.81989315489722,11.62760062749354,False,False,science_V_001.fits,233755.41894793822,385.14990116124636,606.9206255620314,-8.976526092869214,0.001788866540817592,15.13805596724241,0.01238936719778021
274,119.1884945126844,446.056802796351,113543.94519042969,278.4464416503906,407.7766069389826,116789.2841039749,4.627169489520029,0.15034312844108577,1.1769456982855238,7548.5634765625,116.0,132.82060608192538,11.628392491273367,False,False,science_V_001.fits,202497.1512795995,364.0711066742224,556.2022021725489,-8.820669168939181,0.0019519879564647727,15.293912891172443,0.012413969270251925
275,12.345982409515832,451.5877587994024,987203.2831726074,728.3569946289062,1355.3838165247275,1009377.4326894942,4.959502264376478,0.08360884454996265,1.0912370706032213,59766.328125,211.0,132.8368168854178,11.629212848658065,False,True,science_V_001.fits,1360016.4817479532,842.8403623271129,1613.6110021984452,-10.888482302850287,0.000672838743985261,13.226099757261338,0.012277992019706774
276,15.898626042978625,459.0233114001069,1368064.8645324707,845.5956420898438,1617.871233526432,1375622.2287466344,5.039521096592937,0.12300635324251341,1.140259115556088,60219.2578125,177.0,132.83627800219324,11.630317921757577,False,True,science_V_001.fits,1872977.8911601603,983.5315028181712,1904.339500863374,-11.235953501403419,0.0005701189307409599,12.878628558708206,0.012272791518467378
277,20.715581213105523,466.18315236612165,1102225.8421020508,768.0270385742188,1435.1393723692927,1111112.0843890717,5.088363307381577,0.06386370251844697,1.0682205173437422,60152.96875,221.0,132.83554727957278,11.631382043619958,False,True,science_V_001.fits,1384115.3059627425,850.6443149682265,1627.1375492757422,-10.907552552119888,0.0006672453723923081,13.207029507991736,0.0122776867710312
278,24.202074583869912,482.02220788351394,1486548.9137878418,893.5443115234375,1663.6543869361872,1476628.9911724613,5.376148604984009,0.0014062151661574651,1.0014081953918743,60459.2734375,314.0,132.8350185806205,11.63373596638742,False,True,science_V_001.fits,1470239.951735791,874.9777200862492,1680.3170160616949,-10.973092423854354,0.0006461280756084049,13.14148963625727,0.012276557235262052
279,92.5966896426198,464.9252026360575,522626.19216918945,550.8984375,948.6797503744771,519750.2709074307,5.11504597686271,0.0012514858279160102,1.0012530540072477,33720.51171875,238.0,132.82464097520685,11.6311962296029,False,False,science_V_001.fits,517778.30910902267,538.6071048023686,961.3284052370817,-9.839981506323687,0.00112937472156796,14.274600553787938,0.012311452526907306
280,105.56619735776214,472.5096406429701,276680.5546875,414.1047668457031,668.1414386871623,279256.02796152845,5.074465715164728,0.03338868898271452,1.0345420011147763,16627.900390625,186.0,132.82267324646327,11.632323521372804,False,False,science_V_001.fits,275853.59919455857,416.01379024966883,663.0876323330682,-9.156318510990067,0.0016373401448915189,14.958263549121558,0.012368397584596357
281,116.88166247517808,476.23339278852194,892603.0622253418,703.48974609375,1268.8217094587044,886976.4630486002,5.186791183241794,0.011163219176298256,1.0112892434755505,56042.24609375,271.0,132.82095642311532,11.632877041194947,False,True,science_V_001.fits,876734.0413301792,688.5517562520131,1273.3015831700102,-10.411791547592351,0.0008526652399952591,13.702790512519273,0.01228915839559698
282,131.48438842198672,489.0959452557071,1500975.4590148926,902.2764282226562,1663.5428035857924,1489236.2131717894,5.463240900488985,0.004481689217013862,1.004501865177637,57288.6328125,352.0,132.81874091493415,11.63478871022891,False,True,science_V_001.fits,1479880.8219239658,878.7114984241337,1684.1486933742863,-10.980188729310655,0.0006446580425299261,13.13439333080097,0.012276479953650155
283,105.236875732179,491.71085608519763,1267291.120666504,832.2796020507812,1522.6747327987266,1256934.7778748092,5.334774401318606,0.003196016809565161,1.0032062640834718,57134.65625,331.0,132.8227234458728,11.635177030209961,False,True,science_V_001.fits,1249334.98450232,810.5529841985294,1541.3366045868745,-10.796319127732605,0.0007043886434469005,13.31826293237902,0.01227976137478219
284,400.0329447518127,481.608124428361,41913.9768371582,202.28057861328125,207.2071235137659,43577.93431669017,4.677599598622599,0.06505587603053908,1.0695826353283377,2675.153564453125,98.0,132.77799449292527,11.633675708024533,False,False,science_V_001.fits,54200.8840490936,250.87268833150878,216.04936117028146,-7.389637799543313,0.005025240501147767,16.72494426056831,0.013249506336273493
285,410.1720936223775,488.172808226039,1261678.0542297363,831.7493896484375,1516.8968801564379,1253065.232224022,5.289386653745442,0.0016838384043857957,1.0016866784984173,57449.1484375,298.0,132.77645601757155,11.63465117176999,False,True,science_V_001.fits,1247934.0463136614,812.3115319090919,1536.2751817406445,-10.795100957441102,0.0007067093271466316,13.319481102670522,0.012279894711830865
286,256.9987296950915,510.3332726969008,36451.300537109375,145.236572265625,250.97879940627578,36482.26827773809,2.237295131988018,0.3587750755073883,1.559515174478409,36251.21484375,15.0,132.79969678987385,11.63794541704627,True,False,science_V_001.fits,60807.54690518898,225.07441519463947,270.1664107517682,-7.514515582744038,0.004018634281659658,16.600066477367584,0.012901387427339194
287,262.0006371603764,509.7782030083275,24877.912353515625,127.5636978149414,195.02344930143363,24911.292792143267,2.4729621305826894,0.1488078786418352,1.1748229041457725,24806.748046875,20.0,132.79893784890865,11.637862925772396,True,False,science_V_001.fits,60850.36573685323,228.60148246813773,266.1853505054784,-7.515279856216981,0.004078736857375084,16.59930220389464,0.012920234920940315
