id,x,y,flux,flux_err,snr,kron_flux,fwhm,ellipticity,elongation,peak,area,ra,dec,flag_edge,flag_saturated,frame,flux_aper,flux_aper_err,snr_aper,mag_inst,mag_inst_err,mag_calib,mag_calib_err,frame_index
1,318.50210413961787,2.2475074743924175,179765.48300170898,312.5469970703125,575.1630464754325,179621.73725428412,3.320666094403677,0.2859672662610955,1.4004960175476537,45658.5703125,44.0,132.79036751535037,11.562437985616953,True,False,science_V_000.fits,179858.06023221998,334.44461177083923,537.781306387015,-8.691946637141116,0.0020188503897505777,15.422010803092512,0.013877379497853629,0
2,380.9326007341931,15.738002559647185,71497.5444946289,240.3953094482422,297.4165538368066,72113.59067807748,4.716850852409124,0.005399667242043882,1.005428981937972,4832.75634765625,121.0,132.78089733846448,11.564442355832115,False,False,science_V_000.fits,73324.15185784348,259.824986359447,282.2059297884669,-7.717739494509264,0.0038471905987723515,16.396217945724363,0.014258568663597848,0
3,178.01954071108736,23.088251579790153,1136909.0891113281,785.0506591796875,1448.198375247915,1130880.414741647,5.316856005903692,0.07743716938102041,1.0839370141641897,56248.359375,286.0,132.8116773508302,11.565535075806146,False,True,science_V_000.fits,1128766.7825810583,769.8416531449043,1466.2324102234502,-10.686132425264315,0.0007404692410492701,13.427825014969313,0.01374969816134857,0
4,271.6852241250602,21.96611537520913,273838.97552490234,412.7578430175781,663.4373644433459,273399.7884398627,5.093426810127004,0.050349262790986615,1.053018716058665,17727.431640625,192.0,132.79746910994007,11.565368536705677,False,False,science_V_000.fits,272877.1655815163,408.12662372629563,668.6090779623274,-9.144539862383313,0.001623818813990398,14.969417577850315,0.013825436426092354,0
5,479.79515120244497,18.548082542182925,13641.121887207031,139.210693359375,97.98903775295638,14332.301953698636,4.231809672882012,0.03389142979378734,1.0350803531186492,926.111572265625,67.0,132.7659007888496,11.564858597269065,False,False,science_V_000.fits,13661.142977955918,198.6630253599237,68.76540288866346,-5.893339465789208,0.015788462720967882,18.22061797444442,0.02092322776061678,0
6,499.62450678818425,25.30589786739865,800885.5252075195,673.4960327148438,1189.1466115682556,794409.1797503247,5.209528462558107,0.017711228496287257,1.0180305720782845,51185.3828125,283.0,132.76289272871537,11.565862516029245,False,False,science_V_000.fits,791362.8200380442,654.6008919921186,1208.9241394549952,-10.300560979794582,0.0008980712391841669,13.813396460439046,0.013759085608495281,0
7,428.6501228956832,38.70389553810628,732056.1695251465,643.792724609375,1137.0991649048626,727273.5172946167,5.126877342497006,0.004018162029415517,1.0040343727929848,46558.32421875,261.0,132.77365872652808,11.567854777383998,False,False,science_V_000.fits,726026.6458791879,628.558308198262,1155.0665012452307,-10.207003274089814,0.0009399458808904515,13.906954166143814,0.013761882250995141,0
8,293.90874475700497,48.3397580402864,47158.04428100586,205.5712432861328,229.40000521068498,47794.70717882895,4.620963003805744,0.009384134918206333,1.0094730311203237,3218.783447265625,106.0,132.79409792070936,11.569287903020994,False,False,science_V_000.fits,47152.3362524283,233.11674253007473,202.26919671522566,-7.238379912927963,0.005367599306426053,16.875577527305662,0.014741676537816098,0
9,450.23831802607475,52.50326283681488,1101333.6551513672,778.820068359375,1414.1053882591698,1093420.1472905339,5.224861561750741,0.00041253967548704473,1.0004127099347095,57936.91796875,299.0,132.77038374729185,11.569905201653068,False,True,science_V_000.fits,1089957.1441268453,759.9912717682706,1434.170607763486,-10.64814542982106,0.000757022905171019,13.465812010412568,0.013750599569117186,0
10,254.50115691942122,50.87302195424051,44769.66958618164,269.3080749511719,166.23961087798355,45687.48680882879,4.881878962040417,0.02732207752023197,1.0280895421688778,2767.959716796875,109.0,132.8000757781379,11.569664433798627,False,False,science_V_000.fits,44684.73584017221,289.77160821870837,154.20674273390478,-7.180019861261026,0.007040548167685874,16.9339375789726,0.015429686430150066,0
11,487.8361167735542,58.36558840008376,45066.089599609375,207.94265747070312,216.7236398138208,46028.89167763062,4.716264901137764,0.014939750060453671,1.0151663312587942,2935.787109375,110.0,132.76468030134413,11.570775772933603,False,False,science_V_000.fits,45195.64348752111,235.74878088747826,191.71103798450932,-7.1923633094922135,0.005663210691539457,16.921594130741415,0.014851863861752133,0
12,205.98364874069716,79.00017173038984,141933.4613647461,309.5321044921875,458.5419712685359,142322.4952373397,4.854080253925103,0.0037251312344825926,1.003739059722643,9814.521484375,146.0,132.8074356683458,11.57384434494025,False,False,science_V_000.fits,142313.28911033482,317.1299189120449,448.7539037583049,-8.437735514234305,0.0024193661401210875,15.676221925999323,0.013941278182118617,0
13,13.33546245738851,83.16768765275212,239835.701171875,383.8795166015625,624.7681650094555,239626.54471726215,4.931057730226627,0.0010746621121646704,1.001075818253281,16188.673828125,175.0,132.83665961343814,11.574461473564948,False,False,science_V_000.fits,240805.6633122981,383.2579433119793,628.3122568350205,-9.008788615351268,0.001727962471190624,15.10516882488236,0.013838054745270209,0
14,387.4685114066662,80.3024286253694,16268.95849609375,145.61241149902344,111.72782820235663,16775.765296904116,4.270270537838824,0.02291245929983088,1.0234497507597038,1070.7744140625,71.0,132.77990521285443,11.57403727694501,False,False,science_V_000.fits,16976.775855280815,200.43464607891846,84.69980708123903,-6.12925991077566,0.012818211013853444,17.984697529457968,0.01878330211722438,0
15,241.08215663200872,93.15186268047822,26050.862701416016,169.05938720703125,154.09296775407068,26879.20870991679,4.49910561938304,0.011461376166353898,1.0115942623687335,1893.0673828125,90.0,132.80211139753683,11.575947530236519,False,False,science_V_000.fits,26569.941651987298,303.54349067013084,87.53256936371464,-6.6155983757753,0.012403383196587181,17.498359064458327,0.018502697629065697,0
16,27.496541785884567,101.98588922817852,160935.05883789062,367.8213195800781,437.5359726881018,161073.67071324424,4.9204479874102836,0.006226595928167211,1.0062656093458073,10625.6923828125,160.0,132.83451178281504,11.577258328656914,False,False,science_V_000.fits,161665.26337497737,370.6030970059136,436.2221057542801,-8.576163659348184,0.0024888697424507986,15.537793780885444,0.013953507710469768,0
17,322.4749394142538,105.15920059831976,440075.18658447266,510.5115051269531,862.0279507217678,437919.10207322834,5.07077821236941,0.004016602606460973,1.0040328007645232,28057.236328125,225.0,132.78976431787277,11.577731781656897,False,False,science_V_000.fits,436177.48304125457,499.84240980136667,872.6300019531916,-9.653779979214649,0.0012441699203212103,14.46017746101898,0.013786002452556153,0
18,249.00520573672046,108.64632816651228,1313177.8762207031,848.1058349609375,1548.3655719467915,1302384.656184702,5.5569562495293665,0.07985196572765663,1.086781651162037,53459.19140625,360.0,132.80090950485115,11.578250185828335,False,True,science_V_000.fits,1294318.446847732,823.1082963284813,1572.4764926086991,-10.834724726182703,0.0006904395742023787,13.279232714050925,0.013747094661668586,0
19,308.80748621688474,115.49431783848233,7132.818695068359,112.03917694091797,63.66361204911149,7851.723552683275,3.885925946376042,0.04486161561263713,1.0469687077243912,531.1011962890625,50.0,132.79183759333733,11.579267760130643,False,False,science_V_000.fits,6081.604563850861,186.97147327990317,32.52691149706285,-5.0146673194635625,0.033378514898287776,19.099290120770064,0.03609198195785971,0
20,339.0428352234978,123.10862305097913,1549117.5485839844,935.8404541015625,1655.3222739993516,1540813.9544570982,5.990041896722961,0.1967903922182378,1.2450050277183775,53422.41796875,359.0,132.78725088540756,11.580399165731414,False,True,science_V_000.fits,1523237.2230060166,897.4683412484388,1697.260118264552,-11.011540733857935,0.000639678024786282,13.102416706375694,0.01374463869320131,0
21,274.4091850260048,127.62088776164458,585928.2368164062,580.291748046875,1009.713198211938,582653.9674408757,5.104533398070792,0.000215072369825986,1.0002151186359007,36522.0078125,247.0,132.79705574418642,11.581070002397071,False,False,science_V_000.fits,581911.497618939,567.0151236903571,1026.2715636782852,-9.966764219607034,0.0010579071255844954,14.147193220626594,0.013770441979748312,0
22,365.76960033977014,135.34977418138635,150532.94766235352,322.9866943359375,466.06547669664883,150720.0955517006,4.8921721759421715,0.0034637109130446486,1.0034757499059248,9986.91015625,157.0,132.78319635016373,11.582218130901072,False,False,science_V_000.fits,150381.3935171808,327.59779205511745,459.0427565881749,-8.497607136343815,0.0023651391606076986,15.616350303889813,0.01393196999997819,0
23,497.4064046363924,138.85368618249976,174701.58056640625,386.2960510253906,452.24790702021284,174597.19602760632,4.986034095905027,0.011608886998684675,1.011745236117546,11386.005859375,174.0,132.76322697228295,11.582737014631316,False,False,science_V_000.fits,173313.56288142232,385.7971701652709,449.23492519962457,-8.651703249868937,0.002416775586888202,15.46225419036469,0.013940828851565138,0
24,461.6126514737759,139.51420880260827,52099.463623046875,217.9563446044922,239.03623323095997,52778.4972141186,4.694025765495467,0.003937742738396088,1.0039533098555726,3289.9755859375,112.0,132.76865688471497,11.582835810476444,False,False,science_V_000.fits,52641.04703679228,243.9382397181682,215.7966176094844,-7.357933171194837,0.0050311261224897106,16.75602426903879,0.014622521495680918,0
25,352.01420334057633,139.38102103045023,15296.557739257812,143.94924926757812,106.26354647271562,16086.951781658929,4.269786522485603,0.0204400436142822,1.020866556948387,1061.98193359375,71.0,132.78528301325647,11.58281733179439,False,False,science_V_000.fits,14849.749908044852,199.7280032046643,74.34986416415573,-5.983919722909543,0.014602582159436129,18.130037717324083,0.020043485489164167,0
26,399.9460159604441,146.43647409839758,118534.17422485352,294.57818603515625,402.38612308756336,118881.94563820293,4.854808420014559,0.0052293460986693185,1.0052568359130425,7929.5146484375,146.0,132.77801165596478,11.583865392224848,False,False,science_V_000.fits,118616.43317147101,303.28660216924794,391.1034391993272,-8.23998402539095,0.002775991952979655,15.873973414842679,0.014007570672827603,0
27,28.304258574000333,149.7140762880569,109051.07318115234,276.6473083496094,394.1880867437918,109420.28854041971,4.790004489384491,0.0012381889664909718,1.0012397239790434,7244.287109375,137.0,132.83439012816407,11.584351279968995,False,False,science_V_000.fits,110590.00726456125,287.1583173993513,385.118593346414,-8.163911590514974,0.002819131609736156,15.950045849718654,0.014016183783907291,0
28,329.33399144895685,162.1749802654284,472090.7924499512,527.4385375976562,895.0631377832202,469676.9966468255,5.073565611343723,0.0032589699659577587,1.0032696255775146,31222.029296875,230.0,132.78872347359484,11.586204920600455,False,False,science_V_000.fits,469566.9252884575,515.9378207549433,910.1230931304204,-9.73386562173421,0.0011929155607574716,14.380091818499418,0.013781471342579843,0
29,498.8831721934627,165.07252563571686,68689.4521484375,244.4306640625,281.0181464420269,69431.68063708898,4.835056980412958,0.015523607338097767,1.0157683896270218,4775.0439453125,131.0,132.76300242976453,11.586633396034943,False,False,science_V_000.fits,68361.15923433396,261.1814121105118,261.73822509776767,-7.641645420690061,0.004148037603580662,16.472312019543565,0.014342667840815785,0
30,452.04606128024363,168.8860428732018,255941.10000610352,404.55303955078125,632.6515314043925,255442.7481121159,4.990766841769047,0.0021602667438792578,1.0021649435995397,17748.033203125,185.0,132.770107672589,11.587200943019557,False,False,science_V_000.fits,255084.5822415261,401.18462197464754,635.8284148230535,-9.07133239875256,0.0017075361444834807,15.042625041481068,0.013835518946391916,0
31,12.807153639673999,166.9130288155855,12847.017639160156,129.44366455078125,99.24794453049668,13006.47226363053,4.095341103213164,0.018052853840577088,1.0183847510644388,966.5230712890625,64.0,132.83674139373142,11.586906947653247,False,False,science_V_000.fits,13503.089064306547,184.4640352960614,73.20174386640916,-5.880704704559514,0.014831613874955874,18.23325273567411,0.020210954330932417,0
32,42.187597929251055,174.82712446432404,182714.75537109375,343.9557189941406,531.215924844693,182681.8289513149,4.90993143576761,0.004884531993825103,1.0049085077570061,12463.5078125,166.0,132.8322844407092,11.588083598217395,False,False,science_V_000.fits,183934.21602274856,345.5132841848502,532.350634380655,-8.716278187995933,0.002039445301428297,15.397679252237696,0.013880390555339937,0
33,17.41661789814991,194.15830780878417,246836.7135925293,390.18157958984375,632.6201094680133,246516.60429591942,4.931285111760567,0.0024162644803840116,1.002422116955551,16279.6376953125,177.0,132.83604264896962,11.590955985272991,False,False,science_V_000.fits,247902.75600451173,389.06369030155264,637.1778250814643,-9.040325261461637,0.0017039199376739005,15.073632178771991,0.01383507311094722,0
34,427.44089525112634,195.39225243399162,392349.78216552734,486.9483337402344,805.7318507528332,390690.80031460046,5.0510648771151665,0.002318375291456287,1.0023237626453565,24329.638671875,212.0,132.7738399748469,11.591140418981015,False,False,science_V_000.fits,390418.6544845004,477.99466194156287,816.784549222081,-9.533448275024769,0.0013292367014459793,14.58050916520886,0.013793939793971957,0
35,264.46320790919265,197.27376865568314,113238.50894165039,288.5131530761719,392.48993584619586,113590.58215040472,4.875910543298161,0.004450213373315082,1.0044701063001522,7199.3427734375,148.0,132.79856449027247,11.591421205132624,False,False,science_V_000.fits,114073.99878875504,296.3881362813845,384.880448387636,-8.197588538342378,0.0028208759487479266,15.91636890189125,0.014016534734001721,0
36,186.12591918042094,203.3809998027186,612271.3932495117,590.68017578125,1036.5531439068604,608805.5953424843,5.095074082420841,0.0005704079925034078,1.0005707335434781,40027.2734375,246.0,132.81044868895287,11.592328623521531,False,False,science_V_000.fits,608377.5548078606,577.9301828691109,1052.6834777647275,-10.01505483159707,0.0010313641497493435,14.098902608636559,0.01376842826326376,0
37,42.35937742697449,205.17879148065694,303654.435546875,428.4601135253906,708.7110934280242,302840.687834043,4.988970207912983,0.0012856489296131368,1.0012873039505592,20099.931640625,194.0,132.83225890248156,11.592594195219577,False,False,science_V_000.fits,303232.16276905045,423.8016645054593,715.5048886438346,-9.259060032769433,0.0015173900517407113,14.854897407464195,0.013813340559052825,0
38,302.4887000528734,220.12039421968151,483921.9277648926,553.8841552734375,873.6879781765801,481308.22024644446,5.089321062650892,0.0009924579646127807,1.0009934439159396,30788.515625,232.0,132.79279574226894,11.594816381855045,False,False,science_V_000.fits,480190.59260171745,521.5973766261392,920.615428911368,-9.75815599292909,0.0011793197961974691,14.355801447304538,0.01378030115828226,0
39,328.72320194163075,216.13968663602432,15977.565399169922,145.50245666503906,109.80959198477208,16714.71035165548,4.264410838861426,0.01030773788645789,1.0104150939449048,1164.6456298828125,71.0,132.78881581040147,11.594224678748454,False,False,science_V_000.fits,15670.946023104874,201.02870920847465,77.95377130364743,-6.042359910874904,0.013927485249827811,18.071597529358723,0.019557115079055585,0
40,280.06036854350975,227.00993321000004,399392.2151489258,498.6428527832031,800.9584674074755,399585.63825546834,6.94585514707232,0.40288683654620017,1.6747244261302785,15774.7529296875,268.0,132.7961982615527,11.595840308234012,False,False,science_V_000.fits,389271.5194211669,475.61254606394965,818.4635217104354,-9.530253449668832,0.0013265099435721833,14.583703990564796,0.01379367730018533,0
41,360.4494644407931,226.7035304440323,12846.835052490234,135.4282989501953,94.86078723631275,13445.112430050429,4.116829253597926,0.035622877635950956,1.0369387419193707,888.1585693359375,63.0,132.7840026370975,11.595794358467801,False,False,science_V_000.fits,12619.612990641883,198.18085845091912,63.6772546515496,-5.807236965232363,0.017050044100379243,18.306720475001264,0.021890863588632795,0
42,42.6498752690293,233.93602733809496,1189337.2766723633,817.5607299804688,1454.738752802836,1183448.8125207082,5.451094073415163,0.10107435098383977,1.112439055548656,55172.08984375,295.0,132.83221532554373,11.596867844160247,False,True,science_V_000.fits,1179710.2772602686,795.854948285961,1482.3182035885054,-10.734060281212054,0.0007324338305848618,13.379897159021574,0.013749267767682663,0
43,317.8439244261314,232.33586014662083,54468.19494628906,218.7740020751953,248.97014466813874,54992.2451021212,4.673910105256538,0.010941724343324521,1.0110627701245003,3627.362060546875,111.0,132.7904661864034,11.596631668789605,False,False,science_V_000.fits,53663.37112099856,244.15935339933446,219.78830781563187,-7.37881675272921,0.004939753214309895,16.735140687504416,0.014591335327842243,0
44,203.8693824307892,237.06929817239435,1094685.264099121,784.9347534179688,1394.6194372619577,1087241.2473753237,5.253384382781762,0.0018905568524700822,1.0018941378277197,51461.65625,298.0,132.80775704584616,11.59733516306563,False,False,science_V_000.fits,1084306.5132456515,767.2251638519334,1413.283302390368,-10.642502040327702,0.0007682111563645398,13.471455399905926,0.013751220062671352,0
45,339.6693945239313,238.74970073949797,479451.31549072266,531.4383544921875,902.1767274378592,477192.6105879237,5.063675316948574,0.00037514019217332883,1.0003752809751505,31320.818359375,227.0,132.78715504612364,11.59758470940699,False,False,science_V_000.fits,476227.58290702023,520.3947057728773,915.1276475800015,-9.74915823893162,0.0011863918687967374,14.364799201302008,0.013780908188417743,0
46,87.22988489367654,238.66109094826024,73205.49322509766,239.32150268554688,305.88765490614935,73806.43954338637,4.74019118086944,0.006521321882178688,1.006564128678165,4909.66259765625,124.0,132.82545224526046,11.59757071126193,False,False,science_V_000.fits,74163.34600145083,256.4108765870424,289.2363498327459,-7.730095162763377,0.0037536775741631996,16.38386227747025,0.014233622172940656,0
47,441.57827040030423,244.1783825402209,280848.58462524414,423.6045227050781,662.9971342888057,279886.7278358259,5.034873215466387,0.003925623861763872,1.0039410951188037,18192.1796875,199.0,132.77169453061435,11.59839037838604,False,False,science_V_000.fits,279633.8365734353,416.7007395052446,671.0663314527567,-9.171096177168677,0.0016178728526725884,14.942861263064952,0.013824739324799839,0
48,354.88425811825624,246.06940024767954,12343.842254638672,136.7761688232422,90.24848671255587,12929.269746077207,4.180669491026447,0.023624363842036478,1.0241959784402224,903.5443115234375,66.0,132.78484676410545,11.598672386980422,False,False,science_V_000.fits,12079.252797086914,198.2372674999626,60.93330961136857,-5.759722049956794,0.017817840634696738,18.35423539027683,0.02249402920142815,0
49,266.0749366231203,247.03270155155138,14778.449157714844,141.40281677246094,104.51311717146102,15313.309860129808,4.230855745083827,0.007358048146492213,1.0074125903431272,1058.4775390625,69.0,132.79831993832485,11.598815934062268,False,False,science_V_000.fits,15156.495246774923,197.9655828465036,76.56126397752078,-6.006118843152449,0.014180800362945594,18.107838597081177,0.019738313093194414,0
50,233.74303633604663,262.4314246728312,233891.48858642578,387.0550537109375,604.2848074039149,233481.47876469436,4.970898997300763,0.004285768041800142,1.0043042149085,14837.408203125,182.0,132.80322500829385,11.601104342388522,False,False,science_V_000.fits,233286.9246790932,384.53302917262636,606.6759081295068,-8.974347869130158,0.0017895881234964689,15.13960957110347,0.013845884965686079,0
51,415.14591937586096,262.22391914489964,18479.6640625,154.62442016601562,119.51323110967165,19482.71170941005,4.342848351071678,0.04764828726814363,1.0500322377028783,1287.36669921875,75.0,132.77570431846254,11.601072507911853,False,False,science_V_000.fits,15609.832462779272,208.92733101103548,74.7141716080926,-6.038117478769173,0.014531379745397638,18.075839961464453,0.01999167081902373,0
52,368.1939863769775,267.13597621191167,373662.809967041,476.9106750488281,783.5069112864455,372153.1314548871,5.040819794542298,0.005376477521664369,1.0054055402875126,25463.251953125,211.0,132.78282736577685,11.60180300191561,False,False,science_V_000.fits,371393.36008203006,468.0965986558403,793.4117896786736,-9.479207211500805,0.0013683940850434063,14.634750228732823,0.01379776819645967,0
53,427.27207408892025,273.7103903840975,762969.8364257812,658.357666015625,1158.89868958809,757980.8171812256,5.12431940551332,0.0014242268011908088,1.0014262581162252,49725.1328125,264.0,132.77386449607033,11.60277936549879,False,False,science_V_000.fits,756208.1105039377,642.1481843506502,1177.6224381427264,-10.251225201437308,0.000921942351669436,13.86273223879632,0.0137606643201211,0
54,404.33194775550464,270.54076169082526,21995.59454345703,164.9490509033203,133.34780905377295,22846.63702621706,4.43737743522983,0.010346047198469543,1.0104542069166518,1456.7081298828125,83.0,132.77734480905198,11.602308615439377,False,False,science_V_000.fits,19597.03947040461,212.55813004380803,92.19614166894334,-6.285098042383542,0.01177598086369511,17.828859397850085,0.018088107422651094,0
55,255.16253299211522,277.9910676796694,1332043.006286621,852.0214233398438,1563.3914474417063,1323113.445575849,5.423103903992397,0.0016180245934693804,1.0016206468399136,52068.81640625,327.0,132.79997544886496,11.603416696097405,False,True,science_V_000.fits,1316307.0300235862,830.7259451812856,1584.5262058552107,-10.853014875907457,0.0006851890464089984,13.260942564326172,0.013746831957239131,0
56,318.28729902532734,276.27325637284116,174164.63543701172,343.9097900390625,506.42534897662983,174206.36140716675,4.9200571495087955,0.009060859025861512,1.0091437088830242,11431.90625,165.0,132.79039869836475,11.603161251751573,False,False,science_V_000.fits,173162.00642454962,346.0040543490241,500.46236235681846,-8.650753397369288,0.002169393907839807,15.46320404286434,0.01390007822850737,0
57,337.51667918262433,280.31507641117327,1017463.3662109375,750.287841796875,1356.097366277721,1010745.353952534,5.187054023802942,0.0013940997372828834,1.0013960459645954,54894.39453125,284.0,132.7874813541359,11.603761800150448,False,True,science_V_000.fits,1007818.1975646305,732.9576169271913,1375.0020114256383,-10.563077363750297,0.0007895988449313741,13.550880076483331,0.013752431463823737,0
58,41.21118868826155,283.1437840554382,1016756.5870361328,745.5809936523438,1363.7104428526181,1010297.7253001371,5.17449787915625,0.0009193245242148373,1.0009201704594848,54881.41796875,284.0,132.8324344355457,11.604180638131231,False,True,science_V_000.fits,1008725.2080533985,730.0680557154145,1381.686542996214,-10.564054059009537,0.0007857788045366923,13.549903381224091,0.013752212664182854,0
59,186.0524164488062,281.2831333665251,110264.97216796875,285.4414367675781,386.29630447716835,110658.89015764103,4.8827523492589595,0.008228719412266439,1.008296993039958,7326.11474609375,148.0,132.81046027356837,11.60390574550307,False,False,science_V_000.fits,106923.55191902038,293.3680502530092,364.4689727692105,-8.127305317181637,0.002978854391228217,15.986652123051991,0.014049180699079638,0
60,67.7973090510403,288.19119150768256,497881.9916687012,536.6964721679688,927.6788976411981,495392.20283134567,5.0758630424943965,0.003475676217549739,1.003487798676461,33298.7265625,232.0,132.82840107903564,11.604931160781389,False,False,science_V_000.fits,494298.455199844,525.8402042213172,940.0164750274632,-9.78959500701444,0.00115497975710296,14.324362433219187,0.013778239476455973,0
61,168.04545447734722,291.7212941799533,232786.20971679688,386.4871826171875,602.3128843249888,232287.06230118597,4.987537974387805,0.004962982281536132,1.0049877363285598,15700.31640625,186.0,132.8131922166012,11.605456861026608,False,False,science_V_000.fits,228122.44341413706,382.9945845396828,595.6283786318155,-8.950041910680847,0.0018227808461609915,15.163915529552781,0.013850214252652683,0
62,202.38413453650662,289.6338957330017,12659.294860839844,134.14366149902344,94.37117430205231,13321.064376761782,4.161859901152989,0.0183810283545236,1.0187252171010017,844.094482421875,65.0,132.8079825936695,11.605146840128022,False,False,science_V_000.fits,12791.71187415815,193.95571105388504,65.95171549552536,-5.821943545587623,0.016462043357669168,18.292013894646004,0.0214360625195261,0
63,350.3484946412548,295.2345172379625,79504.8147277832,252.26602172851562,315.16259773321724,80121.76963836941,4.746161483704574,0.012187620070693517,1.0123379908151846,5283.162109375,124.0,132.78553450164927,11.605978904418516,False,False,science_V_000.fits,76931.79073671873,270.8197276327585,284.0701133893801,-7.76988647804648,0.0038219437696066652,16.344070962187146,0.014251777398250625,0
64,312.94368162123715,297.8777010222255,564500.6140136719,571.843994140625,987.1584204744707,561739.0936063135,5.072261883399361,0.0030835934037093393,1.0030931313631777,38544.3125,236.0,132.79120928523946,11.606371937850824,False,False,science_V_000.fits,561466.8722187687,559.7134478327582,1003.1327179877486,-9.927932216598622,0.001082309429781015,14.186025223635006,0.01377233816507005,0
65,108.12591053236419,298.08350251584875,287527.1622314453,420.4347839355469,683.8805284853014,286758.5631633737,4.997556106278754,0.005893739951315591,1.0059286820616409,19762.263671875,192.0,132.82228284764184,11.606401801229698,False,False,science_V_000.fits,286412.4005505167,415.894188037486,688.6665137159871,-9.197101417331508,0.0015765250355235852,14.91685602290212,0.013819961505694754,0
66,236.1120165051844,298.49629122895874,92192.90603637695,264.905517578125,348.0218414446115,92581.74863308945,4.78620941673574,0.014778758962151861,1.0150004469519796,6016.12939453125,132.0,132.8028656645198,11.606463986008313,False,False,science_V_000.fits,93009.78841514762,278.9236867642318,333.45962651700785,-7.975943515075873,0.0032558664187930554,16.138013925157754,0.01411051278190401,0
67,426.13733983996286,300.5556989640203,198025.66900634766,394.9261779785156,501.4245194379605,197930.44188071636,4.949470973013309,0.004411624878412401,1.0044311735539033,12858.380859375,171.0,132.7740362768881,11.60676889161624,False,False,science_V_000.fits,196963.86245910704,395.2320065973159,498.3499796861965,-8.790588254492409,0.002178589433641894,15.32336918574122,0.013901516347205734,0
68,77.10440731208978,306.7661568960668,1175314.0493469238,799.8975830078125,1469.3306672179865,1167020.2331702712,5.27838573585567,0.0023025644293712677,1.0023078784682395,53643.8828125,307.0,132.8269893438317,11.607691741176403,False,True,science_V_000.fits,1163005.772125113,781.6810889369741,1487.8264148704313,-10.718576549503165,0.0007297222237411003,13.395380890730463,0.013749123584980746,0
69,182.7385326800404,309.4766816377999,1426836.153503418,878.9188842773438,1623.399131623594,1417354.3687084164,5.452696531512448,0.00018873648538464405,1.0001887721135698,51913.03515625,330.0,132.81096319361436,11.608095601393916,False,True,science_V_000.fits,1409911.1487636128,857.9460821049721,1643.356357901179,-10.927601235790114,0.000660660114758437,13.186356204443515,0.013745631182979005,0
70,439.65148555546295,307.90680439023964,26880.802032470703,175.95010375976562,152.7751416911498,27705.426454584656,4.494985539290181,0.016510412341206426,1.0167875822463048,1842.5164794921875,88.0,132.7719858903699,11.607861157078514,False,False,science_V_000.fits,25581.62811804748,219.81961251183353,116.37554914109562,-6.5744423272300265,0.009329279286009467,17.5395151130036,0.016599438449165005,0
71,350.1644146036733,319.7625254947376,1478531.6390075684,896.2877197265625,1649.6172004438881,1468717.0895028482,5.465647264250804,0.0022323109117877715,1.0022373052727611,53919.56640625,331.0,132.78556224042984,11.609624040182512,False,True,science_V_000.fits,1461159.749772036,874.0627415177006,1671.6874892011926,-10.96636612477968,0.0006494634954280817,13.147591315453948,0.013745097586526835,0
72,216.5020560279414,321.8969423333561,62353.86102294922,236.89837646484375,263.2093218764742,63006.04841015091,5.039838141936487,0.1255106016907236,1.1435244405859966,3949.824462890625,137.0,132.80584082827022,11.609941538133407,False,False,science_V_000.fits,62020.40712270323,250.49435687432953,247.59203319625377,-7.535958405953268,0.004385036085306591,16.577999034280356,0.01441299574344949,0
73,199.48497455065322,330.6234429904497,817717.4238586426,676.3286743164062,1209.0533122599657,812356.8629869774,5.124987052699864,0.0011784844335769318,1.0011798748977776,50252.9609375,268.0,132.8084226164062,11.611238329685955,False,False,science_V_000.fits,810247.3236128194,660.9281816502572,1225.9234000125862,-10.326165886932785,0.0008856181389382514,13.787791553300844,0.013758278392272364,0
74,499.29564202749646,333.9213800952045,1046459.3287353516,765.2903442382812,1367.4017144132756,1037796.0773564633,5.233819873398626,0.0023316444642417222,1.0023370937359135,56417.87109375,309.0,132.76293652528645,11.611726198293459,False,True,science_V_000.fits,1034071.5583165812,743.2012280472475,1391.3749322422302,-10.590998357073794,0.0007803072880221951,13.522959083159835,0.013751901115663706,0
75,17.158365547443037,334.1986309799632,84498.22897338867,252.6353759765625,334.4671293430725,84823.59699746287,4.71583614995635,0.0030637707892230415,1.0030731863277238,5881.537109375,127.0,132.83608451746406,11.611767524078742,False,False,science_V_000.fits,86280.2612907071,267.86735869507885,322.1006908457346,-7.894400503160171,0.003370685102069465,16.219556937073456,0.014137447537959785,0
76,223.0448604257662,333.48997803492585,27276.990753173828,170.93287658691406,159.57720537923743,27938.649802375803,4.428132084120988,0.012957448613037714,1.0131275481435227,1842.3475341796875,85.0,132.80484821566375,11.611664410235125,False,False,science_V_000.fits,26806.5269207765,213.70702362422836,125.43587228050934,-6.625223249090528,0.008655418743149283,17.4887341911431,0.01623028584007417,0
77,317.1097756817979,338.8702302700366,1417989.376739502,879.4564819335938,1612.347405322293,1408181.3574959412,5.479594207748281,0.0004204708522871359,1.0004206477223934,52284.94140625,337.0,132.79057702809365,11.612463863118693,False,True,science_V_000.fits,1400703.910952664,856.4360198697583,1635.5032698947841,-10.920487727191993,0.0006638323627869273,13.193469713041635,0.013745784016822592,0
78,172.98145527904583,346.9769882741383,170663.47491455078,340.3355407714844,501.45651708218577,170619.07730395353,4.941133277043514,0.0016463028545276037,1.0016490176369706,11730.2919921875,170.0,132.81244372866564,11.613668503697264,False,False,science_V_000.fits,170579.6292157478,340.96250235034796,500.288530380601,-8.63443978919372,0.002170147692920403,15.479517651039908,0.013900195892157057,0
79,69.37885326546424,349.1828334466622,410093.5994567871,492.40118408203125,832.8444624301875,408316.60191044555,5.057071355443846,0.0007168951616045582,1.0007174094689817,26611.150390625,218.0,132.82816205371037,11.613995218434741,False,False,science_V_000.fits,407906.50962840347,483.2848439006393,844.029178188478,-9.581023464332501,0.0012863299374675826,14.532933975901127,0.013789871266232963,0
80,372.7294204312112,350.28941335273566,514972.3340148926,550.7615356445312,935.0186980872653,512276.44955606293,5.080291128528839,0.0017041189570041748,1.0017070279356695,33444.78125,233.0,132.78213850106692,11.614160484272402,False,False,science_V_000.fits,511963.13989638985,538.3144050319485,951.0485603037231,-9.827718608922558,0.0011415820866741812,14.28623883131107,0.013777122866980157,0
81,46.61537164796184,358.4400539403857,653883.455078125,608.1314697265625,1075.2337078890757,650189.3988991599,5.094463471721276,0.0009092982820130269,1.000910125857892,40450.2578125,250.0,132.83161582377033,11.615370588690416,False,False,science_V_000.fits,649795.8180387894,595.2136259425482,1091.701852439631,-10.086564153995889,0.000994502297100423,14.02739328623774,0.013765716096527278,0
82,195.8761098112326,357.9829377799983,106172.6435546875,280.97930908203125,377.8664126606228,106581.17609190772,4.835959880496715,0.005019675384939304,1.0050449996454767,7330.5625,142.0,132.80897026905882,11.615304237952719,False,False,science_V_000.fits,106122.57469524251,291.1385404951183,364.5088503733223,-8.11914131924962,0.0029785285018129166,15.99481612098401,0.01404911160420345,0
83,425.8629760543633,356.57233989243406,28611.336212158203,178.8570556640625,159.96761271692475,29350.55689910775,4.467643266719074,0.012928802308264653,1.0130981456438994,1958.7591552734375,88.0,132.7740771283921,11.615093589410055,False,False,science_V_000.fits,29017.362157713556,222.21874015941074,130.58017580739443,-6.711266699221241,0.008314432058978126,17.402690741012385,0.01605103377650846,0
84,150.7335708625611,363.44484981551994,143645.9893798828,315.8327941894531,454.8165739043438,143877.05170795397,4.911452935285566,0.0032176688498912753,1.0032280556640472,9172.0068359375,157.0,132.81581925332648,11.616115646479066,False,False,science_V_000.fits,143929.02674851147,320.3796153443388,449.2452698459573,-8.449992845773533,0.002416719936466506,15.663964594460095,0.013940819204141728,0
85,189.42032198116038,375.45396376452385,186346.82479858398,351.60736083984375,529.9855621721881,186348.78557743767,4.935217491673578,0.005173021331919658,1.0051999206322746,11602.2431640625,167.0,132.80994982121683,11.617900594386088,False,False,science_V_000.fits,185677.29316514483,353.04232850061703,525.9349323740378,-8.726518864730641,0.0020643238035154225,15.387438575502987,0.01388406776117909,0
86,413.7253067181892,378.5337708828849,542320.490020752,572.6659545898438,947.0101822434583,541874.1262222459,6.71707730756151,0.3710898373472422,1.590052219512524,23833.798828125,282.0,132.77591834874872,11.618357459980016,False,False,science_V_000.fits,529566.896925388,547.5645110801875,967.1315182218524,-9.86442394818286,0.0011225980950307,14.249533492050768,0.013775562831123044,0
87,168.90682952586212,380.207312260972,88442.27066040039,262.9554748535156,336.33933923478435,88888.06884496444,4.834045106832753,0.006663180803044844,1.0067078765976194,6002.396484375,138.0,132.81306215045296,11.618606871412,False,False,science_V_000.fits,88691.7758568526,275.0064406796606,322.50799522242687,-7.9243302509714155,0.003366428169482174,16.18962718926221,0.014136433194110008,0
88,334.4004465683125,382.417899150667,718048.1481323242,639.382080078125,1123.0345211498375,713725.9244160418,5.1091932433810365,0.0005340536964797415,1.0005343390622312,44505.828125,255.0,132.78795346845635,11.618935433034439,False,False,science_V_000.fits,712821.2110538407,624.541433571286,1141.3513543493,-10.187073409786972,0.0009512408215601343,13.926884030446656,0.013762658316322998,0
89,318.14467286782553,387.2787667572721,14115.193389892578,140.9143829345703,100.16857822417302,14783.520121360722,4.15805116072969,0.014135573415386293,1.0143382528410696,1075.132080078125,66.0,132.79041977016684,11.61965790370413,False,False,science_V_000.fits,14137.10889397344,202.20828368446612,69.91359916804174,-5.930523382174636,0.01552916761430708,18.18343405805899,0.020728264558918,0
90,63.36298306500735,389.96837490956506,136001.30136108398,338.8053283691406,401.4142930270142,136267.63000813188,4.877429165817166,0.013081406084940017,1.0132547974732613,9022.2421875,151.0,132.82907539678703,11.620056311849195,False,False,science_V_000.fits,136379.45355753662,344.49943235705945,395.8771502885524,-8.39149423901506,0.0027425174683829066,15.722463201218568,0.01400097521230709,0
91,282.40590808524354,392.95007070075474,348232.9925842285,461.99603271484375,753.7575388643373,346950.19055199955,5.033902265404278,0.0003730602997865651,1.0003731995257135,22881.75,206.0,132.7958420582938,11.62050085063057,False,False,science_V_000.fits,346873.3810080242,454.1717819528061,763.7493010168309,-9.405049307669591,0.0014215397625301058,14.708908132564037,0.013803140227053637,0
92,98.40074973701299,393.0338787090174,90382.6930847168,260.69195556640625,346.7030384130651,90971.596949058,4.782764526449476,0.00656511379758995,1.0066084993478397,5970.47705078125,130.0,132.823759484059,11.620512363247142,False,False,science_V_000.fits,91099.68918022256,275.24718710362356,330.97409691575103,-7.953414112095107,0.003280317130909382,16.16054332813852,0.01411617459904027,0
93,407.08285100752914,398.04958094873155,715589.6884460449,640.6879272460938,1116.908338700724,711009.164198318,5.1238867741692475,0.006208007108947644,1.0062467872083452,48986.1796875,261.0,132.77692590035167,11.621257807425142,False,False,science_V_000.fits,708471.4146870327,624.2935156621654,1134.8370548676655,-10.180427704239428,0.0009567012245001152,13.9335297359942,0.013763036803852999,0
94,242.40387278466113,397.4878851482508,204352.68981933594,366.7241516113281,557.2381554949202,204242.07478382785,4.944296305580235,0.006123853566206816,1.006161586217941,12628.4033203125,172.0,132.80191120723254,11.621175243667896,False,False,science_V_000.fits,203795.6275045347,366.77682113325767,555.6393309556807,-8.8276090286754,0.001953965350387693,15.286348411558228,0.013868088744371657,0
95,40.99993719199016,402.44653209812105,480414.4545593262,532.8182373046875,901.6479184150097,479445.049905811,5.882408158660897,0.23499416289562713,1.3071795684397711,18750.267578125,252.0,132.83246854732917,11.621910344592717,False,False,science_V_000.fits,474279.38688405545,517.1090922772205,917.1747199327832,-9.744707498462864,0.0011837439218555519,14.369249941770764,0.013780680480432819,0
96,221.87007551865315,404.24843939054807,776803.218170166,660.6857299804688,1175.7529834844927,772365.4429759021,5.110519345893795,0.00016229683874458,1.0001623231832841,51982.0234375,258.0,132.80502663880313,11.62217989978237,False,True,science_V_000.fits,771160.3562187481,646.3776999669662,1193.0491356031605,-10.27248361222836,0.0009100211949368802,13.841473828005268,0.013759870762710184,0
97,469.5409514569117,404.3399127562846,129313.31558227539,310.2549743652344,416.79691307719963,129718.26068703536,4.912017427376743,0.008065080262155244,1.0081306546444466,8036.3291015625,154.0,132.76744956937108,11.622191712721044,False,False,science_V_000.fits,128906.54087829242,316.66336316682566,407.07753365955836,-8.330309260428248,0.0026670594916888197,15.78364817980538,0.013986390212040402,0
98,121.25539257044717,406.83222677610394,370694.6513366699,472.62078857421875,784.3384385502063,369047.238133325,5.053789904816739,0.0004477912563332076,1.0004479918631723,24796.888671875,214.0,132.82029210679232,11.622563213664147,False,False,science_V_000.fits,367987.4463663518,463.6688015851826,793.6428871390158,-9.469204382227298,0.0013679956282526692,14.64475305800633,0.013797728685192015,0
99,451.02490667162783,402.7174155810865,5816.426574707031,107.20866394042969,54.253325812724604,6762.546498531167,3.680697361923212,0.02412817351063501,1.0247247362365552,480.406494140625,42.0,132.77025888203414,11.621950893023971,False,False,science_V_000.fits,6249.83811410817,236.87890163730506,26.38410627079634,-5.0442937945770545,0.04114977361206751,19.069663645656572,0.04337983140994971,0
100,177.2409488146439,410.811458471568,756218.4268798828,652.3172607421875,1159.2801116736964,751652.4685219355,5.115964024768586,0.0019835853938032777,1.0019875278249668,50133.265625,259.0,132.81179789135962,11.62315504099538,False,False,science_V_000.fits,750670.9366256065,637.8479871892321,1176.8806231301987,-10.24324587858143,0.0009225234732069241,13.870711561652199,0.013760703266543826,0
101,307.4390104642497,406.67429141795856,25921.76300048828,171.05355834960938,151.5417934043082,26443.26887551038,4.429677470420821,0.0028427545764647677,1.0028508588685603,1667.251220703125,84.0,132.79204395566774,11.622540342794352,False,False,science_V_000.fits,26232.09377409118,216.02578870210996,121.4303807508097,-6.601704264474427,0.008940925601048654,17.5122531757592,0.01638432346588468,0
102,342.75997189511685,412.8490104846398,22577.460174560547,164.65391540527344,137.12070022136533,23237.027903352653,4.381558769222838,0.01525351974147704,1.015489793614162,1624.3399658203125,80.0,132.78668494527383,11.623457778182933,False,False,science_V_000.fits,20316.47440033628,213.87244190764383,94.99341859625612,-6.324242737238305,0.01142921284488639,17.789714702995322,0.0178642887091809,0
103,57.35946043717162,415.3931085211494,126295.72256469727,298.8009338378906,422.6751266889175,126665.18164179419,4.862779437085945,0.004855039921655591,1.0048787263327679,8097.82421875,150.0,132.82998666083188,11.623834616066002,False,False,science_V_000.fits,125637.47161215103,305.66729422108176,411.02687133180984,-8.302419843708464,0.0026414331415416064,15.811537596525165,0.013981526163923827,0
104,411.80988006553,418.0803646809324,757242.2208862305,657.2618408203125,1152.1165140838466,752267.2663052733,5.127151652720111,0.002084905716538188,1.002089261630054,51380.23046875,263.0,132.77620845572386,11.62423454585072,False,False,science_V_000.fits,750590.7648997024,640.7201783393948,1171.4798289091939,-10.243129915661166,0.0009267765207796481,13.870827524572462,0.013760989046966085,0
105,136.14407476294514,418.41833175581354,66446.1022644043,235.1974334716797,282.51202100130536,67077.53158630583,4.7531038221727275,0.01209957856123789,1.0122477714339024,4322.30419921875,123.0,132.81803327751015,11.624285186310585,False,False,science_V_000.fits,66343.71222570195,254.1627496885925,261.0284642694029,-7.609121295467753,0.004159316506108959,16.50483614476587,0.014345933870935088,0
106,36.28866720478557,422.37696732872035,756583.5130615234,649.8521728515625,1164.2394142372748,753822.0335396219,5.442662789430773,0.15500547884899218,1.1834396259017772,57133.515625,253.0,132.83318370092775,11.62487214691807,False,True,science_V_000.fits,751459.5819926946,636.9774589714561,1179.7271181402489,-10.244385940507906,0.0009202975699257678,13.869571499725723,0.013760554220250848,0
107,474.62818306870287,428.05989380695036,266204.9910583496,415.80267333984375,640.2195274987446,265433.05418752815,5.017573389052299,0.006434200344257346,1.0064758673723337,17453.224609375,193.0,132.7666773047785,11.625716676694301,False,False,science_V_000.fits,264605.5881976643,410.0971660081348,645.2265709937033,-9.111119403542821,0.0016826647395006232,15.002838036690807,0.013832471415362146,0
108,168.74273482851285,432.5548064875954,17956.363342285156,150.71360778808594,119.14228320732047,18675.618903800194,4.327010578125603,0.009862383188294799,1.0099606186259766,1218.9619140625,75.0,132.81308741165537,11.626386288157972,False,False,science_V_000.fits,17434.230191287246,202.55003415309,86.07369662604067,-6.1581288136797845,0.012613609529482359,17.955828626553842,0.018644276606870548,0
109,148.81877592484918,442.6992348482139,213687.8371887207,372.5732727050781,573.5458038555329,213504.3702743047,4.950988544950719,0.0008246687618166382,1.0008253494016857,14245.6435546875,176.0,132.81611044297105,11.627893710490124,False,False,science_V_000.fits,213024.63657887594,371.58811070450525,573.2816267318027,-8.875696456716698,0.001893833587846556,15.23826098351693,0.013859744243300737,0
110,434.9249164381042,444.39587066968363,482269.3112792969,537.1088256835938,897.8986905782062,479562.37752085784,5.086993389510066,0.00543363414631548,1.0054633198274823,31300.712890625,231.0,132.7727009931239,11.628145012576413,False,False,science_V_000.fits,477820.9768339207,524.2268547310277,911.4774882700026,-9.75278490356154,0.0011911429672944247,14.361172536672088,0.013781318021139601,0
111,374.3429857970846,448.34742071484123,669422.3079528809,625.5128173828125,1070.1975872433575,667213.9867923377,5.966295826417255,0.25067707106679005,1.3345381028492909,54315.69921875,281.0,132.7818927496817,11.628732975699151,False,True,science_V_000.fits,659421.8284127271,603.6523309725058,1092.3867838800104,-10.102530172074385,0.0009938787396747335,14.011427268159244,0.013765671061754657,0
112,415.44838942476014,450.99376572089284,1170853.8522644043,804.6539306640625,1455.1023833290983,1162181.3194287943,5.2605213814677985,0.0029589094365266577,1.0029676905641416,56027.5703125,304.0,132.77565598392414,11.629125795678481,False,True,science_V_000.fits,1157937.1363911622,783.9700905581603,1477.0169810518535,-10.713834330249352,0.0007350626390407657,13.400123109984277,0.013749408056878874,0
113,179.4071917662959,450.7506175878057,16697.790954589844,148.31796264648438,112.58104316325462,17454.66479887016,4.309023185107325,0.02128859500092406,1.0217516572221248,1144.25341796875,74.0,132.8114694678524,11.629090455619771,False,False,science_V_000.fits,16750.107205023112,201.4642388015052,83.14183849534872,-6.114665851488122,0.013058407411338858,17.999291588745503,0.018948031796251603,0
114,123.7259740681584,459.42644203979313,19793.818145751953,224.8305206298828,88.03883961260154,20866.82637266229,4.401025197131996,0.017431018385009378,1.0177402489913319,1297.887939453125,79.0,132.8199178230346,11.630379322234644,False,False,science_V_000.fits,17714.508505152542,260.5994254005413,67.97600753695195,-6.175444642024736,0.015971811810362804,17.93851279820889,0.02106192482506993,0
115,264.534426070509,461.1953785072839,17046.658447265625,210.21511840820312,81.09149606530117,17807.67802757713,4.330172242863303,0.03845731196501401,1.0399954286414528,1156.9520263671875,75.0,132.79855348284582,11.630642885767168,False,False,science_V_000.fits,15523.087954982533,251.6809001188799,61.677655903369306,-6.032067169634333,0.01760280905780485,18.081890270599292,0.02232408545846366,0
116,61.39025122949545,466.8521200022394,53837.2819519043,216.29293823242188,248.90910628830784,54423.99567900173,4.689023601690142,0.02794919654278183,1.0287528146094598,3604.47119140625,113.0,132.8293759034309,11.63148205666307,False,False,science_V_000.fits,54683.056212451615,239.99703814002777,227.8488794538641,-7.399253821804839,0.004765000392375586,16.71470361842879,0.01453310474642606,0
117,433.24635476260414,469.3693551643747,92525.37335205078,272.0107116699219,340.15341816511983,93128.11672996182,4.821880871926986,0.004657199551663216,1.0046789905443285,5984.08740234375,135.0,132.7729553132766,11.631856372267617,False,False,science_V_000.fits,91699.10641450802,286.43716786529035,320.1368980775342,-7.960534633032216,0.003391361653466929,16.153422807201412,0.014142391547961685,0
118,174.92081755320925,472.22635891582354,67217.95065307617,238.01657104492188,282.4087010327942,67828.29492463867,4.789803397814318,0.0014587282416809177,1.001460859238309,4557.044921875,125.0,132.81215030439523,11.63228196071111,False,False,science_V_000.fits,67135.35416595075,256.46027055600945,261.77682032542646,-7.622000084882766,0.004147426035087132,16.49195735535086,0.014342490981268587,0
119,277.8975423620286,480.26299641644584,1421889.385925293,887.5088500976562,1602.1129093741845,1411319.5266577818,5.434064250441006,0.0005171874103084839,1.000517455031536,55392.8671875,340.0,132.7965259100253,11.63347652756556,False,True,science_V_000.fits,1404054.4806449125,857.6529541375606,1637.0893073606942,-10.923081773483345,0.0006631892317166003,13.190875666750284,0.013745752972766425,0
120,243.5854220817957,481.02991651926317,951006.0713500977,728.1683959960938,1306.0249203059334,944200.7280893134,5.1850246335387755,0.0027894763352689367,1.0027972792796227,55037.62890625,288.0,132.8017320181311,11.633590516008892,False,True,science_V_000.fits,941411.1650341288,709.814786546133,1326.2771963583823,-10.489070235757119,0.0008186071531509811,13.62488720447651,0.013754127471506221,0
121,195.74606701456858,481.47192867912474,123729.86608886719,301.5032958984375,410.3764959522899,123963.0171315349,4.93928435493168,0.007785347126425091,1.0078464343414781,7805.142578125,156.0,132.80899059003954,11.633656069757413,False,False,science_V_000.fits,123353.01983944484,306.72971577350637,402.15542706181907,-8.282496339139398,0.002699702470590076,15.83146110109423,0.0139926515807749,0
122,326.02853863267137,493.15357331597943,19804.789489746094,158.3546142578125,125.06607137763916,20657.56643761728,4.360889604184331,0.02741862021930752,1.0281915948519291,1450.4906005859375,77.0,132.7892230191527,11.635392030415517,False,False,science_V_000.fits,20465.68372838189,210.8328584759028,97.07065528744904,-6.332187519949177,0.011184636559678999,17.78176992028445,0.01770881136054479,0
123,357.49568515080284,493.40644181203675,2197.493194580078,78.0797348022461,28.144219497488145,3505.1475287399962,3.0538601742352567,0.06737674701800944,1.072244335322519,194.64993286132812,25.0,132.7844485391526,11.635429392770495,False,False,science_V_000.fits,3197.366380407223,190.35871369792937,16.796532810580775,-4.316602884388802,0.0646383400814766,19.797354555844823,0.06608041247843326,0
124,29.07788656718457,14.00850108099219,793327.6080322266,657.2796020507812,1206.986502482294,791748.1536847784,5.068268943868877,0.011816989770424113,1.0119583008897095,54445.5625,226.0,132.83427029191222,11.564183945370988,False,True,science_V_000.fits,804156.1361097166,654.9810574570736,1227.7547983323468,-10.31797282448011,0.0008842970937476286,13.795984615753518,0.013758193419968432,0
125,31.718610988096387,22.453541833296715,89255.30187988281,245.82115173339844,363.090406380828,95360.21416717645,4.5362131808636175,0.11854844579507229,1.1344922987877688,5907.31884765625,101.0,132.83386987209263,11.565439018348059,False,False,science_V_000.fits,213734.86341406446,371.0802958614245,575.9800932515188,-8.879310294020769,0.0018849609782015451,15.23464714621286,0.013858534652718326,0
126,210.9445852408096,19.578095125412165,1517500.2950439453,901.4820556640625,1683.3394358871656,1508450.5285069738,5.396335443781465,0.04644997688016228,1.0487126797272643,56469.71875,317.0,132.80668290505798,11.565013584927344,False,True,science_V_000.fits,1501326.4900198048,883.5409610164958,1699.215493407979,-10.995809742882248,0.0006389419142021237,13.11814769735138,0.013744604454147687,0
127,238.91304083432664,16.951314078192393,1253034.1994934082,817.621337890625,1532.5360792639065,1249939.9166330341,5.224747184470068,0.02602178197141214,1.0267170060785162,56148.234375,244.0,132.802440346192,11.564623282565066,False,True,science_V_000.fits,1250004.637951403,809.7085731332448,1543.7710300069941,-10.796900935026962,0.0007032778688657483,13.317056505206667,0.013747745436692101,0
128,227.40126772052164,16.450802427364316,211583.48959350586,363.53887939453125,582.0106227589607,212048.36678689552,4.974184363668797,0.0127096274295313,1.0128732415332289,13019.630859375,154.0,132.8041865719109,11.564548881167848,False,False,science_V_000.fits,222762.61866998245,380.46412972918375,585.5022885562063,-8.924227660454276,0.0018543053054109054,15.189729779779352,0.013854398326774325,0
129,249.4395996194923,24.601435892701218,1371662.20211792,861.895751953125,1591.4479204818253,1360526.1446928624,5.490978722931433,0.05863694143096332,1.0622894014134112,55698.28515625,330.0,132.80084357046113,11.565760184235069,False,True,science_V_000.fits,1354279.4152200501,841.1485626632008,1610.0359381607943,-10.883892567352856,0.0006743327737393469,13.230064872880773,0.013746295119812872,0
130,341.63800005046323,25.51671984513698,1358461.337310791,872.3043823242188,1557.3249026804465,1349707.2927727986,5.338834952644832,0.003127045498352521,1.0031368545853625,56549.96875,308.0,132.78685788410107,11.56589591071183,False,True,science_V_000.fits,1344075.3517981553,854.1961474900853,1573.497323474824,-10.875680916283342,0.0006899916407880508,13.238276523950287,0.013747072171761139,0
131,340.51839857450756,41.36640299471028,819999.1317749023,672.165283203125,1219.9367510730285,818920.5280592422,5.111149243665872,0.021591883270438927,1.0220683811808637,50086.46484375,233.0,132.7870276083381,11.568251356499209,False,False,science_V_000.fits,817661.8818429497,663.7069209567705,1231.9622653086765,-10.33605625422544,0.0008812769924637023,13.777901186008188,0.013757999635437487,0
132,351.7623564743571,41.89994386922517,280743.8885498047,414.4400634765625,677.4052831542465,280988.4683287635,5.006910784815168,0.01975351035736428,1.020151574696856,19087.25,174.0,132.78532198028813,11.568330565718378,False,False,science_V_000.fits,292837.7006760108,422.0392444906691,693.8636738140715,-9.221189344466703,0.0015647165876721276,14.892768095766925,0.013818619425651336,0
133,61.60679097266565,25.634034089626972,182410.30462646484,339.4745178222656,537.3313608238692,182922.1918206808,4.92323944594953,0.015843601964813825,1.016098662769906,11580.4375,153.0,132.82933615632538,11.565912165784798,False,False,science_V_000.fits,189147.20516652055,349.149500446382,541.7370064247519,-8.746621695425443,0.0020041089811552414,15.367335744808186,0.013875242615522053,0
134,49.878464135912765,30.466304698169907,1308887.669555664,837.6346435546875,1562.5997320276897,1300964.5178582766,5.292602457425641,0.0032602181674852293,1.0032708819562628,59111.78515625,301.0,132.83111532008408,11.566630110184372,False,True,science_V_000.fits,1293507.3272585082,821.8118494774541,1573.970158839861,-10.834044106998784,0.0006897843608421687,13.279913333234845,0.013747061769546052,0
135,37.1237088778064,41.144364968455115,95945.59664916992,264.3710021972656,362.92027435587744,96313.9976282024,4.842096628274296,0.021462667861868012,1.0219334175171135,6558.6201171875,140.0,132.83305029672,11.56821677499436,False,False,science_V_000.fits,62099.767335809855,274.33676420176107,226.3632711295616,-7.537346806649684,0.004796272798949734,16.576610633583943,0.014543388105706224,0
136,13.134037702421015,28.570642584592907,288689.23303222656,414.01226806640625,697.2963250111268,289317.88815498503,4.965068904689316,0.00558063314902435,1.0056119513909876,18611.1484375,173.0,132.83668910232788,11.566347746031479,False,False,science_V_000.fits,287437.61459981214,415.3578314795262,692.024064108637,-9.200980874213373,0.0015688760786063678,14.912976566020255,0.013819091033106174,0
137,16.433477069505756,41.808030205817815,1367456.7321472168,858.1822509765625,1593.4339478486404,1369447.400705455,5.215338872656022,0.03406606193275996,1.0352674863054543,60000.578125,237.0,132.83618886078645,11.568315030406701,False,True,science_V_000.fits,1426975.190097181,863.4729336593421,1652.5997914604607,-10.940662929992264,0.0006569648656681293,13.173294510241364,0.013745454072746178,0
138,20.97040708107348,49.55907629074929,462340.6015625,508.6282653808594,908.9951011989094,465267.7795549212,4.912163356288448,0.093536985056061,1.1031889702216322,29379.1171875,176.0,132.83550078916824,11.569467006004702,False,False,science_V_000.fits,680343.4655395503,606.820363167646,1121.161231287804,-10.136442418783806,0.0009683709797501008,13.977515021449822,0.01376385291935635,0
139,138.58679004672348,36.394144907291164,1218687.9348144531,806.763427734375,1510.588969354847,1215170.8137302618,5.20117428783201,0.03950008037588215,1.0411245014901616,55649.21875,254.0,132.81765906948246,11.567512177849725,False,True,science_V_000.fits,1239816.3377001625,805.1527965933282,1539.852240401988,-10.788015261480727,0.0007050676496834342,13.325942178752902,0.013747837110683349,0
140,137.91067102935887,46.9727267993051,849783.727722168,678.1922607421875,1253.0130125522185,851139.1233012137,5.137107379794684,0.023174960709410275,1.023724781590612,54923.5625,214.0,132.81776173140543,11.569084265873888,False,True,science_V_000.fits,882392.2454348701,687.227018300642,1283.9894560851635,-10.418776081087785,0.0008455676912723718,13.695181359145844,0.01375575841427058,0
141,128.00638508759047,56.8843227260799,1640159.9496765137,933.570068359375,1756.8686114357504,1633444.5191037161,5.658467550352471,0.11670616877924211,1.132126099667138,55965.234375,316.0,132.81926424318502,11.570557143288005,False,True,science_V_000.fits,1620253.791288108,915.9316087468195,1768.968093048939,-11.078579489908682,0.000613747644327898,13.035377950324946,0.013743456297531936,0
142,220.38461729297825,40.42978108932729,1528210.9798583984,907.7691650390625,1683.4797200813023,1516272.2074135132,5.540672993960559,0.027390389360883005,1.0281617506770104,55180.34765625,351.0,132.8052509979955,11.568112405367566,False,True,science_V_000.fits,1503979.6541154073,884.5187199356156,1700.3367144393308,-10.99772677690539,0.000638520588763502,13.116230663328238,0.013744584874543393,0
143,199.34081580715167,44.13015601618171,1341272.3737182617,852.74951171875,1572.8796736744823,1334403.8075655994,5.849846561870577,0.1849057107257408,1.226851927634503,55352.27734375,334.0,132.80844319965303,11.568662247079521,False,True,science_V_000.fits,1321229.3124316148,830.7163141623107,1590.4699232540468,-10.857067374702574,0.0006826284383792025,13.256890065531055,0.013746704565681776,0
144,272.96272043115175,43.568381564522106,346606.2553405762,452.8502197265625,765.3882900837766,349941.9906164703,4.9751125056289185,0.031248174901563175,1.0322561197739037,22665.4921875,182.0,132.79727529400967,11.568578870669725,False,False,science_V_000.fits,359600.256894784,459.23563998629055,783.0408304231768,-9.444171857333101,0.0013865177367740301,14.669785582900527,0.013799577394458178,0
145,272.10978159594924,52.87194937262375,145106.13360595703,309.77105712890625,468.4302495877575,146701.91193479765,4.83440033226058,0.03553384891875255,1.0368430233439672,9989.2822265625,134.0,132.7974046657226,11.569961484999967,False,False,science_V_000.fits,181065.2029033879,347.8434868182321,520.53641871985,-8.699209363173892,0.0020857330264615324,15.414748077059736,0.0138872670849568,0
146,62.87874223488498,51.28301554131225,829024.0374450684,675.795166015625,1226.738631962781,823140.9515878041,5.148189659185329,0.004503181828812042,1.004523552206912,54954.25,268.0,132.82914361047315,11.569723907060942,False,True,science_V_000.fits,819106.933721065,661.7743080403617,1237.743629163536,-10.337973379642966,0.0008771606449178117,13.775984060590662,0.013757736573588142,0
147,47.04750344187457,59.40339212562554,1375372.997619629,866.0279541015625,1588.1392639876997,1372604.6767750718,5.30914887145094,0.028139598225595308,1.0289543623489736,58487.51953125,264.0,132.83154523889147,11.57093043484205,False,True,science_V_000.fits,1402399.4132244717,855.1147677481418,1640.013090777918,-10.921801177474313,0.0006620069108625304,13.192156262759315,0.013745695980243486,0
148,38.49028275708632,63.437948721903936,470682.3035888672,513.0829467773438,917.3610359595976,474200.4686465666,4.928012142643669,0.09392332256164715,1.1036593534524979,29461.12109375,178.0,132.8328433876087,11.571529871203959,False,False,science_V_000.fits,615125.3966658587,580.2920471330755,1060.0272736889588,-10.027031019287415,0.0010242189299730928,14.086926420946213,0.013767894873500719,0
149,53.065319162253296,74.65817954633081,616216.9188232422,587.0663452148438,1049.6546495059779,612777.578168973,5.133392573147179,0.009665773725465843,1.0097601127670068,40655.00390625,232.0,132.83063262170936,11.573197562220036,False,False,science_V_000.fits,607019.1354777345,577.0128454258222,1052.0028111848503,-10.01262782867055,0.0010320314627079725,14.101329611563079,0.013768478266361584,0
150,54.67185932161292,89.5375526366268,576420.7776489258,570.5347290039062,1010.3167227966927,573303.7840257487,5.099963529046105,0.003416165576734964,1.0034278757679347,35960.59375,236.0,132.83038915810258,11.575408827137723,False,False,science_V_000.fits,571506.7257889691,560.0402205025238,1020.4744317759114,-9.947175238453779,0.001063916905895014,14.16678220177985,0.013770904981659752,0
151,155.42537239422302,57.477400559161126,552464.3165588379,562.7885131835938,981.6552818991388,549718.5042309734,5.220491275508854,0.048164433885391045,1.0506016328870733,32503.333984375,244.0,132.8151049594899,11.570645526345197,False,False,science_V_000.fits,547243.1817393998,550.277120165902,994.4865263058956,-9.900072772224636,0.0010917191648970094,14.213884668008992,0.013773080830600522,0
152,148.3607626788381,72.0244401306275,113828.94708251953,328.7687683105469,346.22798165244063,115341.26564303973,4.9369629126943995,0.06112210614218516,1.0651012304603709,8363.7421875,138.0,132.81617674212302,11.572807319961841,False,False,science_V_000.fits,119788.27720277557,345.64551825964844,346.5639531677387,-8.250657671359944,0.0031327551237693664,15.863299768873684,0.014082615506245826,0
153,144.72753784028654,83.91523913038247,1386664.0268249512,858.876708984375,1614.5088256784686,1382160.8444637228,5.362411913995245,0.01078537151268033,1.0109029640303369,55140.38671875,267.0,132.81672798989067,11.574574393262017,False,True,science_V_000.fits,1380586.9474546716,848.7672856525054,1626.578887749332,-10.904781281795454,0.0006674745431512786,13.209176158438174,0.013745960391948144,0
154,176.9256946338459,87.79157952316174,293512.8210144043,417.65789794921875,702.7589384891538,296400.7211510005,4.918744445346676,0.05473750172943803,1.0579071970268417,19979.490234375,164.0,132.81184368539863,11.5751506997707,False,False,science_V_000.fits,312532.79930229584,430.6033062362599,725.8021356919584,-9.291860878709215,0.0014958622282985235,14.822096561524413,0.013810992311825475,0
155,135.94111846685797,88.51606802450738,168217.1798095703,322.11578369140625,522.2258216651871,173098.89223186538,4.804813437549364,0.10268874608405565,1.114440497247653,10999.1025390625,119.0,132.81806089803615,11.575258047853426,False,False,science_V_000.fits,275170.1063572193,410.7672179040746,669.8930546630892,-9.153625003279558,0.0016207064582062784,14.96033243695407,0.01382507122060945,0
156,186.91079274523682,93.1620357853699,1489875.2450256348,888.470458984375,1676.8990234393784,1486383.84061486,5.629978726572467,0.1601013195644354,1.1906198012853266,54232.62890625,262.0,132.81032901314754,11.57594886669636,False,True,science_V_000.fits,1493435.3243238209,881.4041128673994,1694.3820689301651,-10.99008792281497,0.0006407645712902948,13.123869517418658,0.013744689304130267,0
157,196.4407020391951,94.06015468828221,175609.2151184082,341.1720886230469,514.7232759489735,189679.12864029506,4.708529077605881,0.13361283723593775,1.1542183944758235,13163.5390625,127.0,132.8088833618953,11.576082384766808,False,False,science_V_000.fits,374322.89625057305,474.98890112937863,788.0666166315623,-9.48773785520632,0.0013776754110466118,14.62621958502731,0.013798691762969946,0
158,132.95033127301417,100.76750459034984,1409579.2378234863,869.4414672851562,1621.2468473868842,1401133.9349111444,5.4178870553186504,0.005836143459319931,1.0058704039791062,54788.83984375,309.0,132.81851471009537,11.577078718578319,False,True,science_V_000.fits,1392243.9830581972,851.9642120054048,1634.157824283545,-10.913910248166212,0.0006643789136315506,13.200047192067416,0.013745810422529856,0
159,151.26230162935454,103.28078286267225,110612.95663452148,280.6402587890625,394.145006535436,111310.11885919856,4.89539683777437,0.026395084533670787,1.027110673040335,7290.65576171875,140.0,132.815736855161,11.577452382822628,False,False,science_V_000.fits,108526.20696709648,296.06762273412426,366.5588488362187,-8.143458435328908,0.002961870934085946,15.970499004904722,0.014045589494977964,0
160,199.6054558731819,112.1252861620722,645061.0825195312,605.5097045898438,1065.319147868123,640939.0739443932,5.121502902083059,0.007003784677390601,1.0070531836570145,42006.48828125,258.0,132.80840335986477,11.578767077818517,False,False,science_V_000.fits,638299.0609445742,591.161020318626,1079.7380730558682,-10.067182387798743,0.001005521641861955,14.046775052434885,0.013766516574773189,0
161,151.60904211778032,113.6331414243783,118762.28860473633,297.15203857421875,399.66842958431675,120467.33769477531,6.415503830204637,0.37169062500316086,1.591572622969426,5539.68115234375,172.0,132.81568434194446,11.578990860886742,False,False,science_V_000.fits,118777.40467621933,299.8503394862555,396.12229514138613,-8.241456452973825,0.0027408202298042483,15.872500987259803,0.014000642855360478,0
162,164.6775735252516,117.45635960403972,390422.0475463867,479.15777587890625,814.8089568832438,389051.0129930754,5.05720725402777,0.0029770472568403372,1.002985936530999,24701.181640625,203.0,132.8137018956138,11.57955913346416,False,False,science_V_000.fits,386653.9879326839,472.96006881918163,817.5193074925452,-9.52292810862056,0.0013280420291601498,14.591029331613068,0.013793824722043845,0
163,165.4008764800643,132.56918799185607,865636.0265808105,692.0310668945312,1250.8629568688677,859627.9184246792,5.155710989423823,0.008068168046877267,1.0081337928544858,52617.86328125,271.0,132.81359228090847,11.581805072503291,False,True,science_V_000.fits,846845.9185611833,677.0043836491834,1250.8721346773582,-10.37413287092452,0.0008679544214805284,13.739824569309109,0.013757152674482454,0
164,192.3701015890319,130.857762188549,1020016.8864135742,744.1342163085938,1370.743159041314,1015967.1381025277,5.185939341805452,0.004061560144524301,1.0040781236891645,53891.19921875,255.0,132.80950104484754,11.581550897801797,False,True,science_V_000.fits,1008349.5784085088,732.9158742408073,1375.8053466272786,-10.563649676670828,0.000789137796754128,13.5503077635628,0.013752405000345145,0
165,185.50896678165194,141.2448989002823,168531.40924072266,321.6878662109375,523.8973145795094,177966.47381826118,4.783594653054896,0.06991474121414532,1.0751702497741045,10738.9267578125,112.0,132.81054193532725,11.583094505752475,False,False,science_V_000.fits,246898.23838334132,408.9028163416541,603.8066467535609,-9.035916852180529,0.0017980921638365472,15.0780405880531,0.01384698668522876,0
166,193.7742639085283,142.6568975573615,367659.0082702637,456.19403076171875,805.9268282322197,371065.26908405626,4.944334649566637,0.07140518051640854,1.0768959496846195,23446.150390625,141.0,132.8092880921696,11.583304387100089,False,False,science_V_000.fits,421090.6512143734,499.5423855726721,842.952797151813,-9.615560873037529,0.0012879724744592894,14.4983965671961,0.013790024580334037,0
167,203.7897827372321,148.6306786336947,1382969.9865112305,860.4039306640625,1607.3496845183515,1375657.43766043,5.34271824668878,0.013388646195228948,1.0135703346039926,57281.90625,282.0,132.8077687559842,11.58419220174863,False,True,science_V_000.fits,1369069.9521403832,846.2867418106246,1617.737682161093,-10.895685971096885,0.0006711224025823779,13.218271469136743,0.013746138007109492,0
168,131.1368574098184,150.81752056528967,565983.1114807129,588.4166870117188,961.8746782234626,567284.158317881,6.570478345783005,0.3432965354378681,1.522757308227035,21779.302734375,252.0,132.81879030980716,11.584516688210595,False,False,science_V_000.fits,556048.0085176779,574.1068333917225,968.5444871517096,-9.917402598203818,0.0011209603837535856,14.19655484202981,0.013775429467468415,0
169,175.85410008526657,148.52408694313138,1059304.1997680664,754.14208984375,1404.6480285797902,1065316.0712940348,5.158758173799291,0.05502479474675981,1.0582288238261384,53459.3046875,228.0,132.81200663045493,11.584176217174516,False,True,science_V_000.fits,1127844.0206113313,775.0412038866796,1455.2052393542626,-10.685244477609954,0.0007460803264299488,13.428712962623674,0.013750001479444938,0
170,151.97518985158044,150.3550629141648,154211.86358642578,317.0458984375,486.40232958833224,156238.76866912117,4.845905917498465,0.07794542234142632,1.0845344996164519,10121.6474609375,138.0,132.81562910349768,11.584448148663254,False,False,science_V_000.fits,189650.9059455794,360.2272677766707,526.4757082830189,-8.749509178115982,0.002062203408284049,15.364448262117646,0.013883752652953399,0
171,142.84267683592864,153.61983056476183,590340.6715698242,572.0569458007812,1031.9613736066938,590688.6172946068,5.070806410932205,0.027184100595041394,1.0279437256439468,38123.390625,190.0,132.81701454698867,11.584933251717333,False,False,science_V_000.fits,598449.0297996819,574.9401752070452,1040.8892187507522,-9.99718979214432,0.0010430504807255364,14.116767648089308,0.013769308593266182,0
172,167.6513481380754,154.23617319181795,1324118.8295898438,840.9453125,1574.559974243086,1336285.4478095653,5.30306513755057,0.03912819415037405,1.0407215550629836,52952.546875,264.0,132.81325103755242,11.585025042620272,False,True,science_V_000.fits,1374508.1789126904,847.892336135433,1621.0881032107143,-10.899990195104525,0.0006697353449511296,13.213967245129103,0.013746070357143127,0
173,195.96589090646196,163.80647644456468,1367871.5851745605,867.7459716796875,1576.3502566618486,1342704.8809007108,6.229048064521109,0.24459284998931308,1.3237894292976347,58779.234375,398.0,132.80895572173043,11.58644745967154,False,True,science_V_000.fits,1328945.7515787466,834.2151114301492,1593.0492427791776,-10.863390006851334,0.0006815231888914659,13.250567433382294,0.013746649725960465,0
174,133.1507482260716,165.52411046297817,455311.1214904785,506.88031005859375,898.2616062514758,459411.94231094344,5.0072476518510785,0.029539048414964464,1.0304381627789545,29267.529296875,174.0,132.81848494465413,11.586702270173907,False,False,science_V_000.fits,460485.14729043416,521.0847584930627,883.7048863645945,-9.712660941079724,0.0012285775678647403,14.401296499153904,0.013784604008512997,0
175,122.63265643139941,168.0904137778883,1085874.501525879,759.0796508789062,1430.5145715190636,1089283.846780062,5.08175851010447,0.08327640851442908,1.090841349876769,52721.8125,199.0,132.82008059291707,11.587083545658896,False,True,science_V_000.fits,1348736.7267444222,840.416552062093,1604.84312622721,-10.879439833319246,0.0006765147211318705,13.234517606914382,0.013746402329306394,0
176,114.42813458176398,169.44713542148847,990364.6102905273,730.5759887695312,1355.594250994402,992886.1831627507,5.0643765267404515,0.07033798300970373,1.0756597362527698,53917.5546875,232.0,132.82132525648072,11.58728508105492,False,True,science_V_000.fits,1271185.9954921172,816.2360784399327,1557.3754077640474,-10.815144623175923,0.0006971344189637356,13.298812817057705,0.013747432532271474,0
177,134.24470889966634,183.8037785080016,224721.4490661621,407.27032470703125,551.7746701231298,224059.3329060279,5.020473015570687,0.005588237812379715,1.005619641706657,15025.970703125,192.0,132.81831916636403,11.589418842182832,False,False,science_V_000.fits,222775.2802864345,402.20073975427414,553.8907770844474,-8.924289370918991,0.0019601337392091507,15.189668069314637,0.013868959193351108,0
178,99.70554855624661,61.226507364217355,627436.5267028809,589.3679809570312,1064.592151212614,626680.3307337882,5.0567936760029175,0.023926995691193498,1.0245135308379285,40993.328125,210.0,132.82355735688978,11.571202124715981,False,False,science_V_000.fits,662833.0841902131,599.3868920458164,1105.8518178931865,-10.10813231744451,0.0009817771083185643,14.005825122789119,0.013764802618333127,0
179,89.75771717832065,62.19442122303846,684071.7472229004,613.52294921875,1114.9896643540164,688370.3577960109,5.0414632778122295,0.045022482436355205,1.047145070547019,45556.78515625,216.0,132.8250663968086,11.571345841593303,False,False,science_V_000.fits,718845.6816377183,622.1242157674511,1155.4697010965115,-10.196211044343,0.0009396178878335783,13.917746395890628,0.013761859852737528,0
180,306.7660802845645,65.24043443890672,126675.2880859375,293.40478515625,431.74240671800135,128072.28182824058,4.769689049078873,0.054052307101135955,1.0571409048374465,8316.9345703125,128.0,132.79214748159367,11.571799484634159,False,False,science_V_000.fits,163254.1997872637,334.85457211438006,487.53761597586646,-8.586782780317133,0.002226905092906192,15.527174659916495,0.013909170037211555,0
181,302.389150810974,71.56233739925149,91828.2145690918,256.51800537109375,357.979606290201,92688.83672800928,4.700630075845443,0.06692987451573484,1.0717308085295283,5702.119140625,112.0,132.79281141316065,11.572739006556692,False,False,science_V_000.fits,142692.53295298238,319.3556337559068,446.8138898155359,-8.440624992143483,0.0024298707465164613,15.673332448090145,0.013943104986911224,0
182,491.25759666770887,81.22837842416709,414335.97775268555,501.4031982421875,826.3528816833617,411811.66836773953,5.124302296838241,0.00684038144131216,1.0068874945310797,27236.521484375,234.0,132.76416084782764,11.574173372780237,False,False,science_V_000.fits,408532.137975582,487.98765344152184,837.1772012968328,-9.582687441122928,0.0012968580586262886,14.5312699991107,0.013790857321264553,0
183,488.92665256678913,99.75791159190017,1206146.7101135254,804.8958129882812,1498.5128393643242,1225762.7602255708,5.1023836284624675,0.06660752911583967,1.0713606882351916,58156.68359375,236.0,132.76451409185555,11.576927109522034,False,True,science_V_000.fits,1477857.507274055,880.0768640567486,1679.2368571783754,-10.9787032792355,0.0006465436935586941,13.135254160998128,0.013744959933696885,0
184,485.9353851283259,107.21672397898695,892297.9390869141,691.1749877929688,1290.9870218772858,924709.2239328959,4.857660598775725,0.04668698353219236,1.0489734040401293,56734.75,166.0,132.7649677194875,11.578035626439304,False,True,science_V_000.fits,1498659.048645158,885.4702727908777,1692.5006910978452,-10.993878974616589,0.0006414768429404645,13.12007846561704,0.013744722527984369,0
185,492.5462610669575,111.59283875510064,610674.2846374512,585.5828857421875,1042.848586436166,611928.7212289607,4.9682515421068585,0.10916529933373986,1.1225427110687252,36764.671875,197.0,132.76396478052615,11.578685843209682,False,False,science_V_000.fits,922792.8487350681,704.0021819855269,1310.781233848561,-10.467382424687228,0.0008282846686874636,13.6465750155464,0.01375470684251885,0
186,463.6838300161282,89.82161413851992,1430591.6558532715,875.1349487304688,1634.7097758221023,1441084.7263276465,5.311712584794562,0.04053163967172979,1.0422438522702953,56793.03125,268.0,132.76834352365978,11.575450906907939,False,True,science_V_000.fits,1625343.4518027683,919.92116761916,1766.8290599392399,-11.08198473880842,0.0006144906853848876,13.03197270142521,0.013743489499893284,0
187,461.4876922824885,98.3351011716562,1076005.6353149414,768.6198120117188,1399.919203876228,1093850.9599817293,5.229888971017864,0.11665716019236572,1.1320632883805004,56322.2421875,257.0,132.76867652778608,11.576716141258771,False,True,science_V_000.fits,1344398.1959998277,841.6961683489916,1597.2488013541738,-10.875941676624631,0.0006797312973905667,13.238015763608997,0.013746561005135226,0
188,297.43435875580474,97.80779563718892,945162.3396911621,719.8563842773438,1312.9873685012888,942403.9430040412,5.1866643755940025,0.02847493732910189,1.0293095241936623,53994.828125,256.0,132.79356294003875,11.576639390044514,False,True,science_V_000.fits,939771.2789227584,707.9338956559022,1327.4845076489216,-10.487177294240977,0.0008178626520642861,13.626780145992651,0.013754083180964619,0
189,285.8959388029072,101.25689331699684,421948.8807373047,563.4151000976562,748.9129784845466,422060.58747117966,5.060701824232717,0.01740711236782022,1.017715487855573,28310.3125,203.0,132.79531327567153,11.577151997602584,False,False,science_V_000.fits,427053.70715997793,527.9883491427265,808.8316870123515,-9.630828114627297,0.001342306461818206,14.483129325606331,0.013795205379721285,0
190,352.041468074919,101.14682301632725,958094.2429199219,737.2632446289062,1299.5280178414002,952316.157560476,5.170084542713383,0.004110686495190974,1.0041276539866908,53579.015625,272.0,132.78527917683647,11.577135305822246,False,True,science_V_000.fits,948571.1206722521,722.1562174192583,1313.5262119076176,-10.4972966200034,0.0008265537376854106,13.616660820230228,0.01375460271736461,0
191,366.40248280665685,100.9001896447281,672340.0005187988,631.672119140625,1064.381314523588,669447.7846678473,5.12472109743749,0.006199591776464786,1.0062382664820462,43383.5078125,233.0,132.7831006517954,11.577098535183184,False,False,science_V_000.fits,666362.4322590962,604.8306098509242,1101.7339754403931,-10.11389813584476,0.0009854465998164542,14.000059304388868,0.013765064832115466,0
192,374.5512975896909,112.02971366847493,290058.189453125,437.9658508300781,662.2849450553662,289419.6043941013,5.055593329718593,0.008544879530162808,1.00861852377757,18564.611328125,191.0,132.7818643912655,11.578752431481742,False,False,science_V_000.fits,288749.9740315549,433.93948108817466,665.4153093133328,-9.205926758646779,0.0016316125956289988,14.90803068158685,0.013826353984093832,0
193,73.42584392326941,103.13727139684691,104441.96810913086,274.2431335449219,380.83713075726996,104905.34486869794,4.868938806231231,0.014038503390557788,1.0142383890637048,6786.94140625,144.0,132.82754444666236,11.577430178609351,False,False,science_V_000.fits,103830.2419347492,282.9149919615796,367.0015548304685,-8.095431538951225,0.0029582980935912518,16.018525901282402,0.014044836504630369,0
194,61.9957043212836,115.50344618886217,905630.1636962891,705.4673461914062,1283.7308042469976,899303.4378476595,5.156192363777339,0.005120508856998329,1.0051468634167093,54861.77734375,281.0,132.82927856235534,11.57926776003826,False,True,science_V_000.fits,897471.8276141713,690.2030730533176,1300.3011181099776,-10.437173935540764,0.0008349604448376497,13.676783504692864,0.013755110460323306,0
195,421.59172698370156,115.40642578765136,708264.5340576172,634.0955200195312,1116.9682038374935,703722.1787409466,5.134448248538363,0.0023628164794224915,1.0023684126037526,43977.7421875,255.0,132.77472839852203,11.5792537167942,False,False,science_V_000.fits,701692.4854897173,619.4419703177543,1132.7816310699307,-10.169988938143945,0.0009584371517169985,13.943968502089684,0.013763157581203651,0
196,429.88449393431034,128.81718889755314,905320.2415466309,708.7109985351562,1277.4180779158905,899596.5101591363,5.17259438499085,0.004125090316543734,1.0041421771714831,53617.50390625,262.0,132.77347020930551,11.581246592925579,False,True,science_V_000.fits,894888.6087205712,693.8687568634821,1289.7087523666087,-10.434044323703006,0.0008418179670470146,13.679913116530622,0.013755528427541245,0
197,421.0694054342538,140.8829755440783,806519.1368408203,672.1535034179688,1199.9031958318876,801555.5307912356,5.146400518330914,0.002919799241707377,1.0029283494341648,53637.5078125,256.0,132.7748072921904,11.583039821244952,False,True,science_V_000.fits,798602.2994091024,657.7948019991469,1214.0599119695357,-10.31044826484261,0.000894272176600164,13.803509175391019,0.013758838161599741,0
198,116.22756316497575,118.11577679817734,29765.992065429688,166.46949768066406,178.8074841345971,31687.9358767822,4.372733293563791,0.17535625868081062,1.2126448669825491,2113.544189453125,78.0,132.82105170278948,11.579656691839881,False,False,science_V_000.fits,80429.29001742568,262.2239353099386,306.71986492141286,-7.818157461597469,0.0035397120440118085,16.295799978636158,0.014178697619519728,0
199,109.58333572376127,124.09452162805701,329858.108795166,442.258544921875,745.8490346488059,330326.67328420293,5.041792736829843,0.008628014516782523,1.0087031050333515,21451.853515625,187.0,132.82205969345392,11.580545125012382,False,False,science_V_000.fits,333254.95242469414,441.3382675319636,755.1009666311304,-9.361563404249896,0.0014378209643192902,14.752394035983732,0.013804826473255222,0
200,94.29954583708935,142.76735230963317,42676.41571044922,184.6349334716797,231.139443159575,47298.75243681697,4.396866162903056,0.16314514139055203,1.1949503425978079,3102.17822265625,78.0,132.82437847368894,11.58331992982379,False,False,science_V_000.fits,146122.77294852806,319.5189995163312,457.32107689908895,-8.466416636928667,0.0023740432156805387,15.647540803304961,0.013933484346033873,0
201,86.36908428100615,146.89165549108043,443441.8617248535,498.9270324707031,888.791011240491,446187.8246963583,4.947447437831335,0.056647410102999896,1.0600490322597036,29087.509765625,167.0,132.82558158604022,11.583932743818089,False,False,science_V_000.fits,509120.6295021259,532.1502440887763,956.7234726612124,-9.821673611416307,0.001134810664757736,14.292283828817322,0.01377656343491003,0
202,93.81240914053885,153.013101725182,723119.7721557617,627.20556640625,1152.9230779935183,723643.2278698955,5.074783543820611,0.03971096141418673,1.0413531341278952,48784.703125,194.0,132.82445250602473,11.584842555578055,False,False,science_V_000.fits,757474.7882207925,639.0402843997683,1185.331827604994,-10.253042329950988,0.0009159460454155663,13.86091511028264,0.013760263877897276,0
203,92.06278433448635,166.16786648000422,1188778.4070739746,803.1224975585938,1480.1956248115741,1183619.6512862658,5.716078651281915,0.16297980162630077,1.1947142995389655,54257.6328125,308.0,132.82471809980856,11.586797477077551,False,True,science_V_000.fits,1170311.3075688852,783.8399160780423,1493.048878429871,-10.725375377072927,0.0007271697636193602,13.388582063160701,0.013748988351743353,0
204,276.2729721323116,152.70975095315688,211008.94842529297,407.7130126953125,517.5428349229113,214283.46567702884,4.948655425060255,0.07188654193372312,1.0774544763993603,14759.2373046875,156.0,132.7967729655913,11.584798482899833,False,False,science_V_000.fits,250967.2597664636,411.70334278319945,609.5827594448789,-9.053664545968658,0.0017810543083414973,15.06029289426497,0.013844784551610544,0
205,296.3338197778629,160.60221709520346,241956.77703857422,394.2690124511719,613.684487995463,241231.05682913843,5.0253643991978025,0.017881731243212795,1.0182073094575954,15186.5322265625,191.0,132.79372967892968,11.585971341358647,False,False,science_V_000.fits,240234.27621848555,389.4176340178778,616.9065168924955,-9.006209303757919,0.0017599100840576766,15.10774813647571,0.013842080347087286,0
206,280.1193657910278,161.72401415302778,574316.2688598633,570.8660888671875,1006.0437641330601,573075.8401437964,5.078432931207939,0.019509111116211453,1.019897289548933,38149.0,216.0,132.7961894436839,11.586138095430574,False,False,science_V_000.fits,585368.9474765137,569.5438990969612,1027.785476070666,-9.973196074916974,0.0010563488444599817,14.140761365316655,0.013770322353250998,0
207,469.45039907528803,167.1522642758949,20426.376983642578,158.45652770996094,128.90839701492797,21196.489655036145,4.422906016538912,0.011921978855340187,1.0120658273944085,1360.25634765625,77.0,132.76746741681208,11.586943001296923,False,False,science_V_000.fits,23962.386408087743,214.8186422312068,111.54705271015216,-6.5034470419165835,0.009733112382817695,17.610510398317043,0.016829717213542577,0
208,475.59529278219316,175.03998175437113,76223.47467041016,250.8832244873047,303.8205317480972,76829.03385983361,4.835736318340604,0.005470484522536956,1.0055005753347708,5153.24951171875,128.0,132.76653507993345,11.588115097861357,False,False,science_V_000.fits,76742.373925256,269.03555447418165,285.2499331370742,-7.7672099475496745,0.0038061358614877466,16.346747492683953,0.014247546280933963,0
209,365.9421226129134,179.2794819138539,1865483.9577941895,1014.6303100585938,1838.5848907731329,1841005.4000099793,7.944527295312709,0.28529242147166445,1.3991736341443506,53004.64453125,517.0,132.78316978490219,11.588746571359263,False,True,science_V_000.fits,1750946.3895378865,953.1214035780429,1837.0654388462872,-11.162803996696251,0.0005909969111834365,12.951153443537377,0.013742459102368853,0
210,399.14845428734776,185.3926271838251,1380562.0278320312,866.4229736328125,1593.4042261639167,1371237.5098477288,5.41156887772439,0.002836667886818911,1.0028447374622245,53711.796875,317.0,132.77813219329363,11.589654717792524,False,True,science_V_000.fits,1364010.1243024548,845.7975214217628,1612.691087116915,-10.891665858699026,0.0006732225462602127,13.222291581534602,0.01374624070166259,0
211,376.16400706706816,197.2202533272673,368305.7137451172,475.3245849609375,774.8509658413415,366518.7358290241,5.110574807515359,0.0073997274865921225,1.0074548916532684,24677.55078125,221.0,132.78161891251293,11.591412675346268,False,False,science_V_000.fits,360992.8245091248,464.3049101160585,777.490861380058,-9.448368297731191,0.0013964151270831225,14.665589142502437,0.013800575351716273,0
212,391.55887785216925,200.4329260092472,815225.2854614258,676.861572265625,1204.4195133321912,812538.6976155371,5.682328047293385,0.068800948783309,1.0738842556738162,44292.62890625,265.0,132.77928339727964,11.591889957315297,False,False,science_V_000.fits,804676.2129773867,660.4853197917724,1218.3105193482158,-10.318674782399437,0.0008911521182471928,13.795282657834191,0.013758635721942369,0
213,351.88724574466966,203.50917664848131,311482.28466796875,440.7636413574219,706.6877923702946,310199.30865951674,5.041393914021786,0.00799040953194019,1.0080547704464935,20032.736328125,206.0,132.78530177095706,11.592347488443526,False,False,science_V_000.fits,309053.89863651467,432.6962653155263,714.2513661659399,-9.279707440233627,0.0015200530953520957,14.83425,0.013813633346949008,0
214,71.80173874968065,194.81013957000047,274426.7692565918,407.9562683105469,672.6867328036519,274864.8842192696,4.9932065064922115,0.007950686844913069,1.0080144068842978,18573.81640625,178.0,132.82779217564695,11.591053759319273,False,False,science_V_000.fits,278481.36974705925,409.2474613919426,680.4718318835296,-9.166612240080207,0.0015955105694747257,14.947345200153421,0.013822140167447214,0
215,82.3283712760346,195.82546173303626,143986.61950683594,310.4350891113281,463.82198584258464,145929.03656787868,4.899683473204777,0.02871604054155874,1.029565031175404,9530.912109375,148.0,132.82619524860394,11.591204795540232,False,False,science_V_000.fits,153530.16064445415,324.48007819235426,473.15743234455306,-8.520106134889504,0.0022945851122325683,15.593851305344124,0.013920166150895308,0
216,230.515681316818,201.11638792656842,936580.6156921387,712.6559448242188,1314.2114683729362,941082.547476831,5.043127723456786,0.04454038643414604,1.0466167128382513,59132.546875,223.0,132.80371451017683,11.591992240880444,False,True,science_V_000.fits,1156416.3905903194,780.4937719612934,1481.6471727690723,-10.712407470443711,0.0007327655463148621,13.401549969789917,0.013749285442419117,0
217,231.23323045215923,210.29157589739364,1300384.5422668457,833.30224609375,1560.519665418671,1318921.8853623313,5.366279848033473,0.05925002405444957,1.062981690746149,55413.28125,248.0,132.80360567171695,11.593355777103143,False,True,science_V_000.fits,1408744.2815057226,857.8946569408452,1642.0947142031919,-10.926702289372749,0.0006611677089082063,13.18725515086088,0.013745655588969013,0
218,241.25314863209852,222.2698890467035,779033.3797912598,660.4544677734375,1179.5413882467665,774233.173558732,5.147558337195148,0.005093117807518754,1.0051191904475472,51023.6171875,260.0,132.8020856019747,11.595135902372096,False,False,science_V_000.fits,771182.5568142096,646.0305957875883,1193.7245106387666,-10.272514868559309,0.0009095063310872606,13.84144257167432,0.013759836721325582,0
219,256.0188149075812,224.56479861493153,38898.04055786133,196.0224151611328,198.43669677208428,39622.115476026214,4.682391150529683,0.02268887782083273,1.0232156140515847,2556.95703125,105.0,132.7998455453605,11.595476958862617,False,False,science_V_000.fits,39052.413509356455,226.48531121481898,172.42801884099072,-7.033741572096939,0.006296540476992945,17.080215868136687,0.015104712073047361,0
220,483.61778210867203,221.66625992650916,1268548.5534057617,833.3402709960938,1522.2455910950546,1259942.6405629297,5.330488267370484,0.007126465640391433,1.0071776166790345,55410.7890625,307.0,132.76531718140777,11.595044137016846,False,True,science_V_000.fits,1253675.8532512255,813.2625286688766,1541.5389361455077,-10.80008502679686,0.0007042961903477471,13.313872413436767,0.01374779756742841,0
221,471.17236089360944,226.46319971325008,304760.949798584,434.34271240234375,701.6600971913521,304798.24848608597,5.040593559463967,0.013547339496482458,1.0137333903986507,19147.5703125,185.0,132.76720515516394,11.595757234349435,False,False,science_V_000.fits,306428.3491897841,433.1345631796038,707.4668595835894,-9.270444227871444,0.0015346301883865435,14.843513212362184,0.013815245008553394,0
222,412.29366568178443,237.84712501512305,63032.5478515625,233.73590087890625,269.6742246892503,63794.318792828366,4.742882408806573,0.012686816012185465,1.012849839562501,4284.36962890625,119.0,132.77613734443958,11.597449881590315,False,False,science_V_000.fits,63518.0387893659,256.25012811082956,247.87514940048735,-7.561864574442021,0.004380027617233442,16.552092865791604,0.01441147274774441,0
223,400.4640855540653,242.85679473664553,170330.42431640625,336.79779052734375,505.7349813658518,172295.09666539452,4.936846233275594,0.03492993892199825,1.0361942001215756,10781.4296875,146.0,132.77793193148239,11.59819451577621,False,False,science_V_000.fits,195615.00122085138,363.2980691382608,538.4421714237241,-8.783127265732523,0.002016372523588266,15.330830174501106,0.013877019239920865,0
224,400.87394475005095,253.80024571698755,1053731.4896240234,761.1312866210938,1384.4280325170655,1048181.0437298531,5.196152802945416,0.016584951451269814,1.016864650867144,52602.47265625,270.0,132.7778696233167,11.599820829340652,False,True,science_V_000.fits,1044432.9580061095,746.8542514025846,1398.4428100190567,-10.60182329382535,0.000776363532510282,13.512134146408279,0.013751677903654665,0
225,386.7066429064703,261.32554836319133,89110.81591796875,266.2367858886719,334.7051220608967,89764.86341089803,4.847537944932883,0.02318852098508606,1.0237389931253378,5871.98388671875,136.0,132.7800188593425,11.60093932843741,False,False,science_V_000.fits,87287.57046612816,279.9470073068201,311.8003343056336,-7.907002888164741,0.0034820360357143585,16.206954552068886,0.014164408910549904,0
226,129.5401655717141,244.12601689502839,792839.5796508789,659.20361328125,1202.7233523560997,802253.6068035635,5.069131135102477,0.046187688248114256,1.0484242944644744,50703.0703125,224.0,132.81903347557025,11.598383350657071,False,False,science_V_000.fits,875754.1161519919,683.9530710962059,1280.4301247575024,-10.410577342120828,0.0008479181948375498,13.7033800981128,0.013755903099992698,0
227,140.3104762976297,250.40078904845154,2485703.636505127,1144.39453125,2172.068782773753,2514092.241626569,7.3651745466751475,0.2826964853043996,1.3941099959957208,52745.484375,388.0,132.8173995822323,11.599315953786741,False,True,science_V_000.fits,2415345.410602347,1112.725017232313,2170.657955197277,-11.512069990426246,0.0005001709262394258,12.601887449807382,0.013738852782772926,0
228,171.69997713504597,250.34272754524167,56641.375427246094,221.662353515625,255.52997398474992,57387.08590499252,4.841299882433154,0.0030918710525834614,1.0031014603681163,3773.85888671875,119.0,132.81263750067222,11.5993075710562,False,False,science_V_000.fits,58910.8684063787,245.5304702254441,239.93302481882276,-7.480110435859594,0.00452501276479063,16.633847004374033,0.014456197472114523,0
229,178.40302323266977,262.468403163572,1194570.5105895996,797.7725219726562,1497.3823711498346,1222811.5116741322,5.204961339561645,0.11547609614131182,1.1305516963844093,52460.51953125,222.0,132.8116206608485,11.601109623545234,False,True,science_V_000.fits,1620369.8806845907,917.6016288761189,1765.875113658227,-11.078657278923119,0.0006148226404022645,13.03530016131051,0.013743504346068487,0
230,171.30185600202782,267.40470179598003,1495754.2884216309,893.3447875976562,1674.3303472379885,1515687.7016267986,5.918254793337281,0.1684025688691171,1.2025049171209052,52152.69140625,285.0,132.81269801472445,11.601843167314282,False,True,science_V_000.fits,1752614.87593926,953.8031014098372,1837.5017583279837,-11.16383810804342,0.0005908565774586915,12.950119332190209,0.013742453068007122,0
231,153.4159370076155,273.9309789193483,931366.1577453613,750.7180786132812,1240.6337136116015,924211.5221718132,5.208329918149938,0.008556762432652687,1.0086306125337523,51454.08203125,292.0,132.8154115542384,11.60281291344522,False,False,science_V_000.fits,916422.68520774,700.8503547259073,1307.5868179679242,-10.45986145207644,0.0008303081562777218,13.654095988157188,0.013754828841742579,0
232,137.42243202594997,280.30859551960685,429625.9067993164,503.5885314941406,853.1288540758105,427397.6125350121,5.077547257290652,0.006326184875848684,1.0063664602805884,27211.76953125,223.0,132.81783800961927,11.603760559380106,False,False,science_V_000.fits,426025.5889900776,493.399676316744,863.4492672763434,-9.628211087897622,0.001257398715994887,14.485746352336006,0.013787202630056531,0
233,101.93231692408133,273.88872278908804,685685.8903808594,616.4854125976562,1112.249984134444,689116.1091449359,5.031725545987953,0.051373595313058296,1.0541557720291501,47060.16015625,219.0,132.82322219840395,11.602806114914733,False,False,science_V_000.fits,748489.9216973208,635.5008129544913,1177.7953803356042,-10.240086766564527,0.0009218069777881433,13.873870673669101,0.013760655250951935,0
234,110.30450190932308,273.5290179765562,269954.9260253906,400.3338317871094,674.3245376497383,279250.45464044716,4.846980094796436,0.07795831591487923,1.084549665444065,17147.2578125,148.0,132.82195203957636,11.60275275743627,False,False,science_V_000.fits,440070.1531068808,499.90959606179354,880.2994712917732,-9.663426660021383,0.001233330287483664,14.450530780212246,0.013785028415976395,0
235,283.20373442938046,274.5883751701704,369299.870513916,473.1348876953125,780.5382357509351,367687.97830785613,5.041014681000486,0.00816447653999608,1.0082316839303298,24093.697265625,211.0,132.7957212810368,11.602910986707782,False,False,science_V_000.fits,366693.9024543274,464.4825079438403,789.4676251159574,-9.46538109499874,0.0013752305546925144,14.648576345234888,0.013798447880461485,0
236,274.54216773218235,292.2620865254284,964188.9691162109,732.4876708984375,1316.321089655446,957411.2582525576,5.197400386852788,0.003173940784370055,1.0031840467602418,52357.453125,293.0,132.79703531091045,11.605537512936685,False,True,science_V_000.fits,954139.8757789335,713.9305205062193,1336.4604094840931,-10.50365199011451,0.0008123697434622155,13.61030545011912,0.013753757647688322,0
237,465.13908210689846,283.9016716003458,1683437.6846923828,965.9781494140625,1742.7285345051675,1673003.005267138,6.7763339489179915,0.3049658708567381,1.4387782672379787,55842.484375,424.0,132.7681194732095,11.604293329856935,False,True,science_V_000.fits,1578520.9074438706,910.3374758707188,1733.9953031528755,-11.050247720237662,0.0006261262634482931,13.063709719995966,0.013744014658353355,0
238,497.7187812684484,284.02328883534204,505701.0129394531,549.6273193359375,920.0798343693025,502353.0041158572,5.144115920189307,0.0032287012711209595,1.0032391595496764,33757.484375,247.0,132.76317673870253,11.604310819609324,False,False,science_V_000.fits,499334.150277448,533.9084864094734,935.2429545285236,-9.80060004698896,0.0011608748237481514,14.313357393244669,0.0137787348906808,0
239,481.8963812161403,289.0107855804736,229465.7993774414,390.91851806640625,586.9913774165631,228992.44953246816,5.118013269801839,0.021601648623274294,1.0220785824024317,15570.8955078125,191.0,132.76557709573103,11.605052310977596,False,False,science_V_000.fits,217758.52302105993,385.82965597640236,564.3903200493696,-8.899559779549863,0.0019236687119386267,15.214397660683765,0.013863852500100532,0
240,476.9197100361087,300.410730177969,195325.05526733398,365.2660217285156,534.7473995610508,198409.36838085647,4.772748103960117,0.14509533873945546,1.1697210757109624,13462.775390625,138.0,132.76633191429582,11.60674655750552,False,False,science_V_000.fits,453675.5561129514,522.612085351053,868.0923553618263,-9.696485324678681,0.0012506733797321295,14.417472115554947,0.013786590903266215,0
241,473.09189597682655,308.24277527088293,1304429.2018432617,840.4423828125,1552.0745128036644,1304827.487743527,5.342180359470347,0.022952271899421284,1.023491454142206,55293.6328125,269.0,132.76691250685656,11.607910552889024,False,True,science_V_000.fits,1329540.3403651856,838.0345479326941,1586.4982459791936,-10.863875671670195,0.0006843373465754457,13.250081768563433,0.013746789531929631,0
242,462.93287706997006,320.2641597120435,880308.1804199219,738.2738647460938,1192.3870293345362,874007.0259671487,5.14941299760361,0.020621400387675903,1.0210555962687347,54686.984375,270.0,132.76845357030535,11.609697235218178,False,True,science_V_000.fits,868487.5892380559,686.1107648919937,1265.81250969699,-10.401530915846296,0.0008577099623228521,13.712426524387332,0.013756510139229355,0
243,446.9969385205344,325.50629486632334,344664.09466552734,515.9017944335938,668.0808215523508,343209.3640759948,5.067434670181987,0.006032110413126457,1.0060687175876815,22091.015625,208.0,132.77087120950583,11.610476526977598,False,False,science_V_000.fits,341059.4136420709,479.3551960805219,711.4962274963634,-9.386696976722183,0.0015259392222224386,14.727260463511445,0.013814282295550826,0
244,371.3952314635229,287.033427610506,131313.83059692383,306.84063720703125,427.9544971363225,131832.0170808374,4.896275276276721,0.007807132557944851,1.007868563476043,8622.60546875,147.0,132.78234151553545,11.604759955043978,False,False,science_V_000.fits,131881.01094060662,316.356779342119,416.87430000665796,-8.355077543016758,0.0026043821842283398,15.75887989721687,0.013974573746371592,0
245,366.82667190055076,298.1323413005313,217518.9769897461,377.0075378417969,576.9618778312683,217556.5507339745,4.970140897481515,0.008580948089477847,1.0086552180664088,14787.7119140625,172.0,132.7830345220422,11.606409418117847,False,False,science_V_000.fits,217047.1847857204,377.5730419613942,574.8482032991986,-8.896007267008716,0.0018886725117498748,15.217950173224912,0.013859039962706354,0
246,35.5970174195196,313.1838435012653,396615.88607788086,489.40899658203125,810.397620084213,396278.14942696044,5.977725655005154,0.2577364878090619,1.3472304425261339,21406.75390625,244.0,132.83328670491088,11.608644827681243,False,False,science_V_000.fits,390036.6004627802,473.31536660793927,824.0522661624437,-9.532385280281483,0.0013175135177481306,14.581572159952145,0.013792815039023078,0
247,49.42597439044717,314.2188691432591,320319.5852661133,440.4628601074219,727.234040091354,319391.62233872735,5.075091563185882,0.022542855039071164,1.023062755390644,20662.044921875,200.0,132.83118867023637,11.608798876648118,False,False,science_V_000.fits,318010.2561200287,434.35066356455184,732.1509618754548,-9.310724690546845,0.0014828909016508089,14.803232749686783,0.01380959341390799,0
248,414.58954012103385,323.65459860560554,857952.8366699219,692.5426635742188,1238.8447409752632,852618.1407365799,5.134573488887894,0.006915480789102979,1.0069636376917828,52964.70703125,255.0,132.77578793501664,11.610201795558513,False,True,science_V_000.fits,850056.991477698,678.1802782116738,1253.4380883490953,-10.37824198319295,0.0008661776038974344,13.735715457040678,0.013757040687326095,0
249,403.75197465061314,331.731732163287,350155.5151672363,462.5375671386719,757.0315149391041,349557.04142137547,5.04847577688822,0.005591621218389742,1.0056230632582168,23046.720703125,196.0,132.77743206207953,11.611402279537453,False,False,science_V_000.fits,349331.8939138518,457.57239106912533,763.4461797348222,-9.412717470102232,0.0014221041755387532,14.701239970131397,0.01380319836549982,0
250,417.95235065700325,338.00568610287587,70562.86572265625,246.6160125732422,286.1244287683869,71094.74585168174,4.854005484574191,0.01721678414301453,1.0175183945606983,4800.626953125,128.0,132.77527755642507,11.612334483386437,False,False,science_V_000.fits,69773.95824387722,265.34000179625247,262.96057048139613,-7.663855276540804,0.004128755873979255,16.450102163692822,0.014337103260358083,0
251,467.6695967196057,346.3147272814034,886113.1932983398,696.7831420898438,1271.7201949528276,891952.1774924762,4.9843996400581325,0.09701080811952656,1.1074329670740597,54596.7734375,210.0,132.76773449149272,11.61356855934901,False,True,science_V_000.fits,1300781.2725225142,828.1607492997665,1570.6869392474368,-10.840132563326161,0.0006912262226616537,13.273824876907467,0.013747134193065377,0
252,464.9291439871797,352.21658234548454,595750.0614318848,577.3274536132812,1031.910153766815,628272.5915250132,4.773981370358485,0.17471483773939744,1.21170238570729,41557.73046875,175.0,132.76815016487515,11.61444568627186,False,False,science_V_000.fits,1185230.2887584944,792.4038633320149,1495.740169381136,-10.739128727585978,0.000725861364309825,13.37482871264765,0.01374891921394005,0
253,246.57553446755713,348.9517332329643,509330.5072631836,537.806640625,947.0513541284587,517030.7837292179,5.014948069762207,0.047733846049308304,1.0501265805271705,33237.62890625,186.0,132.80127824445586,11.613962236367955,False,False,science_V_000.fits,554653.7741046349,557.2582423540605,995.3262813333664,-9.914676805198111,0.0010907980833637454,14.199280635035517,0.013773007851951664,0
254,273.24081570554233,354.29269834262436,1385978.477508545,866.7778930664062,1599.000722786502,1377036.4427237841,5.451278176484638,0.00562186541852705,1.005653649474999,52477.359375,310.0,132.7972326512097,11.614755952708157,False,True,science_V_000.fits,1367160.775491479,847.0139682575834,1614.0947218425506,-10.894170848468923,0.000672637104444919,13.219786591764706,0.013746212042069198,0
255,255.4620828936602,352.93560435128563,694661.7449035645,628.635009765625,1105.0319089968539,701574.925637213,5.945756646737735,0.26093617929308544,1.353063121184176,40141.953125,256.0,132.79993000087214,11.614554286647481,False,False,science_V_000.fits,711983.0813086014,624.2693978261868,1140.5061401181104,-10.185796058338033,0.0009519457737312712,13.928161381895595,0.013762707058837552,0
256,234.9088455450949,356.3379207727655,431420.7007446289,505.5548095703125,853.3608870446855,429899.25748625025,5.07690526472859,0.006132840003124418,1.0061706838197004,28331.22265625,215.0,132.80304829538034,11.615059892655282,False,False,science_V_000.fits,428793.1498029311,496.82520018550116,863.0664258633244,-9.635241470681834,0.0012579564764252944,14.478715969551795,0.013787253509232086,0
257,301.71620549697514,357.376760811718,518284.5963745117,541.6849365234375,956.800829096134,532415.4309844035,4.943113699262804,0.08195645440583166,1.0892729487606043,33334.96875,180.0,132.7929124170968,11.615214205351284,False,False,science_V_000.fits,759383.6555223784,643.5081899266819,1180.0683618477315,-10.255774987625166,0.0009200314448732691,13.858182452608462,0.013760536424529669,0
258,286.6184629939914,362.0169786888782,1431708.3088378906,880.2396240234375,1626.4983644950862,1422881.4103510883,5.5064120100130145,0.016598129636278713,1.0168782774738263,52145.8671875,311.0,132.79520300473635,11.61590384008445,False,True,science_V_000.fits,1411139.7295835265,860.0646942697108,1640.736724789917,-10.92854692221585,0.0006617149379276649,13.185410518017779,0.013745681921619195,0
259,309.0329819655662,358.62564897484043,527287.9664001465,547.3992309570312,963.2603346524186,535630.6572595101,4.937890089814317,0.103522977991095,1.1154775587656576,34453.64453125,188.0,132.79180232486667,11.615399774791017,False,False,science_V_000.fits,765128.331981367,645.3630933012887,1185.5780721321257,-10.26395758348404,0.0009157558034516391,13.849999856749589,0.013760251215832053,0
260,18.268938592380863,381.9590294363535,963943.9726257324,724.9537353515625,1329.6627434553088,959790.0192693792,5.133045130542391,0.00662098667550759,1.0066651163218654,56608.4609375,253.0,132.83591693902716,11.618865268922345,False,True,science_V_000.fits,959420.3500284754,713.5545308455293,1344.5648630268054,-10.509644188892748,0.0008074731311629965,13.60431325134088,0.013753469296464886,0
261,12.113231186797336,393.6739619297673,797091.6083984375,663.3277587890625,1201.6557393189266,793300.434721183,5.09875711098563,0.008508823048278047,1.0085818444440806,53045.453125,240.0,132.83685111244583,11.620606120492925,False,True,science_V_000.fits,794410.3900404095,653.3512536655692,1215.9009194264809,-10.304734163123339,0.0008929181503638518,13.80922327711029,0.013758750221386437,0
262,369.16366128710155,396.8449110867174,1239008.626800537,818.3568725585938,1514.0199445344365,1238086.9682184393,5.245289707303631,0.04734579874107847,1.0496988295212593,53348.69921875,252.0,132.78267905951134,11.621079180293853,False,True,science_V_000.fits,1248766.0984551436,811.7335296128063,1538.394131693439,-10.795824623973175,0.0007057359213954355,13.318132816260453,0.013747871399674934,0
263,361.3580872567162,404.31524354385346,689030.3314819336,622.3250732421875,1107.1871616745655,689325.309628159,5.058551583234649,0.03985065320302794,1.0415046402270318,43925.5859375,215.0,132.7838632663049,11.62218942272328,False,False,science_V_000.fits,726291.3293500814,630.8235267898604,1151.3383672388352,-10.207399022727833,0.0009429895075969279,13.906558417505796,0.013762090467755618,0
264,253.29356259764302,422.17490315813825,431498.3098449707,497.00531005859375,868.1965788134131,437604.5568420325,4.814712419363548,0.11498669797082395,1.1299265194174823,27882.001953125,165.0,132.80025901323287,11.624844014424736,False,False,science_V_000.fits,744310.1802734896,636.954725690619,1168.544874938278,-10.234006771736762,0.0009291042417667924,13.879950668496866,0.013761146010537103,0
265,255.03440681840917,429.75733297549846,842105.551940918,669.369384765625,1258.0580634648766,863031.7728689886,4.967217876778209,0.049165544330515454,1.0517077857637143,51405.80859375,142.0,132.79999488667016,11.625970847638591,False,False,science_V_000.fits,1210101.6718934434,801.7886941206818,1509.2526007997114,-10.761676526458622,0.0007193626828436257,13.352280913775006,0.013748577653732772,0
266,264.01904468241116,428.10239990955876,80663.77450561523,256.2687683105469,314.7624075980525,84037.35828753246,4.626752788819923,0.0802727894001023,1.0872789110455305,6175.45751953125,99.0,132.79863170392238,11.625724903021528,False,False,science_V_000.fits,188289.558371923,367.06158247875214,512.9644924985371,-8.741687466074175,0.0021165207648424053,15.372269974159453,0.013891924451970693,0
267,251.78456437926047,436.1421782800235,336679.89447021484,453.0272216796875,743.1780660374181,355560.84220517875,4.771700405880903,0.1674822790888174,1.2011756325204823,24799.123046875,160.0,132.80048796697398,11.626919705981448,False,False,science_V_000.fits,755312.893268506,646.9721942075296,1167.458045385833,-10.249939119570296,0.0009299691790133558,13.864018320663332,0.01376120443512002,0
268,248.19944070498784,453.5474374605584,502181.5316467285,545.0357055664062,921.3736394111221,499243.57195253414,5.1047183779854794,0.00898479490235049,1.0090662533290446,31917.025390625,242.0,132.80103192719488,11.629506318835418,False,False,science_V_000.fits,496709.7916112625,531.0902017099734,935.2644616902838,-9.794878677294632,0.0011608481284938778,14.319078762938997,0.013778732641599513,0
269,288.48379040649917,424.88951411053404,365417.74798583984,476.79241943359375,766.4084685321516,372370.8256152023,4.757982111964565,0.18036405024154933,1.2200538547567406,26802.4765625,155.0,132.7949198301975,11.625247391358405,False,False,science_V_000.fits,781844.6636072206,662.6621568071015,1179.8541014841937,-10.287423064748676,0.0009201985216936969,13.826534375484952,0.013760547596319684,0
270,293.7938687453067,429.40254819820933,745988.8569030762,642.1195678710938,1161.7600431900157,758728.0687454685,5.0087081424930355,0.05838610050449755,1.062006413176122,47338.671875,203.0,132.7941141525567,11.625918063013597,False,False,science_V_000.fits,961770.612542819,726.480037930842,1323.8775497288693,-10.512300631094666,0.0008200909519330938,13.601656809138962,0.013754215862807107,0
271,328.42492829539975,428.42501454292477,484001.74349975586,526.904296875,918.5761937610046,485706.7885070398,4.9215311532786234,0.07551604364223086,1.0816845366789758,28956.748046875,181.0,132.7888598013733,11.625772636582704,False,False,science_V_000.fits,695673.0326190885,618.439772773243,1124.8840440832446,-10.160634795286391,0.0009651661482004765,13.953322644947237,0.013763627811187147,0
272,349.7530356976833,434.5728979358197,840691.7775878906,689.40234375,1219.4501298254263,834775.1678515665,5.140352924689779,0.004758884685497233,1.0047816399586682,53624.66796875,276.0,132.78562377394775,11.626686137915325,False,True,science_V_000.fits,832057.4976841067,671.583438827497,1238.9488030508583,-10.355005220008467,0.0008763073965013812,13.758952220225162,0.01375768219884495,0
273,330.1350985702372,436.72295491384386,930393.6865844727,715.6653442382812,1300.040157141796,931018.5159725475,5.090262071933223,0.06126512881696988,1.0652635059138276,53744.46875,238.0,132.78860027755985,11.627005792360961,False,True,science_V_000.fits,1034754.4023488711,742.8886902473023,1392.8794662419868,-10.591715080982985,0.0007794644305650063,13.522242359250644,0.013751853316181357,0
274,123.8947654202608,440.7323631364354,170321.80490112305,372.7895812988281,456.8845628885564,173971.03310553584,4.909764021734304,0.0500808028188795,1.0527211187725167,11153.29296875,144.0,132.8198920149492,11.627601177033638,False,False,science_V_000.fits,234385.22585730918,413.5305249233624,566.7906278520712,-8.979447456709956,0.001915522146360121,15.134509983523673,0.013862724476972349,0
275,119.20582987724853,446.0623045204069,113717.43774414062,277.9428405761719,409.13965442824815,116970.54558066936,4.600196626336453,0.14516124895677085,1.1698112641473246,7609.59716796875,114.0,132.82060350089986,11.628393215672808,False,False,science_V_000.fits,202750.44677401197,364.1180504967669,556.8261350883297,-8.82202642374301,0.0019498007215982683,15.291931016490619,0.013867502575633338,0
276,12.344744103088555,451.5865349176335,988700.3142089844,728.6920166015625,1356.815076443455,1011338.7940145988,4.95651688491297,0.08203570255890924,1.0893669860446547,59798.09375,210.0,132.8368171223962,11.629212573347544,False,True,science_V_000.fits,1359067.2846576162,842.4985126181992,1613.139090814649,-10.887724269794427,0.0006730355777639188,13.226233170439201,0.013746231546143408,0
277,15.9015476410813,459.0227875294364,1367906.294128418,912.2240600585938,1499.528848253087,1375425.3670633906,5.043060213100578,0.12406762997122445,1.141640649685259,60220.1015625,179.0,132.83627760802005,11.630317750555687,False,True,science_V_000.fits,1869403.0782896823,983.2481611405659,1901.2525547173955,-11.233879257775685,0.0005710445975765591,12.880078182457943,0.0137416155077805,0
278,20.71349138916921,466.1798594988402,1100303.08493042,767.1131591796875,1434.342602214032,1109207.0751769834,5.082772356471028,0.06454539501282375,1.068998960151261,59796.0234375,219.0,132.83554764571267,11.631381460820316,False,True,science_V_000.fits,1381824.3008420812,849.8992253795185,1625.8684083692795,-10.90575393889817,0.0006677662192163142,13.208203501335458,0.013745974558203524,0
279,24.199602422670672,482.0232853293968,1487424.0740356445,894.3019409179688,1663.2235780555918,1477185.1569697282,5.383323901557518,0.002849478513929249,1.0028576212442657,60460.125,320.0,132.83501900485697,11.633736033058119,False,True,science_V_000.fits,1470399.851425496,875.012126373701,1680.433684409896,-10.973210499439286,0.0006460832165366029,13.140746940794342,0.013744938281198008,0
280,92.59931682538989,464.9248505227225,521906.6862792969,549.9375610351562,949.0289866669656,519050.14623524656,5.10728584044937,0.00192114327684767,1.0019248411725252,33656.890625,234.0,132.82464062571225,11.631196083904472,False,False,science_V_000.fits,517193.1278072803,538.2437485572839,960.8901714020312,-9.838753737960829,0.0011298897962665798,14.2752037022728,0.013776158963330799,0
281,105.56505931669646,472.5094934033134,277649.9389038086,414.9121398925781,669.1776697006092,280119.1919183483,5.085303536326479,0.03538978901422607,1.0366881758156592,16703.775390625,187.0,132.82267346825776,11.632323406073501,False,False,science_V_000.fits,276897.1038859124,416.4627932027349,664.8783718624255,-9.160417907563867,0.001632930240998499,14.953539532669762,0.013826509537957133,0
282,116.8811431032803,476.23031387044546,894968.5433959961,704.448486328125,1270.4527879120585,889139.5287955047,5.190535032653232,0.013376846760965844,1.013558212897245,56042.328125,272.0,132.82095655100898,11.63287649022362,False,True,science_V_000.fits,878551.3042741315,689.2176438967773,1274.7080868488479,-10.414039693606568,0.000851724415339604,13.69991774662706,0.013756138241197554,0
283,131.48175308360376,489.09792139467925,1499776.0518493652,902.1116943359375,1662.5170267340127,1488050.1682338724,5.466811852424735,0.0038820658021613275,1.0038971949694766,57288.953125,354.0,132.81874136393589,11.634788910474782,False,True,science_V_000.fits,1478491.2279588012,878.2781974471036,1683.3973930542058,-10.97916875443027,0.0006449457534386477,13.134788685803358,0.013744884861508688,0
284,105.2343612378619,491.7133165422567,1265851.388824463,831.4303588867188,1522.4983972433142,1255875.1848591245,5.32634448031501,0.004500456546273401,1.0045208022202199,57134.53515625,327.0,132.82272387654825,11.635177302426799,False,True,science_V_000.fits,1248640.2981470535,810.2276762772738,1541.0980576276284,-10.795715241736177,0.0007044976759436907,13.318242198497451,0.013747807890957097,0
285,400.05224267494265,481.6318852790151,41869.534240722656,200.1570587158203,209.18340082209306,43273.96096948991,4.627317886333755,0.05498967933610488,1.0581895013564224,2755.874755859375,94.0,132.77799161375034,11.633679145522963,False,False,science_V_000.fits,54567.986419214474,250.90095733418428,217.48815548173997,-7.396966695132516,0.004991995989828302,16.71699074510111,0.01460910431182261,0
286,410.17197592749744,488.1727109854243,1263593.2475585938,832.5183715820312,1517.7962321208513,1254807.814452748,5.2965678399483505,0.0023522712824665115,1.0023578175088819,57449.69921875,300.0,132.77645608457033,11.634651063916024,False,True,science_V_000.fits,1249793.2753084623,812.7152059720421,1537.7997927498552,-10.796717332926084,0.000706008678840162,13.317240107307544,0.013747885404157608,0
1,380.9373070767542,15.76704461465896,71101.0732421875,238.47793579101562,298.14528965268806,71668.08411954646,4.68128971954259,0.00690528400591206,1.00695329850688,4902.6787109375,117.0,132.78089657512376,11.56444676515992,False,False,science_V_001.fits,72506.0205506685,259.47534598665186,279.43317803456523,-7.705557048515777,0.0038853653944618616,16.409025011595848,0.012860499224721308,1
2,177.82108460458707,23.142486175011165,1082228.6211547852,767.1151123046875,1410.7773446196154,1075394.2674358462,5.183067934463074,0.001060092521113165,1.0010612175098588,56249.5078125,284.0,132.81170740604708,11.565543227864234,False,True,science_V_001.fits,1074318.0548521595,751.9530689827674,1428.7035975602619,-10.632454060267262,0.0007599196935277584,13.482127999844362,0.01228307184710677,1
3,479.8014900777932,18.414970105104757,13527.854614257812,139.00914001464844,97.31629598479842,14380.048163100573,4.237989268327321,0.02482934157025296,1.0254615347125333,891.493408203125,67.0,132.76589978057493,11.56483890858482,False,False,science_V_001.fits,13781.531384702317,199.07637528705698,69.22735741410864,-5.902865570178468,0.015683106224978233,18.211716489933156,0.01990618489124741,1
4,271.68825253596225,21.969631085212846,275088.04888916016,413.20513916015625,665.7420801887399,274628.6238380042,5.089156325395611,0.05179423833379504,1.0546234165913326,17799.064453125,191.0,132.79746860142006,11.565369152579443,False,False,science_V_001.fits,273786.8755255929,408.87013098081695,669.6181862656977,-9.148153438033372,0.0016213717343232454,14.966428622078253,0.012366293800546628,1
5,499.6212081965972,25.303872036771523,800817.9483642578,673.759033203125,1188.5821323345835,794311.678804744,5.216267634230254,0.02341873259681293,1.023980321329617,51036.5703125,285.0,132.7628931799781,11.565862308436472,False,False,science_V_001.fits,791068.7313274916,654.6013259073089,1208.4740742482186,-10.300157420141264,0.0008984057028078197,13.81442463997036,0.012292416722004392,1
6,428.6468134852122,38.7043356648315,732127.2015686035,643.6527709960938,1137.456769487048,727465.1492217273,5.122041853957028,0.0036111483932922406,1.003624236047472,46750.8671875,260.0,132.77365917939304,11.567854936241408,False,False,science_V_001.fits,726236.3708534215,628.6978142856393,1155.1437818797108,-10.207316861913132,0.000939882997277873,13.907265198198493,0.012295517724323269,1
7,293.8990960627506,48.320030353635936,46985.289306640625,206.08584594726562,227.98891932958597,47555.00924595076,4.654858073374087,0.007179437685806422,1.0072313547465936,3163.157958984375,108.0,132.79409933527725,11.569285064702422,False,False,science_V_001.fits,46985.37388972996,232.79529763211065,201.83128425549876,-7.234528591883123,0.005379245363298633,16.8800534682285,0.013387780127382785,1
8,450.2955501158432,52.391687815118935,1137319.5597229004,805.4881591796875,1411.9631018302632,1130261.1983959095,5.282181628825247,0.04682188151374733,1.0491218593940295,57937.0703125,298.0,132.77037501818228,11.569888712894405,False,True,science_V_001.fits,1126565.892546566,771.8900940776701,1459.4900247977623,-10.684013370476496,0.0007438899763295352,13.430568689635129,0.012282090553218501,1
9,254.45524323037972,51.006745514191834,55410.68273925781,216.09982299804688,256.41243926312063,55941.26300957769,4.652753371204152,0.03269624581952524,1.0338014255379648,3744.02001953125,110.0,132.80008269380895,11.569684400002377,False,False,science_V_001.fits,54902.116762836464,240.5309893666339,228.2538183849187,-7.403594596764357,0.004756546933944896,16.710987463347266,0.01314994733051795,1
10,487.8337273395771,58.382880746698156,44960.506591796875,206.9183807373047,217.28619000202278,45823.108983452505,4.684232417610936,0.017069647445454694,1.0173660803139228,2922.788330078125,108.0,132.76468061433752,11.570778436215546,False,False,science_V_001.fits,44753.583594559044,235.622070069275,189.93799511820387,-7.181691415798079,0.005716075919008926,16.93289064431354,0.013526636683686352,1
11,205.9809779686027,79.00579758114903,142133.72134399414,309.8655700683594,458.69478597650607,142528.46047646468,4.8631450864872905,0.0034132779170199523,1.0034249682856358,9844.662109375,147.0,132.80743602438272,11.573845274398042,False,False,science_V_001.fits,142372.12990523403,317.26562800107894,448.74741333388266,-8.43818432950886,0.002419401132441078,15.676397730602764,0.012495994474239847,1
12,13.337595604873993,83.17218157563393,239937.3720703125,384.396240234375,624.1928170889947,239643.5732620284,4.93490513283543,0.002928687373297656,1.0029372897767785,15978.96484375,177.0,132.83665924081657,11.574462234856606,False,False,science_V_001.fits,241002.55916652628,383.38730702978137,628.6138188393527,-9.00967600979341,0.0017271335237341633,15.104906050318215,0.012380604438773658,1
13,387.48875069408683,80.36977416531201,16187.506317138672,145.485595703125,111.26535406412724,16726.945342097224,4.266932578853962,0.010864667105536019,1.0109840046596488,1016.8959350585938,71.0,132.779902092784,11.574047378430565,False,False,science_V_001.fits,16923.03702471465,200.4522565308936,84.4242779681878,-6.125817635561508,0.012860044836973394,17.988764424550116,0.01776730506490902,1
14,27.471755085050198,101.97173881957809,164429.73403930664,327.59674072265625,501.9272587284775,164555.67932362872,4.8902199529991,0.0021769960078510397,1.0021817456594417,10663.412109375,159.0,132.83451549351093,11.57725631870873,False,False,science_V_001.fits,165565.42459723479,331.07770339363896,500.0802618241667,-8.602045992082967,0.00217105149489332,15.512536068028657,0.012450294801893412,1
15,322.47405372906115,105.15844470475578,439019.84088134766,509.93389892578125,860.9348031307194,436889.3734922174,5.063666211919166,0.0009031285426024382,1.0009039449210617,27880.498046875,225.0,132.78976440309785,11.577731762731831,False,False,science_V_001.fits,434879.7878568572,499.3667747535616,870.8624799306505,-9.650544932027973,0.0012466951154979807,14.464037128083651,0.012322768551408491,1
16,308.85548606889427,115.55439302766911,7001.252532958984,110.04943084716797,63.61916167183118,7834.459345015653,3.8281107523428997,0.045052387542901084,1.0471778629059876,496.9624328613281,48.0,132.791830262437,11.579276781170309,False,False,science_V_001.fits,6071.949713500337,186.99135567295068,32.47182037719553,-5.0129422894776035,0.03343514430014743,19.10163977063402,0.03561186951610736,1
17,339.03765001281016,122.99333198990223,1579277.8836364746,925.532470703125,1706.3451943903174,1571499.2636736385,6.142239753546654,0.22915734275995792,1.2972816055360021,53422.125,367.0,132.78725162364552,11.580382125639959,False,True,science_V_001.fits,1549075.1302324568,898.1127817310655,1724.8113619390822,-11.02980307798397,0.000629460139211644,13.084778982127654,0.01227569126882197,1
18,274.4071245012607,127.62082163292929,585292.3707580566,579.9198608398438,1009.264228182205,581872.0256135552,5.101216985173879,0.001245142154924106,1.001246694466759,36587.3671875,247.0,132.79705600763407,11.581070085977164,False,False,science_V_001.fits,580934.527724889,566.6687606924629,1025.1747899689997,-9.964939847658579,0.0010590389176784484,14.149642212453045,0.012305199693208278,1
19,365.7557037795914,135.34737731868933,150298.95303344727,322.5834045410156,465.92276886437645,150529.70590077876,4.88985918815065,0.004694584552731085,1.0047167276293996,9853.060546875,156.0,132.7831984091567,11.582217868226664,False,False,science_V_001.fits,150126.32436802192,327.6281243483182,458.2217252155525,-8.495764003139687,0.0023693769637161462,15.618818056971937,0.012486405537894577,1
20,497.39025962485175,138.84723513272723,175332.8321533203,348.5978088378906,502.9659616559891,175207.02156562015,5.015508478260532,0.0030895687542061845,1.0030991437719687,11301.74609375,176.0,132.7632293724681,11.582736149647461,False,False,science_V_001.fits,173925.38240621708,347.52408726582104,500.4700070564652,-8.655529291303946,0.0021693607702599183,15.459052768807679,0.012450000088840093,1
21,461.64105531596573,139.5112178605696,51618.91613769531,219.1287384033203,235.5643377213601,52455.51412440198,4.71886520893318,0.014579020180465196,1.0147947125939363,3305.374755859375,116.0,132.768652526749,11.582835458930026,False,False,science_V_001.fits,52360.06396720134,243.6997700276031,214.85479432857358,-7.352122295159841,0.005053180234552544,16.76245976495178,0.013260128451242397,1
22,352.27087758517644,139.10340196151424,9080.551452636719,213.72586059570312,42.48691022849146,10185.349314982424,4.591953995714821,0.03735296208170147,1.0388023445877694,490.8323974609375,67.0,132.78524402871588,11.582776165955677,False,False,science_V_001.fits,8994.357367355471,256.3943486618429,35.0801701141162,-5.439547221876971,0.030949108754838,18.67503483823465,0.033288792540123256,1
23,399.9510571737336,146.41888508282733,117693.37075805664,293.2177429199219,401.38556959767214,118155.62891580473,4.855814583668404,0.003256070414050183,1.0032667070422017,7689.41845703125,144.0,132.77801084227448,11.583862871648734,False,False,science_V_001.fits,118180.5085599122,302.82976367563145,390.2539404498506,-8.235986510351067,0.0027820346893832775,15.878595549760558,0.012571240713370638,1
24,28.300969314391658,149.7052299502814,85522.99392700195,251.2608184814453,340.37536948212045,85997.47615858575,4.744207521507769,0.0014396154143619944,1.001441690894797,5760.29931640625,127.0,132.8343905778662,11.58435005865069,False,False,science_V_001.fits,87358.70305222631,266.02643888876014,328.383537430111,-7.907887318468115,0.00330619497096765,16.206694741643506,0.012697531305203676,1
25,329.50113625177806,161.35746956196076,580699.6103210449,576.8599243164062,1006.6561843573876,578850.4778909279,5.589987774183088,0.24648219684797779,1.3271086573096535,51999.91796875,231.0,132.7886980731369,11.586083521857343,False,True,science_V_001.fits,577327.7718379002,565.8810063172654,1020.2282200548309,-9.958177997416136,0.001064173661008564,14.156404062695488,0.01230564267486099,1
26,498.8967106836319,165.04475182936474,69184.83312988281,243.349609375,284.3022156787993,69854.72239692883,4.810605294190708,0.019385328310483008,1.0197685481057344,4725.53955078125,127.0,132.7630003273456,11.586629361683219,False,False,science_V_001.fits,68649.22140417818,261.6903636626098,262.3299553081203,-7.6462109139966214,0.004138680993273485,16.468371146115,0.012939283458702757,1
27,452.05275436795984,168.87828808565862,255888.45053100586,404.96697998046875,631.8748519776777,255263.96861186938,5.002413038647435,0.0009924397070888435,1.0009934256221222,17514.8984375,187.0,132.77010660821063,11.58719988387231,False,False,science_V_001.fits,254627.61847708872,401.1111982365523,634.8055591480246,-9.0693856443467,0.0017102874799286934,15.045196415764925,0.012378265602441096,1
28,42.094976921196235,174.8272954108087,166911.08346557617,373.3586730957031,447.05291585068335,167079.46773843362,5.023930125777184,0.012524074805306928,1.0126829166015745,12329.3134765625,167.0,132.8322984424962,11.588083715468013,False,False,science_V_001.fits,167526.4296533774,374.64910605415196,447.1555568830399,-8.61483020616178,0.002428014106697059,15.499751853949844,0.012497664924412701,1
29,52.36954957339525,188.02889980814683,13323.505767822266,130.77569580078125,101.88059552073643,13707.33854688665,4.116375355689471,0.01873445115671024,1.0190921317667723,918.9868774414062,64.0,132.8307399727622,11.590045788940829,False,False,science_V_001.fits,11885.143264076296,187.2710973384665,63.4649096042597,-5.742132926795582,0.017107091253575644,18.372449133316042,0.021046352349486593,1
30,17.41416548101068,194.15111921024044,246659.1215209961,390.222412109375,632.0988079276705,246362.31258878854,4.939450069072912,0.003256132187759442,1.003266769220167,16221.595703125,178.0,132.83604297175512,11.59095501032591,False,False,science_V_001.fits,247782.1120060535,388.9718272583453,637.0181453822435,-9.039796750030069,0.001704347054899864,15.074785310081555,0.012377446220611158,1
31,427.4412816725353,195.39870027779847,391984.5291748047,486.5065002441406,805.712830102162,390449.9811347214,5.048495987593719,0.003602969758495833,1.003615998090262,24353.59375,211.0,132.77383986699436,11.591141470601224,False,False,science_V_001.fits,390055.8431128376,477.9107844873341,816.1687406390283,-9.532438844296925,0.0013302396256317528,14.5821432158147,0.012331500862513715,1
32,264.4579830057555,197.2594413184052,113397.42901611328,289.6591491699219,391.4857491678652,113680.98520262542,4.886383860224245,0.011431602930062734,1.0115637956503014,7322.01708984375,151.0,132.79856523379536,11.59141916933943,False,False,science_V_001.fits,114208.7271093925,296.64764729282194,384.9979197598579,-8.198870102086902,0.0028200152371659682,15.915711958024723,0.012579700393825914,1
33,186.12937206646862,203.38376589259016,612927.5487670898,590.947265625,1037.1949993183282,609442.3335637173,5.096742643456891,0.002678197638065427,1.0026853896422625,39636.87109375,246.0,132.81044811601774,11.592329128016383,False,False,science_V_001.fits,609068.556500163,578.2618577636775,1053.2746511340465,-10.016287322511415,0.0010307852741267833,14.09829473760021,0.012302800264246032,1
34,42.358089434689845,205.17678008611145,303695.54263305664,428.8539733886719,708.1560658826315,302908.117493478,4.998711394273165,0.007808478954326459,1.0078699311460524,19982.630859375,196.0,132.83225904872157,11.592593989686762,False,False,science_V_001.fits,303190.2017597598,423.88588335664446,715.2637388130828,-9.2589097791188,0.0015179016369564933,14.855672280992824,0.012353153501841171,1
35,302.4877494032631,220.1151041908884,483264.64822387695,532.9061889648438,906.8475056793876,480831.69777504215,5.077212227894566,0.0005219056117188314,1.00052217813942,30729.078125,230.0,132.79279583737497,11.594815689105944,False,False,science_V_001.fits,479714.72338726156,521.5246445474168,919.831360613,-9.75707949409408,0.0011803250535798876,14.357502566017544,0.012316230888250023,1
36,328.773731700874,216.1609732456909,16380.281921386719,145.61277770996094,112.49206408254784,17124.738146429205,4.26601449483141,0.01657224807536606,1.016851515571869,1110.2257080078125,70.0,132.7888080954409,11.594227935284751,False,False,science_V_001.fits,16170.901229001416,201.88568112434686,80.0992974783651,-6.076457435228573,0.013554425995973918,18.03812462488305,0.018276182318550806,1
37,280.0604847520168,227.01222490919523,399957.6194152832,499.724609375,800.3560599417061,399959.7246505417,6.961384834015005,0.4029145995460496,1.674802296689423,15636.56640625,272.0,132.7961981947851,11.595840742210124,False,False,science_V_001.fits,389358.0614961679,475.89299206288854,818.163049235898,-9.530494801569025,0.001326997107745163,14.5840872585426,0.01233115150278106,1
38,360.4282376219132,226.65971332859442,12720.881713867188,131.621826171875,96.64720573969205,13262.156811157023,4.010032717570476,0.033750779532203956,1.0349296835819066,882.7357788085938,58.0,132.7840058085998,11.59578794033928,False,False,science_V_001.fits,12123.49262181163,198.01514384088006,61.22507797461068,-5.763691255272939,0.01773292964118767,18.350890804838684,0.021558134653069775,1
39,42.78844905367937,233.7606595566869,1140141.1902770996,786.700927734375,1449.2689026827506,1132507.3336082809,5.23269482144264,0.0014020468261918273,1.0014040153214172,55171.9453125,296.0,132.83219425066548,11.596841878294859,False,True,science_V_001.fits,1130576.4646365568,770.2681728485887,1467.769933236997,-10.687871725168714,0.0007396935823624715,13.42671033494291,0.012281837104292006,1
40,317.8392638167046,232.3201588542935,54526.918548583984,220.56723022460938,247.21223770665208,55059.18953802279,4.696578544602269,0.003995980380144926,1.004012012302591,3650.7197265625,115.0,132.79046684439925,11.596629428830695,False,False,science_V_001.fits,53701.75897203415,244.44005651085837,219.69295760512412,-7.379593151573642,0.004941897145157635,16.734988908537982,0.013218121025845268,1
41,203.87047103484812,237.06706041360906,1095761.813446045,774.9596557617188,1413.9598175197975,1088460.1336455983,5.25624524696292,0.0013864354614249175,1.0013883603334244,51462.08984375,298.0,132.80775683155727,11.597334923918593,False,False,science_V_001.fits,1085732.3851332075,757.1245239789214,1434.0208918704036,-10.643928854340686,0.0007571019405330378,13.470653205770938,0.012282897842485482,1
42,339.6686168803499,238.74210516149049,480847.75817871094,532.4432373046875,903.0967518957306,478327.83218740765,5.0761382390572045,0.0008030580787316,1.0008037034993196,31457.615234375,229.0,132.7871551150144,11.597583674029316,False,False,science_V_001.fits,477403.3308378927,520.9756296563869,916.3640363614848,-9.751835485913952,0.001184791149498709,14.362746574197672,0.01231665969849399,1
43,87.23738558705112,238.65490243344428,73646.78833007812,239.83348083496094,307.0746756194455,74230.8457252889,4.734036070331614,0.0029493737102074258,1.0029580982474104,4887.57080078125,124.0,132.82545105813497,11.597569885083873,False,False,science_V_001.fits,74627.61246633656,256.9800137585447,290.4023989058377,-7.736870743089813,0.0037386054801566426,16.37771131702181,0.01281692424089465,1
44,441.5823268929052,244.179467471185,280800.0035095215,422.8660583496094,664.0400617761733,279912.8265726126,5.026900389538305,0.00538608290500231,1.0054152498898605,18140.6640625,196.0,132.77169386605078,11.598390632963305,False,False,science_V_001.fits,279788.9075453453,416.8081925478784,671.2653746919963,-9.171698105404854,0.001617393121905272,14.94288395470677,0.012365772785045102,1
45,354.9274905932097,246.1239855086523,12374.482635498047,136.81053161621094,90.44978109003833,13103.423622522816,4.207328300157653,0.014357240796886384,1.0145663737320956,893.4411010742188,66.0,132.78484015577175,11.59868059201908,False,False,science_V_001.fits,11969.9086632285,198.5465430444006,60.28767098982777,-5.749848965343634,0.018008657195982714,18.36473309476799,0.021785502290812473,1
46,266.03504713035824,247.0631157788262,14860.480529785156,141.52041625976562,105.00591308683144,15427.582102913086,4.236905527529132,0.01712714946796301,1.0174256003293731,1082.55224609375,69.0,132.79832594076427,11.59882054739364,False,False,science_V_001.fits,15329.801920187945,198.28712800462492,77.31112994803368,-6.018463232226222,0.01404325613569193,18.0961188278854,0.0186416045165974,1
47,233.743951077061,262.44041738078965,233819.91552734375,387.6273193359375,603.2080399490717,233326.81906692847,4.982173248381832,0.004928275655305736,1.004952683846535,15001.4619140625,185.0,132.8032248204027,11.601105772210762,False,False,science_V_001.fits,233092.80727710933,384.4261731821861,606.3395875146167,-8.97344405496742,0.0017905807609400527,15.141138005144205,0.012389614825410202,1
48,415.17242827243143,262.2082841409558,18670.700164794922,155.5462188720703,120.03313420399324,19863.993126484635,4.367470445861623,0.05295194694544281,1.055912629538337,1310.0946044921875,76.0,132.77570024785203,11.60107027744516,False,False,science_V_001.fits,16244.174983126855,209.42350795253654,77.5661488146231,-6.081366021757693,0.01399708528258553,18.03321603835393,0.018606847461849846,1
49,368.1897484961439,267.1317040338422,374216.35900878906,476.9736022949219,784.5640874217688,372860.95105771505,5.030966518622193,0.0024871534329137246,1.0024933547888362,25429.1484375,210.0,132.7828279596101,11.601802460464842,False,False,science_V_001.fits,371778.3318490362,468.5680343269883,793.4351142476617,-9.480332060111625,0.001368353858436761,14.63425,0.012335670567199595,1
50,427.2695477786018,273.71640824144896,764961.7095947266,658.8184204101562,1161.1115990328403,759952.512795565,5.1218319959689325,0.0021742568170052268,1.0021789945106743,49892.17578125,262.0,132.77386483011549,11.602780353257979,False,False,science_V_001.fits,758288.993048516,642.9834458098056,1179.3289516085267,-10.254208754106909,0.0009206082819549008,13.860373306004716,0.012294059364968902,1
51,404.3196942164765,270.55516016713085,21786.932861328125,162.2378387451172,134.29008318803088,22373.392067529017,4.36552214083941,0.032524000829459165,1.0336173722731554,1483.82275390625,79.0,132.77734661873512,11.602310848761949,False,False,science_V_001.fits,18966.808318692216,212.13541352155207,89.40896762041699,-6.249607511989956,0.012143077242646464,17.864974548121666,0.01725545423863,1
52,283.1995794534126,274.59224414883386,370263.4024963379,473.33209228515625,782.2486759956998,368819.0115744567,5.033640083618899,0.003288192365877296,1.003299040244825,24190.044921875,210.0,132.7957218622515,11.602911655094648,False,False,science_V_001.fits,367697.01787979994,465.0846448325855,790.6023601621125,-9.468347143140575,0.0013732567150158495,14.64623491697105,0.012336215386653708,1
53,255.16062956770864,277.993096181267,1333234.7932434082,852.7034301757812,1563.5386771794356,1323971.2224840126,5.431539438028125,0.0010612176493414172,1.0010623450286356,52069.83984375,331.0,132.7999756885045,11.603417090959683,False,True,science_V_001.fits,1317314.8041154125,830.9899371641903,1585.2355668840453,-10.853845805281548,0.0006848824380934518,13.260736254830077,0.012278657907710615,1
54,318.283249079337,276.26525183101916,175178.41033935547,345.3707580566406,507.2184203580614,175105.42112519115,4.940886313251417,0.0025054579785911413,1.002511751065338,11562.0517578125,168.0,132.79039926369364,11.60316015561241,False,False,science_V_001.fits,173885.84127239953,346.6428259273815,501.6282705612001,-8.655282426120621,0.002164351699686634,15.459299633991003,0.012449128256247987,1
55,337.5125438314499,280.3182482803215,1016892.862121582,750.5474853515625,1354.868122228484,1010139.4943383143,5.188652511685769,0.0006103631235349072,1.000610735894203,54894.984375,288.0,132.7874819323601,11.603762364956811,False,True,science_V_001.fits,1007341.8828838324,732.798213982538,1374.6511163137695,-10.562564102190137,0.0007898003988905828,13.552017957921487,0.012284956684118317,1
56,41.209765946187794,283.1428272716262,1016307.3935546875,745.7893676757812,1362.7271151933467,1009603.9571267696,5.1806413415543435,0.0003878089661514261,1.0003879594202931,54881.1875,287.0,132.83243460225503,11.604180589322835,False,True,science_V_001.fits,1008210.4867418554,729.8681209029103,1381.359807158876,-10.5634998999683,0.0007859646663913171,13.551082160143325,0.012284710681061692,1
57,186.06550390461499,281.27651546051743,110349.16317749023,285.484375,386.5331094827527,110692.70185903169,4.880464337779798,0.009962093858230103,1.0100623357918213,7403.8779296875,148.0,132.81045823888073,11.603904855484517,False,False,science_V_001.fits,106755.95698194363,293.47376122599053,363.7666159181291,-8.125602169049492,0.0029846059327344994,15.988979891062135,0.01261761659879906,1
58,67.80407326767187,288.1966315528404,498929.8984680176,537.687255859375,927.9184005776513,496515.7379873421,5.083674349646997,0.005194823733535969,1.0052219508477351,33746.15625,235.0,132.82840000377996,11.604932062737042,False,False,science_V_001.fits,495324.8759552842,526.4298576374488,940.913340626689,-9.791847222660587,0.0011538788463524993,14.322734837451037,0.012313724556470937,1
59,274.54012707376893,292.2661696047305,963724.3618469238,731.8258056640625,1316.8767135403696,956915.9509508074,5.1984189860758105,0.000791168574570511,1.0007917950179062,52358.70703125,290.0,132.79703557136494,11.605538213135159,False,True,science_V_001.fits,953734.5675784631,713.7251893688571,1336.277017799869,-10.503190683244458,0.0008124812337097328,13.611391376867166,0.012286435683944554,1
60,168.04985229170447,291.72390131918115,232987.87811279297,385.7044372558594,604.0580703981869,232557.4320378172,4.971660477069922,0.004829788914914701,1.0048532289864751,15692.759765625,182.0,132.81319150028764,11.605457341911105,False,False,science_V_001.fits,228461.1966977861,383.286202995289,596.0590152017398,-8.951652992374155,0.0018214639361381663,15.162929067737469,0.012394115818856443,1
61,202.45421051117373,289.6037827156531,12818.900177001953,135.07974243164062,94.89876088184853,13455.772150536837,4.191977515857351,0.02722624646176408,1.0279882617748834,859.4821166992188,66.0,132.8079719130083,11.605142458695195,False,False,science_V_001.fits,13035.931207721942,194.1686992911566,67.13714030794696,-5.842477023969809,0.016171376901370445,18.272105036141813,0.020293097519766497,1
62,312.9431980484791,297.87966782647726,566554.5319824219,572.9414672851562,988.8523773065364,563771.7945519214,5.084771358496731,0.0014845822325172398,1.0014867894937831,38656.703125,238.0,132.7912093094597,11.606372323546372,False,False,science_V_001.fits,562992.5821676137,560.5642866034774,1004.3318770427734,-9.930878555907729,0.0010810171665533636,14.183703504203896,0.012307110715962487,1
63,350.3709156275132,295.2396692367849,79238.99523925781,251.54246520996094,315.0123982967151,79735.18372740931,4.72792910883147,0.007816940173265619,1.0078785261407615,5388.552734375,123.0,132.78553105091802,11.60597976329786,False,False,science_V_001.fits,75629.38817491494,270.48213804473477,279.6095473129049,-7.751348341700039,0.0038829146230297245,16.363233718411582,0.012859759019138486,1
64,108.12422056145344,298.0812108940163,287798.58026123047,420.20794677734375,684.8956152981247,287062.3137856069,4.989872158195631,0.0011172066991793628,1.00111845624599,19806.869140625,190.0,132.822283054881,11.606401554053974,False,False,science_V_001.fits,286815.7641787624,416.1917481201983,689.1433226973268,-9.198629418201316,0.001575434259089298,14.915952641910309,0.01236035473460563,1
65,236.13157521369158,298.51233282700304,92524.03713989258,264.8168640136719,349.38876526804495,92990.15104140602,4.785466668712929,0.014222118742402645,1.0144273055957178,5984.7802734375,131.0,132.80286264809786,11.606466463401604,False,False,science_V_001.fits,93496.04552586545,279.3921652448146,334.64089962558717,-7.981604980296668,0.0032443733004983407,16.132977079814953,0.012681574593620544,1
66,426.1208623622413,300.5548118111315,198073.26400756836,364.0392150878906,544.0987009043715,198025.30652082432,4.949089831986943,0.005429977963228305,1.0054596235990587,12747.8271484375,169.0,132.77403872761374,11.606768853403091,False,False,science_V_001.fits,196910.1086070929,365.0535075233654,539.4006756516087,-8.790291903334795,0.0020127894698842358,15.32429015677683,0.012423674879465113,1
67,77.1046954184246,306.75892045173237,1174950.4247131348,815.883056640625,1440.096610843911,1167002.3089647787,5.273560491253266,0.003008965416019138,1.0030180466139043,53643.703125,310.0,132.82698925089502,11.607690759168928,False,True,science_V_001.fits,1163142.0273386235,797.906722020302,1457.7418578371476,-10.718703744532302,0.000744782071093749,13.395878315579322,0.012282144617044627,1
68,182.7355519293243,309.47584388123374,1426142.4251403809,893.0237426757812,1596.9815325035006,1416806.6562577062,5.450060625230887,0.0016628619114672505,1.001665631626858,51912.7890625,327.0,132.81096359670317,11.608095570281309,False,True,science_V_001.fits,1409452.5205658267,861.8961966009024,1635.2926560348521,-10.927248000591215,0.0006639178595912811,13.18733405952041,0.01227750638301035,1
69,439.6313342923563,307.88339294094186,26652.265747070312,173.93655395507812,153.22981363626235,27435.90544145074,4.459703443900243,0.0037465694414252626,1.0037606590115575,1780.1341552734375,85.0,132.7719888988061,11.607857771576471,False,False,science_V_001.fits,25150.449108090008,219.6102571112799,114.52310761307423,-6.555986235535052,0.009480182843694106,17.55859582457657,0.015497426973870458,1
70,350.16274538114664,319.7633350115969,1480398.3835144043,897.2354736328125,1649.9552536865558,1470351.1613982685,5.475225032269749,0.00046156507808003955,1.0004617782187797,53920.796875,336.0,132.78556244453284,11.609624253902659,False,True,science_V_001.fits,1462803.1469812223,874.5383234587554,1672.6575699917976,-10.967586588991916,0.000649086830130643,13.146995471119709,0.012276713313164262,1
71,216.51073639710992,321.86819044882685,62030.09796142578,234.31784057617188,264.7263128104029,62547.10520573778,4.9607636189889135,0.10973560211574496,1.123261811183886,4050.317626953125,131.0,132.80583946210731,11.60993735871488,False,False,science_V_001.fits,61844.13310704825,250.4273227491111,246.9544154692991,-7.532868139609029,0.004396357918674154,16.581713920502594,0.013023990901780627,1
72,199.4872663247486,330.62171673712317,819121.3645935059,676.926513671875,1210.059508749803,813672.1253989653,5.126214345052529,0.0007889008910817452,1.0007895237470694,50427.375,268.0,132.80842221957084,11.611238166559993,False,False,science_V_001.fits,811879.0530674106,661.5391975998615,1227.2576681971364,-10.32835021531588,0.0008846552994815775,13.786231844795745,0.01229141940784206,1
73,499.2970754541564,333.9177531510691,1045660.3284301758,764.8328247070312,1367.1750147892976,1037249.736755353,5.231870817036277,0.0011624817049072922,1.0011638346413854,56418.52734375,308.0,132.76293625873978,11.611725752666018,False,True,science_V_001.fits,1033434.7055184379,743.0461261050588,1390.8082812241475,-10.590329479620786,0.0007806252052543142,13.524252580490838,0.012284370222834134,1
74,17.15936298367322,334.1865138738439,84553.05368041992,252.77342224121094,334.50136066811064,84905.88464472478,4.711239077439187,0.00568301450532227,1.005715495750578,5751.166015625,127.0,132.83608431678425,11.611765816765722,False,False,science_V_001.fits,86350.80568446327,268.08938105358794,322.097075777883,-7.8952878591610265,0.0033707229330721864,16.219294200950596,0.012714485799752751,1
75,223.0791910812692,333.49783268577477,27641.65594482422,173.18240356445312,159.6100722469581,28366.674126936647,4.465109711253267,0.018349027166115195,1.0186920073161485,1933.3299560546875,88.0,132.80484295804104,11.611665671014693,False,False,science_V_001.fits,27529.028463967483,214.55394855909037,128.3081884479311,-6.654099086125461,0.008461657927939568,17.460482973986164,0.014896175044286976,1
76,172.9716086352989,346.98006589884517,170464.71926879883,339.71533203125,501.7869468815084,170376.0294214328,4.9358739622318035,0.0020320953491435034,1.0020362331690962,11839.7568359375,168.0,132.81244517346312,11.613669054406852,False,False,science_V_001.fits,170482.63485877524,340.9488279958557,500.02411171463973,-8.633822246305197,0.002171295292695008,15.480759813806428,0.012450337317063145,1
77,69.37646181287302,349.18349907922004,409336.0436706543,517.1669311523438,791.4969403758623,407473.90034754074,5.057689589398889,0.00014826147325297523,1.000148283457977,26762.5703125,219.0,132.82816236742258,11.613995410724316,False,False,science_V_001.fits,407102.5955360933,508.3483533329014,800.8339023171667,-9.578881552265301,0.0013557118359482406,14.535700507846324,0.012334274629774778,1
78,372.73232853109283,350.28856586469107,514258.14657592773,549.95849609375,935.0853750393984,511667.9261090238,5.0712466276151105,0.001362243755315684,1.0013641019947397,33996.2734375,231.0,132.78213801072758,11.614160451703532,False,False,science_V_001.fits,511467.7262650069,538.0417666736073,950.609707174051,-9.826667461110386,0.0011421091030382408,14.287914599001239,0.012312627228330209,1
79,46.615537923953696,358.4391143782875,653282.2698364258,607.5091552734375,1075.345555150335,649805.9603186976,5.084730037084391,0.001238921376856661,1.0012404582070464,40746.8671875,247.0,132.83161574940607,11.615370542468192,False,False,science_V_001.fits,649822.4888602492,595.1903904423465,1091.7892817074887,-10.086608717043855,0.0009944226584657752,14.027973343067769,0.012299807010040674,1
80,195.87822258141992,357.9871348563359,106602.70220947266,281.1428527832031,379.1762840639484,106965.9707297972,4.832504581029838,0.005305233812466059,1.0053335294331547,7394.1025390625,141.0,132.80896989940447,11.615304955099113,False,False,science_V_001.fits,106300.5731282827,291.6815409416444,364.44052230768295,-8.120960889200958,0.0029790869388651186,15.993621170910666,0.012616312260319666,1
81,425.85052388112143,356.58981633046693,28615.744018554688,177.71176147460938,161.02335479153513,29398.511717412264,4.445112750561796,0.019723235404059736,1.02012006824643,1918.3946533203125,86.0,132.774078968228,11.615096280175417,False,False,science_V_001.fits,28998.57930251798,222.41895229269554,130.37818496850426,-6.710563677737359,0.008327313348182252,17.404018382374264,0.01482027407504294,1
82,150.73641636744603,363.4656963854788,144244.19857788086,355.9501953125,405.2370260711454,144429.92133128527,4.9275438111882615,0.0019087562373165667,1.0019124065552572,9141.021484375,159.0,132.81581877265967,11.6161188379385,False,False,science_V_001.fits,144328.83971660092,365.33826298219844,395.0553619499568,-8.453004674718727,0.0027482224127805405,15.661577385392897,0.012563801275517091,1
83,189.4221273367035,375.447485416945,187035.98526000977,352.4037170410156,530.7435086964222,186975.77055559307,4.94272421988138,0.004080360807479977,1.0040970783654675,11483.185546875,168.0,132.80994949814627,11.61789972504552,False,False,science_V_001.fits,186344.32623834832,353.61540094042783,526.9689208749735,-8.730412309066457,0.0020602733045381794,15.384169751045167,0.012431456155654826,1
84,413.7186412931185,378.5353801370972,542256.8507385254,639.75,847.6074259296997,541568.6124425251,6.743347386940185,0.370441710551321,1.5884152694990747,23527.3828125,290.0,132.77591931086428,11.618357792621246,False,False,science_V_001.fits,528579.0950590203,547.1781867537503,966.0090768510473,-9.862396831756369,0.0011239024829239864,14.252185228355255,0.01231095174434935,1
85,168.90559141407084,380.2109936611654,88665.4963684082,263.18328857421875,336.8963768510863,89127.68199036457,4.835221144269309,0.007164701007789542,1.0072164043875778,6011.91357421875,138.0,132.81306228919712,11.618607511904836,False,False,science_V_001.fits,88939.55910702415,275.39751420163026,322.9497527051305,-7.927359304603113,0.0033618232895545807,16.18722275550851,0.012712129321666264,1
86,334.4041969379133,382.411844178569,718888.4838562012,639.525390625,1124.0968605697433,714553.4665604369,5.110405665767632,0.0015628350754725018,1.0015652813520726,44685.67578125,254.0,132.78795285035298,11.618934626579193,False,False,science_V_001.fits,713666.0891057778,624.9115961642177,1142.0272779163417,-10.188359526805685,0.0009506778174168377,13.926222533305939,0.012296347602971543,1
87,318.17976368545266,387.3220877662952,14500.024536132812,142.30648803710938,101.8929265709349,15199.620975914635,4.209700153204398,0.005504447605522711,1.0055349142510186,1024.7623291015625,67.0,132.79041439681671,11.619664434915268,False,False,science_V_001.fits,14705.061523032298,203.0422537277817,72.4236519889468,-5.973288988660944,0.014990959033185708,18.14129307145068,0.019365568124773094,1
88,63.34207886830773,389.96646321688013,136683.45834350586,307.7576599121094,444.12690940833266,136911.64999680658,4.875422925282649,0.014280721670238194,1.0144876152715974,9105.193359375,152.0,132.8290785192326,11.6200561208373,False,False,science_V_001.fits,137091.37211310543,313.8159490986366,436.85278745987426,-8.39714718202895,0.002485276576379231,15.717434878082674,0.012508915849172336,1
89,282.40660615730826,392.9584292341188,347661.7729187012,461.56195068359375,753.2288404704908,346460.5606590605,5.02733328350638,0.0024804029278586714,1.002486570624917,22807.43359375,205.0,132.7958419032298,11.620502186204197,False,False,science_V_001.fits,346554.7001443335,454.0673351037657,763.2231463316715,-9.404051357383942,0.0014225197508988948,14.710530702727683,0.012341796404991983,1
90,98.39703414694394,393.02659073785526,90837.48815917969,263.1265869140625,345.22352615339224,91354.09143552888,4.822824813451899,0.006056508096533353,1.0060934129011043,6042.84326171875,136.0,132.82375999857533,11.62051137353212,False,False,science_V_001.fits,91320.68230120123,275.6638434072765,331.2755172113033,-7.956044743179565,0.0032773324426129836,16.15853731693206,0.012690046650819657,1
91,407.087448662175,398.0529585942303,715586.9234619141,640.4290771484375,1117.3554558892345,710951.1009513141,5.129284452322377,0.0024926394398460117,1.0024988682173195,48833.39453125,260.0,132.77692515360843,11.621258402729639,False,False,science_V_001.fits,708330.9191283305,624.257283791538,1134.6778604266437,-10.180212372698039,0.000956835448954448,13.934369687413586,0.012296825205594794,1
92,242.39517405058274,397.477441574837,204591.72708129883,366.8966064453125,557.627744403229,204411.93782381804,4.945980640026291,0.002147646345357024,1.002152268657273,12587.65234375,172.0,132.8019124778734,11.621173785032749,False,False,science_V_001.fits,203863.12443763396,366.9947923342971,555.4932350427856,-8.827968564018608,0.0019544792474680208,15.286613496093016,0.012414361247738795,1
93,40.997304324621744,402.4468385837794,479378.98724365234,533.0476684570312,899.3172948889746,478394.80653770664,5.888324869390626,0.23775570257243417,1.3119153575498248,18550.1015625,256.0,132.83246889767625,11.62191048349957,False,False,science_V_001.fits,473082.65162732167,516.7016312926125,915.5818812567497,-9.741964429954592,0.0011858032822905386,14.372617630157032,0.012316757100993208,1
94,221.9777593398794,404.68207948890387,878923.2778320312,698.8861083984375,1257.605877796263,874778.16040106,5.334404775000172,0.13142116605274645,1.151305973524019,52235.484375,263.0,132.80501025284647,11.62224443719604,False,True,science_V_001.fits,872207.0923746596,684.4710560708031,1274.278999292611,-10.406170908612498,0.0008520112162271399,13.708411151499126,0.012289113034436312,1
95,469.53517265122105,404.33950743275193,129243.31649780273,310.2202453613281,416.6179301008126,129501.69550704113,4.91055247492603,0.007432335654813715,1.0074879889017108,8135.32763671875,154.0,132.76745039700577,11.62219174598814,False,False,science_V_001.fits,128739.14713977158,316.6143906863337,406.61179948485665,-8.328898443353586,0.0026701143483182036,15.785683616758039,0.012546947305766066,1
96,121.25081684254806,406.8394072002982,369578.3243713379,489.6888732910156,754.7206900731485,367846.98441075435,5.070856329058594,0.002389622795744284,1.002395346770992,24578.412109375,218.0,132.82029275198326,11.622564374110583,False,False,science_V_001.fits,366881.285735237,465.07266430636065,788.8687379259915,-9.46593577247407,0.0013762745914540934,14.648646287637554,0.012336551698576784,1
97,451.013797606255,402.75583266359666,5686.033172607422,105.91014862060547,53.687330691755534,6305.924136158032,3.6372447976235396,0.019284908215624008,1.0196641291412532,455.19476318359375,41.0,132.77026051776943,11.621956695804686,False,False,science_V_001.fits,5886.730649994686,196.07994449181,30.02209463722368,-4.979307286360026,0.036163366118161074,19.135274773751597,0.03818488477207619,1
98,177.24565543647617,410.81751332055956,756563.6353149414,652.7066040039062,1159.1174819956527,751941.8210771943,5.1194073883753,0.0013656787615996535,1.0013675463906608,50473.8203125,261.0,132.81179712817,11.623156034246442,False,False,science_V_001.fits,751002.784281748,637.9946290499522,1177.1302611121946,-10.243725741837455,0.0009223278305445924,13.87085631827417,0.01229418824841936,1
99,307.4643770919862,406.6501601658518,25516.04217529297,170.00811767578125,150.08719891807786,26139.368331838814,4.401179716406344,0.00888161418132094,1.0089612041390843,1696.774658203125,83.0,132.79204005796,11.622536849921646,False,False,science_V_001.fits,25939.444888125683,216.04542346615958,120.06477374971438,-6.589523568580333,0.009042618963853942,17.52505849153129,0.01523369074735425,1
100,342.75374823764537,412.8409505259086,22643.192138671875,164.83160400390625,137.37166652904298,23240.44479561843,4.376250784388162,0.019531627102150173,1.019920711001032,1642.719482421875,80.0,132.78668584046332,11.62345667383143,False,False,science_V_001.fits,20849.583538435763,214.29163023497273,97.29537040515304,-6.352365335412978,0.011158804324182914,17.762216724698643,0.016577553800424805,1
101,57.394374295429266,415.3900226389163,127002.5181274414,299.147705078125,424.5478603764438,127329.94536334222,4.851221003386317,0.0022163796629165455,1.0022213029135194,8103.798828125,149.0,132.82998131443725,11.62383425142121,False,False,science_V_001.fits,126341.42888116701,306.3748670035485,412.3753038779898,-8.308486334835548,0.0026327958774205063,15.806095725276077,0.012539058584787696,1
102,411.81318791868597,418.0771524520988,759818.8895874023,658.2977294921875,1154.2176974748622,754814.0162527554,5.133463809659199,0.0024444696121853626,1.0024504596864248,51511.359375,264.0,132.77620790474754,11.624234161841194,False,False,science_V_001.fits,753011.8934649349,641.6886435073674,1173.4848373645705,-10.246626463365352,0.000925193036527239,13.867955596746272,0.012294403532315592,1
103,136.1551434662048,418.44149568291203,66189.689453125,288.7007141113281,229.26749473713141,66747.5518300499,4.741098426744761,0.008072351123501798,1.0081380442743428,4346.12109375,122.0,132.8180315492305,11.624288722235429,False,False,science_V_001.fits,66195.72390207472,304.6792534602437,217.2636408626107,-7.606696713738571,0.004997154589186672,16.50788534637305,0.013238879486150065,1
104,35.91193706557274,422.4101150195964,699819.2653198242,627.4151611328125,1115.4006289173574,695839.3427850243,5.095461170792811,0.0018199612206326599,1.001823279518651,45524.609375,251.0,132.8332408111014,11.624877159896451,False,False,science_V_001.fits,694915.1251564078,614.5194162791825,1130.8269629038064,-10.159451285058768,0.0009600938389478029,13.955130775052856,0.0122970791751603,1
105,474.62019728216006,428.05757778224796,265294.6959838867,414.83087158203125,639.5249586226267,264576.06274929206,5.014824480805958,0.005283861976505655,1.0053119294787,17310.328125,191.0,132.76667846730933,11.625716426050873,False,False,science_V_001.fits,263678.5118189175,409.7426814392968,643.5222000615071,-9.107308721289755,0.0016871212833002968,15.00727333882187,0.0123750860314238,1
106,168.74977712914398,432.5663443655099,17713.0458984375,150.29603576660156,117.85437858084646,18291.683577629836,4.318553838742975,0.015724784862440666,1.0159760040897128,1164.7266845703125,75.0,132.8130862941216,11.62638809626698,False,False,science_V_001.fits,17311.646062464293,201.95106606972095,85.72198403987467,-6.150467784898838,0.012665362475686202,17.964114275212783,0.01762690508005009,1
107,148.80295025080775,442.70073191567565,213580.72589111328,372.77410888671875,572.9494640305551,213320.66272382083,4.961513074163479,0.0018386523907585328,1.001842039260649,14268.36328125,177.0,132.81611279500606,11.627894026242013,False,False,science_V_001.fits,212888.95430865575,371.570852817496,572.9430946867626,-8.875004695940534,0.00189495258790678,15.23957736417109,0.012405128833308835,1
108,434.91568116688103,444.39490550679614,483048.3308105469,557.2881469726562,866.7837875874435,480491.5884305147,5.091275327370505,0.005443182175007166,1.0054729725616993,31388.669921875,231.0,132.7727023452184,11.62814496267872,False,False,science_V_001.fits,478685.7774688067,539.0869811491771,887.956478652828,-9.754748184240562,0.0012226950600632822,14.359833875871063,0.012320363601390941,1
109,374.43773734525377,448.29909925018427,627454.0948791504,608.3551635742188,1031.3943769174593,625769.2586501387,6.095962013666611,0.26633596375606716,1.3630216973965374,31850.501953125,280.0,132.78187832479824,11.628725887101778,False,False,science_V_001.fits,617492.2701898508,586.0479420394253,1053.654873423837,-10.031200687635714,0.0010304133045691071,14.08338137247591,0.012302769104506865,1
110,415.4465918996051,450.9936774292799,1170305.7457580566,805.2180786132812,1453.402223374712,1161653.956451685,5.263084004455992,0.0026588502952523685,1.0026659386269579,56027.890625,310.0,132.77565620751562,11.62912587598462,False,True,science_V_001.fits,1157438.259127619,783.862396621716,1476.5834719409138,-10.713366458718722,0.0007352784455679218,13.401215601392902,0.012281571986235817,1
111,179.35318209429326,450.7475822702963,16720.050689697266,148.3241729736328,112.72640429735984,17594.51038462171,4.3339935958623,0.020564151048411694,1.0209959141994078,1161.87890625,74.0,132.811477613353,11.629090097618379,False,False,science_V_001.fits,17385.983031866974,201.80371381186447,86.1529389299317,-6.15512000262239,0.012602007702639157,17.959462057489233,0.017581438342694045,1
112,123.68246061917635,459.49284374340004,19639.639709472656,156.70143127441406,125.33159110129571,20888.67377654337,4.442952720855947,0.0159757745170237,1.0162351435089745,1321.257080078125,82.0,132.8199243767458,11.630389283213338,False,False,science_V_001.fits,17915.327460889344,353.0160492914062,50.749328527272354,-6.1876837508387155,0.0213933865039525,17.926898309272907,0.024657115852590557,1
113,264.544309079629,461.2114994278629,16558.94903564453,149.20977783203125,110.97764018042642,17462.476140188184,4.303068949445023,0.0398213616163019,1.0414728676773466,1122.36572265625,73.0,132.7985519341875,11.630645374911309,False,False,science_V_001.fits,15437.217502546699,204.72561708502965,75.40442531007288,-6.026044432014586,0.014398359188276541,18.088537628097036,0.018910555871660756,1
114,61.3620738823313,466.84178091082856,54101.65148925781,217.4353485107422,248.81718570513374,54769.65153007924,4.714848214972607,0.0033673902933282207,1.0033787679236377,3532.606201171875,115.0,132.82938012940627,11.63148061313135,False,False,science_V_001.fits,55105.821307339094,240.52951844819307,229.10211462967766,-7.40761557299042,0.004738934870832308,16.706966487121203,0.013143587020694389,1
115,433.23194974168325,469.3599774407564,92225.58489990234,272.1631164550781,338.8614375861787,92811.0037489124,4.835989360405511,0.010053865282008245,1.010155972056876,5992.169921875,136.0,132.7729574499016,11.631855072242375,False,False,science_V_001.fits,91671.89543548215,286.3461032814975,320.143680619123,-7.960212401654145,0.0033912898043165322,16.15436965845748,0.01271995371836851,1
116,174.9340339969717,472.217504937367,67502.68151855469,237.94729614257812,283.68753338599424,68107.04347573883,4.76397649119222,0.011751116099434689,1.0118908468209482,4644.54638671875,124.0,132.8121482499149,11.632280738400302,False,False,science_V_001.fits,67494.75350220685,256.88682894155426,262.741199228875,-7.627796913022317,0.004132203107797503,16.486785147089304,0.012937212937285485,1
117,277.9008110332403,480.2606575262167,1419173.2781677246,880.4766845703125,1611.8238029895194,1408846.8997471973,5.427313386743871,0.0016263491645482908,1.0016289984848732,55392.35546875,340.0,132.79652536494774,11.633476273379047,False,True,science_V_001.fits,1401930.1060043254,857.129966309453,1635.6097221062284,-10.921437779491779,0.0006637891578450075,13.193144280619846,0.012277499424013353,1
118,243.58224153571882,481.032183604672,952693.6734313965,728.9536743164062,1306.9330836761442,945599.9093155548,5.193928951263112,0.0012631540935972296,1.0012647516698463,55038.1796875,290.0,132.8017324515797,11.633590946324341,False,True,science_V_001.fits,942758.028192995,710.3185553103406,1327.2327199464764,-10.490622472518838,0.000818017807791676,13.623959587592786,0.01228680305020146,1
119,195.74697676040785,481.48354497568516,123457.48095703125,300.9226989746094,410.2631053679606,123774.67873800636,4.926584810807037,0.005027038610932899,1.0050524374088665,7762.923828125,155.0,132.80899040293224,11.633657889476208,False,False,science_V_001.fits,123031.1542194381,306.6586343138808,401.199054755815,-8.27965961996426,0.0027061379809600957,15.834922440147364,0.012554662832293442,1
120,326.00460977929737,493.09838661719266,19749.723266601562,155.1847686767578,127.26586143089376,20605.071823215476,4.293165040444308,0.01609796980104239,1.0163613543899153,1394.91064453125,72.0,132.7892266010342,11.635383922601424,False,False,science_V_001.fits,20397.86008233483,211.03035219783118,96.65841842131213,-6.328583395157011,0.011232337728387816,17.78599866495461,0.016627140069932052,1
121,357.8333216384927,493.28882846558105,2197.8267822265625,75.50172424316406,29.109623710687032,3083.626682586153,2.9112900542404385,0.09744558814523596,1.1079664415411627,197.54537963867188,23.0,132.7843972617483,11.635412004780804,False,False,science_V_001.fits,2959.7870005247382,190.25261741033577,15.557142081998727,-4.232773020079122,0.06978788226510259,19.8818090400325,0.07085650913718793,1
122,29.07527033492982,14.011826894686562,793883.9733581543,657.216796875,1207.9483925745553,792365.6438171123,5.068341377775167,0.013528534541492387,1.0137140657537462,54258.6484375,224.0,132.83427063970922,11.564184532981315,False,True,science_V_001.fits,804961.2626313189,655.2968412194006,1228.391794371261,-10.319059327040518,0.0008838385317900171,13.795522733071106,0.012291360649287464,1
123,31.70847411221044,22.43104797598477,88433.29614257812,244.93862915039062,361.04266790960395,94390.53883744053,4.543411968287307,0.12999833402808914,1.1494230863142811,5879.1083984375,101.0,132.83387136023828,11.565435768738544,False,False,science_V_001.fits,217256.18658418526,373.3117999356786,581.969781350652,-8.897052254692117,0.0018655607813180207,15.217529805419508,0.012400673090174077,1
124,211.1205701577449,19.64821037929361,1480491.9479675293,891.3363647460938,1660.9800817329635,1472166.108667831,5.508946892490772,0.06593280319425032,1.0705867879952558,56075.94140625,320.0,132.80665616089627,11.565024098843882,False,True,science_V_001.fits,1463829.510733767,872.867121187551,1677.0359144037884,-10.968348119707523,0.0006473922178261655,13.146233940404102,0.012276623833297064,1
125,238.89921484997612,16.954642870903292,1251775.2274780273,816.3102416992188,1533.4552521016415,1249381.91436174,5.201653478862058,0.03206599073606253,1.0331282819171186,56149.34375,236.0,132.80244239433588,11.564623870647281,False,True,science_V_001.fits,1250276.4752912724,809.8046981660382,1543.9234646610091,-10.797137023394228,0.0007032084328340598,13.317445036717396,0.012279693732360939,1
126,227.40019308889882,16.45108275528872,211418.5489501953,363.5365905761719,581.5605758284646,212032.03993647613,4.979385348255144,0.010414266464413235,1.010523864796641,12886.353515625,155.0,132.8041866857923,11.564549016229712,False,False,science_V_001.fits,222429.0164130223,380.28447735483707,584.9016451057441,-8.922600477517213,0.0018562095167363,15.191981582594412,0.012399269729729974,1
127,249.39166852956936,24.454204609419676,1415537.6916809082,874.724853515625,1618.2662307943933,1407839.3874704745,5.620230284139039,0.11250182825119748,1.126762884513344,55699.34375,333.0,132.80085079198426,11.565738397421542,False,True,science_V_001.fits,1396872.6074990658,853.7805763690249,1636.1025843896725,-10.917513876472142,0.0006635891968870685,13.197068183639482,0.012277488614647575,1
128,341.64265334911363,25.518498920028353,1358754.8940124512,857.0001220703125,1585.4780635620168,1349776.0722351577,5.343104544697597,0.0016143522158437174,1.00161696256294,56463.203125,307.0,132.7868571290878,11.565896268474594,False,True,science_V_001.fits,1344228.6654964946,838.6473054614103,1602.8533767921922,-10.875804755129009,0.0006773545326852187,13.238777304982616,0.012278240314618574,1
129,340.51249170550807,41.364636883427245,819759.7850646973,671.681396484375,1220.4592673779182,819035.6892892023,5.103352807555895,0.021006109820731922,1.0214568344414134,50467.51171875,230.0,132.78702845524163,11.568251187479776,False,False,science_V_001.fits,817882.9534963617,663.8686968112667,1231.9950577951113,-10.336349765591477,0.000881253535174943,13.778232294520148,0.012291175039589744,1
130,351.76188027017224,41.89898940492016,280794.84765625,414.0564880371094,678.1558936255192,281093.51000922394,5.007658605748842,0.018669874070653347,1.019025069726635,18923.828125,172.0,132.78532200339532,11.568330517282435,False,False,science_V_001.fits,293257.62302047893,422.17298831041893,694.6385276664124,-9.222745149306485,0.0015629711810649638,14.89183691080514,0.012358772389416968,1
131,61.61559479048032,25.645125025479746,182604.71417236328,340.0634460449219,536.9724864466658,183252.2053482724,4.933589096627179,0.016459894815689546,1.0167353570321416,11744.8828125,155.0,132.82933477191486,11.565913907558977,False,False,science_V_001.fits,189373.93612706498,349.44988547190945,541.9201550783963,-8.747922389179047,0.0020034316676096654,15.366659670932577,0.012422162231566485,1
132,49.87898955391625,30.464700698661517,1309494.0306396484,837.1378784179688,1564.2513191666144,1301850.487205433,5.282739813896302,0.002871223747818785,1.0028794914119425,59112.046875,294.0,132.83111519123443,11.566629965225205,False,True,science_V_001.fits,1294113.1452433448,822.1444630172366,1574.0702558453079,-10.83455249572011,0.0006897404966317447,13.280029564391514,0.01227892983990337,1
133,37.124539993994,41.15293680115046,96016.55252075195,263.5150451660156,364.36838913793747,96537.60949131678,4.834937681742547,0.024708140564039804,1.0253340990442894,6540.96337890625,137.0,132.83305012167583,11.56821814228198,False,False,science_V_001.fits,62368.16391662382,274.65664428154645,227.07684381627826,-7.5420292711810655,0.004781200855858339,16.572552788930558,0.013158885123164352,1
134,13.138200246108692,28.56625802731793,288194.2897338867,413.85791015625,696.3604721849593,288779.8937862297,4.974857832803545,0.0030350304769751757,1.0030442699289899,18370.798828125,174.0,132.83668842170044,11.566347187921698,False,False,science_V_001.fits,286470.2669026408,415.04984417045677,690.2069014751645,-9.197320755766135,0.0015730065835035214,14.91726130434549,0.012360045540867599,1
135,16.432868588935385,41.80638158530917,1365925.1598205566,848.611572265625,1609.599968303292,1367633.1534079679,5.21547253115548,0.03397958826027758,1.0351748139556214,60001.0,238.0,132.8361889039367,11.568314878796405,False,True,science_V_001.fits,1425900.0824457915,860.5910603992646,1656.884608799278,-10.9398446093544,0.0006552659094267236,13.174737450757224,0.01227704156027145,1
136,20.969294534030794,49.55430318397354,460955.7144165039,507.77410888671875,907.7968063931756,463527.7596943414,4.903240520737703,0.09515647042773145,1.1051634534787613,29168.576171875,175.0,132.8355009087236,11.569466390052163,False,False,science_V_001.fits,680548.7531372989,606.8759456253073,1121.3968160100353,-10.136769980622864,0.0009681675429246843,13.97781207948876,0.01229771216331511,1
137,138.58549639603035,36.39312702182604,1219647.671295166,807.5086669921875,1510.3833818132455,1215756.9636167665,5.211933607143371,0.039885419732555105,1.0415423539568005,55649.953125,259.0,132.81765921658337,11.567512119973179,False,True,science_V_001.fits,1240216.7165418507,805.4186015231461,1539.8411635843122,-10.788365826008139,0.0007050727215739572,13.326216234103486,0.012279800633694478,1
138,138.22028891624453,47.02663873498667,901494.0182189941,771.37939453125,1168.6778576277784,904970.8275964349,5.395266182160873,0.14900720873204798,1.1750980857429263,54924.4453125,207.0,132.81771471594365,11.569092374045026,False,True,science_V_001.fits,933412.3174294892,763.2554659695954,1222.9356474293131,-10.479805693023447,0.0008877817915294309,13.634776367088177,0.012291644827684649,1
139,128.01361915478492,56.877601775748694,1642884.677581787,934.7537841796875,1757.5587340612208,1635471.0472285924,5.678209254720724,0.11909755005063527,1.1351994764658462,55966.078125,322.0,132.81926309662794,11.570556237957282,False,True,science_V_001.fits,1621472.1580505653,916.3372187131845,1769.5146774978803,-11.079395613780738,0.0006135580641440035,13.035186446330886,0.012274886132207162,1
140,220.3840227102513,40.43144527310643,1528397.6635437012,907.8992919921875,1683.4440526877877,1516269.5169274928,5.548154823907335,0.028545712688715863,1.0293845145999843,55181.45703125,353.0,132.8052510390636,11.568112746086438,False,True,science_V_001.fits,1503876.7350096821,884.4383677502916,1700.3748252521311,-10.997652476151075,0.0006385062774844439,13.11692958396055,0.012276158451525567,1
141,199.33708609924972,44.13269226378685,1342013.7804260254,852.953125,1573.3734259148478,1334930.6875029479,5.857905489248723,0.18565397076195966,1.2279792177972189,55353.4296875,335.0,132.80844371630477,11.568662717381972,False,True,science_V_001.fits,1321329.8809865036,830.7522898186985,1590.5221053015305,-10.857150014986605,0.000682606042620309,13.25743204512502,0.01227853114464419,1
142,272.95944707499604,43.573805160781376,346889.0960998535,452.1268615722656,767.2384137795992,350335.84029833425,4.959158544956548,0.030809792917062206,1.031789211954373,22738.767578125,178.0,132.79727574141305,11.568579770085151,False,False,science_V_001.fits,360316.6937493074,459.53040573964455,784.0976119291909,-9.44633283350534,0.0013846490328273643,14.668249226606285,0.01233748876411587,1
143,272.11341861357573,52.86594977188094,144774.10021972656,308.80279541015625,468.82380072834366,146334.79299075477,4.823104010823049,0.03623255514104784,1.037594707451807,9812.533203125,132.0,132.79740406488642,11.569960686792346,False,False,science_V_001.fits,181386.85787106658,348.09596031297883,521.0829154925517,-8.701136418215503,0.0020835455696599572,15.413445641896121,0.012435334261748867,1
144,62.87439790236601,51.28069046578558,828611.9607543945,675.282958984375,1227.058893949621,823173.2425421546,5.132662090726141,0.003765642120891588,1.0037798757803418,55113.3671875,265.0,132.82914422032076,11.569723654867516,False,True,science_V_001.fits,819497.9495287271,661.9022930046166,1238.0950454314432,-10.3384915521828,0.0008769116749204522,13.776090507928824,0.012290864499545482,1
145,47.05061319411319,59.40211500137938,1375685.0838623047,853.6144409179688,1611.6000596040833,1373176.0074664906,5.304638133213369,0.027948566240110106,1.0287521475401822,58487.5390625,260.0,132.83154471801814,11.57093033850267,False,True,science_V_001.fits,1403104.7709322695,855.381172527828,1640.326927918936,-10.922347127411669,0.0006618802517479947,13.192234932699956,0.012277396366014643,1
146,38.49534280600803,63.44406607468135,471681.43365478516,529.794921875,890.3094653785183,474725.1140132641,4.929978213294593,0.0950265074176434,1.1050047412399713,29525.416015625,180.0,132.83284257101445,11.57153087380101,False,False,science_V_001.fits,616672.2590434838,595.1385427451489,1036.1826948713622,-10.02975790444135,0.0010477881992950917,14.084824155670274,0.01230423651313472,1
147,53.05445163086753,74.65549908134238,616079.117401123,587.5476684570312,1048.5602283454186,612533.6287974284,5.128932549803847,0.006067836162904849,1.0061048795719416,40373.33984375,236.0,132.83063422109552,11.573197257104445,False,False,science_V_001.fits,606930.8798917007,577.0016450137053,1051.8702765176422,-10.0124699600862,0.001032161497703268,14.102112100025424,0.01230291564702923,1
148,54.6703271508018,89.53352152455457,576110.0268249512,570.1272583007812,1010.4937422953624,573057.0996879287,5.0922638879032895,0.00352405119428989,1.0035365140508543,36192.046875,234.0,132.8303893413402,11.575408321450011,False,False,science_V_001.fits,571576.7628731346,559.9916814797238,1020.6879526545794,-9.947308285250104,0.001063694341817535,14.16727377486152,0.012305601233316081,1
149,155.42010259832796,57.47416568621779,553290.1217346191,563.6104125976562,981.6889634535471,550458.7541214814,5.228875871643999,0.052216218573851614,1.0550929648693512,32517.556640625,248.0,132.81510570973222,11.570645138970226,False,False,science_V_001.fits,547684.6170443877,550.5442995771948,994.8057176597719,-9.900948231445204,0.0010913688780901383,14.21363382866642,0.012308024296719573,1
150,148.38444137261752,72.3685407574007,109754.95040893555,338.26483154296875,324.4645620069248,111220.85804761111,5.1081973479430856,0.04298817324969606,1.0449191661462216,7339.921875,140.0,132.81617310402078,11.57285855072844,False,False,science_V_001.fits,118777.66177331915,356.4247226024849,333.2475393571115,-8.241458803078444,0.003257938534503484,15.87312325703318,0.012685051815234273,1
151,144.72228680967388,83.91801358036187,1386653.7276916504,858.3934326171875,1615.4057976233935,1382003.6203361999,5.359480648179305,0.01483585671904275,1.0150592739496527,55141.60546875,263.0,132.81672873734885,11.574574898934694,False,True,science_V_001.fits,1380953.6370698249,848.8478001301058,1626.8565894358933,-10.905069619541168,0.0006673606063681758,13.209512440570457,0.012277693034096744,1
152,135.94406986308869,88.53384230976002,168676.4090576172,323.1402587890625,521.9913163705322,173398.15616935922,4.83645169881673,0.11237158991630392,1.1265975588880803,11045.9384765625,122.0,132.81806040136524,11.575260782741204,False,False,science_V_001.fits,276087.8435801133,411.1413375075796,671.5156526313132,-9.157240085656209,0.0016167903097205828,14.957341974455415,0.012365693954088545,1
153,132.94752326251594,100.76870590860452,1410105.243927002,869.4175415039062,1621.8964727670684,1401766.386696045,5.416469803420564,0.007401323006256066,1.0074565110530596,54789.76953125,308.0,132.81851508694893,11.57707899048484,False,True,science_V_001.fits,1392930.49613685,852.1712986470582,1634.566311196262,-10.914445490841453,0.0006642128817676583,13.200136569270171,0.012277522340149973,1
154,151.2555344434021,103.28287421672196,110603.17199707031,280.21685791015625,394.70563199496064,111331.93264394629,4.882301533570621,0.027776359143893647,1.0285699277168727,7263.947265625,139.0,132.81573783261683,11.577452786969952,False,False,science_V_001.fits,107503.24090657188,295.9640342827388,363.2307593289273,-8.133175766917025,0.002989008976018007,15.9814062931946,0.012618658832034878,1
155,199.6026807833173,112.12816074046242,644765.8070373535,604.3422241210938,1066.8885629744777,640975.1637303354,5.1063063544002185,0.002006777693362327,1.0020108129479317,41705.5625,251.0,132.8084037317246,11.578767598404985,False,False,science_V_001.fits,638185.2776686781,591.2456441631842,1079.3910855308363,-10.06698882706521,0.00100584488287307,14.047593233046415,0.012300735749904456,1
156,151.60638131238068,113.64498465247871,118876.51013183594,297.43988037109375,399.66567355904834,120582.79162095085,6.413005085851209,0.37145728689710755,1.5909817728430176,5689.3447265625,173.0,132.8156846965563,11.578992714304375,False,False,science_V_001.fits,118523.86444097199,299.84960771396595,395.27770386158005,-8.239136381795593,0.002746676550165842,15.875445678316032,0.01256346322205014,1
157,164.6737276355751,117.45291480955252,390523.6770629883,479.1588134765625,815.0192923083742,389218.34729898465,5.068451945421103,0.003935590545247947,1.0039511406169028,24539.470703125,203.0,132.81370242987745,11.579558714906444,False,False,science_V_001.fits,386823.68280205637,473.0619288558967,817.7019946153601,-9.523404512460946,0.001327745324273917,14.591177547650679,0.012331232043340473,1
158,165.4049650152757,132.56972309788478,866104.0863037109,692.5684204101562,1250.5682626862808,860010.6550220854,5.157731132575354,0.008422553498914409,1.008494095472456,52617.87109375,274.0,132.81359161155473,11.58180524545928,False,True,science_V_001.fits,846665.8626585075,677.1971063735643,1250.2502664142494,-10.373901997758688,0.0008683861376921089,13.740680062352936,0.012290259173211582,1
159,192.37381298596705,130.85918995303985,1021955.9047241211,745.2239990234375,1371.3405715104732,1017784.8731130234,5.192597236001965,0.008131341177889828,1.008198001928548,53891.44921875,259.0,132.8095004327081,11.581551203406168,False,True,science_V_001.fits,1009852.7090906108,733.5928186417402,1376.5847803150125,-10.565266961235324,0.0007886909804069987,13.549315098876301,0.012284885409443221,1
160,185.50034948825822,141.25112359692227,168582.1005859375,321.1940612792969,524.8605777905263,178177.20135766343,4.7745213060349965,0.06417041027936787,1.068570614761737,10575.31640625,110.0,132.8105431934819,11.58309552416853,False,False,science_V_001.fits,245842.82935926088,408.56057693125814,601.7292006140497,-9.031265737769035,0.0018043000055374915,15.08331632234259,0.012391605003814404,1
161,193.78489163020996,142.65846259087323,366982.18869018555,504.4475402832031,727.4932661663038,370209.8740506169,4.949607605740002,0.07236245847246359,1.078007255240344,23408.291015625,143.0,132.809286430816,11.583304713137219,False,False,science_V_001.fits,420040.3355828999,528.0809947297205,795.408923583555,-9.612849365987818,0.0013649582847381158,14.501732694123806,0.012335294369395925,1
162,203.7889973277364,148.62679783735462,1381648.0530395508,860.001953125,1606.5638549064206,1374318.668556795,5.341997610944733,0.015073719230905724,1.015304413665493,57282.09375,282.0,132.80776882598627,11.584191718420424,False,True,science_V_001.fits,1367724.6539056553,845.9630091162461,1616.7665006233299,-10.89461856244732,0.000671525541617431,13.219963497664304,0.012277920125722442,1
163,131.10683242561356,150.8332332690683,562847.2413635254,578.9264526367188,972.2258134863926,564073.9600080694,6.564746061396793,0.3466028742221383,1.5304628082186795,21841.5703125,251.0,132.81879481566824,11.584519116403136,False,False,science_V_001.fits,553161.1223705251,564.6887327276982,979.5859033675251,-9.911750996898016,0.0011083254631040385,14.202831063213608,0.012309539446816863,1
164,175.8523715476864,148.52495429989014,1058755.3930358887,754.2042236328125,1403.804645824084,1064849.2542577945,5.15899349709836,0.05522275272357291,1.0584505531677093,53459.04296875,230.0,132.81200684355363,11.584176439466924,False,True,science_V_001.fits,1127907.8784320985,775.1833563899332,1455.0207626810006,-10.685305949572372,0.0007461749191808814,13.429276110539252,0.012282229157225093,1
165,151.98312069135167,150.3591517588964,154235.50036621094,316.3157653808594,487.59978871272506,156300.33002183217,4.8441107835875155,0.07514398159160218,1.0812493837915644,10146.3154296875,135.0,132.81562785128637,11.584448849779893,False,False,science_V_001.fits,191240.68375478697,360.5205041405329,530.457162792162,-8.758572593507823,0.0020467251196783017,15.356009466603801,0.012429217987311099,1
166,142.8449836669116,153.61810353792427,590079.1853027344,572.2913208007812,1031.081835169304,590236.693614048,5.076618533103616,0.024109001966714838,1.0247046053455784,38142.08203125,192.0,132.8170141478969,11.584933088486805,False,False,science_V_001.fits,597863.288562324,574.9310417778487,1039.8869518569782,-9.996126590655749,0.0010440557967009887,14.118455469455876,0.012303919236048348,1
167,167.6501351190101,154.23427486633727,1323974.5591125488,840.83447265625,1574.5959545759683,1335885.3801390603,5.30077937595824,0.03875765172783563,1.0403203747707357,52952.11328125,263.0,132.8132511724284,11.585024853904038,False,True,science_V_001.fits,1375291.9337515435,848.1590538888755,1621.5023909085478,-10.900609113565778,0.0006695642301160401,13.213972946545846,0.012277813010419506,1
168,195.96705810887286,163.80690615608344,1368566.0907287598,867.7447509765625,1577.1528311621262,1343402.9016328035,6.227843966863428,0.24370749873902975,1.3222397396942254,58779.20703125,396.0,132.8089554955361,11.586447616941282,False,True,science_V_001.fits,1329453.421970665,834.4823346665398,1593.1474720814986,-10.863804689594826,0.0006814811679558441,13.250777370516799,0.01227846866033603,1
169,133.14315125603588,165.53131228403095,454911.3366699219,506.7484436035156,897.7064308970004,458893.68218313006,5.000591219955028,0.03193758296890192,1.0329912435469293,28944.259765625,174.0,132.81848604807857,11.586703433775638,False,False,science_V_001.fits,460993.9745771322,521.3232477038148,884.2766490993739,-9.713859996490044,0.001227783184262271,14.400722063621581,0.012320869596263601,1
170,122.54006644261722,168.25930120266972,1120052.9627685547,772.7947387695312,1449.3537631375948,1122629.2008023614,5.333999487853241,0.13583096394683636,1.1571810123713806,52721.06640625,222.0,132.8200945917505,11.587108736639339,False,True,science_V_001.fits,1401800.504843273,855.9747849023246,1637.6656527367597,-10.921337404175912,0.0006629558348406766,13.193244655935713,0.012277454398185518,1
171,114.39938214036671,169.41553019616978,986339.3289794922,726.6087036132812,1357.4559788158633,990637.3922057993,4.975304819616865,0.05769980835559185,1.0612329370907798,53916.8515625,209.0,132.82132956882322,11.58728047725273,False,True,science_V_001.fits,1300063.6336760644,825.1279726453964,1575.5903045051346,-10.839533399188808,0.0006890750704009946,13.275048660922817,0.012278892479096954,1
172,134.23915444140172,183.80684743798957,224228.0546875,379.9339904785156,590.1763472257152,223585.9908547494,5.014275765049723,0.007213503958338974,1.00726591667705,15112.0966796875,191.0,132.81831995990152,11.589419391611251,False,False,science_V_001.fits,222469.79387354123,375.35847371871535,592.6862171766362,-8.922799505090781,0.0018318293365617996,15.191782555020843,0.012395643378980538,1
173,99.70607927615536,61.22637718382053,626331.156829834,588.7219848632812,1063.882737410064,625661.4650305214,5.054039050732696,0.02308015131360397,1.0236254298084315,40847.875,209.0,132.82355722725697,11.571202198780599,False,False,science_V_001.fits,662056.0301030813,599.1705415011371,1104.9542396466845,-10.1068587378776,0.0009825746271150187,14.007723322234025,0.012298854782394408,1
174,89.7585131125755,62.19712216828033,683723.895690918,612.967041015625,1115.4333755988837,688140.663756999,5.032158404158028,0.046819788456721634,1.0491195556619,45563.19140625,213.0,132.82506622698247,11.571346336398383,False,False,science_V_001.fits,718701.7612949682,622.1191135410184,1155.247838640119,-10.195993646958287,0.0009397983390975343,13.918588413153337,0.012295511253247913,1
175,306.7567161847909,65.24543857195995,126243.43530273438,292.31805419921875,431.8701273808348,127559.9476762868,4.747169179659653,0.05559143010673584,1.0588637501595508,8379.2841796875,126.0,132.79214885291978,11.571800321746371,False,False,science_V_001.fits,162846.23693429845,334.5677889088947,486.73614834643473,-8.584066192291713,0.0022305719509191917,15.530515867819911,0.012460811662520345,1
176,302.36441477655404,71.56857240056219,92370.68377685547,258.2777404785156,357.64090086013107,93402.81438011126,4.735885698611332,0.07649107485245121,1.0828265680705038,5747.34228515625,116.0,132.79281511633334,11.572740026643812,False,False,science_V_001.fits,142901.02528823103,319.5345011446868,447.21626233257587,-8.442210236001236,0.002427684526356984,15.672371824110389,0.012497600898576045,1
177,491.2637204514931,81.22618914361784,415422.7152404785,501.9548645019531,827.6097008297089,412837.0079518998,5.128935883987098,0.008916507890110226,1.0089967272798865,27425.052734375,234.0,132.7641598697741,11.574173140719084,False,False,science_V_001.fits,409287.5970107029,488.58544086487586,837.6991264541103,-9.584693334167218,0.001296050056296048,14.529888725944407,0.012327859579383624,1
178,488.9292813058973,99.75879856760848,1203580.7569580078,803.7476196289062,1497.4610531521155,1223212.8774065506,5.098374857616876,0.06403380854833796,1.0684146597742201,58156.6484375,233.0,132.7645136439227,11.576927334692224,False,True,science_V_001.fits,1477872.0875566404,880.0694557686818,1679.2675599289125,-10.97871399086535,0.0006465318725301645,13.135868069246275,0.012276578494139682,1
179,485.93746091043516,107.21351498842607,891473.5190429688,690.8732299804688,1290.3575943565957,923775.2912631147,4.856715513341299,0.047815059778348545,1.050216147891625,56734.76171875,166.0,132.76496735551217,11.578035242914318,False,True,science_V_001.fits,1500892.671130454,886.1895223759404,1693.6475022932434,-10.995495966403935,0.0006410424828837959,13.11908609370769,0.012276290625650626,1
180,492.5490937615389,111.59113608324778,609980.2957458496,584.9598999023438,1042.7728393821233,611446.4808437994,4.967889461044833,0.10657707417225648,1.1192907312888958,36528.44921875,195.0,132.76396430170038,11.578685683525025,False,False,science_V_001.fits,922930.2142774013,704.1083744169148,1310.7786355214096,-10.467544033701994,0.0008282863105776237,13.64703802640963,0.012287490967356431,1
181,463.6834919742564,89.82262527117147,1431581.112335205,875.409912109375,1635.326596754757,1441841.7481134653,5.310938012945305,0.04248646042863802,1.0443716549926358,56793.1328125,268.0,132.76834352577993,11.575451150583367,False,True,science_V_001.fits,1626840.4995090512,920.45060608037,1767.4392180985778,-11.08298431265424,0.0006142785499396144,13.031597747457385,0.01227492216665717,1
182,461.48172961000733,98.32782182075358,1073286.4295959473,767.3728637695312,1398.6504869662585,1091308.0732636284,5.21008362962352,0.1158942084595822,1.1310863581807946,56322.3828125,252.0,132.76867738328482,11.576715152968264,False,True,science_V_001.fits,1345491.13608818,842.1934057350925,1597.6035040476168,-10.876823976632071,0.0006795803822721465,13.237758083479553,0.01227836330935621,1
183,176.9563179170533,87.8256746100102,295354.6057128906,419.255859375,704.4734118998039,297252.06623537076,4.966024028819339,0.030015486452583562,1.0309442945050857,20087.919921875,167.0,132.81183899104877,11.575155860271488,False,False,science_V_001.fits,312794.5597897182,430.9072386501687,725.8976682999282,-9.292769851747536,0.0014956653636079842,14.821812208364088,0.012350440920893158,1
184,187.4102669709029,93.10819320976174,1312261.4886779785,836.326904296875,1569.077213630041,1309225.6620279439,5.348248022886683,0.01906977279031674,1.0194404986831345,53539.015625,256.0,132.8102531951489,11.575940961172606,False,True,science_V_001.fits,1327915.5232955555,833.1896614427195,1593.7734044805447,-10.86254799359843,0.0006812135256792417,13.252034066513195,0.01227845380852752,1
185,196.45282440774434,94.03748251752042,177372.07595825195,340.1523742675781,521.4488840190297,191806.53014386763,4.680061180251689,0.12768390085944847,1.1463734315866105,13099.0322265625,124.0,132.80888147373525,11.576079108891355,False,False,science_V_001.fits,375610.3056796722,474.4843792699527,791.6178531685083,-9.491465622951614,0.0013714950915450007,14.62311643716001,0.012336019408492662,1
186,241.10519957550562,93.15669717990538,26350.00961303711,168.856689453125,156.04954531784736,27171.430565833973,4.497803493638161,0.02626993240704223,1.0269786599811803,1874.813720703125,89.0,132.80210785287312,11.575948342126415,False,False,science_V_001.fits,26807.658320515162,208.49095316803957,128.57947989191032,-6.62526907284605,0.008443804570625796,17.489312987265574,0.014886040833193247,1
187,249.00588153560162,108.6419010964538,1313788.6597595215,848.8843994140625,1547.6649832019018,1302422.8839783738,5.577632682813562,0.08088892084732024,1.0880077747750478,53460.30078125,367.0,132.80090935320004,11.578249621321307,False,True,science_V_001.fits,1294393.4652433367,823.0533676667249,1572.672582475198,-10.83478765337655,0.0006903534862235842,13.279794406735075,0.012278964288429079,1
188,297.4393547666366,97.80976981803516,943923.3996582031,720.2913208007812,1310.4744877514277,940997.9745867765,5.19724379554892,0.024315245534157426,1.0249212108961048,53996.26171875,264.0,132.79356213301776,11.576639776817315,False,True,science_V_001.fits,938044.4006019842,707.3558649717958,1326.1279746926064,-10.485180362526043,0.0008186992663748482,13.629401697585582,0.012286848438445814,1
189,285.90250275264617,101.25351766941392,421893.82260131836,496.5747375488281,849.6079053152268,421954.8532229767,5.067903875646162,0.016981439033620482,1.0172747898238326,28193.388671875,202.0,132.79531223081278,11.577151589332283,False,False,science_V_001.fits,426974.2358540904,494.4486939405531,863.5359767082831,-9.630626048933786,0.0012572724579913684,14.483956011177838,0.01232384315439787,1
190,352.03817931454387,101.14830084713591,958157.3469238281,727.1203002929688,1317.7425338527487,952125.2371235045,5.174960115971436,0.004850702444211263,1.0048743464484426,53578.77734375,272.0,132.78527962658407,11.57713561887386,False,True,science_V_001.fits,948280.3748378049,711.7342468047561,1332.3517578295462,-10.496963780788457,0.0008148748959273702,13.617618279323167,0.01228659420492873,1
191,366.40422412897885,100.90350440509509,672462.7840576172,615.485107421875,1092.57360730369,669678.539306572,5.119771970305143,0.004304074387982415,1.0043226795222013,43497.984375,232.0,132.78310033847407,11.577099121182352,False,False,science_V_001.fits,666445.0458973605,605.0221785422618,1101.5216789293422,-10.114032733856336,0.0009856365251524415,14.000549326255289,0.01229909978089007,1
192,374.5581905706352,112.08492691521242,285590.1730041504,421.339111328125,677.8154824125553,285016.1850292265,5.021219315302321,0.005057169864772559,1.00508287482617,18531.568359375,188.0,132.78186329594163,11.578760730121434,False,False,science_V_001.fits,284416.68535307935,418.02146391876573,680.3877549415744,-9.189509550952199,0.001595707730062294,14.925072509159426,0.012362955116813948,1
193,73.40538888476173,103.1396915065475,104684.71032714844,273.8555603027344,382.26249710403704,105139.39556075408,4.854164158909024,0.004832712275774531,1.0048561808003418,6826.5751953125,142.0,132.8275475005521,11.577430631375513,False,False,science_V_001.fits,104169.5237949863,283.2173379304821,367.8077216464605,-8.098973571075087,0.0029518140487642696,16.015608489036534,0.012609900167687994,1
194,61.75612213844104,115.38460993708576,949483.3793945312,720.5017700195312,1317.8085313639033,944968.057747548,5.436701118143387,0.12365119587879425,1.1410981509842881,54861.84375,278.0,132.8293148556215,11.579250189405569,False,True,science_V_001.fits,941459.0768507747,706.0033008823822,1333.5052055339027,-10.48912549139059,0.0008141700501013887,13.625456568721035,0.012286547478077708,1
195,421.59099813085476,115.40741786190718,708363.1417541504,634.2571411132812,1116.8390481355787,703765.3115810759,5.136743857208664,0.005083684640497799,1.00510966054332,44055.10546875,256.0,132.7747284599341,11.579253957641392,False,False,science_V_001.fits,701518.4909389677,619.4761156723289,1132.4383187519613,-10.169719681150776,0.0009587277134851189,13.944862378960849,0.01229697259040533,1
196,429.8903754176137,128.8208886937266,904462.8464660645,708.2498779296875,1277.0391844047112,898971.0542176513,5.166418211054913,0.004723697193690146,1.0047461164104592,53617.8046875,261.0,132.77346926789423,11.581247236079406,False,True,science_V_001.fits,894748.5225177868,693.7043905343548,1289.8123966442959,-10.433874348840725,0.0008417503218488713,13.6807077112709,0.012288405904140222,1
197,421.06987572349226,140.88213813175358,805339.4189453125,682.4813842773438,1180.0166825034487,800052.7573294517,5.15136357006968,0.0022942606616507266,1.0022995363975475,53637.77734375,263.0,132.7748071717181,11.5830397901944,False,True,science_V_001.fits,796846.28597404,662.2246611071007,1203.286939876084,-10.308058255976345,0.0009022785538682958,13.80652380413528,0.01229270038068716,1
198,116.20342702335672,118.10000401938177,29632.479736328125,164.7333984375,179.88143277193856,31562.045403746928,4.3238111706921805,0.16340099960350707,1.1953157958903438,2190.7255859375,75.0,132.82105531490828,11.579654440969966,False,False,science_V_001.fits,81197.27544116163,264.79517137273217,306.64182817316697,-7.82847551608715,0.0035406128592048534,16.286106544024474,0.012760576612337798,1
199,109.59032313813988,124.08353761023875,329190.1540222168,442.42041015625,744.0663822583512,329528.9763260609,5.040923132819797,0.004171626566395803,1.0041891019353184,21340.61328125,190.0,132.8220585842155,11.580543586150227,False,False,science_V_001.fits,332695.6721011001,441.08190857732853,754.2718611474706,-9.359739752416466,0.0014394014359071134,14.754842307695158,0.01234375358447612,1
200,94.3070445505062,142.76901984617933,42582.926696777344,184.0802459716797,231.3280627804497,47168.805539099776,4.3763674973152265,0.15328772064649432,1.1810387358070853,3079.792236328125,77.0,132.82437728702703,11.583320271137783,False,False,science_V_001.fits,146167.9828016172,319.6962591004982,457.20892453630034,-8.466752507795169,0.002374625563359493,15.647829552316455,0.012487402557246882,1
201,86.36829026403065,146.92144236793368,444319.5395202637,500.682861328125,887.4270997446358,446453.64248118637,4.991515224187579,0.05076541888087471,1.0534803723870063,29031.20703125,175.0,132.82558165777561,11.58393726387196,False,False,science_V_001.fits,509587.4408936978,532.4056610393692,957.1412894049147,-9.822668664030157,0.0011343152907707225,14.291913396081467,0.012311906726395058,1
202,93.84287852165751,152.91621187837538,757837.3563232422,640.2819213867188,1183.5994911146681,758716.7526885672,5.0099219010138,0.03456934594878114,1.0358071766249792,53461.4140625,189.0,132.82444783338963,11.584828250464975,False,True,science_V_001.fits,795075.9769505803,653.7289017723048,1216.2166531035627,-10.305643452895218,0.0008926863459972301,13.808938607216406,0.012292000039574742,1
203,92.06338028885898,166.16835927361845,1188497.6336669922,803.2792358398438,1479.5572705478878,1183222.1215290213,5.721501092165814,0.16283889812286878,1.1945132158645952,54257.203125,310.0,132.82471796028352,11.5867976437242,False,True,science_V_001.fits,1169474.6864807638,783.7374036888564,1492.1766920608081,-10.724598938675518,0.0007275947987771923,13.389983121436106,0.012281114373369512,1
204,276.2737172216858,152.77545915576206,221832.4772644043,372.0008544921875,596.322493848097,225353.6330234281,4.888380039727157,0.0649532742648381,1.069465271068427,14901.8291015625,154.0,132.79677280331416,11.584808341271263,False,False,science_V_001.fits,264436.75635684934,404.7065453424632,653.4037054752416,-9.11042642745046,0.0016616067385328576,15.004155632661165,0.012371633401217214,1
205,296.32839502021426,160.60210881429248,241434.71868896484,394.68377685546875,611.7168549782502,240667.47525086493,5.030308494781516,0.013096346695928185,1.0132701370109256,15322.1181640625,194.0,132.7937304527432,11.585971418688995,False,False,science_V_001.fits,239893.67006206268,389.18811887398925,616.3951529561854,-9.004668845634232,0.0017613701126510544,15.109913214477393,0.012385426950021384,1
206,280.1176643883361,161.72655865271784,576101.1499938965,572.30419921875,1006.634497493343,574697.9012898537,5.0920555537543715,0.01887259015242626,1.0192356160504763,38122.0234375,220.0,132.79618965265203,11.586138566979235,False,False,science_V_001.fits,587649.8977000623,570.2960819392297,1030.4294844562544,-9.977418536253355,0.0010536383288497527,14.13716352385827,0.012304736071472517,1
207,469.4662472020404,167.17425594888428,20276.521362304688,158.20541381835938,128.16578695331376,21080.698643669468,4.417397324303137,0.03471552720806581,1.0359640377386954,1321.823974609375,77.0,132.76746496308624,11.586946362638937,False,False,science_V_001.fits,24228.570394960167,215.21078554279472,112.58065126174779,-6.515441347488564,0.009643753059091558,17.599140712623058,0.015598023885265511,1
208,475.61645823721716,175.0598039656621,76946.28125,251.9888458251953,305.3559017583566,77681.8874087594,4.8459656487138085,0.013862957274853205,1.0140578405173215,5154.30419921875,129.0,132.76653181956908,11.588118136696881,False,False,science_V_001.fits,77241.09499578089,269.9264943798635,286.15603360180216,-7.774242928680547,0.003794083900082275,16.340339131431076,0.012833216615542618,1
209,365.94522680644826,179.2861787051207,1865738.8868408203,1014.2739868164062,1839.482142982868,1841428.250812562,7.942950897276938,0.28686588336540064,1.4022607763027373,53004.41015625,512.0,132.78316926478718,11.588747659953917,False,True,science_V_001.fits,1751346.9472955791,953.2416227428253,1837.2539611272036,-11.163052348287447,0.0005909362684589857,12.951529711824177,0.012273776180701513,1
210,399.14911268622114,185.3932075393607,1382086.6612243652,866.9386596679688,1594.2150529469923,1372557.5134883993,5.413736228145471,0.003288015937732869,1.003298862650705,53712.16796875,318.0,132.77813204426576,11.589654897436667,False,True,science_V_001.fits,1365214.4382579543,846.236739479184,1613.2772007726523,-10.892624055665436,0.000672977960315823,13.221958004446188,0.012277999649602798,1
211,376.16479215477705,197.2165482663853,368309.0275878906,475.1054382324219,775.2153478986565,366429.41273910046,5.1092398427206245,0.011906391697806828,1.0120498620755833,24872.08203125,220.0,132.78161874430924,11.591412218129943,False,False,science_V_001.fits,361076.0336520159,464.3236898413311,777.6386205394839,-9.448618531980689,0.001396149794163772,14.665963528130936,0.012338784798687396,1
212,391.332166770336,200.30925303216662,775732.7800598145,682.6131591796875,1136.4163869797515,771557.5398702215,5.452491302448147,0.10659004066628919,1.119306976100627,44077.96875,270.0,132.7793177427792,11.591871673988525,False,False,science_V_001.fits,764720.0403414405,665.635383269761,1148.8572566334317,-10.263378052814057,0.0009450260193172255,13.851204007297568,0.012295911931929334,1
213,351.88541049551367,203.5057901962951,311664.0669555664,440.0390930175781,708.2644971798368,310521.2713335351,5.029947474619929,0.005791225669710132,1.0058249593236703,19981.49609375,202.0,132.7853020002642,11.592347078597571,False,False,science_V_001.fits,309500.2913234222,433.0102689784239,714.7643219954307,-9.281274529402921,0.001518962218160269,14.833307530708703,0.012353283866275152,1
214,71.80121037498995,194.8036613541209,275407.55322265625,470.082763671875,585.8703498750168,275781.22156064137,5.03314744746014,0.012799210728055899,1.0129651544722682,18393.064453125,184.0,132.8277922065854,11.591052889981267,False,False,science_V_001.fits,279192.8510550363,470.12222166883674,593.8729083342612,-9.169382608174622,0.0018281689310348439,14.945199451937002,0.012395102972584645,1
215,82.35829667059974,195.85702825770252,144429.6219482422,334.3871154785156,431.9234063237158,146327.12459839036,4.899886629514371,0.023468117183327086,1.0240321054501944,9506.08984375,147.0,132.8261906600909,11.591209580488806,False,False,science_V_001.fits,153838.76792384288,348.1324733805566,441.897207778362,-8.52228635662132,0.0024569062236404625,15.592295703490304,0.012503310131814648,1
216,230.5177666265326,201.11357654043846,936967.8428344727,712.790283203125,1314.5070365212364,941496.1067313544,5.049141649134512,0.044562935523720926,1.0466414138414737,58834.03515625,223.0,132.8037141446878,11.591991916485656,False,True,science_V_001.fits,1157190.0197053743,780.7365965778973,1482.1772474577688,-10.713133572486683,0.0007325034855731278,13.401448487624942,0.012281406166109498,1
217,231.2333143312204,210.29486990592062,1302110.3586730957,834.0330200195312,1561.2215912537888,1320428.6618693294,5.371325700980189,0.061564047244914266,1.065602822509275,55413.27734375,250.0,132.8036056098675,11.593356360033951,False,True,science_V_001.fits,1410415.097613928,858.4656421910577,1642.9488010890364,-10.927989244460147,0.0006608240008942085,13.186592815651478,0.012277339468334881,1
218,241.25203027859374,222.2746531103982,778634.9314575195,660.0420532226562,1179.6747308081863,773921.375410825,5.142498066943027,0.0043919137304268,1.0044112877255575,51187.71875,258.0,132.80208572251087,11.595136703768068,False,False,science_V_001.fits,771087.3350362878,645.9803193197504,1193.6700112602214,-10.272380798987635,0.0009095478564077927,13.84220126112399,0.012293236081832628,1
219,255.99670413005038,224.54062214216674,38745.508728027344,196.78712463378906,196.8904662849807,39212.54444628145,4.682812101584093,0.021635404099004107,1.0221138460954626,2528.41943359375,107.0,132.79984885059648,11.59547345937632,False,False,science_V_001.fits,38812.38433622415,226.3846349794645,171.44442837184977,-7.027047682273161,0.006332664235930726,17.087534377838463,0.013798514861593319,1
220,483.6162719387635,221.6634761176188,1269095.4764709473,833.669677734375,1522.3001512060612,1260275.2804656154,5.336791451910466,0.00515144015357738,1.0051781149026064,55410.27734375,308.0,132.7653173614189,11.595043816743658,False,True,science_V_001.fits,1253907.789299793,813.4130349188681,1541.5388437005574,-10.800285874626274,0.0007042962325838715,13.31429618548535,0.012279756074279629,1
221,471.1826141364827,226.45417153094647,304086.15881347656,433.98773193359375,700.6791585067341,303768.30581425945,5.033531752772749,0.015111597597250337,1.0153434618179926,19272.384765625,185.0,132.7672035506859,11.59575598589051,False,False,science_V_001.fits,305565.36634026637,432.76704777130516,706.0735513803301,-9.26738219530129,0.001537658502966899,14.847199864810335,0.012355596696733105,1
222,412.28843658659576,237.81915179014726,63167.570739746094,234.22750854492188,269.6846802160787,64025.79284810766,4.777403786937779,0.027818226204143204,1.0286142231359963,4095.08349609375,120.0,132.7761380889523,11.597445817928074,False,False,science_V_001.fits,63347.79659179687,256.4432074453348,247.02466180665175,-7.558950657895931,0.00439510772754255,16.555631402215692,0.013023568942393626,1
223,400.4520879110392,242.85399333883507,170653.35256958008,336.40948486328125,507.2786596339119,172672.74907074554,4.938042575174861,0.034569747176784404,1.0358076071012814,10945.5556640625,144.0,132.77793370252326,11.598194192999836,False,False,science_V_001.fits,195954.95719407362,363.64703717883884,538.860315525421,-8.78501251046571,0.0020148078615538382,15.329569549645914,0.012424002043607154,1
224,400.87286714745346,253.8032263099343,1053966.0566711426,778.3988647460938,1354.0179776790094,1048387.8384025508,5.204284489241337,0.016939782922978486,1.0172316839077735,52602.78125,273.0,132.77786973762483,11.599821365706658,False,True,science_V_001.fits,1044927.3560022782,746.9029565083772,1399.01354907886,-10.602337121728006,0.0007760468086351614,13.512244938383619,0.012284080132829174,1
225,386.7144752396553,261.3450855634134,89029.72860717773,351.3334045410156,253.40524828114988,89584.215555454,4.8511671456134735,0.015506220584613484,1.0157504505450723,5805.4189453125,137.0,132.78001762175086,11.60094232520501,False,False,science_V_001.fits,87270.89822334735,382.9516710500179,227.89010943354458,-7.906795488801163,0.004764138306391059,16.20778657131046,0.013152695155860575,1
226,129.53782817264153,244.1254238838674,793115.818572998,659.3157348632812,1202.9377984395628,802488.2474861608,5.063082304321814,0.04573554986976203,1.04792754237415,50682.09375,224.0,132.81903378104278,11.598383355910201,False,False,science_V_001.fits,876885.6114570128,684.3463692394516,1281.347649190482,-10.411979233872453,0.0008473110327910725,13.702602826239172,0.012288788062574156,1
227,140.52238450894043,250.1517619615079,2337562.10345459,1111.5576171875,2102.960806808348,2335733.4606650323,7.214302493128164,0.38371938924980575,1.6226374520897335,52365.62890625,388.0,132.8173673823445,11.599279040921836,False,True,science_V_001.fits,2268567.9857094847,1079.2149731057955,2102.0538467706165,-11.444001371481123,0.0005164948565270866,12.670580688630501,0.012270417392957525,1
228,171.72324597331044,250.32231561700954,56709.40591430664,272.61431884765625,208.0206430609292,57440.273229637176,4.845157983175109,0.004151486251100289,1.0041687929376646,3717.58203125,118.0,132.8126339213066,11.59930463117465,False,False,science_V_001.fits,58903.72629027355,292.7620341166157,201.20001716756232,-7.479978797600966,0.0053961228000085765,16.634603262510655,0.013394570442285486,1
229,178.4044975185175,262.46874611530467,1193126.484375,797.18212890625,1496.679919320311,1221257.5562612242,5.202659470981997,0.11437093650264185,1.1291409024575028,52460.859375,221.0,132.81162038805812,11.601109767924987,False,True,science_V_001.fits,1619480.3565391195,917.2814440144649,1765.5217677264834,-11.078061085566453,0.0006149456890571727,13.036520974545171,0.012274955570635097,1
230,171.30112733307107,267.40537995065824,1495393.4990234375,893.1272583007812,1674.3341837629025,1514885.1357857303,5.9151379909640625,0.16886943108864694,1.2031803875410798,52152.91796875,284.0,132.81269807614822,11.601843361495153,False,True,science_V_001.fits,1753446.9214845167,954.0053061329253,1837.9844537680192,-11.164353433808706,0.0005907014054304028,12.950228626302918,0.012273764875169844,1
231,153.41334606940885,273.9289350762378,930819.9205322266,717.9634399414062,1296.472590036328,924025.0972781992,5.20003056258978,0.010861822915387731,1.0109810976535167,51454.09375,286.0,132.81541189816934,11.602812703090983,False,False,science_V_001.fits,915820.5693895114,700.8617378589527,1306.7064727876739,-10.45914785799967,0.0008308675457035215,13.655434202111955,0.012287665235474109,1
232,137.42564245923342,280.3115172999385,429638.5862426758,503.6113586425781,853.115361418204,427509.79235974024,5.0782463897759555,0.0034432794881681383,1.0034551766269757,27368.96484375,223.0,132.81783747346046,11.603761087023354,False,False,science_V_001.fits,426345.8194426644,493.53755881506993,863.8568875411922,-9.629026896145431,0.0012568053987394173,14.485555163966193,0.01232379551399958,1
233,101.93564470523187,273.88620103764623,683993.4283447266,615.5508422851562,1111.1891680717806,687445.1787832542,5.02196606760868,0.04975082177231649,1.0523555535876463,46845.93359375,217.0,132.82322164438673,11.602805833599165,False,False,science_V_001.fits,747630.1489398384,635.2133921526818,1176.9747901664766,-10.23883889009827,0.0009224496642331938,13.875743170013354,0.012294197389159633,1
234,110.30400217175374,273.5297879545625,269584.53634643555,400.13079833984375,673.7410303454543,278905.2226083904,4.835714988476581,0.07499877738134864,1.0810796521641661,17081.787109375,148.0,132.82195206627654,11.6027529652622,False,False,science_V_001.fits,441081.3664714134,500.5196543770394,881.2468453819171,-9.66591865241587,0.0012320044102166138,14.448663407695754,0.01232129096025935,1
235,465.1360210514054,283.9208594656331,1679079.897277832,965.870361328125,1738.411244930432,1668527.6931493273,6.751572111389256,0.29936062461785373,1.4272677716044364,55842.46484375,422.0,132.76811988814012,11.604296274841738,False,True,science_V_001.fits,1575050.881400377,910.6858167940495,1729.5216993113365,-11.04785834420333,0.0006277458099729571,13.066723715908294,0.012275603482620079,1
236,497.71431649830816,284.02148469179247,506473.7431335449,549.2474975585938,922.1229871502769,503254.8052478235,5.134140007552006,0.0056949837809193715,1.0057276023835975,33732.30859375,243.0,132.7631773669529,11.604310644983741,False,False,science_V_001.fits,500355.98237855016,534.4296601061234,936.242914136152,-9.802819615748291,0.0011596349447426776,14.311762444363334,0.012314265275104477,1
237,481.90005807909034,289.01106412587393,229402.83877563477,390.8668212890625,586.9079345723787,228964.63636222313,5.113251580283299,0.015262569230856338,1.0154991257100234,15702.71875,191.0,132.76557648875658,11.60505244571085,False,False,science_V_001.fits,217896.34412815727,385.95176108101487,564.5688557498739,-8.90024673329252,0.0019230603830562832,15.214335326819105,0.01240945354548121,1
238,476.98967121384715,300.3451767378339,185857.95223999023,362.47222900390625,512.7508740483048,189444.140505869,4.7794484441400185,0.17879104780891608,1.2177168762370163,13489.8583984375,137.0,132.76632125228267,11.606736907712742,False,False,science_V_001.fits,430470.33362737636,514.2681600238597,837.0542201317782,-9.639479941297452,0.0012970485948079653,14.475102118814172,0.01232796459752659,1
239,473.0941533406807,308.22446861324124,1307272.6770629883,841.2368774414062,1553.9887897437573,1306354.6515506124,5.356880180366115,0.01630180560370098,1.016571958448806,55293.88671875,269.0,132.76691211556232,11.607907925682177,False,True,science_V_001.fits,1328129.4455416447,838.2066610465654,1584.4892521891595,-10.862722887571092,0.0006852050264777606,13.251859172540533,0.012278675905360723,1
240,462.8457239197895,320.2802662890249,842627.7094726562,688.8097534179688,1223.3097822605177,837038.113883221,5.166424556975523,0.00496286228100884,1.0049876151279997,54379.0625,265.0,132.76846674333,11.609699723673225,False,True,science_V_001.fits,831541.6333771057,672.5045748623559,1236.484723612922,-10.354331869605298,0.0008780537108680652,13.760250190506326,0.012290946032740717,1
241,447.00014890537017,325.5026535248102,345430.2743835449,463.01995849609375,746.0375477236779,344016.15923590853,5.0637323598446535,0.004170163195351018,1.004187626280341,22121.943359375,208.0,132.77087067335574,11.610476079189421,False,False,science_V_001.fits,341926.10068051814,454.3598938576234,752.5446354375259,-9.389452508080293,0.0014427051218945694,14.725129552031332,0.012344139262391543,1
242,371.39212066220125,287.034714990492,131076.08575439453,306.9415283203125,427.0392685919271,131638.93372434258,4.907429677087608,0.012090122043095342,1.012238081947413,8655.298828125,148.0,132.7823419383323,11.604760239795972,False,False,science_V_001.fits,131800.48790242747,316.2395845237275,416.774162225534,-8.354414418899445,0.002605007935718631,15.76016764121218,0.01253325346451322,1
243,366.8176604753416,298.1296442694506,217877.59637451172,376.68218994140625,578.4122589082406,218080.4787382269,4.9676131181334595,0.006961644633334374,1.0070104488872071,14800.7021484375,170.0,132.78303584008117,11.606409110793237,False,False,science_V_001.fits,217265.8889452886,377.8801043038412,574.9598522673003,-8.897100741088167,0.001888305758599742,15.217481319023458,0.012404115232395116,1
244,35.602118377724125,313.1775856205708,396889.52798461914,489.7705078125,810.3581609216889,396482.7527381855,5.974043467709746,0.25585593402117335,1.3438258070157791,21391.439453125,245.0,132.83328588179035,11.608643991183795,False,False,science_V_001.fits,390632.4299425574,473.64792539706815,824.7316392552184,-9.53404261197641,0.0013164282153409945,14.580539448135214,0.012330018625562635,1
245,49.41572539067694,314.22159026968484,319639.3872375488,440.4976501464844,725.6324457832068,318596.96560699656,5.076373935510578,0.018381379043832413,1.018725581046871,20690.7265625,202.0,132.83119017608172,11.60879937427519,False,False,science_V_001.fits,317623.4820973531,434.0178183342806,731.8212955319715,-9.309403380534308,0.0014835589051980088,14.805178679577317,0.012348980649663676,1
246,414.5864339181305,323.65903280654686,859197.7478637695,693.0048828125,1239.8148543727286,853796.2439201123,5.14007113497506,0.008573507983868689,1.008647648668772,52964.546875,255.0,132.77578835707777,11.610202547973595,False,True,science_V_001.fits,851014.0138837479,678.6718724284042,1253.9403037857955,-10.379463653518723,0.0008658306912395608,13.735118406592902,0.012290078878773236,1
247,403.7483797790352,331.7319027830316,351267.73260498047,463.76654052734375,757.4236213883776,350513.2093683209,5.064675006488112,0.007535061106833885,1.0075922693201003,23159.95703125,199.0,132.77743255833718,11.61140239834016,False,False,science_V_001.fits,350040.3354367946,458.11149497621125,764.0941981928908,-9.414917102404514,0.001420898107285356,14.69966495770711,0.012341609598908187,1
248,417.9385031004974,338.0275619681734,70678.40240478516,245.9256591796875,287.39742994098646,71435.70502075982,4.8363381847346085,0.019289965140880994,1.0196693869290856,4834.2880859375,126.0,132.77527960789857,11.61233782796573,False,False,science_V_001.fits,70007.33122529023,311.9570501801593,224.4133645476519,-7.667480679218405,0.004837947161428805,16.44710138089322,0.013179609584405474,1
249,317.109059007081,338.87163933206875,1419531.1974487305,880.4210815429688,1612.332129713378,1409435.9322427344,5.491590935006499,0.0027909457943418037,1.0027987569733459,52286.2734375,343.0,132.79057708768283,11.612464165928849,False,True,science_V_001.fits,1401426.2602706074,856.7264231398784,1635.7920363123847,-10.921047501917954,0.0006637151764398648,13.19353455819367,0.012277495424393861,1
250,246.58242899669102,348.9437559821933,509453.07736206055,538.4609985351562,946.1280923743602,517350.8889281471,5.028320583024363,0.050798684325655485,1.0535172923665477,33265.984375,189.0,132.8012771492993,11.613961144268893,False,False,science_V_001.fits,555338.9989128929,557.6358783862678,995.8810407249588,-9.916017306677608,0.0010901904500658602,14.198564753434017,0.01230791985991095,1
251,273.23997765682117,354.29097656116636,1385077.6549987793,866.3303833007812,1598.7868851159687,1376201.1432450763,5.448127289100584,0.006003035781126931,1.0060392898542143,52476.97265625,308.0,132.7972327292262,11.614755790237902,False,True,science_V_001.fits,1366653.147242135,846.8565187689169,1613.7953914895184,-10.89376763860111,0.000672761866668803,13.220814421510514,0.012277987807039852,1
252,255.46453444302404,352.93528643747834,694159.3317260742,628.6624145507812,1104.18456020167,700778.3689260518,5.948164023987829,0.2586708664988281,1.3489285053147304,39861.19140625,257.0,132.7999295797968,11.614554332806247,False,False,science_V_001.fits,711954.6842007544,624.2221263027925,1140.5470171613322,-10.185752753400346,0.0009519116561298465,13.928829306711279,0.012296443057309356,1
253,234.90140558338567,356.3319881267232,432298.04040527344,531.3515625,813.5819500959375,430727.0753783962,5.078959646025236,0.0014470134688987502,1.0014491103510947,28569.181640625,217.0,132.80304937501532,11.615059104390763,False,False,science_V_001.fits,429675.23186807084,498.07606825229595,862.6698997519848,-9.637472674046288,0.0012585346959620776,14.477109386065337,0.012323971991266289,1
254,301.720123746632,357.3964064182818,518732.52157592773,542.0341186523438,957.0108296238793,532884.8458429992,4.952139966847641,0.08283508171994414,1.0903164524383286,33230.60546875,181.0,132.79291177341926,11.615217218296346,False,False,science_V_001.fits,761118.3637087315,644.2864006381918,1181.3354479542218,-10.258252375061625,0.0009190446302785221,13.85632968505,0.012293942373909982,1
255,286.54569318035425,362.0735222294619,1472538.9442749023,891.8782958984375,1651.053681928131,1463840.2644001348,5.520120740573002,0.03908886746543416,1.0406789620204844,52145.74609375,312.0,132.7952139959775,11.615912336668652,False,True,science_V_001.fits,1452487.0911453962,871.9897852464217,1665.7157179139751,-10.959902577352175,0.0006517918924122624,13.15467948275945,0.012276856630733697,1
256,309.05068747975844,358.6123625343954,527649.7662963867,546.986083984375,964.64934254426,536695.4065086639,4.91449010769232,0.09767624364614114,1.1082496642234432,34430.65625,185.0,132.79179958954276,11.61539789360706,False,False,science_V_001.fits,765082.5937505179,645.4688130483214,1185.3130287384495,-10.263892677852596,0.0009159605721667724,13.850689382259029,0.012293712207073162,1
257,467.6661541893733,346.3153083603401,885749.7692260742,695.9019775390625,1272.8082371002533,891543.8021608393,4.978124162735532,0.0975472010243078,1.1080911945034981,54817.51171875,205.0,132.76773496463056,11.613568739166139,False,True,science_V_001.fits,1302602.7146711505,828.7227013748536,1571.819756488061,-10.841651821351912,0.0006907280529580535,13.272930238759713,0.012278985353184474,1
258,464.93243639968836,352.214482534546,595843.1914978027,577.1712036132812,1032.3508653370588,627981.5815598164,4.7646844922876355,0.173167443177489,1.209434717765548,42046.6328125,174.0,132.76814961625135,11.614445467566298,False,False,science_V_001.fits,1187546.272610177,793.0976977114086,1497.3518092878135,-10.741248226199447,0.0007250801002580632,13.373333833912177,0.012280965646575428,1
259,18.26970600110012,381.9621556070407,964079.0420532227,725.305908203125,1329.203348752025,959711.5678442909,5.134291845297041,0.004711534751124735,1.00473383839523,56806.13671875,255.0,132.83591677353576,11.618865826924656,False,True,science_V_001.fits,959438.0156871657,713.6227146523169,1344.4611501115294,-10.50966418020171,0.0008075354203503286,13.604917879909914,0.012286109616786592,1
260,12.108519684568526,393.67560707255655,796164.4670410156,662.5241088867188,1201.7139548006203,792581.1740184387,5.09193094695887,0.00816689691194794,1.0082341443197655,52866.390625,236.0,132.83685177819174,11.62060645829298,False,True,science_V_001.fits,793668.3150686921,653.2672938288912,1214.92124673331,-10.30371948076599,0.0008936381703087661,13.810862579345635,0.01229206920091196,1
261,368.9757808523291,397.03759554573196,1122823.70413208,793.040771484375,1415.8461260830682,1120862.0986623438,5.189664144528209,0.029522514367128938,1.030420607179647,53349.21484375,253.0,132.78270751404236,11.621107910443502,False,True,science_V_001.fits,1138310.1288964718,786.4163438230944,1447.464994639705,-10.695273374793082,0.0007500699526555711,13.419308685318542,0.012282466405183136,1
262,361.35907252709967,404.32266530090436,688757.604309082,622.0514526367188,1107.2357461583167,689113.3482786072,5.056491438611958,0.036978867952508376,1.038398812572147,43641.71875,214.0,132.78386306761675,11.622190619074699,False,False,science_V_001.fits,726285.3061800671,630.8661679439531,1151.2509991573859,-10.207390018626302,0.0009430610707783418,13.907192041485322,0.012295761068099573,1
263,252.82132242392115,422.38209342745307,483679.59967041016,523.1253051757812,924.5960669172437,490304.39787137124,5.239469751918251,0.2738370237137343,1.3771013293932837,53271.73828125,168.0,132.80033061395105,11.624874898526693,False,True,science_V_001.fits,812556.9169510583,663.157387481524,1225.2851770782645,-10.329256353097458,0.0008860794371061355,13.785325707014167,0.01229152198995055,1
264,255.03723498870718,429.7585696369771,841019.6403808594,668.8162841796875,1257.4748257099955,862012.4388731582,4.961465700460918,0.04458287653509674,1.046663258842811,51405.98828125,141.0,132.79999440843727,11.625971124824552,False,False,science_V_001.fits,1209539.0613585527,801.9070259987155,1508.3283000945924,-10.761171619569325,0.0007198035069234677,13.3534104405423,0.012280655241034777,1
265,264.02594576496836,428.0973938981929,81486.5378112793,257.1263122558594,316.91248202632124,84955.45935149222,4.633321156351217,0.0845428656930699,1.092350436219032,6146.7685546875,100.0,132.79863060773562,11.625724252472205,False,False,science_V_001.fits,188897.32346954467,367.2898600483745,514.300404167612,-8.745186384903674,0.002111023034790708,15.36939567520795,0.01243996761707974,1
266,251.76898285883428,436.1261773036838,334259.08068847656,452.8717041015625,738.0878020445157,352761.66046741116,4.780857154295146,0.16824458871979409,1.2022765183587305,24659.150390625,161.0,132.80049028193446,11.626917421459497,False,False,science_V_001.fits,755328.5090986597,647.8103789094569,1165.9716078803833,-10.249961566554921,0.0009311547491055046,13.864620493556703,0.012294853607398395,1
267,248.2021865376354,453.5481913217519,501496.1769104004,544.143310546875,921.6251807017284,498520.091761369,5.102210748767874,0.006523268172302199,1.0065661006074107,31993.01171875,239.0,132.80103146145007,11.629506524273395,False,False,science_V_001.fits,495898.1664765145,530.7736427756755,934.293127072437,-9.793103130397803,0.0011620550002353002,14.321478929713821,0.012314493407531933,1
268,288.4778245840469,424.889749750415,364851.1958618164,476.7330017089844,765.3155845177574,371958.10145352525,4.758778826710628,0.17862246272639026,1.2174669437872503,27063.869140625,155.0,132.79492068621843,11.625247519797329,False,False,science_V_001.fits,781324.408071206,662.7188225435865,1178.9681860436654,-10.286700353044269,0.000920889989104243,13.827881707067355,0.012294080463076854,1
269,293.7924636451516,429.4081918880709,746096.1448669434,642.4022827148438,1161.4157747290078,758764.5297828995,5.009655179963237,0.05804076655072343,1.0616170684353177,47556.96484375,204.0,132.7941143165922,11.625918995137141,False,False,science_V_001.fits,962034.1692405781,726.6732886287045,1323.8881685826377,-10.51259811767258,0.0008200843740165431,13.601983942439045,0.012286940808886551,1
270,328.4478632799826,428.3998560836033,482463.0657348633,524.3948974609375,920.0376816610849,484725.2156372947,4.867539983148005,0.0655386603153395,1.0701352292834885,29018.201171875,171.0,132.78885627260502,11.625768991027753,False,False,science_V_001.fits,701416.913041815,620.8470228184652,1129.774142843733,-10.169562458230288,0.0009609885364053432,13.945019601881336,0.012297149060968484,1
271,349.7545534553087,434.57249780623425,839880.969329834,689.0359497070312,1218.9218424480464,834124.6133722458,5.14189723380996,0.004171039413759403,1.004188509853443,53617.984375,275.0,132.78562349453338,11.626686171844618,False,True,science_V_001.fits,831832.9912377958,671.4517579150338,1238.857418172188,-10.354712226232659,0.0008763720377134629,13.759869833878966,0.012290826010039425,1
272,329.2783343755266,436.6339157238099,1135769.687927246,784.4644165039062,1447.8281793698038,1139136.3875036438,5.68853239668785,0.28607986977554745,1.4007169116881542,55062.28125,240.0,132.78873022100774,11.626992658632068,False,True,science_V_001.fits,1258777.912060605,814.8917234423417,1544.7179985374717,-10.804494658256898,0.0007028467338555861,13.310087401854727,0.012279673024631683,1
273,123.88692807475331,440.7280373282498,169759.84866333008,331.9232177734375,511.4431277272201,173431.77123045232,4.888209472430868,0.04363724621354792,1.045628341380693,11125.7490234375,141.0,132.81989315489722,11.62760062749354,False,False,science_V_001.fits,233755.41894793822,385.14990116124636,606.9206255620314,-8.976526092869214,0.001788866540817592,15.13805596724241,0.01238936719778021,1
274,119.1884945126844,446.056802796351,113543.94519042969,278.4464416503906,407.7766069389826,116789.2841039749,4.627169489520029,0.15034312844108577,1.1769456982855238,7548.5634765625,116.0,132.82060608192538,11.628392491273367,False,False,science_V_001.fits,202497.1512795995,364.0711066742224,556.2022021725489,-8.820669168939181,0.0019519879564647727,15.293912891172443,0.012413969270251925,1
275,12.345982409515832,451.5877587994024,987203.2831726074,728.3569946289062,1355.3838165247275,1009377.4326894942,4.959502264376478,0.08360884454996265,1.0912370706032213,59766.328125,211.0,132.8368168854178,11.629212848658065,False,True,science_V_001.fits,1360016.4817479532,842.8403623271129,1613.6110021984452,-10.888482302850287,0.000672838743985261,13.226099757261338,0.012277992019706774,1
276,15.898626042978625,459.0233114001069,1368064.8645324707,845.5956420898438,1617.871233526432,1375622.2287466344,5.039521096592937,0.12300635324251341,1.140259115556088,60219.2578125,177.0,132.83627800219324,11.630317921757577,False,True,science_V_001.fits,1872977.8911601603,983.5315028181712,1904.339500863374,-11.235953501403419,0.0005701189307409599,12.878628558708206,0.012272791518467378,1
277,20.715581213105523,466.18315236612165,1102225.8421020508,768.0270385742188,1435.1393723692927,1111112.0843890717,5.088363307381577,0.06386370251844697,1.0682205173437422,60152.96875,221.0,132.83554727957278,11.631382043619958,False,True,science_V_001.fits,1384115.3059627425,850.6443149682265,1627.1375492757422,-10.907552552119888,0.0006672453723923081,13.207029507991736,0.0122776867710312,1
278,24.202074583869912,482.02220788351394,1486548.9137878418,893.5443115234375,1663.6543869361872,1476628.9911724613,5.376148604984009,0.0014062151661574651,1.0014081953918743,60459.2734375,314.0,132.8350185806205,11.63373596638742,False,True,science_V_001.fits,1470239.951735791,874.9777200862492,1680.3170160616949,-10.973092423854354,0.0006461280756084049,13.14148963625727,0.012276557235262052,1
279,92.5966896426198,464.9252026360575,522626.19216918945,550.8984375,948.6797503744771,519750.2709074307,5.11504597686271,0.0012514858279160102,1.0012530540072477,33720.51171875,238.0,132.82464097520685,11.6311962296029,False,False,science_V_001.fits,517778.30910902267,538.6071048023686,961.3284052370817,-9.839981506323687,0.00112937472156796,14.274600553787938,0.012311452526907306,1
280,105.56619735776214,472.5096406429701,276680.5546875,414.1047668457031,668.1414386871623,279256.02796152845,5.074465715164728,0.03338868898271452,1.0345420011147763,16627.900390625,186.0,132.82267324646327,11.632323521372804,False,False,science_V_001.fits,275853.59919455857,416.01379024966883,663.0876323330682,-9.156318510990067,0.0016373401448915189,14.958263549121558,0.012368397584596357,1
281,116.88166247517808,476.23339278852194,892603.0622253418,703.48974609375,1268.8217094587044,886976.4630486002,5.186791183241794,0.011163219176298256,1.0112892434755505,56042.24609375,271.0,132.82095642311532,11.632877041194947,False,True,science_V_001.fits,876734.0413301792,688.5517562520131,1273.3015831700102,-10.411791547592351,0.0008526652399952591,13.702790512519273,0.01228915839559698,1
282,131.48438842198672,489.0959452557071,1500975.4590148926,902.2764282226562,1663.5428035857924,1489236.2131717894,5.463240900488985,0.004481689217013862,1.004501865177637,57288.6328125,352.0,132.81874091493415,11.63478871022891,False,True,science_V_001.fits,1479880.8219239658,878.7114984241337,1684.1486933742863,-10.980188729310655,0.0006446580425299261,13.13439333080097,0.012276479953650155,1
283,105.236875732179,491.71085608519763,1267291.120666504,832.2796020507812,1522.6747327987266,1256934.7778748092,5.334774401318606,0.003196016809565161,1.0032062640834718,57134.65625,331.0,132.8227234458728,11.635177030209961,False,True,science_V_001.fits,1249334.98450232,810.5529841985294,1541.3366045868745,-10.796319127732605,0.0007043886434469005,13.31826293237902,0.01227976137478219,1
284,400.0329447518127,481.608124428361,41913.9768371582,202.28057861328125,207.2071235137659,43577.93431669017,4.677599598622599,0.06505587603053908,1.0695826353283377,2675.153564453125,98.0,132.77799449292527,11.633675708024533,False,False,science_V_001.fits,54200.8840490936,250.87268833150878,216.04936117028146,-7.389637799543313,0.005025240501147767,16.72494426056831,0.013249506336273493,1
285,410.1720936223775,488.172808226039,1261678.0542297363,831.7493896484375,1516.8968801564379,1253065.232224022,5.289386653745442,0.0016838384043857957,1.0016866784984173,57449.1484375,298.0,132.77645601757155,11.63465117176999,False,True,science_V_001.fits,1247934.0463136614,812.3115319090919,1536.2751817406445,-10.795100957441102,0.0007067093271466316,13.319481102670522,0.012279894711830865,1
286,256.9987296950915,510.3332726969008,36451.300537109375,145.236572265625,250.97879940627578,36482.26827773809,2.237295131988018,0.3587750755073883,1.559515174478409,36251.21484375,15.0,132.79969678987385,11.63794541704627,True,False,science_V_001.fits,60807.54690518898,225.07441519463947,270.1664107517682,-7.514515582744038,0.004018634281659658,16.600066477367584,0.012901387427339194,1
287,262.0006371603764,509.7782030083275,24877.912353515625,127.5636978149414,195.02344930143363,24911.292792143267,2.4729621305826894,0.1488078786418352,1.1748229041457725,24806.748046875,20.0,132.79893784890865,11.637862925772396,True,False,science_V_001.fits,60850.36573685323,228.60148246813773,266.1853505054784,-7.515279856216981,0.004078736857375084,16.59930220389464,0.012920234920940315,1
1,44.99880602952044,1.9973874442335946,44415.35821533203,161.64993286132812,274.7626146769506,44201.45504288547,2.655712189610847,0.00043971117088370537,1.0004399046018513,44714.10546875,25.0,132.83185522174267,11.562399332728534,True,False,science_V_002.fits,42615.77661261071,202.15574904770787,210.80665186797913,-7.128547892183502,0.005150216989736814,16.986269601840867,0.010506523313449546,2
2,499.99983857148686,0.6648605170747719,61430.37176513672,183.10235595703125,335.49744045648777,61437.413115471674,2.2347614236128255,0.35883291638424497,1.5596558612470661,61397.328125,15.0,132.76283646316327,11.562200676648517,True,True,science_V_002.fits,59784.20619327527,224.2652106657505,266.5781554606741,-7.496088041827271,0.00407272680735524,16.618729452197098,0.010022444848540455,2
3,380.91003973163214,15.74149615965651,71554.98324584961,239.69793701171875,298.5214814024508,72022.43538215075,4.691671799296043,0.01004522676295927,1.0101471572586216,4943.55126953125,119.0,132.78090094216554,11.564442972836234,False,False,science_V_002.fits,72967.03456650423,259.73824045396947,280.92526706492174,-7.712438615458042,0.0038647289058164184,16.402378878566328,0.0099397397657151,2
4,177.82042820553485,23.143443598749627,1080986.5510559082,766.373046875,1410.5226631648798,1074429.4918438608,5.171916445315878,0.0006927208215027347,1.0006932010162801,56248.44140625,280.0,132.81170773621068,11.565543374332101,False,True,science_V_002.fits,1073505.5639241193,751.679346003582,1428.1429570089633,-10.631632623301044,0.0007602180122596691,13.483184870723326,0.009189136440430576,2
5,479.8035336662618,18.432296114611283,13987.344268798828,141.7902069091797,98.64816882422694,14849.811588205626,4.291754864022231,0.022859526317194012,1.0233943091427145,950.169189453125,70.0,132.7658997008544,11.56484148757278,False,False,science_V_002.fits,14119.802806124851,199.45043392253388,70.79354267842281,-5.929193452797446,0.015336144497412064,18.185624041226923,0.01786224020497394,2
6,271.6821411819279,21.961200838001638,274385.42541503906,412.6729431152344,664.8980263734421,273924.4800084261,5.079638697385837,0.04718384308214585,1.0495204061555536,17952.880859375,190.0,132.79746975905596,11.56536790394765,False,False,science_V_002.fits,273260.5677558345,408.4982098995553,668.939449754323,-9.146064289884347,0.0016230168521212764,14.968753204140024,0.009300348423416982,2
7,499.6231819588534,25.30755836281954,801757.7859191895,673.0899047851562,1191.1600221891647,795684.048275337,5.209638528309033,0.021986465862829152,1.0224807378378729,51300.53515625,278.0,132.76289311109014,11.565862860415214,False,False,science_V_002.fits,792276.9459271227,655.0769963717748,1209.4409516976582,-10.301814421019085,0.0008976874798856724,13.813003073005286,0.009201529215637397,2
8,428.6499623993202,38.704165453926734,731201.6685180664,642.6011352539062,1137.8779594423718,726655.9831016005,5.1151337741047,0.0011356754181220952,1.00113696664319,46731.86328125,255.0,132.7736589323168,11.567854915091154,False,False,science_V_002.fits,725431.3937157493,628.3596431814311,1154.484381019183,-10.206112739408953,0.0009404198253782699,13.908704754615417,0.009205796355701639,2
9,293.88657243731075,48.32690332960088,46780.556396484375,204.2310791015625,229.05699074929126,47425.60057705006,4.607046263108251,0.02190782592762275,1.022398529002034,3201.72119140625,104.0,132.79410146559016,11.569286090329266,False,False,science_V_002.fits,46750.83676953171,232.6305199329046,200.96605029733675,-7.2290953452781705,0.005402405025095864,16.885722148746197,0.010632416336368047,2
10,450.2395425910693,52.502360807874936,1101996.287261963,778.7982177734375,1414.9959028059152,1094102.2322425488,5.217071819521969,0.0018100586350884296,1.001813340888422,57936.85546875,297.0,132.77038374299303,11.569905165175214,False,True,science_V_002.fits,1091121.8003278195,760.2585042560427,1435.1984150385083,-10.649304956418568,0.0007564807685290464,13.465512537605802,0.00918882801274675,2
11,254.4593704592245,50.98317358418278,55015.08999633789,214.9333953857422,255.96343414945824,55628.145485252426,4.632941484670621,0.015320703347148301,1.015559079386788,3723.169189453125,108.0,132.8000822983227,11.569680901140941,False,False,science_V_002.fits,54767.43645545435,240.19467394910535,228.01270134349014,-7.400927906602664,0.0047615768490214296,16.713889587421704,0.010321575034064421,2
12,487.85837725347596,58.37914340299897,44781.09539794922,207.2103271484375,216.11420634392303,45553.677622147574,4.691566616814719,0.008908003055830949,1.008988068800169,3033.233154296875,109.0,132.76467710575562,11.570777884540151,False,False,science_V_002.fits,44493.05455730692,235.33104449878334,189.06581004673586,-7.175352429422781,0.005742444917627476,16.93946506460159,0.01080916142569213,2
13,338.4259660360118,75.91244296704683,29259.39727783203,175.63641357421875,166.59072388464523,29970.11331557709,4.4867886852492065,0.025467325069853053,1.0261328590872323,1998.63330078125,90.0,132.78734496333365,11.573385391962042,False,False,science_V_002.fits,30402.81623372978,214.70513996526847,141.60264741984219,-6.761906410210779,0.007667229531245794,17.35291108381359,0.011943563361890482,2
14,205.99282970440464,79.03018011924085,143452.51626586914,350.8516540527344,408.86943130759096,143767.70742587294,4.878829966136719,0.0054238334756452344,1.0054534118735214,9944.619140625,150.0,132.80743445721166,11.573848902147315,False,False,science_V_002.fits,143719.03688614228,356.5665005015874,403.0637670223382,-8.448407619481186,0.002693618451543499,15.666409874543184,0.00954556847218544,2
15,13.333373277043798,83.17486770397024,239960.38821411133,383.6595458984375,625.4513690052527,239783.45717431183,4.917645679816413,0.007001339093496317,1.0070507034592622,15924.7314453125,173.0,132.8366601119666,11.574462638152527,False,False,science_V_002.fits,241081.7500147888,383.49409298140057,628.645276229799,-9.010032712428945,0.00172704709802532,15.104784781595425,0.009319065874511392,2
16,387.49804562824113,80.34802207432602,16490.779571533203,147.17913818359375,112.04563211236042,17081.413094152857,4.2903601763509265,0.014083664162354292,1.0142848471522572,1086.4691162109375,73.0,132.77990091360326,11.57404414991991,False,False,science_V_002.fits,17306.353116300823,200.7339047928299,86.21539611936547,-6.150135775917348,0.01259287840534706,17.96468171810702,0.015570577498170753,2
17,27.479834943092555,101.97670072608885,164453.21044921875,327.9029541015625,501.5301277166356,164563.06235714688,4.884641846661638,0.0016702459514000845,1.001673040340255,10788.689453125,160.0,132.83451449849736,11.577257060436205,False,False,science_V_002.fits,165573.2925847692,331.0652381503982,500.1228564792768,-8.6020975871305,0.002170866589947559,15.51271990689387,0.009411427035579442,2
18,322.4829931699081,105.15270736394565,439603.5527648926,530.109619140625,829.2691490442029,437461.7748590865,5.064340635595519,0.004038674803214404,1.004055051838902,27944.66796875,222.0,132.78976327762453,11.577730914239861,False,False,science_V_002.fits,435457.64759491856,520.3905723865973,836.7900394464059,-9.651986679344638,0.001297458082457895,14.462830814679732,0.00924909155379167,2
19,308.74305199176183,115.45357239651085,6932.691375732422,110.72393798828125,62.612398923764445,7597.952717515951,3.846398288239121,0.024659805363609566,1.0252832862822832,533.560546875,49.0,132.79184754954062,11.579261802772258,False,False,science_V_002.fits,5810.267126589035,186.36451484448258,31.17689615664004,-4.965112122803609,0.03482386426619214,19.149705371220758,0.03600782997522704,2
20,339.0370210297665,122.99376761712121,1577017.314453125,924.262939453125,1706.2431556394836,1569646.0651863192,6.1359679332212504,0.2274322350115111,1.294384836280219,53422.84765625,361.0,132.78725194964616,11.580382194571282,False,True,science_V_002.fits,1546821.2769735039,897.4793345355922,1723.5174309321771,-11.028222217261316,0.0006299327065191277,13.086595276763054,0.009179276241045784,2
21,0.662158444816649,117.99912928644385,58305.912170410156,177.57664489746094,328.34223331608763,58186.051929549496,2.2316187200280098,0.3591948779564794,1.560536839672896,58487.609375,15.0,132.83858299736278,11.579637660270073,True,True,science_V_002.fits,58855.60714498849,212.41458105443724,277.0789408750856,-7.479091484475768,0.003918377905484567,16.635726009548602,0.009960721987128981,2
22,274.40491062532783,127.62330211990401,585707.3881530762,580.1420288085938,1009.5930980141392,582229.5711770117,5.1065073984180955,0.0016482286719389228,1.0016509498147594,36737.01171875,247.0,132.79705657406154,11.581070458796544,False,False,science_V_002.fits,581092.1149352826,566.7953469299704,1025.2238626917992,-9.965234329961305,0.0010589882263854222,14.149583164063065,0.00921866330648365,2
23,365.76462019992357,135.35285251157163,149865.80084228516,323.04296875,463.9190923182263,150036.13952276413,4.906394073418454,0.00837830732842082,1.0084490964551696,9875.3388671875,159.0,132.78319728707353,11.582218686011146,False,False,science_V_002.fits,149590.16905131665,327.0741783792055,457.3585410887551,-8.491879506474014,0.0023738487476706134,15.622937987550356,0.009460309454320321,2
24,497.40505372121714,138.83881558701384,174912.67059326172,346.3574523925781,505.00622806004276,174921.4408866784,4.9696687237740855,0.0046435197151143415,1.0046651825824104,11434.6044921875,169.0,132.76322735895113,11.582734902314598,False,False,science_V_002.fits,173883.39002927777,347.3115143334504,500.655414097023,-8.6552671205492,0.0021685573938277636,15.459550373475171,0.009410894658055108,2
25,461.6279645647534,139.50561107691735,52296.661376953125,220.4381866455078,237.2395734730512,53109.97759556076,4.74347528409014,0.02360236831532314,1.0241729061495157,3274.0732421875,117.0,132.76865474330154,11.582834630101694,False,False,science_V_002.fits,53069.66698899734,244.35085891624715,217.18633290005056,-7.366737780164731,0.004998933337576268,16.74807971385964,0.01043319853200429,2
26,352.05336661467,139.44070992233654,15260.413635253906,144.49876403808594,105.60930217528835,16148.886425888777,4.286741620066928,0.00843220637707709,1.0085039131275817,1040.2967529296875,72.0,132.7852772531549,11.582826299518109,False,False,science_V_002.fits,14929.932871083342,199.94502983989506,74.67018751623087,-5.989766511608039,0.014539939380278163,18.12505098241633,0.017183484346221776,2
27,399.9471761174253,146.4262875662807,117706.48983764648,294.020751953125,400.33395281028373,118091.40593329759,4.857113305178782,0.009849098464202233,1.0099470681175218,7737.02001953125,146.0,132.77801166153506,11.583863975972422,False,False,science_V_002.fits,118033.85651988727,302.8423107547936,389.75351966409124,-8.234638366687065,0.002785606659654311,15.880179127337305,0.00957193301047367,2
28,28.31675537618719,149.71133145061475,85382.35729980469,250.20497131347656,341.2496436484906,85874.59703441718,4.7193776517083785,0.007910770873639117,1.0079738501753572,5695.93408203125,124.0,132.83438841380175,11.584350969872075,False,False,science_V_002.fits,87299.67876501972,265.8785922419518,328.34414395265134,-7.907153488149144,0.003306591635624124,16.207664005875223,0.009736315799082552,2
29,509.77791509615815,153.9999967965328,57202.88018798828,180.17892456054688,317.4781974501461,57339.38032474684,2.4726519436841197,0.14828074341819963,1.1740957977318651,57052.42578125,20.0,132.76135008023655,11.584987778612941,True,True,science_V_002.fits,53202.32456134177,224.78253530975059,236.68353276658664,-7.36944839472721,0.0045871378853834304,16.745369099297157,0.010242271773108009,2
30,329.3330752182304,162.17304256961717,472079.7932434082,526.564697265625,896.5276170143021,469864.65347537305,5.0611002166333385,0.0017055990845608049,1.0017085131229793,31212.376953125,225.0,132.78872379405246,11.586204730235231,False,False,science_V_002.fits,469839.90427866566,516.0726336090356,910.4142976792783,-9.734496622429162,0.0011925339955309792,14.380320871595208,0.0092349571967163,2
31,498.8805158025235,165.06295873425418,69273.29287719727,245.37062072753906,282.32105649730056,70016.31871520681,4.8433037407252755,0.009052281861593348,1.0091349742230589,4809.12060546875,132.0,132.76300301437664,11.586632071931136,False,False,science_V_002.fits,69073.26059173977,261.7105196037132,263.9300120466375,-7.652896767262333,0.0041135905370555306,16.461920726762035,0.010039119692544656,2
32,452.04340726172956,168.88451768097775,256450.74169921875,405.43463134765625,632.5328964789758,255914.74915862875,5.001868315601665,0.003294294667290809,1.003305182913738,17373.3828125,187.0,132.77010825668037,11.5872008139929,False,False,science_V_002.fits,255525.39432257606,401.55787731874847,636.3351555415888,-9.07320704193134,0.001706176360908355,15.04161045209303,0.009315220602283533,2
33,42.19386327042889,174.83417344003462,181824.7456665039,343.4602355957031,529.3909653067816,181751.15091578942,4.914928061678468,0.001558258686997993,1.001560690646756,12369.404296875,167.0,132.83228367182485,11.588084743471162,False,False,science_V_002.fits,182676.22777697013,344.7473386870789,529.8843740829632,-8.708826961401275,0.002048937566575635,15.405990532623095,0.009384052549214011,2
34,17.426817396649984,194.14769762489374,246643.3894958496,390.59466552734375,631.4561136231986,246256.72952948505,4.943825432205225,0.0013949681087435106,1.0013969167630785,16241.3935546875,180.0,132.83604128292168,11.590954506266183,False,False,science_V_002.fits,247660.83487636858,388.8038795257742,636.9813880932504,-9.039265205584977,0.0017044454049904827,15.075552288439393,0.00931490371572773,2
35,427.4459391317061,195.38731175209608,390186.86975097656,485.294677734375,804.0205006421779,388648.9114945912,5.031861815533481,0.0019600845184459814,1.001963933995065,24137.689453125,209.0,132.77383939118084,11.5911397822646,False,False,science_V_002.fits,388547.1648918939,477.02988805710896,814.5132508874956,-9.528231235030058,0.001332943323901752,14.586586258994313,0.00925413610227445,2
36,264.4621764796355,197.2603893374674,113323.63125610352,288.0404968261719,393.42950906133393,113649.82777738696,4.8548540016539805,0.0029410744448742365,1.0029497498788618,7218.93603515625,146.0,132.79856482821094,11.591419314410587,False,False,science_V_002.fits,114183.08142065445,296.5684141195759,385.0143035617273,-8.198626271512987,0.002819895234946604,15.916191222511383,0.009581967764022151,2
37,186.13514996932938,203.37673549815787,612634.8423156738,591.0167846679688,1036.5777389213235,609028.3835697204,5.098546984524901,0.002513864053481085,1.0025201994923927,39969.2578125,247.0,132.81044747002636,11.592328087441281,False,False,science_V_002.fits,608753.4144872754,578.0617528155118,1053.0940881701247,-10.015725399490115,0.0010309620120330673,14.099092094534255,0.009215485867003452,2
38,351.8911557039692,203.50524039472995,311096.5450439453,439.3524475097656,708.0796904790897,310098.53699485585,5.023162088952574,0.0025071252932965526,1.0025134267691223,19864.376953125,200.0,132.78530135927576,11.592347001035048,False,False,science_V_002.fits,308875.3541102452,432.76090889043996,713.732104182362,-9.279080014809551,0.0015211589805726301,14.835737479214819,0.00928311487265249,2
39,42.36244040250311,205.1814688663214,303570.2106628418,429.28948974609375,707.1456858689704,302655.49070689105,5.007292102673828,0.004492825764393471,1.004513102346895,20062.138671875,199.0,132.8322586193237,11.592594690752746,False,False,science_V_002.fits,303110.81477063824,423.6047216124658,715.5510769965845,-9.25862545391921,0.0015172921052080011,14.85619204010516,0.009282482018685069,2
40,92.00692539922959,209.04888790138148,13683.382995605469,135.18731689453125,101.21794936044776,14446.070204520744,4.256648790510465,0.004739666598979397,1.0047622380194565,1000.4443359375,69.0,132.8247273197254,11.593170169394876,False,False,science_V_002.fits,14333.28320081957,189.54270026427847,75.62033874601735,-5.945486078694393,0.01435724856571315,18.169331415329975,0.017029177416198277,2
41,302.48762801857566,220.11521516298188,482558.75329589844,555.9308471679688,868.0193872208323,480097.2392774556,5.074677888287994,0.003821886223371873,1.0038365490774361,30667.748046875,230.0,132.79279608637697,11.594815709786207,False,False,science_V_002.fits,478986.7572736006,521.1565658703308,919.0841843730651,-9.755430640236467,0.001181284607503706,14.359386853787903,0.009233511272458072,2
42,328.74170824090106,216.1258167006521,15892.024230957031,145.4748992919922,109.24238001401953,16528.757474176717,4.255688181525574,0.014131247457543239,1.014333801960048,1172.190185546875,71.0,132.78881318440807,11.594222715006595,False,False,science_V_002.fits,15604.009933210778,201.12699886625816,77.58287062984942,-6.037712419299154,0.013994068422395874,18.077105074725214,0.01672412174391775,2
43,280.0630471572043,227.01509408099537,399260.245513916,499.0286865234375,800.0747377779539,399329.06084060436,6.959811631078513,0.40474197438109705,1.6799437503766168,15720.720703125,270.0,132.7961980366308,11.595841172783956,False,False,science_V_002.fits,388887.33757097676,475.5338628310729,817.7910512108448,-9.529181380195858,0.00132760073418813,14.585636113828512,0.009253368078926827,2
44,360.3746814945665,226.65528769610023,12535.984161376953,134.91749572753906,92.91592683200193,13266.986167677473,4.122893840002257,0.016934661200420087,1.0172263841802205,861.1612548828125,63.0,132.78401416408803,11.595787287275739,False,False,science_V_002.fits,12498.027678704677,198.1596275169366,63.07050449838213,-5.7967255793931685,0.017214068741559698,18.3180919146312,0.019498370694338227,2
45,42.78743636039666,233.76090697138662,1140446.4807128906,787.0648193359375,1448.9867323444953,1132814.6945017965,5.236053330489417,0.0011992758907735102,1.0012007158803806,55172.44921875,299.0,132.8321946348915,11.596841919234542,False,True,science_V_002.fits,1130631.830091508,770.2915377402581,1467.7972880350615,-10.687924893449658,0.0007396797969653054,13.426892600574712,0.009187460111299735,2
46,317.84400550098553,232.31412233040777,53988.61346435547,218.7512664794922,246.80366122322255,54826.225496859784,4.675299378881522,0.021761099886855262,1.022245179459065,3654.927734375,112.0,132.79046635566635,11.596628535900736,False,False,science_V_002.fits,53723.51434473705,244.17643126348196,220.01924619320013,-7.380032910214885,0.004934568310658791,16.734784583809482,0.010402512269026316,2
47,203.87089850620413,237.06745341715836,1095604.4963684082,774.8151245117188,1414.0205343292025,1088081.2296877205,5.257246159070931,0.0027332970635592924,1.0027407884525885,51461.875,297.0,132.80775699729568,11.597334986513127,False,False,science_V_002.fits,1085266.5555275963,756.962773627778,1433.7119252594255,-10.643462923136068,0.0007572650968942357,13.471354570888302,0.009188892616722613,2
48,339.6658608094281,238.7449011586599,480683.15838623047,573.1593627929688,838.6553367005858,478286.42772369465,5.070686482068777,0.0009443503193736769,1.0009452429598646,31222.072265625,228.0,132.7871557637019,11.597584093752127,False,False,science_V_002.fits,477417.033366461,530.4993755195053,899.9389167969103,-9.751866648490541,0.0012064152130060741,14.36295084553383,0.00923675997094531,2
49,87.23231657937795,238.66095366131407,73775.73266601562,240.36158752441406,306.93645114372555,74400.3465506958,4.7454496361149126,0.015263408945148216,1.0154999916564469,4983.85498046875,125.0,132.825452057816,11.597570788484324,False,False,science_V_002.fits,74971.09356095607,257.05406090874345,291.6549666475469,-7.741856488291862,0.003722549327651341,16.372961005732506,0.009885326023530157,2
50,441.5813242854785,244.17056067535583,281152.72103881836,422.60980224609375,665.2773303992077,280367.23595798097,5.016213911689968,0.007084156432984989,1.0071346997622028,18366.732421875,194.0,132.77169424887663,11.598389313517556,False,False,science_V_002.fits,280379.6521260787,417.0302309254585,672.3245254999147,-9.17398810546204,0.0016148451511458924,14.94082938856233,0.009298925849627175,2
51,354.89589580912644,246.084832461143,12376.637664794922,136.19210815429688,90.87632046030883,12992.744652523908,4.1753220723033015,0.0057741042945566035,1.0058076382032473,909.6826171875,65.0,132.78484517988872,11.59867477787925,False,False,science_V_002.fits,12030.207150025459,341.7468013446906,35.20210607001885,-5.755304638013618,0.030841904681512107,18.35951285601075,0.03217274283424035,2
52,266.06470432025077,247.03276677815126,14933.709533691406,141.6717529296875,105.41063567628116,15656.630846797469,4.235808427610761,0.00803859634876214,1.0081037390357865,1124.347900390625,69.0,132.7983216721133,11.598816041357122,False,False,science_V_002.fits,15679.362457627527,198.46709591522801,79.00232723879182,-6.042942873425423,0.013742633134317318,18.071874620598944,0.016514304785824965,2
53,233.75072573032074,262.4398762862148,233782.74975585938,386.8905944824219,604.2606180918186,233381.17811075918,4.983793834257846,0.002709092850446182,1.0027164519710596,14853.318359375,182.0,132.80322402320445,11.601105695997596,False,False,science_V_002.fits,233115.82356158757,384.3733504518135,606.4827941051857,-8.973551258531336,0.0017901579575754644,15.141266235493035,0.009330967935201356,2
54,415.1214880411555,262.2215406511344,18281.027923583984,153.0493927001953,119.44528234355192,19311.398604373437,4.313271319544004,0.03729532169383443,1.03874014797503,1320.5872802734375,73.0,132.7757082064256,11.601072252343352,False,False,science_V_002.fits,15835.883983472042,208.87429471704482,75.81537979541426,-6.053727652472164,0.014320313410415302,18.061089841552207,0.01699804910180005,2
55,368.19593492705695,267.1364275189007,374187.61193847656,476.58953857421875,785.1360167449516,372762.9278999291,5.031821272618505,0.0016007275925961073,1.0016032940295883,25288.9140625,208.0,132.78282725160642,11.601803166559874,False,False,science_V_002.fits,371940.39979405893,468.4712763872283,793.9449407921031,-9.480805257923755,0.0013674751789674719,14.634012236100615,0.009259173044056214,2
56,427.2678278789042,273.7120468484905,763324.1924743652,658.675048828125,1158.8782569378113,758390.9804915924,5.124676902326039,0.0010091178174375104,1.0010101371648485,49804.3828125,265.0,132.7738653216915,11.602779709318158,False,False,science_V_002.fits,756820.026853981,642.338101192764,1178.2268955377772,-10.252103413488156,0.0009214693741178391,13.862714080536215,0.009203879774427859,2
57,404.32850591514733,270.52686135053074,22130.58609008789,165.19979858398438,133.96254886374533,22934.692164864377,4.441127534031703,0.019100594550889194,1.0194725314795596,1433.117431640625,83.0,132.77734551283234,11.60230664732769,False,False,science_V_002.fits,19435.783514442926,212.77107859634268,91.34598387460075,-6.276127006608344,0.011885580010725408,17.838690487416024,0.0150043096904203,2
58,255.16119184202267,277.993558751556,1333050.2134399414,852.7474975585938,1563.2414252242884,1323691.2494248464,5.429889776122413,0.001673806854663118,1.0016766131812986,52069.921875,332.0,132.79997583378858,11.60341716389088,False,True,science_V_002.fits,1316536.4844615967,830.8220380615721,1584.6191171496444,-10.853204121481642,0.0006851488715805209,13.261613372542728,0.00918323069899222,2
59,318.2878049148334,276.2611242786719,173988.8289489746,343.1769104003906,506.9945665807724,174045.12051610154,4.911819741992842,0.004408242893413461,1.0044277615417636,11554.1708984375,163.0,132.79039880312982,11.603159546377572,False,False,science_V_002.fits,173228.60334299007,345.858736337002,500.8651947834491,-8.651170883781033,0.002167649122573603,15.463646610243337,0.009410685406136963,2
60,337.51325620072583,280.31624041925716,1017846.990020752,751.1369018554688,1355.0752033436945,1010920.1190859783,5.194636794104616,0.0019066574308130857,1.0019102997179654,54894.8203125,290.0,132.78748205488608,11.603762070749827,False,True,science_V_002.fits,1008030.8919469375,732.9907017280029,1375.2301217062316,-10.563306478115532,0.0007894678736770143,13.551511015908838,0.009191602505453181,2
61,41.210835985059425,283.14143606200514,1016824.6611328125,746.0694580078125,1362.9088420908993,1009975.8208689649,5.182493047744829,0.001907098039052868,1.001910742011396,54881.25,288.0,132.83243467048143,11.60418038677989,False,True,science_V_002.fits,1008280.8117426599,729.9487994642686,1381.3034729047674,-10.56357562992514,0.0007859967207038598,13.55124186409923,0.009191305018311726,2
62,186.04827787067728,281.25160325421547,110430.15249633789,284.5829162597656,388.0421001643609,110840.39099438912,4.8674222598078964,0.0059770880265263004,1.006013028426739,7444.802734375,145.0,132.81046108272344,11.60390115734805,False,False,science_V_002.fits,107062.42781476906,293.48875242099945,364.7922686358751,-8.128714592773804,0.0029762143919878793,15.986102901250566,0.009629130241187979,2
63,67.80563928773913,288.195203999541,497789.4380493164,536.7059936523438,927.4899925409891,495105.201563094,5.080817845734026,0.0018738937747254658,1.0018774118450946,33453.3828125,232.0,132.8283999967618,11.604931854798112,False,False,science_V_002.fits,493732.22201293515,525.7208279678258,939.15286545039,-9.788350551851567,0.0011560418329547772,14.326466942172804,0.009230315802518705,2
64,168.05131863093558,291.7234908866872,232875.0689086914,386.54833984375,602.4474688025405,232349.10921581875,4.980437071637224,0.0023285417553269294,1.0023339765171029,15788.5322265625,186.0,132.81319150841028,11.605457285114479,False,False,science_V_002.fits,228242.4319527937,383.0654956013889,595.831351488516,-8.950612839385528,0.0018221599069731492,15.164204654638842,0.009337160372472217,2
65,202.45984600060544,289.6636243927299,12618.219360351562,132.61050415039062,95.15248766448788,13247.272214099154,4.131621009851769,0.012466319060973619,1.0126236900083445,849.7774658203125,63.0,132.8079712888756,11.605151356044708,False,False,science_V_002.fits,12687.24218182002,193.75874343591607,65.4795853690918,-5.813039949100258,0.016580740300662946,18.30177754492411,0.01894157453890023,2
66,350.3594021215487,295.2386516411656,79824.61770629883,253.6711883544922,314.67750919646465,80402.64691746653,4.776906680911161,0.017023607754901637,1.0173184299126656,5179.8046875,127.0,132.78553302826163,11.6059796163469,False,False,science_V_002.fits,76510.5754279014,271.0290280812534,282.29660848344207,-7.763925544688032,0.0038459548126795196,16.350891949336336,0.009932455160525913,2
67,312.9446229172132,297.8799091956315,565773.4991455078,572.8226318359375,987.6940394833272,562866.0314234231,5.085880386549409,0.00271817259349727,1.0027255811935991,38481.015625,239.0,132.79120932387468,11.60637236359809,False,False,science_V_002.fits,562187.5272029636,560.1283160913235,1003.6763203224747,-9.929324889141288,0.0010817232388736359,14.185492604883082,0.009221302633587315,2
68,108.12709724144378,298.07478490629217,287858.885345459,420.2954406738281,684.8965215610153,287196.2831523272,4.986996642249373,0.006017530751509126,1.006053960645864,19428.515625,190.0,132.8222828489624,11.60640060330245,False,False,science_V_002.fits,287023.11550465197,416.2580242341304,689.5317298272948,-9.1994140595332,0.0015745468308933838,14.91540343449117,0.009292012420211323,2
69,236.13536608601476,298.49278601535315,92697.18606567383,265.5516052246094,349.0740942321494,93086.71567942502,4.79878297463355,0.006319002969660037,1.0063591866892339,5969.580078125,133.0,132.80286230353013,11.60646356272201,False,False,science_V_002.fits,93144.86222726044,279.2130075397235,333.5978615323241,-7.977519135704819,0.0032545172652277353,16.13729835831955,0.009718754021187619,2
70,426.12325100957355,300.56456058556586,198215.78869628906,364.7203063964844,543.4734102268776,198110.71212346957,4.953357682206718,0.0031607089484112505,1.0031707307053246,12859.7705078125,171.0,132.77403859567642,11.606770306334878,False,False,science_V_002.fits,197103.3407363155,365.058779198179,539.9222042248551,-8.79135683721352,0.0020108452504906636,15.32346065681085,0.009375809069947295,2
71,77.10383045986542,306.7662938259286,1175680.6318359375,799.8363037109375,1469.90156158357,1167791.3180262302,5.272763283977722,0.003161000110550205,1.0031710237168698,53643.4921875,305.0,132.82698961281525,11.607691859110055,False,True,science_V_002.fits,1163939.0392531804,782.0032910973952,1488.4068296180824,-10.719447461403638,0.0007294376634099329,13.395370032620733,0.009186641192486297,2
72,182.73565664339532,309.47732952603064,1427779.9247131348,879.055908203125,1624.2197013744603,1418489.4569549349,5.450314680219529,0.002502095138971816,1.002508371322665,51913.3515625,329.0,132.81096381141305,11.608095795253341,False,True,science_V_002.fits,1410975.301476697,858.2810875376983,1643.9547858669582,-10.92842040324203,0.0006604196230539539,13.186397090782341,0.009181418799575576,2
73,439.6682776809671,307.88248281382994,26927.21563720703,175.48793029785156,153.4419808331211,27674.1027950277,4.482590680887661,0.022565734535574977,1.023086702945546,1917.0655517578125,87.0,132.77198352457833,11.607857639969481,False,False,science_V_002.fits,25699.739292356884,219.77319525445495,116.93755129055455,-6.579443668316102,0.00928444274758553,17.535373825708266,0.013040827206426693,2
74,350.16354655791656,319.7618873264192,1479122.5393066406,911.4051513671875,1622.9034223559383,1469024.7253479252,5.474858466764998,0.00238194801843572,1.0023876352414678,53919.94140625,337.0,132.78556255358086,11.609624042942654,False,True,science_V_002.fits,1461400.5853206192,882.5647611527486,1655.8564874172325,-10.966545066423379,0.0006556727640651095,13.148272427600991,0.009181078578697705,2
75,216.51209593208188,321.9049682346902,62238.90481567383,236.6422882080078,263.0083798081179,62934.87898820817,5.027196740003313,0.11518195861049418,1.1301758703174882,4105.26123046875,137.0,132.8058394865473,11.609942828494553,False,False,science_V_002.fits,61815.75537869461,250.35804123213492,246.90940652223074,-7.532369825596289,0.004397159327756304,16.582447668428077,0.010158607544755303,2
76,199.48900332713706,330.62176966109445,819573.5251464844,676.69287109375,1211.145499171277,814233.8562983737,5.125479595176154,9.207016582057914e-05,1.0000920786435166,50329.8125,266.0,132.80842218662804,11.611238178620837,False,False,science_V_002.fits,812151.1088610364,661.6179608888677,1227.5227652071762,-10.328713978051995,0.0008844642484628464,13.786103515972375,0.009200248589113995,2
77,499.2979653473405,333.92194737959494,1046314.2403564453,764.8482055664062,1368.0024778009385,1038072.1855957317,5.231710707428899,0.0018249261737998124,1.001828262618104,56417.859375,306.0,132.76293635423303,11.611726380145715,False,True,science_V_002.fits,1034045.0453682697,743.286292438385,1391.1800283253403,-10.59097051911937,0.0007804166088460401,13.523846974905,0.009190829515231357,2
78,17.166776486237666,334.20466284677855,84245.45193481445,252.40322875976562,333.77327361766146,84626.75128264361,4.729478020074914,0.007937532286368065,1.008001040806091,5844.0419921875,127.0,132.83608342297356,11.611768518231878,False,False,science_V_002.fits,86253.74588988183,267.7431781603202,322.1510496832696,-7.894066786563001,0.0033701581946339507,16.220750707461367,0.00975808707439852,2
79,223.04592871547646,333.5358207869034,27620.378479003906,173.9907684326172,158.7462296294224,28352.852063597253,4.501582048805572,0.03206726171051255,1.0331296384986226,1847.86083984375,90.0,132.8048482351627,11.611671320572317,False,False,science_V_002.fits,26997.014424659537,214.0022824930659,126.15292748353885,-6.632911220494934,0.008606221208316141,17.481906273529436,0.012566994094896186,2
80,172.9826826683609,346.97354235887684,170162.22207641602,339.6948547363281,500.92669848796004,170106.32476205193,4.937182831661929,0.006119180155026105,1.0061568550603286,11729.388671875,169.0,132.8124437238868,11.613668089196482,False,False,science_V_002.fits,170029.65526672226,340.60177351046536,499.2036697703746,-8.630933559773238,0.002174863819609748,15.483883934251132,0.00941234985157971,2
81,69.37785674267701,349.17859137423727,409630.5633544922,492.1662292480469,832.3012409452467,407879.79274352523,5.060760596004278,0.0012867952492553458,1.0012884532247437,26569.28515625,218.0,132.82816238630204,11.613994685593589,False,False,science_V_002.fits,407529.52677090693,483.07162330415633,843.6213329680808,-9.580019574516879,0.0012869518083192884,14.534797919507492,0.009247623589421305,2
82,372.72979021820817,350.293438328875,514464.6875305176,550.160400390625,935.1176259964135,511772.00304382644,5.074533542580554,0.003326215856795822,1.0033373164918302,33703.390625,231.0,132.7821386263749,11.61416118001757,False,False,science_V_002.fits,511581.07206712675,538.1079152626896,950.7034881978772,-9.826908043263893,0.0011419964410333847,14.287909450760477,0.009228567221731552,2
83,46.61575816911025,358.43628791093215,655019.4338378906,608.6098022460938,1076.255149720758,651272.2211308207,5.09672329029979,0.003812942041580558,1.0038275362153317,40453.15234375,250.0,132.83161594653143,11.615370126615584,False,False,science_V_002.fits,650948.1743516388,595.6949758357231,1092.754179164259,-10.088487907331345,0.00099354458733834,14.026329586693025,0.0092113749213521,2
84,195.87868175607915,357.97207774998213,106378.23474121094,280.8084411621094,378.82847930415056,106864.01781649538,4.836998390119566,0.005983571628775497,1.0060195902783822,7420.177734375,141.0,132.80897006025523,11.615302721636258,False,False,science_V_002.fits,106394.16906896495,291.384642358202,365.1330701848506,-8.12191644181055,0.0029734365048072983,15.992901052213822,0.009628272001912169,2
85,425.8474512145649,356.55456128885163,28812.330047607422,179.1097869873047,160.86407410919227,29589.36575975982,4.474997704219478,0.0036291314143982456,1.0036423499811369,1908.50830078125,88.0,132.7740796654804,11.61509104511512,False,False,science_V_002.fits,29039.907546155988,222.51035097898725,130.51036690377774,-6.7121099474772326,0.008318879379141287,17.402707546547138,0.012371986551051017,2
86,150.73172061795344,363.43009172838464,143685.54348754883,315.8671569824219,454.8923188476508,143888.1742467105,4.9083358633879035,0.0013737852307014187,1.0013756751128537,9194.2236328125,157.0,132.8158197153797,11.616113550840788,False,False,science_V_002.fits,143787.84098498023,320.40629882735533,448.7672106048623,-8.448927280806322,0.0024192944010696773,15.665890213218049,0.009471815163617383,2
87,510.33430104293643,366.00133519726404,57911.7024230957,178.94293212890625,323.63224260446054,57955.75541122619,2.2358074356985855,0.3587618263669242,1.5594829520742353,57754.36328125,15.0,132.76126130325687,11.61649351385663,True,True,science_V_002.fits,57255.19174312176,224.23710694119612,255.33326095817114,-7.449159057603854,0.004252089978116326,16.665658436420514,0.010096661144986613,2
88,189.41706531723452,375.43705149764435,187106.93829345703,352.39794921875,530.9535390551065,187079.14912080157,4.938367090047358,0.0024638737001727584,1.0024699593681003,11780.7998046875,168.0,132.80995049668567,11.61789817861116,False,False,science_V_002.fits,186346.76685885753,353.55635022176756,527.0638378916738,-8.73042652926167,0.0020599022773843604,15.3843909647627,0.009386452710532258,2
89,413.73123439199463,378.5344007745938,541388.8870849609,595.0975952148438,909.7480672720703,540867.21858179,6.723800998779671,0.37233805226082184,1.5932143148106614,23612.603515625,282.0,132.77591763084297,11.618357651106827,False,False,science_V_002.fits,528566.912950444,547.094776560417,966.1340879061986,-9.862371808616269,0.0011237570577319388,14.252445685408102,0.009226327927159723,2
90,168.8985410755511,380.2149475376069,88214.08139038086,261.7151184082031,337.06146563834085,88682.7402632683,4.816373231387001,0.01119403715335221,1.011320762185865,6055.86328125,135.0,132.81306358948873,11.61860810363473,False,False,science_V_002.fits,88226.11722414602,274.8544315608213,320.99215836955807,-7.918614790592558,0.0033823256166589416,16.196202703431812,0.009762296024593414,2
91,334.40175632807444,382.41218408603584,716930.8609924316,639.0010375976562,1121.955707126478,712625.0590791774,5.1067915057539075,0.0012060018796733463,1.001207458076383,44352.4453125,255.0,132.78795345122765,11.618934681296684,False,False,science_V_002.fits,711764.5692898014,624.1655858543568,1140.345743855037,-10.18546278802605,0.0009520796704424904,13.92935470599832,0.009206994775362642,2
92,318.20694743755854,387.3807000093498,14438.460388183594,141.59825134277344,101.96778739330435,15122.6304529965,4.184832154605535,0.031221631382658765,1.0322278370306914,1025.044921875,66.0,132.7904105027744,11.619673149396629,False,False,science_V_002.fits,14291.228670037211,202.89311894268883,70.43722697206923,-5.942295794807434,0.015413724342534345,18.172521699216933,0.01792889274892125,2
93,63.34741668998574,389.9803214715553,136176.34326171875,307.0289306640625,443.52935395106755,136496.5709506535,4.864193623430724,0.005086334187702213,1.0051123372434025,9023.2470703125,151.0,132.8290779401777,11.620058184596608,False,False,science_V_002.fits,136742.92038333794,313.398277830271,436.32313913797134,-8.394384000987088,0.0024882934289136723,15.720433493037282,0.009489673402338989,2
94,282.41195230380373,392.94977940184236,347790.04528808594,461.6628112792969,753.3421293440069,346586.59071223624,5.030989092561908,0.005113404168755498,1.0051396854578014,22669.0234375,205.0,132.79584132271444,11.620500904919686,False,False,science_V_002.fits,346753.1963184827,454.0814368626998,763.6365818304309,-9.404673056602334,0.0014217495937630248,14.710144437422036,0.009267344225939297,2
95,510.33355718849197,387.99978700112376,26705.366577148438,128.201171875,208.3082875653194,26640.93668713968,2.235058981756245,0.35810118004814917,1.5578779223725796,26575.08203125,15.0,132.76126096235478,11.619762727161572,True,False,science_V_002.fits,26335.94181560934,186.3734639891674,141.30735809653711,-6.605994009140723,0.007683251704828287,17.508823484883646,0.011953855187948023,2
96,98.3992966152527,393.0218059180386,90433.74282836914,262.3620910644531,344.69058567669657,91046.84508810104,4.809644001858676,0.006398719810886466,1.006439927100002,6036.2734375,135.0,132.82375988583914,11.620510666671093,False,False,science_V_002.fits,91097.97034744233,275.2809009777192,330.927318327891,-7.9533936266620415,0.0032807808236739815,16.161423867362327,0.009727580372717155,2
97,407.0867776102589,398.0501349117246,715888.1091003418,639.9912109375,1118.5905319725612,711308.2513868702,5.116998340396065,0.003929249871114204,1.0039447497786735,49097.01171875,256.0,132.77692548604327,11.621257987295337,False,False,science_V_002.fits,708497.2063005688,624.4335279208512,1134.6239024986705,-10.180467229304673,0.0009568809520133234,13.934350264719697,0.009207492506161001,2
98,242.3874585822387,397.4891646561276,204925.2020263672,366.8764953613281,558.5672688694356,204875.4052536661,4.954561351318988,0.002124265069102571,1.002128787177343,12581.7724609375,171.0,132.80191387907354,11.621175531393067,False,False,science_V_002.fits,204381.3833651461,367.22856791346555,556.5508819926747,-8.830725209962694,0.0019507650335810448,15.284092284061677,0.009363107460182625,2
99,40.999319316561596,402.4456124089135,479315.3486022949,531.8753051757812,901.1799268324451,478489.4716781697,5.880512544119496,0.2337439556034785,1.3050468016700183,18782.98046875,249.0,132.83246882252536,11.62191030549872,False,False,science_V_002.fits,473505.3057620323,516.8267737005036,916.1779726923054,-9.742933998441195,0.0011850317649632338,14.371883495583175,0.009233991411012735,2
100,221.87070688907704,404.2550016565441,777126.2611083984,661.9214477539062,1174.0460499435635,771987.561389547,5.127701497015034,0.002222801704799493,1.0022277535592088,52152.63671875,266.0,132.80502672448543,11.622180972602019,False,True,science_V_002.fits,770468.0516618177,646.1694708913826,1192.3621996547852,-10.27150846131798,0.0009105454704236128,13.84330903270639,0.00920279251903432,2
101,469.5441935908351,404.33952717705836,128894.3179321289,309.6304016113281,416.2844386770746,129181.8700670895,4.897120288397066,0.012557100324027792,1.0127167862852104,8156.8359375,153.0,132.76744925891975,11.622191752957038,False,False,science_V_002.fits,128376.4719523336,316.31329191293185,405.8522839048775,-8.325835464572947,0.0026751112240986264,15.788982029451423,0.009540362527492524,2
102,121.25169163879904,406.83159583398077,370750.81271362305,472.0622863769531,785.3853684417602,369336.0819071719,5.047766656700115,0.0023602092148689024,1.0023657929812637,24977.16796875,211.0,132.82029284976096,11.622563217452406,False,False,science_V_002.fits,368485.2687599047,463.8366219905684,794.4290107549926,-9.47067220002269,0.0013666419343978835,14.64414529400168,0.009259050019928603,2
103,451.0437054238145,402.82202046322845,5815.1494140625,108.171630859375,53.75854434165179,6538.531279133777,3.704504238560339,0.07237390018803891,1.078020551817925,462.8818664550781,43.0,132.77025620964523,11.621966535767685,False,False,science_V_002.fits,6290.27183962361,196.5358396465556,32.005723998919756,-5.0512954097118765,0.033922057193164705,19.063522084312492,0.03513642357029273,2
104,177.2414957368427,410.8091534860174,756147.1001586914,652.587158203125,1158.6913573977074,751223.6030408047,5.117741475729866,0.0008428876975017374,1.0008435987565152,50386.6171875,261.0,132.8117979898246,11.623154796044846,False,False,science_V_002.fits,750109.4381638073,637.6768996817386,1176.315840417276,-10.242433448931392,0.0009229664029814208,13.872384045092979,0.009204029773730502,2
105,307.441303146729,406.6872087560785,25744.76904296875,170.36785888671875,151.1128285065025,26205.109144905906,4.4071885103187665,0.004943475990937363,1.0049680353544341,1682.8101806640625,83.0,132.7920437892155,11.622542360036972,False,False,science_V_002.fits,25756.966047240203,215.95975729577412,119.26743375602142,-6.581858637749685,0.00910307169198387,17.532958856274686,0.012912327881682806,2
106,57.37364444148089,415.37169673448335,126520.90783691406,298.139892578125,424.36759047184654,126852.04316608488,4.842748976496237,0.002874913688934333,1.0028832026476941,8186.45361328125,147.0,132.8299846899213,11.623831531852332,False,False,science_V_002.fits,126020.62499182326,305.8793917921596,411.9944931675958,-8.305725946896395,0.0026352293974918413,15.809091547127975,0.009529256585489252,2
107,342.7467945678852,412.89294530484807,22445.603759765625,162.0947723388672,138.47210144965055,23139.750573257956,4.327999617441333,0.028351812514834762,1.0291790926798468,1589.78173828125,76.0,132.78668712571022,11.623464405068313,False,False,science_V_002.fits,19958.381471022014,213.69476865383362,93.39667787260063,-6.304935171992315,0.011624610475770542,17.809882322032053,0.014798441330359064,2
108,411.81057207727423,418.07565299997293,758707.5176696777,657.9652709960938,1153.111799534754,753588.8987149668,5.130412714056459,0.004444665527199576,1.0044645087754498,51357.93359375,264.0,132.77620853223684,11.624233943226647,False,False,science_V_002.fits,751936.4090477116,641.2408293585252,1172.6271544497915,-10.245074659138904,0.0009258697411876169,13.869742834885466,0.009204321369461841,2
109,136.14520166302276,418.4331051673001,66573.90075683594,235.7203369140625,282.42748007401264,67264.92017526583,4.758618985004406,0.008335068482570929,1.008405125781565,4344.0302734375,124.0,132.8180332881374,11.624287479406286,False,False,science_V_002.fits,66564.29579976457,254.33948577778148,261.7143602229437,-7.612725228684278,0.004148415849535871,16.502092265340092,0.010053439767331652,2
110,35.911106223634604,422.40420494903617,700088.9862670898,627.2616577148438,1116.1035871657784,696181.9830883679,5.094767180639853,0.0030889715848148036,1.0030985428957742,45316.6015625,249.0,132.8332411676429,11.624876285768286,False,False,science_V_002.fits,695408.0629364465,614.6124914078628,1131.4577439575125,-10.160221178593583,0.000959558592265704,13.954596315430788,0.009207771162810033,2
111,474.62135501544253,428.0658819228837,265588.24111938477,447.5908508300781,593.3728105184433,264872.4562554108,5.0266233690490925,0.0010744408074193634,1.0010755964721614,17437.376953125,194.0,132.76667852209357,11.625717664305926,False,False,science_V_002.fits,263943.51124135376,442.09230044662394,597.0325901959947,-9.10839934859035,0.0018184936933569825,15.00641814543402,0.009336445598163374,2
112,168.72704354388398,432.6141885679729,17733.905029296875,150.37716674804688,117.92950627278131,18513.162897176815,4.314047428040163,0.021809627842021118,1.0222958929701047,1200.9705810546875,75.0,132.81308997427521,11.626395210477947,False,False,science_V_002.fits,17469.940063689453,202.3801939781215,86.3223802699688,-6.16035041153348,0.012577271347297529,17.95446708249089,0.015557957823513872,2
113,148.81650666829213,442.7036309021878,213352.23086547852,373.1071472167969,571.8256336202226,213101.07911738765,4.9718225086642756,0.0040751519167108174,1.0040918267322616,14152.380859375,179.0,132.81611096877276,11.627894461365782,False,False,science_V_002.fits,212530.39601026272,371.330582152591,572.3482153778747,-8.873174502659612,0.0018969221373097167,15.241642991364758,0.009352037782734881,2
114,434.92092116487186,444.3920569174668,482978.59045410156,537.4593505859375,898.6327801861833,480288.590568142,5.093089095603153,0.006039018426546527,1.0060757097496793,31407.0546875,231.0,132.77270178080826,11.628144543460186,False,False,science_V_002.fits,478633.3267928035,524.5917702248169,912.3919854626815,-9.75462921116731,0.001189949075943968,14.36018828285706,0.009234623755087426,2
115,374.4392038820734,448.29818196573467,628066.5038757324,608.9271850585938,1031.4312109670338,626267.8567968515,6.09846837689947,0.2658122497584794,1.3620494208341627,31779.8671875,282.0,132.78187833288365,11.628725754957374,False,False,science_V_002.fits,617813.5866883592,586.2524312342332,1053.8354363625929,-10.031765511256587,0.0010302367547511883,14.083051982767783,0.009215404758637863,2
116,415.44560732635546,450.99414719386465,1171627.7516784668,805.5475463867188,1454.4489110963093,1162940.0897442899,5.262552406869799,0.0025555014763672945,1.0025620487958475,56027.375,309.0,132.7756565874817,11.629125949997487,False,True,science_V_002.fits,1158754.6127055683,784.2332657901513,1477.5637087239209,-10.714600563968851,0.0007347906513876489,13.40021693005552,0.00918706778009457,2
117,179.3795873820527,450.75454656295994,17021.764739990234,148.87632751464844,114.33493171246722,17900.16664009408,4.325546874285243,0.006339843183706617,1.0063802932423291,1105.1983642578125,74.0,132.8114738376265,11.629091136935907,False,False,science_V_002.fits,17492.578695126336,202.13250988097732,86.54015479957468,-6.161756464992153,0.012545621191855507,17.953061029032217,0.015532382566245884,2
118,508.99998732019156,453.00217751553055,32049.886749267578,145.60018920898438,220.1225625006943,32228.401326351443,2.665194302337561,0.00042766166382990356,1.000427844636579,31790.4765625,25.0,132.76146195828122,11.629422827571778,True,False,science_V_002.fits,31409.351412575445,204.4613171037873,153.62001897225204,-6.797269295358089,0.007067438262692228,17.31754819866628,0.011567669630986668,2
119,123.76434925424249,459.4781564250598,19518.406158447266,154.7537078857422,126.12561227197284,20644.171546697733,4.397515436836493,0.022056521166933685,1.022553983583236,1253.817138671875,79.0,132.8199121825228,11.630387105556379,False,False,science_V_002.fits,17731.129071469273,203.4444110475109,87.15466293801738,-6.1764628520584655,0.012457164807947542,17.938354641965905,0.015461023644864262,2
120,264.50755980595,461.1737289984367,17026.193603515625,321.4755859375,52.962633395202175,17631.5509195252,4.352038447190632,0.04287206401139054,1.0447924069493473,1109.0433349609375,74.0,132.79855774063924,11.63063976602332,False,False,science_V_002.fits,15458.71673354983,350.16005717771185,44.147573135973886,-6.027555472079847,0.02459251829440454,18.08726202194452,0.026242222717508267,2
121,61.37668168141113,466.8503897508829,53316.58963012695,214.90231323242188,248.09686237515655,54046.282465488526,4.670026313106117,0.007380960497955669,1.0074358441700437,3523.113037109375,111.0,132.82937814373415,11.63148189691262,False,False,science_V_002.fits,54341.85072154762,239.69836628047312,226.70930788890632,-7.392457936815902,0.004788952028965756,16.722359557208467,0.010334232367738802,2
122,433.22868813666724,469.3717001528301,91963.19134521484,271.1532287597656,339.1558041401444,92719.74082770912,4.823068738290962,0.005240388503202187,1.0052679948428114,6120.6220703125,134.0,132.77295817519368,11.631856818601136,False,False,science_V_002.fits,91583.86941998673,286.1681307503274,320.03518064662046,-7.959169345361646,0.003392439536823356,16.155648148662724,0.009765804785356266,2
123,174.90703479413932,472.2431275888213,67730.73516845703,238.18199157714844,284.36547498814025,68435.33360056843,4.765667152858816,0.007958040644822195,1.0080218790846256,4573.42626953125,124.0,132.8121525771843,11.632284550226272,False,False,science_V_002.fits,67978.04692579797,257.0730609882203,264.43084570776125,-7.635543580868647,0.004105799371075921,16.479273913155723,0.010035929731231309,2
124,277.89887770516566,480.2579574911003,1422922.7895507812,881.2310791015625,1614.6988267838751,1412298.3578220853,5.4363035825912025,0.0014247701343248487,1.0014268030006277,55392.16015625,337.0,132.7965258888802,11.633475876315593,False,True,science_V_002.fits,1404974.7849483946,857.9636320472106,1637.5691608232225,-10.923793199134671,0.0006629948987645857,13.191024294889699,0.009181604398495557,2
125,243.58749597904776,481.03018252626003,951692.7315673828,728.2775268554688,1306.7720703624734,944640.3852544703,5.186397459974903,0.004167720149447107,1.0041851627365128,55037.59765625,287.0,132.80173188491932,11.633590653134831,False,True,science_V_002.fits,941920.2743199252,709.9694367304442,1326.7053841890188,-10.489657236415296,0.0008183429515993567,13.625160257609075,0.00919412759760911,2
126,195.74380742512247,481.45808755205076,123553.10623168945,300.4085998535156,411.28351948624663,123881.99837521628,4.919567083439502,0.006191513798601389,1.0062300874711454,7750.53466796875,153.0,132.80899111427516,11.633654110394756,False,False,science_V_002.fits,123467.49535884586,306.68425469289684,402.58830856015743,-8.283503469561959,0.0026967996261067963,15.831314024462412,0.00954646664049348,2
127,326.0223883170168,493.14829666772596,19767.271850585938,157.068359375,125.85139317201158,20725.886453822288,4.34436047841235,0.011498096196564167,1.0116318402142912,1403.398681640625,75.0,132.78922413381596,11.635391343874439,False,False,science_V_002.fits,20497.562171333255,210.7048359999351,97.2809289072965,-6.333877404912668,0.011160460865198089,17.7809400891117,0.014436695737539916,2
128,357.7075620562961,493.548630633767,2392.3321533203125,81.19255828857422,29.464918999318837,3360.71144258179,3.1301196981532144,0.04772389329634141,1.0501156050859446,201.62847900390625,27.0,132.78441657155338,11.63545061946743,False,False,science_V_002.fits,2879.1811454514163,190.09705387787028,15.145848327040222,-4.202794348145717,0.07168301019241528,19.912023145878653,0.07226559518429637,2
129,178.99892360106227,508.99893620837616,56651.430908203125,181.514404296875,312.1043265279771,56795.21044436317,2.6612907891484334,0.0004816621848723335,1.0004818942951315,56627.69140625,25.0,132.8115319516892,11.637746894971329,True,True,science_V_002.fits,56499.03858337735,226.51761372766893,249.4244825097945,-7.434724518302472,0.004352820497311712,16.680092975721895,0.010139494236721183,2
130,29.08424499858657,14.006475421944296,792983.8771057129,657.0932006835938,1206.8057868819035,791619.8148257999,5.066772202480747,0.011391716430043997,1.011522982984633,54441.53515625,225.0,132.83426950883097,11.564183742041493,False,True,science_V_002.fits,803965.4099227496,654.9380344373893,1227.5442372397551,-10.317715283838524,0.0008844487775375781,13.797102210185846,0.009200247101832254,2
131,31.699873405002766,22.443877580929364,87901.85107421875,243.2300567626953,361.39386819277524,93831.42061457146,4.496317259080441,0.11524374237499391,1.130254792076123,5804.15869140625,97.0,132.83387289570686,11.565437679396,False,False,science_V_002.fits,214741.19098686075,371.4466313529305,578.1212504329434,-8.884410267647583,0.0018779797476514506,15.230407226376787,0.009348214002004559,2
132,211.0893711218264,19.484182784590054,1427270.9252624512,876.0536499023438,1629.2049298824943,1418063.5900896704,5.395377495943754,0.002512748277200605,1.0025190780863222,56075.26953125,317.0,132.80666112350707,11.564999726610122,False,True,science_V_002.fits,1410949.1505882316,857.5081232742482,1645.4061626853907,-10.92840028011905,0.0006598370813368535,13.18641721390532,0.009181376915724146,2
133,238.91165903883999,16.955537211423717,1251810.082397461,816.792236328125,1532.593022706669,1249038.541022942,5.216990422792131,0.025830683523023423,1.026515599584309,56148.67578125,240.0,132.80244073725925,11.564624007760084,False,True,science_V_002.fits,1249356.771903922,809.4247756526266,1543.5118981829844,-10.796338061937407,0.0007033959383650242,13.318479432086963,0.009184610113706162,2
134,227.39828022874903,16.44375314434653,211210.64874267578,432.9355163574219,487.8570613003369,211807.8567569902,4.988707851598836,0.007439780109804728,1.0074955453187795,12962.7138671875,154.0,132.80418720652634,11.564547931152454,False,False,science_V_002.fits,222377.8518716081,444.3044792658424,500.5077874503081,-8.922350700819868,0.0021691970179540743,15.192466793204503,0.009411042067560103,2
135,249.44346655373107,24.603222988867497,1374078.408782959,862.2669067382812,1593.5650528218926,1362527.6777592497,5.492100764007353,0.06007163376667357,1.0639108637686987,55698.6015625,327.0,132.80084316533822,11.565760547411525,False,True,science_V_002.fits,1356034.2272783348,841.6758229491945,1611.1122480943452,-10.885298502976378,0.0006738822830527092,13.229518991047993,0.009182396986958113,2
136,341.6366572051892,25.519460326902504,1358494.683746338,856.6817016601562,1585.7636285609026,1349846.5269013094,5.336249273303165,0.004376121352381079,1.0043953559634642,56603.33203125,305.0,132.78685826923078,11.565896415579378,False,True,science_V_002.fits,1344126.6309176215,838.608580259596,1602.8057219514014,-10.875722338465838,0.0006773746718836081,13.239095155558532,0.009182653948657464,2
137,340.5183884505112,41.36719195416678,820991.2869567871,671.9834594726562,1221.7432964809368,820178.555045032,5.100661061991434,0.023884669783118206,1.0244691063071525,50133.4296875,229.0,132.78702779131953,11.568251571339884,False,False,science_V_002.fits,819198.2963432688,664.2242035489497,1233.31593754984,-10.338094475156758,0.0008803097137923148,13.776723018867612,0.009199850123066256,2
138,351.76313589931203,41.90220950584036,281018.62579345703,414.79644775390625,677.4856132812931,281358.95666605106,5.018290239360185,0.018224389515102524,1.018562683082035,19039.14453125,175.0,132.78532204348804,11.568331000003575,False,False,science_V_002.fits,293010.34396113973,422.06880895032214,694.2241116794473,-9.22182925466975,0.0015639041942428439,14.89298823935462,0.009290214928808454,2
139,61.609131323095596,25.622926568350806,182415.8678894043,339.31256103515625,537.6042293656914,182976.22340675327,4.921496054691011,0.015705662137692533,1.0159562658582413,11543.345703125,152.0,132.82933598260726,11.565910612712706,False,False,science_V_002.fits,189211.39799188948,349.2663199214952,541.7396044211151,-8.746990110334874,0.0020040993701395393,15.367827383689496,0.00937436458540411,2
140,49.88254745874568,30.466562907047862,1309534.6414489746,837.3236083984375,1563.9528472793725,1301935.6610589246,5.283856701308637,0.004734565201285346,1.004757087944326,59111.13671875,295.0,132.83111488214922,11.566630246215624,False,True,science_V_002.fits,1294484.8623767588,822.14269267886,1574.52577746428,-10.834864314512572,0.000689540949750904,13.279953179511798,0.009183559430638453,2
141,37.10912303954332,41.14851621565727,95945.36599731445,264.4664001464844,362.7884901226455,96457.45272039108,4.847159017360694,0.017904765868643313,1.0182311910763722,6536.8125,140.0,132.83305269082135,11.56821748925725,False,False,science_V_002.fits,61363.38194140202,274.564377226835,223.49360307111453,-7.524395091599125,0.004857857160477814,16.590422402425244,0.010366343293866487,2
142,12.976898271781442,28.6724777669103,375595.7759094238,463.7677307128906,809.879064531007,374558.2748885808,4.599175606152676,0.020977447673335536,1.021426929975701,59642.2734375,174.0,132.83671312248612,11.566362974455991,False,True,science_V_002.fits,375134.1160406443,464.85522830140354,806.9912807292645,-9.490088279648617,0.0013453676959419823,14.624729214375753,0.00925593384440324,2
143,16.435767247165902,41.80809952362914,1365207.5317687988,848.5741577148438,1608.82525040029,1367159.2485973686,5.213339318968754,0.03379829899885489,1.0349805832093177,59999.8359375,239.0,132.83618869485335,11.568315138343676,False,True,science_V_002.fits,1425171.151870374,860.38419190798,1656.4357705247091,-10.939289431129316,0.0006554434644067623,13.175528062895054,0.009181062205960627,2
144,20.972119766232165,49.556041734057565,461065.9249267578,508.0696716308594,907.4856278013532,463598.6459513934,4.906592216140271,0.0937382174054946,1.1034339295839384,29378.361328125,176.0,132.83550071077642,11.569466652660171,False,False,science_V_002.fits,679468.8398224206,606.3123500819736,1120.658089399888,-10.135045736412412,0.0009688057492909296,13.979771757611958,0.009208739418321286,2
145,138.58583925718918,36.39558935231424,1216944.226776123,806.8549194335938,1508.2565619484715,1213189.8354634838,5.209232427199326,0.04047960598438671,1.0421873325849582,55648.92578125,260.0,132.81765939518507,11.567512490093979,False,True,science_V_002.fits,1238095.2168216063,804.6134039607068,1538.745453067382,-10.786506988477422,0.000705574790057532,13.328310505546948,0.009184777236223523,2
146,137.91759884749553,46.97229047662626,849686.4154052734,677.570556640625,1254.019093772306,851497.6312463272,5.1205995272510805,0.019534656214464152,1.0199238620092799,54923.34765625,209.0,132.81776086196214,11.569084298688004,False,True,science_V_002.fits,883494.2720053438,687.3737003280462,1285.3187015792137,-10.420131219472593,0.0008446932256303818,13.694686274551778,0.009196510411026072,2
147,128.00649014626362,56.87915006622602,1639906.8776245117,933.7740478515625,1756.2138093231733,1632780.7935117849,5.669536230044591,0.1177583571489067,1.1334763078835786,55965.09765625,319.0,132.8192644086576,11.57055647216705,False,True,science_V_002.fits,1619344.683117391,915.6510280241968,1768.517299228761,-11.077970123230251,0.0006139040881723164,13.036847370794119,0.009178190198735248,2
148,220.5244644537607,40.346691283779805,1566851.2015075684,918.388671875,1706.0872476885575,1556605.4217362045,5.7485083599977065,0.05900018946894248,1.0626994700834695,55180.91015625,352.0,132.80522996546824,11.568100155276776,False,True,science_V_002.fits,1541989.9326000984,895.2254064621541,1722.4599765257965,-11.024825719757391,0.0006303194354564094,13.089991774266979,0.009179302788632653,2
149,199.33758507824484,44.12839086837161,1340874.7369995117,853.1905517578125,1571.600546017455,1333905.8954429927,5.8578139405853245,0.1856007587715387,1.2278989829258358,55352.65625,340.0,132.8084438711817,11.568662082337326,False,True,science_V_002.fits,1320347.24401046,830.448074460764,1589.9214949324833,-10.856342282217042,0.0006828639045766878,13.258475211807328,0.009183060503277697,2
150,272.95785817533766,43.56730900276688,346769.52838134766,452.921630859375,765.6281015401848,350184.8656612701,4.9784033988510314,0.03125550416455303,1.0322639295489346,22776.373046875,182.0,132.79727621303448,11.568578808874545,False,False,science_V_002.fits,359938.17273917905,459.2061073168167,783.8270593619295,-9.445191643013153,0.001385126970334258,14.669625851011217,0.0092617964682146,2
151,272.10910808295404,52.86547599817085,144940.27444458008,309.0380554199219,469.0046157831105,146482.6197559334,4.829631386803775,0.038504951751593186,1.0400469579346656,9753.232421875,132.0,132.7974049493538,11.569960620578275,False,False,science_V_002.fits,181388.16137946068,348.00119133523145,521.2285644296213,-8.701144220661545,0.0020829633563695382,15.413673273362825,0.009391540525316565,2
152,62.875650563741466,51.2801467187489,828592.6047973633,675.4478149414062,1226.7307502789718,823082.2119510169,5.136025362566489,0.003970276937268702,1.0039861028695614,54953.78125,266.0,132.8291442608801,11.569723578267812,False,True,science_V_002.fits,819610.393112328,661.8550399212668,1238.3533306777078,-10.338640516185635,0.000876728776112577,13.776176977838736,0.009199508163024202,2
153,47.04626286180934,59.40257137003959,1377371.2630310059,854.8010864257812,1611.3354146404647,1374312.5788757796,5.313557662328177,0.029923958762361313,1.0308470238314347,58486.9140625,267.0,132.83154560853276,11.57093041044082,False,True,science_V_002.fits,1404206.0004560857,855.7277344235647,1640.9495029420623,-10.923198935367717,0.0006616291348718812,13.191618558656653,0.009181505879037294,2
154,38.486234690288256,63.434117222320296,471720.43533325195,513.6513061523438,918.3670511164718,475195.7571719036,4.926568445938209,0.09212977997026617,1.1014790197295476,29417.1640625,178.0,132.83284418307716,11.571529399324096,False,False,science_V_002.fits,616203.9405806062,580.751517967886,1061.0457683120178,-10.028933052221614,0.0010232357853207444,14.085884441802756,0.009214624711134255,2
155,53.06114258393546,74.65832274406029,615361.6137390137,586.6101684570312,1049.0128654905654,611984.8884756176,5.121597342921604,0.006053884065651105,1.0060907568011976,40771.5625,231.0,132.83063343674465,11.573197681026715,False,False,science_V_002.fits,606186.5878618801,576.7615659683483,1051.01765379274,-10.011137682006678,0.001032998823646876,14.103679812017692,0.0092157139530446,2
156,54.6752921742807,89.53546000673155,576206.1186523438,570.325927734375,1010.3102289971769,573122.5607373716,5.097270658636661,0.002517678502307441,1.0025240332064504,35756.890625,235.0,132.8303888187838,11.57540861379654,False,False,science_V_002.fits,571746.4244784433,559.9722432612357,1021.0263657866964,-9.947630517407784,0.0010633417866378729,14.167186976616586,0.009219164433390659,2
157,155.4250990807921,57.47212033792924,553158.144744873,563.8455200195312,981.0455614256047,550327.7515217388,5.235661543008818,0.049528849740259395,1.0521097875792698,32493.197265625,249.0,132.8151051823683,11.570644839236218,False,False,science_V_002.fits,547855.9512621951,550.5312455023205,995.1405224281423,-9.901287833227714,0.0010910016982836684,14.213529660796656,0.009222395664920419,2
158,148.37672632848216,72.24054283902677,129227.70153808594,297.22076416015625,434.786923125102,130342.7560978655,4.899189550947486,0.03175745797826779,1.0327990731660652,8451.3681640625,143.0,132.81617450384,11.572839532943807,False,False,science_V_002.fits,136820.0965661077,315.44729917420756,433.73361231585005,-8.394996605563067,0.002503149327540196,15.719820888461303,0.009493579601533346,2
159,144.723056581799,83.91980511894346,1385529.1041259766,858.167724609375,1614.5201740797797,1381175.8532271395,5.354302761036557,0.013922929910405668,1.0141195149271047,55140.28125,263.0,132.8167288511814,11.574575169371991,False,True,science_V_002.fits,1380654.0464907577,848.6618374342983,1626.860058494907,-10.904834049267006,0.0006673591833119548,13.209983444757365,0.009181920571113425,2
160,135.9263668153547,88.52077908596969,168282.01486206055,322.6800537109375,521.5135330701617,173168.71013607376,4.827678039115627,0.10615765005833322,1.118765518399594,10717.8427734375,121.0,132.8180633173141,11.575258845423164,False,False,science_V_002.fits,273945.8546520973,409.8598304991317,668.3891278598419,-9.148783706734816,0.0016243531720457104,14.966033787289554,0.009300581719560344,2
161,132.94728470948942,100.76742219435229,1409761.6145019531,869.8743286132812,1620.6497514984014,1401165.0677599395,5.41886674034117,0.007630323029025221,1.0076889925257646,54788.828125,313.0,132.81851535371203,11.577078803896487,False,True,science_V_002.fits,1392447.4036127147,852.00194695829,1634.3242038164994,-10.914068873328254,0.0006643112776918169,13.200748620696116,0.009181699546835195,2
162,151.25389321962263,103.27783410441745,110149.79541015625,279.072265625,394.6999002694475,110839.79056594541,4.868051866246275,0.021699205207951988,1.022180504527306,7260.703125,136.0,132.815738312132,11.577452042128089,False,False,science_V_002.fits,107366.48157606361,295.71000238245347,363.0803175781734,-8.131793677576507,0.0029902474671220434,15.983023816447863,0.009633476890993972,2
163,199.60409307075486,112.12471755423236,644911.6758422852,605.1724853515625,1065.665891051932,641040.049129362,5.115410124828042,0.0014096804730758805,1.0014116704773823,41983.75,256.0,132.8084037480555,11.578767090903625,False,False,science_V_002.fits,638403.8540369958,591.2501580799374,1079.7525299784922,-10.067360624494802,0.0010055081788246667,14.047456869529569,0.009212672999318298,2
164,151.60596664203155,113.63459163680045,118455.30032348633,296.4136962890625,399.62829587998783,120224.107419043,6.385669723255331,0.3676664100154453,1.5814437439966234,5591.74267578125,170.0,132.8156849899622,11.57899117397176,False,False,science_V_002.fits,118141.41149134008,299.6573863162769,394.25496212079463,-8.235627262226926,0.0027538017382450993,15.879190231797445,0.009562725610841651,2
165,164.6825123227412,117.44920309589205,390010.8774719238,478.8531494140625,814.4686485807842,388789.9282093449,5.06526501724312,0.005362035350762184,1.0053909417711129,24535.1875,202.0,132.81370132781322,11.57955816755542,False,False,science_V_002.fits,386757.96341669303,472.8987951963886,817.8451020499589,-9.52322003570516,0.001327512993938159,14.59159745831921,0.009253355491050786,2
166,165.40365004336817,132.56940359362574,866545.273223877,693.3378295898438,1249.816808259975,860146.3965183364,5.159280909073425,0.007839527631751997,1.0079014714354013,52616.6640625,278.0,132.8135920416213,11.581805202156223,False,True,science_V_002.fits,847664.4712699422,677.2738433103644,1251.5830629553714,-10.375181825697373,0.0008674614031899166,13.739635668326997,0.009198629592537647,2
167,192.36695776771882,130.8594952306903,1020637.138671875,744.3871459960938,1371.110643381839,1016561.3669865984,5.186733163732063,0.005506146060341943,1.0055366315624068,53890.67578125,255.0,132.80950170323206,11.581551252928024,False,True,science_V_002.fits,1008877.6650424233,733.1713755985077,1376.0461723138728,-10.56421814290848,0.000788999687542719,13.55059935111589,0.009191562304724241,2
168,185.50548234570758,141.24603328962863,168469.47296142578,321.723388671875,523.6469554075455,178133.72828121952,4.776346303303664,0.07028989225720439,1.075604096020703,10757.390625,112.0,132.81054264538378,11.583094771908677,False,False,science_V_002.fits,245441.76631206396,408.76421877636875,600.4482658653226,-9.029493043199322,0.0018081491141212105,15.085324450825048,0.009334436261155914,2
169,193.77370759764102,142.6604594787745,367359.7856140137,456.45660400390625,804.8076912276855,370763.5938085801,4.9470222387697085,0.07259907326890613,1.078282295365828,23575.66796875,143.0,132.80928835803883,11.583305014030948,False,False,science_V_002.fits,418954.5966905208,499.26099065941924,839.1494719769104,-9.61003927349005,0.001293810025813701,14.50477822053432,0.009248580511493704,2
170,203.82527611855977,148.55730491319164,1422395.6071777344,871.5054931640625,1632.1131861299305,1415125.7158998062,5.343059840281821,0.03402613653704234,1.0352246968826473,57281.6015625,279.0,132.8077635527525,11.584181395335493,False,True,science_V_002.fits,1408579.8036953644,857.9097907237517,1641.8740279290382,-10.926575516940193,0.0006612565772597288,13.188241977084177,0.009181479039656647,2
171,131.10573672270573,150.8308505000905,562753.6690979004,578.9390258789062,972.0430717959731,564071.8819206005,6.567564487033678,0.3470137029188991,1.5314257044444535,21879.3671875,250.0,132.81879521245185,11.584518766474636,False,False,science_V_002.fits,552882.5509522036,564.6961448363298,979.0797334245123,-9.911204083447538,0.0011088984512043405,14.203613410576832,0.00922452995386586,2
172,175.85386165649535,148.52461684723042,1059193.4401855469,754.42724609375,1403.9702909323673,1064930.7359910025,5.160118204579841,0.05646586088848504,1.05984506394401,53458.00390625,230.0,132.8120068480881,11.584176393515145,False,True,science_V_002.fits,1127069.5749022996,775.0757586559587,1454.141175640334,-10.684498689585393,0.0007466262686096554,13.430318804438977,0.009188021978623204,2
173,151.97619445503773,150.3669294910755,153490.17678833008,316.07904052734375,485.60694354250217,155599.7395563802,4.832357506498223,0.07712063380466672,1.083565237916852,10164.943359375,136.0,132.8156291326579,11.584450009768908,False,False,science_V_002.fits,189971.82935143687,360.2667771520919,527.308765057838,-8.75134488610342,0.0020589454830717917,15.36347260792095,0.009386242783827128,2
174,142.83845406243924,153.6202844329114,590191.5792236328,571.7745971679688,1032.2102138620435,590631.6452348793,5.065765380041384,0.021392562577951413,1.0218602084552983,38382.48828125,188.0,132.8170153690556,11.584933416722244,False,False,science_V_002.fits,598515.2100259498,575.0770005666889,1040.756645520799,-9.99730985298721,0.001043183346147851,14.117507641037161,0.009216861102803129,2
175,167.64934601277142,154.23568125909296,1323791.6457519531,840.651611328125,1574.7208806993506,1336135.0072279917,5.297460745520135,0.038843190339028166,1.0404129585813675,52951.125,261.0,132.81325152273484,11.58502506709228,False,True,science_V_002.fits,1374457.784113864,847.9374304356653,1620.9424596431313,-10.899950387076082,0.0006697955214517788,13.214867106948288,0.009182097970248517,2
176,195.96271886818676,163.80595914478545,1369002.9459228516,868.3408203125,1576.5732923049413,1343948.1570515083,6.227996136574715,0.24266282550591534,1.3204158381212683,58778.5546875,400.0,132.80895638439247,11.586447480372767,False,True,science_V_002.fits,1330151.6648993364,834.5558079812486,1593.8438773997764,-10.86437477998045,0.0006811834053478496,13.25044271404392,0.009182935692163285,2
177,133.3404463443256,165.98865052262755,509056.6668395996,532.6185913085938,955.7621065928158,514410.11666742945,5.400813685543229,0.20943176599628655,1.2649129537315849,53064.2578125,173.0,132.81845635300158,11.58677140539887,False,True,science_V_002.fits,512740.2361157277,545.0754703495953,940.6775098260636,-9.829365371647093,0.0011541681273965526,14.285452122377277,0.009230081319305002,2
178,122.62897491735205,168.0831221076364,1083869.8694763184,759.08251953125,1427.868303627426,1087089.231901497,5.095453173520409,0.08482596764991535,1.0926883463160442,52721.79296875,205.0,132.82008133279743,11.587082559589774,False,True,science_V_002.fits,1347756.35885317,839.9774473125017,1604.5149344965166,-10.878650347919784,0.0006766530972431763,13.236167146104586,0.009182600748627477,2
179,114.42450010805256,169.44465677858847,991153.179901123,730.2476196289062,1357.2836846832895,994273.4015287943,5.0549623884382395,0.06692412604532483,1.0717242058372798,53917.85546875,227.0,132.82132598927555,11.587284810253195,False,True,science_V_002.fits,1271200.7770313602,816.277008024752,1557.3154266680183,-10.815157248204098,0.0006971612695848835,13.299660245820272,0.009184134740436592,2
180,134.2427114040143,183.80239193511278,224535.21899414062,380.11431884765625,590.7044482692344,223930.82340078062,5.011018789937141,0.012115188174838698,1.012263766007755,14890.0234375,191.0,132.81831965084058,11.58941873369614,False,False,science_V_002.fits,222798.69621896298,375.50890573630727,593.3246663806647,-8.92440348676542,0.0018298581898218904,15.19041400725895,0.009338665755317692,2
181,99.7114936148822,61.227235555197325,628320.8363037109,589.7484741210938,1065.404768092197,627576.1763885027,5.051504999536059,0.02282150696546048,1.0233544916595436,41166.7265625,210.0,132.82355663653263,11.571202330598567,False,False,science_V_002.fits,663498.6312712942,599.6871838395065,1106.4078892319058,-10.10922195228341,0.000981283675366522,14.005595541740961,0.009210060518054479,2
182,89.7594625463311,62.19971080231487,683038.8248291016,612.9818115234375,1114.288894040024,687319.1262136569,5.034198297719407,0.04576677301683696,1.0479618312616612,45429.74609375,215.0,132.8250663135815,11.571346725298527,False,False,science_V_002.fits,717606.8531768497,621.6558721601513,1154.347421642274,-10.194338318008757,0.0009405314029769217,13.920479176015613,0.009205807754600942,2
183,306.7611081852223,65.25352017331636,126387.78216552734,292.51593017578125,432.0714502269237,127669.53001982234,4.748115849252937,0.05579813144115697,1.0590955528676542,8303.65234375,126.0,132.79214841723157,11.571801526932008,False,False,science_V_002.fits,162932.65338712145,334.7462193435435,486.7348575486281,-8.584642199372006,0.00223057786629044,15.530175294652365,0.009425379287448856,2
184,302.3669114576557,71.54461844158193,91804.47964477539,256.0959167480469,358.47693633903106,92688.81435914463,4.683852138166283,0.0667878272597654,1.0715676769020845,5694.5771484375,111.0,132.79281496827863,11.572736470998988,False,False,science_V_002.fits,143018.63209383798,319.56917506807184,447.53575517217325,-8.443103423794925,0.0024259514183002343,15.671714070229445,0.0094735176876722,2
185,491.2637883258944,81.23893946319708,414047.2498779297,500.8052673339844,826.7629693315581,411708.2571163216,5.118150423000381,0.009253300185227631,1.009339723449957,27257.55859375,231.0,132.76416008982167,11.574175039744354,False,False,science_V_002.fits,408603.81221814867,488.0488259339657,837.2191274842527,-9.582877909600748,0.0012967931146800288,14.531939584423622,0.009248998295867863,2
186,488.9275715698283,99.75855882844915,1205390.830291748,804.49462890625,1498.3205443279792,1225233.3255689808,5.096821711980027,0.06301907508610805,1.0672575859448787,58155.734375,234.0,132.76451413387642,11.576927303284032,False,True,science_V_002.fits,1478013.315466043,880.0648197572441,1679.4368804263036,-10.978817740661821,0.0006464666893133901,13.13599975336255,0.009180425713172397,2
187,485.93478785659295,107.21271161326534,891148.1977539062,690.6654663085938,1290.2747295544316,923630.1144376849,4.8549893599292355,0.04906636149185817,1.051598092132733,56733.94921875,165.0,132.76496799161052,11.578035127760742,False,True,science_V_002.fits,1499754.9196352984,885.7945791049146,1693.1181958132818,-10.994672612103143,0.0006412428870498843,13.120144881921227,0.009180059342666427,2
188,492.547716006849,111.59383411894707,611387.9762878418,586.7615356445312,1041.9701005388151,612497.53543084,4.981288720013312,0.1081832585619289,1.1213066020575946,36576.421875,202.0,132.7639647412385,11.578686088696946,False,False,science_V_002.fits,922206.8941644997,703.8472671355828,1310.2372307525832,-10.466692785444245,0.0008286285678024797,13.648124708580125,0.009195048798025135,2
189,463.68447822606475,89.82469900462014,1433099.9610595703,876.4325561523438,1635.1514454815222,1442862.6631157792,5.320417661942043,0.044094184046252094,1.0461281679746424,56792.4921875,273.0,132.76834360672132,11.57545146293497,False,True,science_V_002.fits,1627150.792926397,920.5070976744923,1767.667839864703,-11.083191379464232,0.0006141991020683498,13.031626114560138,0.00917820993612952,2
190,461.5272729354167,98.37325602279067,1083031.9348144531,767.2523803710938,1411.5719449324192,1119679.5476612127,5.304769025258461,0.14110275346973356,1.1642836253576943,56321.73046875,249.0,132.76867070432627,11.576721908438882,False,True,science_V_002.fits,1344258.3632144658,840.1559817242635,1600.0104652657785,-10.875828741770757,0.0006785580616934614,13.238988752253613,0.009182741319332385,2
191,176.95914184924385,87.82557324239325,294526.878326416,418.6838684082031,703.458863715432,296467.2194528856,4.960240734839744,0.031845735424620325,1.0328932450022181,19863.197265625,166.0,132.81183879325604,11.57515584941264,False,False,science_V_002.fits,312224.8907368958,430.4185523566214,725.3983106151131,-9.290790679783754,0.0014966949662170612,14.824026814240616,0.009279137509304654,2
192,187.41458792565547,93.11052881366334,1311575.0671386719,836.2989501953125,1568.3088766670837,1308840.1817288438,5.348096656549135,0.014631081930345569,1.014848329049193,53538.03125,257.0,132.81025277027499,11.575941312480404,False,True,science_V_002.fits,1326485.8394991118,832.8956137728114,1592.619552275535,-10.861378419448101,0.000681707064596031,13.253439074576269,0.009182974551669259,2
193,196.47088835897463,94.0303040601289,177150.61581420898,340.09893798828125,520.8796500867434,191768.87374914702,4.656026181538307,0.11660682867546956,1.1319987888299308,13183.0908203125,124.0,132.80887896404656,11.576078046364643,False,False,science_V_002.fits,371292.6013863076,472.33167113521034,786.0844912091886,-9.478912612248262,0.001381149243041203,14.635904881776108,0.009261202423348621,2
194,241.0884062559523,93.13523495728045,26400.694366455078,171.0013885498047,154.388771871088,27190.923038931156,4.550791409112095,0.026595533992655906,1.02732218201314,1844.58642578125,93.0,132.8021106309274,11.57594515677191,False,False,science_V_002.fits,27009.550071075806,208.47218131544912,129.5594927853054,-6.633415248312135,0.0083799340106952,17.481402245712236,0.012413121731389379,2
195,249.0035746950789,108.6434843817977,1311569.8977355957,848.67822265625,1545.4265971743168,1300227.0446437101,5.569054158466741,0.0774388218993679,1.0839389557436168,53459.9609375,371.0,132.80090993373136,11.578249860802115,False,True,science_V_002.fits,1292146.3141959037,822.4094567659301,1571.1715175031939,-10.832901106815001,0.0006910130357539358,13.28191638720937,0.009183670078474452,2
196,297.44979827172,97.76396369837408,994651.0597839355,737.2692260742188,1349.1015555880626,991177.0238755248,5.131269334121854,0.023546342684470645,1.0241141425484588,53995.484375,260.0,132.79356077951346,11.576632973673272,False,True,science_V_002.fits,989085.4997492646,725.0787311279634,1364.1077269093262,-10.542706461639389,0.0007959048824244127,13.572111032384981,0.009192157618130366,2
197,285.89982877682905,101.2560164252117,420993.3184814453,495.67144775390625,849.339457394896,421223.97517102276,5.043074992263273,0.01733313292598193,1.0176388698009051,28521.7578125,199.0,132.79531286702908,11.577151964869737,False,False,science_V_002.fits,426653.5448395382,494.1592469419014,863.3928181651534,-9.629810269810157,0.001257480925434711,14.485007224214213,0.009243568324652403,2
198,352.04256727938866,101.1505044358612,958419.6313171387,727.1516723632812,1318.0463825411064,952434.1420770771,5.181814152199423,0.003475380417482743,1.003487500809502,53579.421875,272.0,132.78527919151176,11.577135950506062,False,True,science_V_002.fits,948424.9385012327,711.7154956371071,1332.5899805683312,-10.497129286734454,0.0008147292234157157,13.617688207289916,0.009193806654600295,2
199,366.39562876092197,100.9025196050028,672134.8699951172,615.4329833984375,1092.1333242225178,669159.6188500514,5.127911616601364,0.0037694597371602523,1.0037837223261252,43699.84375,233.0,132.78310187296432,11.577098979093885,False,False,science_V_002.fits,666044.5230794358,604.6716697305103,1101.497815130446,-10.113380027602608,0.0009856578788324014,14.001437466421763,0.009210527593400363,2
200,374.5540381135125,112.08578179618164,286195.2609863281,421.8523254394531,678.4252301754934,285586.5439733528,5.032666993835331,0.005904780950150568,1.0059398544897884,18634.21875,189.0,132.78186415644095,11.578760861393542,False,False,science_V_002.fits,285070.38896196947,418.2893538542282,681.5148086731251,-9.192002144793548,0.0015930688316425628,14.922815349230822,0.00929516892783752,2
201,73.42052009332,103.14258277584047,104813.53439331055,275.39288330078125,380.596379750432,105206.73753570998,4.897164302650276,0.015089657300416892,1.0153208435795862,6768.15673828125,147.0,132.8275454358169,11.577431065455215,False,False,science_V_002.fits,103976.52494180242,283.13273016405793,367.23597756272983,-8.09696012038791,0.002956409682966166,16.017857373636456,0.009623027346330321,2
202,61.992567555470664,115.50456172966211,904956.6744995117,705.0714111328125,1283.496480229642,898824.3335986398,5.153557315562426,0.0042045505648964365,1.004222303453266,54862.24609375,280.0,132.82927921968107,11.579268023364634,False,True,science_V_002.fits,896806.9672734943,690.0144825576853,1299.692962891574,-10.43636930810151,0.0008353511413838237,13.67844818592286,0.009195657052331625,2
203,421.589785769108,115.40575019775177,707519.9131774902,633.8343505859375,1116.253659214644,702900.4537190462,5.141676861844865,0.0017957929636728265,1.0017990236376628,43886.9609375,255.0,132.77472887445717,11.579253714012088,False,False,science_V_002.fits,700527.3570703332,619.094464484079,1131.5354881328426,-10.168184624211342,0.0009594926640714768,13.946632869813028,0.009207764292546376,2
204,429.88779080960404,128.81643804363975,904449.1400146484,708.2242431640625,1277.0660546353674,898636.7874363547,5.171701536806813,0.0045213715031826585,1.0045419071527533,53616.6328125,260.0,132.77346989062812,11.58124657888732,False,True,science_V_002.fits,894035.8559023747,693.5562701409496,1289.0603032406905,-10.433009216076204,0.0008422414353079963,13.681808277948166,0.009196285539827195,2
205,421.0702706424258,140.8808292708181,806111.3787841797,671.9806518554688,1199.6050430296616,801353.215101012,5.137744836944592,0.002283731851451476,1.00228895922053,53636.21484375,255.0,132.7748073424135,11.5830395998661,False,True,science_V_002.fits,798288.8818155135,657.8508113865056,1213.480120413649,-10.310022075710952,0.0008946994530325792,13.804795418313418,0.00920123818874079,2
206,116.21937091038082,118.09205183000905,29921.249938964844,234.22903442382812,127.74355669683345,31802.282106342063,4.3517092170013765,0.16354949832581456,1.195528005540632,2166.200439453125,77.0,132.82105312674068,11.579653263549387,False,False,science_V_002.fits,80071.72476684234,309.72610823076377,258.524298207319,-7.813319832615382,0.004199605249984441,16.301497661408987,0.0100746702849464,2
207,109.57771880593134,124.0945259315033,329201.91973876953,442.7364807128906,743.561766603672,329453.9215699518,5.051881873665821,0.012616190467213073,1.0127773924844714,21211.126953125,192.0,132.82206072699898,11.580545223179882,False,False,science_V_002.fits,332351.56605935877,440.8001891238963,753.9732837227623,-9.358616197878689,0.0014399714465203974,14.756201296145681,0.009270157218811293,2
208,94.31620001942673,142.77899029039668,42686.053802490234,183.63211059570312,232.45419150287248,47320.94104960125,4.369136282535288,0.15914966796167962,1.1892722900826858,3057.085205078125,76.0,132.8243761288538,11.583321757160663,False,False,science_V_002.fits,145979.4044099048,319.4691494220854,456.94366631012474,-8.465350842576061,0.002376004046116141,15.649466651448309,0.00946085050731938,2
209,86.36574303927308,146.91966629520712,445165.63983154297,501.2999267578125,888.0225511116241,447294.3768686627,4.998424268043672,0.048043723437071195,1.0504684139596565,28966.53515625,177.0,132.82558227475596,11.583937004082037,False,False,science_V_002.fits,509349.66594932426,532.2344393707236,957.0024565707234,-9.822161938210392,0.0011344798464681535,14.292655555813978,0.009227640089249662,2
210,93.83925312078668,153.01134627172334,722618.336730957,626.5255737304688,1153.3740473327068,723665.418117879,5.0498342698767384,0.03378094123035569,1.0349619901654303,48801.91796875,191.0,132.82444861519454,11.58484239263256,False,False,science_V_002.fits,757650.4710330262,639.1767108066591,1185.3536873658145,-10.253294117965853,0.0009159291539495923,13.861523376058518,0.009203326752307554,2
211,92.06112001088894,166.167174965919,1188394.6658935547,803.0016479492188,1479.9405068826309,1183185.72093427,5.72048968708208,0.16385676561538365,1.1959673401363808,54258.74609375,309.0,132.82471853374585,11.58679747188195,False,True,science_V_002.fits,1169219.273947915,783.5912701848539,1492.1290198550696,-10.72436178867654,0.0007276180447890854,13.390455705347831,0.009186496890207266,2
212,276.27604964794403,152.70255915328553,210637.77590942383,372.666015625,565.2186329793507,214055.1745205711,4.961846354754446,0.07287499918787343,1.0786032078997305,14682.69921875,158.0,132.79677268019447,11.584797511705865,False,False,science_V_002.fits,250261.86906514686,402.590206465676,621.6293020691841,-9.050608583397928,0.0017465392901944757,15.064208910626443,0.009322697924253371,2
213,296.33120283551705,160.60565312406672,241348.60424804688,394.6000061035156,611.6284858463326,240661.25232691178,5.035472599618015,0.014119059645535392,1.0143212624036113,15285.21875,194.0,132.79373025736737,11.585971949591721,False,False,science_V_002.fits,239930.8461021543,389.0795211772775,616.6627464127927,-9.004837087861954,0.0017606057870621472,15.109980406162416,0.009325343416310297,2
214,280.11407902481994,161.72733382971487,575420.2913208008,571.3743896484375,1007.0809993336466,574190.924222519,5.079632115812663,0.01884301914724451,1.0192048973966097,38258.44140625,216.0,132.7961904271456,11.586138686374383,False,False,science_V_002.fits,586470.085166176,570.0571301197938,1028.791772226291,-9.97523653503934,0.0010553155937965567,14.13958095898503,0.009218242137045179,2
215,469.46364447260976,167.15492133888338,20080.23715209961,159.16162109375,126.16255736847434,20982.003326128583,4.443736704803121,0.02779464604304771,1.0285892748172196,1300.995849609375,79.0,132.76746558884912,11.586943493533912,False,False,science_V_002.fits,23944.072106443546,214.61963963775798,111.56514914877842,-6.5026169032695105,0.009731533622136407,17.612200590754856,0.0133628231947241,2
216,475.6400947007538,175.05592602644995,75724.82720947266,249.63121032714844,303.3467934968277,76503.84586981182,4.815226160667096,0.016836107716460602,1.0171244162327364,5035.5732421875,126.0,132.7665284644973,11.58811756416808,False,False,science_V_002.fits,76497.88088599364,268.6558116662794,284.7430711121867,-7.763745385707075,0.003812911042082011,16.351072108317293,0.009919707037484323,2
217,366.08714706438127,179.16013363063925,1840372.9020080566,1012.1660766601562,1818.2519098849211,1834244.1347707058,7.468280413520499,0.420312273959792,1.7250667127815613,53004.10546875,418.0,132.7831479666891,11.58872893119962,False,True,science_V_002.fits,1751649.8166126383,953.3452594031188,1837.3719272588937,-11.163240093926866,0.0005908983281461774,12.951577400097504,0.009176680114774136,2
218,399.1442413166268,185.3914862425175,1380806.5043029785,866.4608154296875,1593.6167911046518,1371696.8356186785,5.407848850269855,0.0016966299229006498,1.0016995133681355,53710.9609375,316.0,132.77813301387985,11.589654645876482,False,True,science_V_002.fits,1364566.3395476367,845.9939323186138,1612.9741448709597,-10.892108509323409,0.0006731044037205306,13.222708984700962,0.00918233993233713,2
219,354.75622420378926,188.88992875403943,23738.117614746094,169.37554931640625,140.15079337337826,24860.27367944881,4.600570143967804,0.05455066983290313,1.0576981421344516,1649.9046630859375,90.0,132.78486683016865,11.590174981185093,False,False,science_V_002.fits,21672.984791348572,213.460354859346,101.53166289651024,-6.394418689620876,0.010693215978414916,17.72039880440349,0.01407860664468303,2
220,376.16070540813246,197.22214510013228,367436.0895385742,473.7300109863281,775.6234163285434,365846.2092105191,5.09703186457526,0.01141323776146319,1.0115450036328821,24640.52734375,215.0,132.781619594822,11.59141305410883,False,False,science_V_002.fits,360551.8171220057,464.03095672355556,776.99949086975,-9.447041095729382,0.0013972982128787497,14.667776398294988,0.009263624527710481,2
221,391.3353929288201,200.30892445857563,776433.1795654297,662.8521728515625,1171.3519414521136,772272.1213523785,5.454659206944969,0.10198816737203531,1.1135710729708033,44058.2734375,268.0,132.7793174839448,11.591871629312184,False,False,science_V_002.fits,765436.1734579023,645.5798254154149,1185.656898378698,-10.264394330370196,0.000915694921089413,13.850423163654174,0.009203303444046275,2
222,71.7965709548673,194.81206830664922,274167.8869628906,408.5420227050781,671.0885826323167,274540.44204431656,5.006282640904915,0.010893319862131712,1.0110132911655327,18263.17578125,182.0,132.82779314112037,11.59105414346856,False,False,science_V_002.fits,278020.3725699632,409.0031900810497,679.7511102905324,-9.16481342652081,0.001597202245886676,14.95000406750356,0.009295878232257054,2
223,82.33213301675293,195.8307518212017,144195.2162475586,310.2918701171875,464.70832830103024,146047.7234953619,4.8967316856443714,0.025102120862234845,1.0257484618639605,9482.4013671875,147.0,132.8261948594679,11.591205679349855,False,False,science_V_002.fits,153043.1577095718,324.46515518312367,471.6782534728462,-8.516656668603082,0.0023017809110474543,15.598160825421289,0.009442483384001665,2
224,230.5123678733696,201.11400218740144,936433.5179443359,712.6260986328125,1314.0600937025777,941250.6511867126,5.046510738975804,0.04532345247607483,1.04747519208849,59098.80859375,223.0,132.80371519429627,11.5919919839192,False,True,science_V_002.fits,1156136.7782576783,780.450214889934,1481.3715932165217,-10.712144916277682,0.0007329018626870017,13.402672577746689,0.009186916905851232,2
225,231.23559521333834,210.293549331087,1300479.9595947266,833.3576049804688,1560.5304995389172,1319055.8335419605,5.367042588875395,0.061065552113641064,1.065037077136861,55412.91796875,248.0,132.80360549442887,11.593356167974258,False,True,science_V_002.fits,1408476.1380929095,857.7956773780118,1641.9715967771483,-10.926495608340472,0.0006612172842276964,13.188321885683898,0.00918147620982849,2
226,241.2534126962837,222.26891022448234,780884.5315246582,660.7852783203125,1181.7523137162389,776269.0024625587,5.1443735688956975,0.0018685741476458517,1.0018720722534613,51109.09765625,257.0,132.80208574336956,11.59513585450105,False,False,science_V_002.fits,773437.0548327175,646.849696873585,1195.698256598042,-10.275684311497923,0.0009080050037782902,13.839133182526448,0.00920254150664758,2
227,256.02258315486847,224.55907277268363,38731.56521606445,194.48623657226562,199.14810373572575,39435.35758844041,4.634242224919459,0.02932820721346563,1.0302143396268602,2602.606201171875,102.0,132.79984515514602,11.595476205531034,False,False,science_V_002.fits,38724.047385307356,226.46708394247082,170.9919459869249,-7.024573731249209,0.006349421861559605,17.09024376277516,0.011143493844873615,2
228,483.6168599591673,221.66199597813684,1267705.1470336914,833.0377807617188,1521.7858977230524,1259208.2020793122,5.330084776129253,0.006761607081573917,1.0068076376525341,55410.0390625,306.0,132.76531750282655,11.59504360095601,False,True,science_V_002.fits,1252957.5673813762,813.0687684035983,1541.0228704780627,-10.799462782643259,0.0007045320486795823,13.315354711381111,0.00918469719164991,2
229,471.1756911820222,226.4607606023535,304907.9257507324,434.7053527832031,701.4128622952488,304858.9923015523,5.047703022728423,0.013776401598368349,1.013968841975284,19390.236328125,186.0,132.7672048314213,11.59575696940605,False,False,science_V_002.fits,306541.34278020094,433.1772817798727,707.657939771587,-9.27084451269798,0.001534215811032142,14.84397298132639,0.00928526333764994,2
230,412.2931302337585,237.84863885759972,62918.972717285156,233.1533203125,269.8609337107171,63605.40362486196,4.746243471346952,0.021348322240316686,1.0218140148588792,4230.4892578125,118.0,132.7761376070996,11.597450204163259,False,False,science_V_002.fits,63467.11231215517,256.0850510551053,247.83606872272327,-7.560993721077306,0.004380718293327479,16.553823772947062,0.010151501852444253,2
231,400.4591987540123,242.85773149296583,169973.4333190918,336.2248840332031,505.5349600546117,172133.51505941042,4.942470576363253,0.03771431097657596,1.0391924263311558,10889.396484375,145.0,132.7779328542896,11.59819475263732,False,False,science_V_002.fits,195515.62437918026,363.3534970375506,538.086535490189,-8.782575547047376,0.002017705198683225,15.332241946976994,0.0093772827281403,2
232,400.87427641791567,253.80111652196499,1055825.7848815918,761.9491577148438,1385.6905991577066,1050299.6386783468,5.201888222279732,0.01834159404609037,1.018684293777597,52602.4609375,271.0,132.77786975443712,11.599821056340597,False,True,science_V_002.fits,1046423.0779773965,747.5050603345685,1399.8876174952425,-10.60389014675063,0.0007755622568778739,13.510927347273741,0.00919041859269634,2
233,386.6965222997845,261.32906441699726,89285.08938598633,266.0550842285156,335.58873586230385,89975.82833904859,4.848460003738721,0.017181146022111737,1.0174814981952902,5656.03271484375,135.0,132.78002057615342,11.600939948660002,False,False,science_V_002.fits,87603.26730136579,282.35763063348736,310.25641880059084,-7.910922634452308,0.0034993635399943337,16.20389485957206,0.009803460729748794,2
234,129.53890019566677,244.13077385465294,793068.9076538086,658.9453125,1203.5428321736617,802308.146720181,5.063711647417367,0.04546961190726906,1.0476355833973217,50679.8046875,221.0,132.81903384904953,11.598384155174017,False,False,science_V_002.fits,876264.7193658251,684.1859038742273,1280.7406794029878,-10.411210189667877,0.0008477125912062814,13.703607304356494,0.009196788229157761,2
235,140.52155097074404,250.15193413670372,2338209.204803467,1121.547607421875,2084.8060210108756,2336892.0320746107,7.214821311514494,0.38419099462314366,1.6238801174855029,52365.30859375,385.0,132.81736773938948,11.59927907068955,False,True,science_V_002.fits,2268794.471748606,1079.3023428823187,2102.0935298719933,-11.444109762245606,0.000516485106191309,12.670707731778764,0.009172189158516223,2
236,171.6945450961672,250.34740599206634,56886.037048339844,221.90037536621094,256.3584534476725,57475.01755957347,4.850169226621667,0.0036782402659162328,1.003691819665665,3727.87744140625,119.0,132.81263850625493,11.599308363882054,False,False,science_V_002.fits,58759.64771016274,245.73488189298192,239.11805787406567,-7.47731983239162,0.004540435003749474,16.637497661632747,0.010221440559821233,2
237,178.40361835901408,262.46808432942606,1194226.8969421387,797.7481079101562,1496.997467121081,1222155.007175107,5.205381516394718,0.11607373111943653,1.131316078281548,52460.859375,223.0,132.8116207520194,11.60110967375904,False,True,science_V_002.fits,1619828.7529755775,917.3752659367661,1765.7209793219242,-11.078294633285019,0.0006148763098555542,13.036522860739352,0.009178255279251427,2
238,171.3006585261616,267.40117870143206,1494195.571258545,892.2027587890625,1674.7264638438621,1514272.3640719936,5.909276947466843,0.16991321621550837,1.2046933158492756,52152.859375,278.0,132.81269837783069,11.601842741327866,False,True,science_V_002.fits,1751454.68640215,953.7731719546271,1836.3429984225538,-11.163119138394876,0.0005912294167988402,12.951698355629494,0.009176701439949619,2
239,153.41527012457897,273.92599128666114,930629.1311340332,718.4112548828125,1295.3988746819366,923728.131365476,5.208553421626639,0.005292843588363683,1.0053210068453287,51453.8046875,290.0,132.81541183683217,11.60281226981474,False,False,science_V_002.fits,915628.8106103545,700.6768168462029,1306.777659251902,-10.458920497689146,0.0008308222843521343,13.655896996335224,0.009195246748340208,2
240,137.42142550366532,280.3038880225418,428919.93563842773,503.645263671875,851.6310319516261,426725.3524644585,5.07773827707117,0.0036008176397689384,1.0036138303839626,27365.63671875,225.0,132.8178383437377,11.603759957376893,False,False,science_V_002.fits,425517.92541726003,493.1243591335487,862.901857383242,-9.626916523904544,0.0012581963878167972,14.487900970119826,0.009243665682238856,2
241,101.93868213962803,273.8908759199353,684145.5593261719,615.3827514648438,1111.7399012202513,687617.9669300105,5.023318246643562,0.048423647740510334,1.0508878216924262,46767.38671875,215.0,132.82322141421955,11.602806532563468,False,False,science_V_002.fits,747771.3889650175,635.1921230887758,1177.236558490048,-10.239043984723983,0.0009222445498910984,13.875773509300387,0.009203957415399582,2
242,110.30680594505554,273.52590210457464,269413.9549255371,399.85858154296875,673.7730971933283,278769.25523097115,4.833123668941747,0.0714272433786759,1.0769215367017322,17071.53515625,147.0,132.8219518714552,11.602752392001983,False,False,science_V_002.fits,439901.6477445333,499.84676489225734,880.0730116545913,-9.663010845844939,0.0012336476469819446,14.451806648179431,0.009240356249170764,2
243,283.1982304124032,274.5907548876346,369734.4298400879,473.09014892578125,781.530604007762,368293.94373721606,5.037074127966357,0.005789175146853287,1.0058228848470931,23995.13671875,210.0,132.79572229750724,11.602911437965012,False,False,science_V_002.fits,367147.17716414965,464.7726945787741,789.9499722050087,-9.46672235767648,0.001374390832585836,14.64809513634789,0.009260196933941582,2
244,274.5407861772214,292.2607641971686,962526.4609680176,730.9301147460938,1316.85155878736,956010.6040032704,5.186849415493543,0.0037433933452373225,1.0037574589922238,52358.48828125,286.0,132.79703570196665,11.60553741401865,False,True,science_V_002.fits,952697.4454997478,713.4346654552369,1335.3674717948268,-10.502009375867143,0.0008130346312395522,13.612808118157227,0.00919365663956839,2
245,465.1402611451663,283.9034794085035,1684752.6418457031,966.5048217773438,1743.1394069483742,1674133.6794593448,6.77807547888883,0.3044665160024892,1.4377453034361445,55842.84765625,427.0,132.76811947574902,11.60429369609014,False,True,science_V_002.fits,1579907.8456767108,910.647170576496,1734.928627381043,-11.051201263450226,0.0006257894318332367,13.063616230574144,0.00917899283732585,2
246,497.72002743500394,284.0169512735498,505398.3837585449,549.027587890625,920.5336760950313,502108.0533999337,5.139316372704751,0.0065224387015718754,1.006565260208844,33664.52734375,245.0,132.7631767312111,11.604309975345961,False,False,science_V_002.fits,498995.8116551214,533.7406228203133,934.9031914010994,-9.799864124959573,0.0011612967096335481,14.314953369064797,0.009230975416633433,2
247,481.9044282542441,289.0177228426284,229102.74127197266,390.8527526855469,586.16125816643,228606.43765413944,5.126832891518257,0.01774125181045727,1.0180616887792113,15578.7353515625,192.0,132.76557605621173,11.605053439379587,False,False,science_V_002.fits,217146.66962190162,385.5716732359824,563.1810755169267,-8.8965048064799,0.00192779915234806,15.21831268754447,0.009358349569581112,2
248,476.7802824276529,300.36201294737907,212023.86972045898,365.7210693359375,579.7420151522687,215084.61375016425,4.784995935201756,0.1663035844289441,1.1994773892784838,13526.072265625,139.0,132.7663532496435,11.606739417626494,False,False,science_V_002.fits,473063.5467192338,523.892985611517,902.9774394994957,-9.741920582839974,0.0012023556209796163,14.372896911184396,0.00923623062368986,2
249,473.0917219532734,308.23691779301555,1304177.0458984375,839.947509765625,1552.6887463031458,1304698.4647243004,5.3475309006545135,0.02398830609087832,1.0245778879910754,55294.08203125,267.0,132.7669127148056,11.607909779998376,False,True,science_V_002.fits,1330847.4413841122,837.9084941352303,1588.296873344891,-10.864942559004032,0.0006835623857355826,13.249874935020339,0.009183112469630196,2
250,462.844207892699,320.2750525600425,842938.5833129883,689.3675537109375,1222.7708988845818,837049.797664956,5.176044768677961,0.0032734130585735377,1.0032841634822027,54378.97265625,268.0,132.7684672040087,11.609698953068378,False,True,science_V_002.fits,831345.3911634434,672.4060058658188,1236.3741309730979,-10.354075607725663,0.0008781322520437172,13.760741886298707,0.00919964202275091,2
251,446.99438979820724,325.51055297188316,344380.28244018555,462.0295715332031,745.3641577472864,342995.3143757922,5.053490302160425,0.007784533730013088,1.0078456081311424,22165.78125,206.0,132.77087177756567,11.610477257410524,False,False,science_V_002.fits,341045.86105047935,453.7493157041557,751.6173562074109,-9.386653832240219,0.001444485004282416,14.728163661784151,0.009270859400416009,2
252,371.38997480739977,287.03471877335954,130457.47137451172,306.4633483886719,425.68702606831516,130927.46153595729,4.91346823827916,0.004295782038454599,1.0043143153970455,8569.7294921875,148.0,132.7823424944723,11.60476024456603,False,False,science_V_002.fits,131145.6140774932,315.6083455692153,415.53278269928376,-8.349006301524696,0.002612790242318158,15.765811192499674,0.009523075655744739,2
253,366.82979073629735,298.13231717339596,217770.44006347656,376.90289306640625,577.7892504133889,217934.95779238423,4.964103764158832,0.006201438162677042,1.0062401359800843,14805.27734375,171.0,132.78303423032352,11.606409512097162,False,False,science_V_002.fits,217193.4631664636,377.74110790011133,574.9796848266183,-8.896738749612672,0.001888240625975136,15.218078744411699,0.009350280731414863,2
254,35.60327975891722,313.17309208641126,396714.3108215332,489.1343688964844,811.0538454219518,396239.47590552934,5.962244657981086,0.25800542142017324,1.3477187419805603,21569.83203125,242.0,132.8332859361006,11.608643327603117,False,False,science_V_002.fits,390179.1886513063,473.41737418783924,824.1758962071674,-9.532782127314155,0.0013173158848691871,14.582035366710215,0.009251898088241882,2
255,49.4160270785592,314.2183567518348,319050.1953125,440.1519775390625,724.8637097948401,318011.44354010565,5.076014641893893,0.023652487074864892,1.0242254799256898,20423.82421875,202.0,132.8311903608457,11.608798897931615,False,False,science_V_002.fits,316862.9338649345,433.59664895489766,730.7780967142444,-9.306800471705621,0.0014856767120984752,14.808017022318749,0.00927736667312211,2
256,414.37548006460486,323.7930863584694,910380.0295410156,711.24169921875,1279.9868603612604,906843.145211071,5.305553515624008,0.09252435617170685,1.1019579498369587,52964.41796875,255.0,132.77582059085876,11.61022247667097,False,True,science_V_002.fits,901850.4679138048,697.1387959484572,1293.6455023806807,-10.442458211400734,0.0008392561934486682,13.672359282623637,0.009196012617049144,2
257,403.7311703547236,331.7489298234008,349965.5927734375,462.4415283203125,756.7780386086607,349685.0004764345,5.033626073154811,0.01963925937833877,1.0200326865046485,22923.591796875,196.0,132.77743539966352,11.611404933138115,False,False,science_V_002.fits,349606.2865806323,457.87620151244687,763.538889826159,-9.413569957707754,0.001421931501415979,14.701247536316616,0.009267372135044766,2
258,417.9553183030595,337.99769608886766,70394.22100830078,245.6346893310547,286.5809434327365,70983.05710734174,4.835255619412884,0.01473095507608646,1.0149512005395684,4907.654296875,126.0,132.7752772877366,11.612333393535925,False,False,science_V_002.fits,69460.41550227671,265.24096287703424,261.87665264387755,-7.658965316215954,0.004145844958070502,16.455852177808413,0.010052379196540673,2
259,317.10947943179144,338.8702820433333,1418438.3391113281,879.79833984375,1612.231206714074,1408617.843100633,5.482584083653381,0.001821420230186166,1.0018247438555596,52284.96484375,339.0,132.79057725449178,11.612463968406718,False,True,science_V_002.fits,1400717.6927995046,856.5309063066044,1635.3381792601688,-10.920498409946823,0.0006638993779813626,13.194319084077547,0.009181669754394847,2
260,246.5809314155333,348.9444055337535,508711.8249511719,537.664794921875,946.1505193493092,516438.7161372884,5.018640361373927,0.04876521704760983,1.0512651744044252,33424.58203125,187.0,132.8012776070964,11.613961244986578,False,False,science_V_002.fits,554401.8877132975,557.1161666353098,995.1279839204718,-9.914183624939124,0.0010910154447900306,14.200633869085246,0.009222397291130733,2
261,273.2399504917727,354.2894814301417,1384769.8619689941,874.9118041992188,1582.7536619378836,1376509.7039506638,5.44409241125934,0.003460529864815265,1.0034725467164345,52477.14453125,306.0,132.79723296393743,11.61475557223299,False,True,science_V_002.fits,1366641.1774396906,846.8832321284108,1613.7303533628944,-10.89375812916207,0.0006727889809703844,13.2210593648623,0.009182316815902198,2
262,255.46444774146718,352.92747813315435,695531.7876281738,629.4228515625,1105.0310389932029,701994.8567894647,5.9491763216770535,0.25820876981351015,1.348088194233026,39974.03125,259.0,132.7999298235389,11.614553176593652,False,False,science_V_002.fits,712626.0494256265,624.5491779507473,1141.024717643332,-10.186776107946729,0.0009515131295686571,13.928041386077641,0.009206936207578861,2
263,234.8997790097497,356.33462044376074,431583.3311767578,505.6064758300781,853.5953390790871,430053.50852244446,5.072778144777823,0.0012301736455393453,1.001231688836686,28436.677734375,215.0,132.80304985238766,11.61505949976782,False,False,science_V_002.fits,428858.89496066025,496.85321704890544,863.1500818448912,-9.635407929558975,0.0012578345560478104,14.479409564465396,0.009243616438660417,2
264,301.7206938940828,357.3944986963336,518101.5115966797,541.1124267578125,957.4747981690099,532269.2905160116,4.942683280470699,0.08042634723316444,1.0874604736566513,33273.015625,177.0,132.79291191751236,11.615216938973687,False,False,science_V_002.fits,759476.5117782361,643.5739358611644,1180.092091147201,-10.255907741648373,0.0009200129448749719,13.858909752375997,0.009203734074462528,2
265,286.6188676553084,362.01747184701566,1431267.241241455,880.0529174804688,1626.3422492127804,1422313.859047183,5.50235572175653,0.016735645255382403,1.0170204942085277,52145.328125,310.0,132.79520312479448,11.615904010964723,False,True,science_V_002.fits,1410773.2166560825,859.993554806033,1640.4462670354255,-10.928264889166172,0.0006618321013110967,13.186552604858198,0.009181520507247748,2
266,309.05224363336885,358.6125925198272,526836.6343994141,546.8858032226562,963.3393869339858,535663.0348738076,4.9123097786231975,0.09899765714111819,1.109875027435554,34362.65234375,186.0,132.79179958403256,11.6153979319669,False,False,science_V_002.fits,763015.9920886261,644.6931580649543,1183.5335656094408,-10.260955975163546,0.0009173377346851477,13.853861518860825,0.009203467043139905,2
267,467.66792550489305,346.31784209826185,885044.5286865234,696.560791015625,1270.5919427306244,890488.7011276626,4.9864384689802375,0.09838844079784426,1.109125088064431,54551.05078125,211.0,132.76773492643537,11.613569119865936,False,True,science_V_002.fits,1314128.3462972012,832.1813027481517,1579.1370726036419,-10.851216332318312,0.0006875273963456035,13.263601161706058,0.009183408463931616,2
268,464.9299132632928,352.21041130399874,609351.5499267578,583.380615234375,1044.5179939377124,641231.7314242052,4.738881582342809,0.17246444277408646,1.2084072898960696,55077.61328125,176.0,132.7681502297116,11.614444866766414,False,True,science_V_002.fits,1200017.2900412888,797.0818903487574,1505.5131782209103,-10.75259063273376,0.000721149449706571,13.36222686129061,0.009185986807278638,2
269,18.270616936440724,381.96118387642053,963470.4628295898,724.72265625,1329.4333418731035,959330.443886514,5.127806164868844,0.005177872090244562,1.0052048219927756,56619.47265625,252.0,132.8359168658983,11.618865686719937,False,True,science_V_002.fits,959002.1493982979,713.4489288278348,1344.1777128657213,-10.509170825415865,0.000807705699632038,13.605646668608506,0.009193186911615752,2
270,12.108362707636497,393.67325939995123,796610.9754638672,662.9603881835938,1201.5966408588224,793055.4179833374,5.092994270979244,0.00878131765763035,1.0088591123372281,53129.578125,238.0,132.83685203255055,11.62060611358796,False,True,science_V_002.fits,794150.2781001374,653.3555438611071,1215.4948183449728,-10.304378604838371,0.000893216477449322,13.810438889185999,0.009201094107239207,2
271,1.2362014263207146,398.9846279293429,26380.650970458984,130.39967346191406,202.306112201761,26284.727392711447,2.5047106819308835,0.1448520687109911,1.169388316817475,26299.451171875,22.0,132.8385016753256,11.62139522766961,True,False,science_V_002.fits,32473.849157197255,189.3927423915985,171.46300722576055,-6.833456296611025,0.006331978060844863,17.281361197413343,0.0111335638165731,2
272,368.96733426622666,397.03660336726807,1121992.4775390625,781.2861328125,1436.083952367203,1120899.2665564637,5.180597395413832,0.029282973145454028,1.0301663330665383,53348.6640625,248.0,132.78270902616507,11.621107767259216,False,True,science_V_002.fits,1138053.5581025549,776.9212593404471,1464.8248383223342,-10.695028626378924,0.0007411807689194114,13.419788867645446,0.009187581075936204,2
273,361.36028820932574,404.3201490923122,689403.309173584,622.3336181640625,1107.7712806314125,689888.3912240074,5.054720784597874,0.03627511012678053,1.0376405242906537,43846.1875,214.0,132.78386311378026,11.622190249316088,False,False,science_V_002.fits,726940.4102630543,631.0905121187769,1151.8797958512764,-10.208368903407816,0.000942546265600251,13.906448590616554,0.009206013825618668,2
274,253.29972731362565,422.17753062909566,430344.9069824219,495.3183898925781,868.824812007793,436679.0904461226,4.800912195102765,0.11636589157809718,1.1316901310950038,27884.50390625,159.0,132.80025825935823,11.624844502489355,False,False,science_V_002.fits,744191.6298088108,636.7749084688328,1168.6886840410666,-10.233833826657364,0.0009289899139314757,13.880983667367007,0.009204635753514177,2
275,255.03367960470501,429.76006928143687,841591.8387756348,669.2064819335938,1257.5966633556113,862447.5349512212,4.970597456462595,0.05010900539910135,1.0527523744133978,51405.30859375,142.0,132.79999517846147,11.625971351876485,False,False,science_V_002.fits,1209066.4369642981,801.7348100823594,1508.0627930326425,-10.760747287926169,0.0007199302343483384,13.354070206098202,0.009185891172717753,2
276,264.0274890802209,428.0889028761327,80899.40243530273,256.8956604003906,314.9115181985368,84416.87691906666,4.651532671857302,0.08321791323456262,1.0907717487458437,6148.1669921875,100.0,132.79863060417188,11.62572299479924,False,False,science_V_002.fits,187673.67885410265,395.0277540893453,475.08985612098434,-8.738130292275287,0.0022852519076381216,15.376687201749084,0.009438467745140032,2
277,251.77076751710098,436.13411689857963,334486.0801086426,453.0123596191406,738.3597224363896,353167.807983708,4.769716048279109,0.16145588188835192,1.1925430974960998,24742.21484375,160.0,132.800490241748,11.626918605559823,False,False,science_V_002.fits,754055.7347771992,647.3130355660929,1164.9012044346625,-10.248130492069498,0.0009320103678035946,13.866687001954872,0.009204941087284507,2
278,248.20308057901747,453.54979449717825,500913.12619018555,544.6531372070312,919.6919873790804,497878.3977077765,5.114784187843499,0.00911893329047897,1.0092028534976056,31998.31640625,243.0,132.80103155638946,11.629506766711604,False,False,science_V_002.fits,495730.50546435924,530.4303530773544,934.581708207911,-9.7927359856431,0.0011616961796543858,14.32208150838127,0.009231025680199827,2
279,288.4808578065854,424.88900941768804,364350.8698425293,476.4658203125,764.694662890115,371449.02712782193,4.761443111033114,0.1804940726362919,1.2202474278824662,26902.630859375,155.0,132.79492045659694,11.625247413955739,False,False,science_V_002.fits,779318.4288851055,661.9017129321826,1177.392977928361,-10.283909239823233,0.0009221220275241526,13.830908254201137,0.00920394513935901,2
280,293.7989535941847,429.39931252088,745187.9811096191,641.5997314453125,1161.4530751609832,758289.2150625723,5.008964160167193,0.060834169279747496,1.0647746833305183,47392.29296875,201.0,132.79411356252766,11.62591767973294,False,False,science_V_002.fits,960546.8521253526,726.127958985466,1322.8341372055318,-10.510918256752129,0.000820737815470597,13.603899237272241,0.009194341067005755,2
281,328.4334286530979,428.41825832751556,485071.0341796875,526.73388671875,920.9034132992692,486888.90094630735,4.913328187388724,0.07215864740816857,1.077770458501985,28990.65625,177.0,132.788858693159,11.625771730077235,False,False,science_V_002.fits,696235.0602476973,618.7730775792762,1125.1864140105495,-10.161511597110803,0.0009649067803175776,13.953305896913568,0.009208330043465423,2
282,349.7580121309753,434.5742263377707,839287.4274597168,688.05712890625,1219.793229660836,833546.2943271587,5.133357212850958,0.0029731339926826195,1.0029819998778857,53882.8671875,270.0,132.78562320034263,11.62668643288566,False,True,science_V_002.fits,831176.8172347865,671.1791226886371,1238.3830025958257,-10.353855428028545,0.0008767077695060571,13.760962065995825,0.009199506161082636,2
283,330.13412058512165,436.72155740716414,929864.0864257812,715.531494140625,1299.5431983641422,930276.8757118377,5.087787639776923,0.060480432808606044,1.0643737873277155,53743.80859375,238.0,132.7886006074042,11.62700568227432,False,True,science_V_002.fits,1034320.6361298201,742.8782008622466,1392.3152340845393,-10.59125984790872,0.0007797803065150388,13.52355764611565,0.009190775507056723,2
284,123.89148482055207,440.7349631734569,169876.86126708984,331.9844970703125,511.70118715245565,173504.84877517185,4.88005252228163,0.04797205895935286,1.05038933931594,11032.833984375,141.0,132.81989269418747,11.627601660986295,False,False,science_V_002.fits,233768.03915667406,384.9371377828821,607.2888693024141,-8.976584709040456,0.001787781819955191,15.138232784983915,0.00933051236162556,2
285,119.20151674025199,446.0656740830572,113091.16952514648,277.0440368652344,408.20647433808034,116371.9414629466,4.590486617442521,0.14556703297566598,1.170366826414272,7624.93896484375,113.0,132.8206043368111,11.628393813973137,False,False,science_V_002.fits,201793.38686016912,363.54062528515277,555.077955048042,-8.81688919780703,0.0019559414855631094,15.297928296217341,0.00936418732136601,2
286,12.345643902598159,451.58879912451414,986892.5764770508,728.0247192382812,1355.575642417222,1009607.4892740473,4.956445178811144,0.08501248729219257,1.0929110901640693,59824.72265625,209.0,132.83681716738656,11.62921300744348,False,True,science_V_002.fits,1358820.339585158,842.4914839591224,1612.8594359193403,-10.887526971566126,0.0006731522759025458,13.227290522458244,0.009182343441694928,2
287,15.901651758681082,459.02202940533635,1367733.3883361816,859.3947143554688,1591.5077966961412,1375353.8677791203,5.0380000619082,0.12271242938610649,1.13987708648401,60219.18359375,177.0,132.83627777367641,11.630317735484512,False,True,science_V_002.fits,1869323.1385203598,992.0311225126887,1884.3392068039175,-11.23383282832526,0.0005761701481770299,12.88098466569911,0.009175743519428571,2
288,20.713380280312563,466.17972536074274,1100124.9278564453,767.5700073242188,1433.25679398486,1109032.8315898853,5.086330663869209,0.06602167736057662,1.0706886613535092,59704.3671875,223.0,132.83554784403645,11.631381538476344,False,True,science_V_002.fits,1381772.4954879393,849.9205094228541,1625.766739558084,-10.905713233286791,0.0006678079785880693,13.209104260737579,0.009181953201304773,2
289,24.202487575506744,482.02434277539754,1488544.179321289,894.4813232421875,1664.14226953988,1478245.1969441765,5.3820563870548055,0.002543025594908932,1.0025495090617074,60459.4296875,318.0,132.83501874858604,11.63373628785157,False,True,science_V_002.fits,1471467.3602829762,875.3331297992867,1681.036979167443,-10.97399845687103,0.0006458513485751564,13.14081903715334,0.009180382402663924,2
290,92.60118737382419,464.9216363433333,521549.0224609375,549.436279296875,949.2438743367559,518779.37858941697,5.093445731262565,0.001762887071159236,1.001766000330309,33801.8046875,232.0,132.82464052332224,11.631195703858447,False,False,science_V_002.fits,516955.04620050575,538.1546712288996,960.6068177760428,-9.838253821544157,0.0011302230838977053,14.276563672480213,0.009227117714327717,2
291,105.57079319577733,472.50386241606174,277642.624420166,414.68145751953125,669.5322864950845,280289.4563950046,5.078635101450029,0.03226348682680591,1.033339123188619,16862.630859375,186.0,132.8226727796674,11.632322666907035,False,False,science_V_002.fits,277640.1553606974,416.5489738668074,666.5246412285571,-9.163327570918513,0.0016288970172187588,14.951489923105857,0.009301376381342133,2
292,116.87729268731563,476.2267599333838,894055.7444763184,703.7415161132812,1270.43200380465,888431.3663926192,5.191877593254851,0.01084760426179665,1.01096656522143,56042.33203125,269.0,132.82095731664666,11.632876059619587,False,True,science_V_002.fits,877317.7883320951,688.9652007318493,1273.3847622494857,-10.412514211845572,0.0008526095428392493,13.702303282178798,0.009197240897531479,2
293,131.48288979239896,489.10069412279177,1500552.7244873047,902.0390014648438,1663.5120233720709,1489135.0841067093,5.46177903204446,0.004762001487543466,1.004784786648682,57288.8203125,351.0,132.8187413729545,11.634789420136443,False,True,science_V_002.fits,1479814.0718680902,878.6390061152948,1684.2116746111194,-10.980139756051619,0.0006446339354883559,13.134677737972751,0.009180296836457321,2
294,105.23744507849223,491.71127671736355,1265534.640045166,831.4432373046875,1522.0938523087693,1255451.3484890494,5.329447302789047,0.0018276488473162322,1.0018309952636995,57134.5390625,328.0,132.8227235900796,11.635177096915413,False,True,science_V_002.fits,1247938.4551125509,810.054634395908,1540.560848766937,-10.795104793208008,0.0007047433412766481,13.319712700816362,0.009184713401721301,2
295,400.07577258894315,481.61382515007364,42046.79736328125,200.9145050048828,209.27706221240416,43519.355665901516,4.6440097819372586,0.06147871519122983,1.0655059359721997,2714.947998046875,95.0,132.77798822526245,11.633676558909869,False,False,science_V_002.fits,54638.73317509524,251.1390524540322,217.5636669852299,-7.398373427708309,0.0049902633791960626,16.71644406631606,0.010429047209042176,2
296,410.17479119917704,488.1731325646707,1262993.6763916016,832.4934692382812,1517.1214226427762,1254162.356756004,5.296143345545809,0.000987703832729947,1.000988680356107,57449.35546875,301.0,132.77645583885533,11.634651224125179,False,True,science_V_002.fits,1249029.3107461932,812.5414836568458,1537.1883600637009,-10.796053449051431,0.0007062895011480629,13.318764044972939,0.00918483216798854,2
1,5.000017223734286,1.9976267401118202,61748.63316345215,186.49053955078125,331.10866273534504,61414.47099481644,2.655501075471839,0.0007623737518155371,1.0007629554089932,62185.63671875,25.0,132.83792237823036,11.562398660793496,True,True,science_V_003.fits,61514.3457148567,218.31966290179687,281.76273679263915,-7.52706289674232,0.0038532419593830525,16.588060888091615,0.011278072944896654,3
2,380.9323397327646,15.716102982030826,71724.92474365234,239.87399291992188,299.01084261183985,72246.10933495607,4.685823498917159,0.008725120409425302,1.0088019182056032,5041.888671875,119.0,132.7808973297205,11.56443921690327,False,False,science_V_003.fits,73312.9172498418,260.0391838626469,281.9302697418317,-7.717573127017719,0.0038509522265707543,16.39755065781622,0.01127729084506514,3
3,177.8212900835531,23.1429270460875,1081634.2214355469,766.6671142578125,1410.8264216897376,1074842.3560639804,5.180269016523106,0.0006781803729343228,1.0006786406136787,56248.7265625,281.0,132.8117073754632,11.565543315567117,False,True,science_V_003.fits,1073669.1238095504,751.7928892723559,1428.1448243660984,-10.63179803405278,0.0007602170182438626,13.483325750781159,0.010626635670224482,3
4,479.7549408915484,18.450290971393834,13370.09292602539,137.99136352539062,96.8907950791085,14244.963225903697,4.193820662913461,0.025210597743534402,1.025862609590519,974.5839233398438,66.0,132.76590684158614,11.564844180663712,False,False,science_V_003.fits,13790.630732808957,198.80371080998734,69.3680750556501,-5.903582198203186,0.01565129202632485,18.21154158663075,0.018902655841075866,3
5,271.6829163298172,21.96492276454253,275180.3778991699,413.9151611328125,664.8231418874582,274686.6944124689,5.108356846316156,0.046467523384146614,1.048731977697354,17692.6875,194.0,132.797469411462,11.565368475061282,False,False,science_V_003.fits,273872.5751230411,408.8535840149265,669.8548963020525,-9.148493237360608,0.0016207987819356535,14.966630547473331,0.010722613694635457,3
6,499.62450162387114,25.306794582285743,802417.270904541,674.0157470703125,1190.502261100487,796031.9560808392,5.210299019611398,0.02162440690270495,1.0221023572698165,51004.32421875,283.0,132.76289268091548,11.565862764878725,False,False,science_V_003.fits,792810.0124525902,655.2030316186483,1210.0218927467265,-10.302544689658294,0.0008972564930502885,13.812579095175645,0.010637317564460536,3
7,428.64629492771485,38.70557187724545,733260.810760498,643.0826416015625,1140.227963445494,728906.9694536079,5.111782031182761,0.002143284853335703,1.0021478883899886,46948.41796875,253.0,132.77365925861653,11.567855142146641,False,False,science_V_003.fits,727687.144296107,629.253915679377,1156.4284721382403,-10.209483630327004,0.0009388388699843554,13.905640154506935,0.01064090570283626,3
8,293.8815293587068,48.31454620235505,46813.53469848633,204.1822967529297,229.27323006427406,47454.175275146554,4.600777532131709,0.012226439663810873,1.0123777757927126,3235.796142578125,104.0,132.7941020006227,11.569284271934073,False,False,science_V_003.fits,46868.71037943241,232.68921236638457,201.42193057766048,-7.231829383572076,0.0053901777074934565,16.88329440126186,0.011891235069210394,3
9,450.2419545555838,52.50084413523358,1100397.3202514648,779.2115478515625,1412.1932911357305,1092221.0697551055,5.232278651602721,0.001809542564554567,1.0018128229448353,57937.21875,305.0,132.7703831471302,11.56990495773894,False,True,science_V_003.fits,1088805.6402640836,759.5672269645788,1433.455264539551,-10.646997778907355,0.0007574006855029023,13.468126005926583,0.010626434564389883,3
10,254.46525496115723,51.00352112494633,55004.56640625,215.31268310546875,255.46366155915936,55580.3317510863,4.640354462891635,0.015832519429082037,1.0160872206627856,3690.077880859375,109.0,132.8000811756784,11.569683943006172,False,False,science_V_003.fits,54645.28126798244,240.18999332066582,227.50856733247926,-7.398503538256763,0.00477212798062838,16.716620246577175,0.011624141310925123,3
11,487.8559255758462,58.382571038700185,44984.757720947266,206.9104461669922,217.4117283795387,45907.09201874508,4.692853091142957,0.018744011337386235,1.0191020605774168,2914.4755859375,108.0,132.76467724758734,11.570778411964918,False,False,science_V_003.fits,44787.619333063725,235.63422097801248,190.07264372369306,-7.182516819838271,0.005712026616403951,16.932606964995667,0.012040544166247924,3
12,338.4487758684204,75.91317245813262,29130.08203125,174.89108276367188,166.5612767153664,29679.049323448562,4.474345808891963,0.017793468010616653,1.0181158111161992,1978.6016845703125,89.0,132.7873412731783,11.573385518217442,False,False,science_V_003.fits,29940.135006311975,214.29314565592622,139.71578472409246,-6.745256259880462,0.007770775522207571,17.369867524953474,0.013142770178672382,3
13,205.9865306782152,78.9975728104309,142682.44827270508,309.86297607421875,460.46949551833393,143057.2836134085,4.842580616185926,0.005594696150526546,1.0056261728782707,9936.4677734375,145.0,132.8074351826113,11.573844074310797,False,False,science_V_003.fits,142935.8463955434,317.7394033953468,449.8524415547406,-8.442474768263034,0.002413458058041652,15.672649016570904,0.010870705384232706,3
14,13.33248670595044,83.16754313229981,240331.31787109375,384.76788330078125,624.6137692402503,240034.46766565225,4.9482780740167795,0.0038208282288046957,1.0038354829503324,15914.521484375,178.0,132.83666001630928,11.574461567618501,False,False,science_V_003.fits,241264.94664350926,383.49010778428715,629.1295179358852,-9.010857443782278,0.001725717787908092,15.10426634105166,0.010738973770168272,3
15,387.5439885214391,80.34302843021439,16170.04052734375,144.75279235839844,111.70796959348313,16926.867943057638,4.268933829272849,0.024474567301067673,1.0250885999285075,1043.346923828125,70.0,132.77989371431389,11.574043425323685,False,False,science_V_003.fits,16984.913800284907,200.52476185813873,84.70232625086415,-6.129780241877086,0.012817829781728381,17.98534354295685,0.016632625050370817,3
16,508.002889084602,82.99992395895327,175158.7180480957,306.9265441894531,570.6861181090204,175295.46074955896,2.9899650343130943,0.1900050837240883,1.2345756496814433,58548.6953125,35.0,132.76162057510996,11.574436436225403,True,True,science_V_003.fits,171444.11962121996,337.0993818049708,508.5862771484082,-8.639928358533682,0.0021347410435205018,15.475195426300257,0.010812241907937075,3
17,27.472647608733784,101.97170969538212,164542.96578979492,326.8843078613281,503.36758857080974,164663.72774603282,4.872102649955584,0.001565234095140644,1.0015676878936823,10676.71875,156.0,132.83451535870142,11.577256336579902,False,False,science_V_003.fits,165418.95259950985,331.0211901101629,499.7231522986758,-8.60108504061667,0.0021726029602708824,15.514038744217268,0.01081978093012227,3
18,322.4783834613773,105.15490644546917,439306.1537780762,510.2214660644531,861.0107237679047,437124.3948949961,5.0732487705702995,0.00453479896294684,1.0045554570448296,27882.69140625,226.0,132.7897637468879,11.577731259067509,False,False,science_V_003.fits,435125.64676836226,499.3949605166794,871.3056421678276,-9.651158578605262,0.0012460610232004864,14.463965206228677,0.010672400096810426,3
19,339.03813837654513,122.99400049629965,1580331.8452148438,938.3385620117188,1684.180858800842,1572272.8261528788,6.1483964522196635,0.2293191468205007,1.29755396916172,53422.96875,369.0,132.7872515501374,11.58038224716748,False,True,science_V_003.fits,1549304.029433016,898.1493052426997,1724.9960784798022,-11.029963500022031,0.0006293927351746802,13.085160284811908,0.010618078496976296,3
20,308.7558188491692,115.46622418410797,7013.0386962890625,113.29463958740234,61.90088711901308,7985.546917563666,3.9513603851269385,0.03702683008245933,1.0384505313742334,490.85546875,52.0,132.79184538276655,11.579263700909197,False,False,science_V_003.fits,6224.210095120702,186.91805279549467,33.29913832309474,-5.039832483099906,0.032604447282259225,19.07529130173403,0.0342840697457942,3
21,274.4080278143724,127.62204195804107,584662.0230102539,578.8189086914062,1010.0948919102484,581642.2710498669,5.091654714199592,0.0031202287326651534,1.0031299950331005,36498.0234375,241.0,132.79705587118156,11.581070289512947,False,False,science_V_003.fits,580856.7042205153,566.6180082783204,1025.1292682798055,-9.96479438986189,0.001059085945152882,14.150329394972049,0.010652188450833946,3
22,365.7570559282545,135.3470158972857,151088.3416442871,323.6615295410156,466.80970042545823,151271.68448854613,4.912724742242746,0.002563710301485056,1.0025702998055745,9924.0458984375,158.0,132.78319820461934,11.582217836686915,False,False,science_V_003.fits,150648.64285000088,327.97834717631076,459.32496503806374,-8.499534933025323,0.0023636860232711917,15.615588851808615,0.010859763688472569,3
23,497.4029127217167,138.8440673778522,174604.0008544922,348.0868225097656,501.6104878534827,174446.35357839696,5.001039742946593,0.0023232451489981765,1.0023286551858623,11468.234375,176.0,132.76322745363035,11.582735700825031,False,False,science_V_003.fits,173064.6726879434,346.9529811555692,498.81304409470823,-8.65014293739646,0.0021765669780557328,15.464980847437479,0.010820577598391983,3
24,461.56420187613884,139.45187187539403,40404.74432373047,255.79139709472656,157.95974681966135,41144.44151332193,5.01326991525875,0.0039458180423938005,1.0039614492001216,2005.232421875,112.0,132.7686641870137,11.582826662897066,False,False,science_V_003.fits,40574.16342489204,278.1521159955115,145.87041079905634,-7.075245809353195,0.007442907674371365,17.039877975480742,0.012951614972738956,3
25,352.0401008434845,139.4730393461812,15230.579650878906,143.79803466796875,105.91646600766472,15941.328342044057,4.2512914909326085,0.019305235215605787,1.0196852638647969,1011.503173828125,71.0,132.78527903531753,11.582831122126024,False,False,science_V_003.fits,14720.701833815683,199.67996291070457,73.72147720399305,-5.974443164548543,0.01472705161612245,18.140680620285394,0.018144792780762052,3
26,399.9421022907568,146.4406428448088,118072.21817016602,293.8833312988281,401.76561783324536,118505.79551467343,4.856879675291265,0.005217573661834285,1.0052449395201324,7804.4208984375,145.0,132.7780122010641,11.583866127379295,False,False,science_V_003.fits,118388.25799945284,303.0517755294618,390.65356998030023,-8.237893449709901,0.0027791887324996145,15.877230335124038,0.010957707139895306,3
27,28.300942679328934,149.7013820896605,108982.17208862305,276.84063720703125,393.66392588932786,109401.68047886333,4.802125967564811,0.00936937886936584,1.009457994402265,7177.45947265625,138.0,132.8343905824208,11.58434950899882,False,False,science_V_003.fits,110766.9100748147,302.8054673419931,365.80221304165843,-8.165646976325498,0.0029679973529202187,15.949476808508441,0.011007109704177622,3
28,329.33081871955756,162.17792985799286,472490.0579223633,526.7913818359375,896.9206297105186,470319.80615787127,5.061669336725138,0.0030120130930714195,1.0030211127241522,31282.474609375,225.0,132.78872390633242,11.58620547454898,False,False,science_V_003.fits,470122.8357017732,516.3346329497838,910.5002951593508,-9.735150241739255,0.0011924213597426531,14.379973543094684,0.010666270409661957,3
29,498.87813297255616,165.03724502764157,69142.55493164062,245.6968536376953,281.4140836886673,69791.2728386471,4.855745330754759,0.009503417426128369,1.0095945989045547,4637.02490234375,133.0,132.7630031463559,11.586628268630749,False,False,science_V_003.fits,68618.23045555281,261.57653082812175,262.32563845967087,-7.64572065945983,0.0041387490996878384,16.469403125374107,0.01137878288144328,3
30,452.0454729494621,168.88819007947652,255532.91595458984,404.09869384765625,632.352739182386,255050.07761279095,4.991803338275677,0.0031485872119105807,1.0031585321257703,17506.2265625,184.0,132.77010771324365,11.587201377715049,False,False,science_V_003.fits,254603.85777169428,401.0043268941901,634.9154876796994,-9.06928432359447,0.0017099913627366284,15.045839461239469,0.010736457805696141,3
31,42.198697516598486,174.82657351631784,182367.64279174805,342.9586181640625,531.7482434703189,182325.1915528045,4.89869296896254,0.004107713585188466,1.0041246564926978,12491.33984375,163.0,132.83228270831972,11.588083632114788,False,False,science_V_003.fits,183353.15654513938,345.2439207962583,531.0829402072025,-8.712842851605947,0.0020443134542721584,15.402280933227992,0.010794752116291412,3
32,17.425381012184406,194.14244913296196,246286.7215270996,390.00738525390625,631.4924558845462,245912.2519639022,4.934666131259246,0.0027125392627379563,1.0027199171447845,16139.244140625,178.0,132.8360412707238,11.59095374425035,False,False,science_V_003.fits,247145.21792785544,388.67000468164656,635.8741733370656,-9.037002403065685,0.0017074132674743652,15.078121381768254,0.010736047495182165,3
33,427.4352682268047,195.38936272556214,390583.7799987793,486.4533386230469,802.9213677602961,388815.0458605671,5.0536966221280695,0.0036167978819423574,1.0036299265927546,24147.82421875,214.0,132.77384077997326,11.591140105202683,False,False,science_V_003.fits,388501.64134544256,477.04687550220467,814.3888185756435,-9.528104018921596,0.0013331469873307895,14.587019765912343,0.010682917983523457,3
34,264.44617264541887,197.25933430487393,113257.11410522461,286.9627380371094,394.6753326927709,113658.30380142422,4.837269089666092,0.005780529209129415,1.0058141380036856,7334.17626953125,143.0,132.79856702606875,11.591419175628166,False,False,science_V_003.fits,114171.89892718662,296.5102228406379,385.05215042298676,-8.198519934983704,0.002819618066818583,15.916603849850235,0.010968030898734262,3
35,186.13389084278649,203.37784958257134,613669.7721252441,591.1128540039062,1038.160087314205,610116.660178479,5.0958334530746985,0.0045697102519948185,1.0045906883676923,40190.98828125,245.0,132.81044743104388,11.592328270994935,False,False,science_V_003.fits,609763.2274109229,578.5095884537715,1054.0244095878954,-10.017524949310827,0.0010300520463510795,14.097598835523112,0.010649340964165425,3
36,351.8886781773517,203.50449423420756,311515.591217041,438.7572937011719,709.9952426755726,310577.967255164,5.01460907734713,0.006918764312468628,1.0069669671159163,20081.943359375,196.0,132.78530150512938,11.592346908161485,False,False,science_V_003.fits,309833.5667199719,433.09026996390594,715.4018185303347,-9.282443040358416,0.0015176086667355374,14.832680744475523,0.010707501660901602,3
37,42.35993298066103,205.17332132595493,303878.15283203125,428.9645690917969,708.3991889479395,303002.287943428,5.001481820177942,0.005720159857151685,1.005753068327655,20062.556640625,196.0,132.8322587695701,11.592593497890967,False,False,science_V_003.fits,303219.1270491716,423.89414552903,715.3180345785311,-9.259013356793087,0.0015177864215875669,14.856110428040852,0.010707526856114596,3
38,302.4877342581201,220.10994370627301,483903.2663269043,533.1826171875,907.5750985271411,481542.6551221894,5.076000464830662,0.0026431485552371736,1.0026501533041141,30760.322265625,230.0,132.79279584027356,11.594814944383979,False,False,science_V_003.fits,480388.02252027,521.8071966819916,920.6236049922402,-9.75860230062347,0.001179309322629362,14.356521484210468,0.010664812526777031,3
39,328.7720109214206,216.1647194395104,15858.387634277344,144.7786865234375,109.53537440547306,16494.15628518789,4.257416764171761,0.015171815768996955,1.0154055458728,1099.259765625,70.0,132.78880835705309,11.594228514204115,False,False,science_V_003.fits,15772.566059350811,201.06125263113438,78.44657214131185,-6.049377761573313,0.013839992881323676,18.065746023260626,0.017432523016131365,3
40,280.05780900282343,227.00949872290707,399912.6455383301,498.8695373535156,801.6377341054974,400206.733301896,6.951415498973013,0.4052399960958266,1.6813504496531648,15644.837890625,268.0,132.79619860130325,11.595840359257169,False,False,science_V_003.fits,389536.5187765862,475.90413583103935,818.5188769086127,-9.530992320844804,0.0013264202337036853,14.584131463989134,0.010682080620798473,3
41,360.47266408809264,226.6655818999942,12734.869720458984,134.6319122314453,94.59027588174273,13516.537591594239,4.1042118047961225,0.027276806601594372,1.02804169447867,878.689453125,62.0,132.78399906930466,11.595788834286925,False,False,science_V_003.fits,12825.091555831841,198.57957770527625,64.58414155188869,-5.824773059387587,0.016810628335560032,18.29035072544635,0.019873215159837466,3
42,42.790116938632,233.75997731757448,1140896.494293213,787.0370483398438,1449.6096425191056,1133335.5179458165,5.232567022041451,0.001654844461496996,1.001657587511009,55172.03125,297.0,132.83219399820666,11.596841799117867,False,True,science_V_003.fits,1130996.7778866186,770.5178698148355,1467.8397765887123,-10.688275293189067,0.0007396583859603449,13.426848491644872,0.010625184717489914,3
43,317.85095118023816,232.30527187614754,54571.35791015625,219.38304138183594,248.74920853692998,55205.100324246145,4.672859961648521,0.009635227720465434,1.0097289685479098,3710.036865234375,112.0,132.79046507199033,11.596627238585581,False,False,science_V_003.fits,53957.20780353368,244.53847084042678,220.6491584661269,-7.3847455429372815,0.004920481036716358,16.730378241896656,0.01168582857077516,3
44,203.86948131626258,237.06438108509116,1096872.064025879,775.3087158203125,1414.7552344556548,1089478.4258880448,5.2558654646770115,0.0014222911419875528,1.001424316935348,51462.1640625,298.0,132.80775698227708,11.597334547919921,False,False,science_V_003.fits,1086728.866654291,757.4256620503398,1434.7663686394417,-10.644924882361714,0.0007567085650533796,13.470198902472225,0.010626385255828291,3
45,339.66850331932045,238.7481931939224,480451.91104125977,531.9994506835938,903.1060284440184,477965.37268355704,5.069825139352999,0.001017324568002409,1.0010183605712306,31343.53515625,227.0,132.78715513278166,11.597584600962627,False,False,science_V_003.fits,477207.85330322094,520.8453110866242,916.2180078143284,-9.75139082940227,0.0011849799837376884,14.363732955431669,0.010665441074550959,3
46,87.21644490797648,238.65677026922407,74049.78308105469,241.32815551757812,306.84270106088377,74582.8717670381,4.775854775753263,0.008170262741250434,1.0082375658183347,4924.77197265625,127.0,132.82545423562087,11.597570184570383,False,False,science_V_003.fits,74874.55584758906,257.2671470026114,291.03815516261403,-7.740457522016336,0.0037304387096371554,16.374666262817602,0.011236708980801232,3
47,441.58113893238135,244.1795180637017,281400.2321166992,422.9975891113281,665.2525672968738,280587.46303757967,5.016839898017666,0.00256237007966309,1.0025689526871646,18305.263671875,195.0,132.77169404685364,11.59839066268276,False,False,science_V_003.fits,280442.60565879144,417.18546288982117,672.2252585604989,-9.174231858020082,0.0016150836139732607,14.940891926813856,0.010721751295053652,3
48,354.8612216162604,246.0783066648453,11800.271545410156,133.7676544189453,88.21468535624484,12388.347906653995,4.125032950675708,0.02655205906341318,1.027276301019104,874.5233154296875,63.0,132.7848502103221,11.598673826342633,False,False,science_V_003.fits,10918.223833561857,297.4692768644274,36.70370247525721,-5.650001857777875,0.029580122079833633,18.465121927056064,0.03142182486760947,3
49,265.9958657036844,247.0520136218082,15001.233917236328,141.68643188476562,105.87629117117521,15620.736690744732,4.247819388632603,0.006489181334137117,1.0065315658493292,1092.7723388671875,69.0,132.7983318855349,11.598818919707215,False,False,science_V_003.fits,15521.150720874783,198.25617093409195,78.28836120331718,-6.031931664606649,0.013867961767399949,18.083192120227288,0.01745473630092779,3
50,233.74958504456478,262.4397510907042,234399.14434814453,386.8504333496094,605.9167164905574,234088.55266972617,4.9647833515324225,0.0112850551970467,1.0114138612512789,14968.3203125,180.0,132.80322396625243,11.60110569538544,False,False,science_V_003.fits,234018.28321033524,384.9032157388537,607.9925384907935,-8.97774634648906,0.0017857127041312204,15.13737743834488,0.010748777866090423,3
51,415.15083565684637,262.26684420663577,18696.145141601562,158.12921142578125,118.23334204367859,19985.300104006456,4.433887092025047,0.026269040295714197,1.0269777190854565,1328.3643798828125,80.0,132.7757035234965,11.601079002577773,False,False,science_V_003.fits,16286.513894234258,261.6488288079334,62.245697672086955,-6.08419220934865,0.017442169348306048,18.030931575485287,0.020410211349416417,3
52,368.19351547488213,267.1303867266553,373607.9053039551,476.9494323730469,783.3281265166429,372144.0150273966,5.037530867367379,0.00366221305672787,1.003675674158624,25482.58203125,211.0,132.78282738871152,11.601802286847933,False,False,science_V_003.fits,371222.0448286645,468.19287633053733,792.8827276017485,-9.478706270704059,0.0013693071651137403,14.63641751412988,0.01068749071884002,3
53,427.26665333101016,273.7162556652638,763879.8930053711,658.5648193359375,1159.9160334371154,758903.9985614633,5.125548060088948,0.0010507041566135689,1.0010518092970138,49888.1796875,263.0,132.77386526981746,11.602780352806237,False,False,science_V_003.fits,757078.3764256757,642.5353301758078,1178.2673121157823,-10.2524739792878,0.0009214377661470031,13.86264980554614,0.010639384536228669,3
54,404.27177816709894,270.5406781938996,21850.409912109375,162.9901885986328,134.0596639587707,22443.03547038335,4.395724194195031,0.003629375177451988,1.0036425955232255,1464.029296875,80.0,132.7773538888804,11.602308719329436,False,False,science_V_003.fits,18967.942252318244,212.40776777859475,89.29966380556128,-6.24967242095988,0.012157940508756836,17.865451363874058,0.016129568288312312,3
55,283.21130192039874,274.5927482207093,369822.558013916,473.6534423828125,780.7872273733437,368251.483890943,5.051017832978904,0.006248405470028029,1.0062876935286664,24048.9453125,213.0,132.79572008440076,11.602911752162479,False,False,science_V_003.fits,367252.02844407706,464.6715815329235,790.3475121773852,-9.46703238206277,0.0013736995223897488,14.648091402771168,0.010688054366004767,3
56,255.15917308216544,277.993289947751,1332218.707611084,852.7259521484375,1562.3058079264124,1322926.4121277342,5.431684363824018,0.002006366618061861,1.0020104002179482,52069.84765625,334.0,132.799975910052,11.603417141938865,False,True,science_V_003.fits,1315849.84922194,830.624538368467,1584.1692466810146,-10.852637711645423,0.0006853434393292541,13.262486073188516,0.010621541855243588,3
57,318.2831426958642,276.2715307230566,174632.32543945312,344.44085693359375,507.0023544655193,174688.95650910842,4.932097180320093,0.008733316478877873,1.0088102592612676,11517.583984375,166.0,132.79039928038216,11.603161110909358,False,False,science_V_003.fits,173623.76419530946,346.30166562227595,501.36566303636357,-8.65364479297033,0.002165485353394166,15.46147899186361,0.01081835396761561,3
58,337.51282136610877,280.3146537026117,1017620.0845336914,768.9566650390625,1323.3776762725595,1010583.1053010535,5.1981414751535935,0.001593509096842305,1.001596052420894,54894.578125,292.0,132.78748189085954,11.603761852944137,False,True,science_V_003.fits,1007528.3019931223,732.8701054289967,1374.7706374287845,-10.56276501039585,0.0007897317344735923,13.552358774438089,0.010628787887868231,3
59,41.209179056262,283.14461455109625,1016290.2822875977,745.7595825195312,1362.7585968846486,1009868.2349519652,5.173763166768991,0.0028924349176049358,1.002900825366184,54881.44140625,287.0,132.8324346919085,11.60418087710576,False,True,science_V_003.fits,1008373.2606635035,729.9455364316048,1381.4362994710732,-10.563675176140721,0.0007859211462849896,13.551448608693217,0.010628505435903848,3
60,186.05542130034675,281.27416709553074,110230.9739074707,284.2109375,387.84916188340117,110607.72790894753,4.851101717135211,0.005517173913617723,1.0055477819917007,7345.56640625,144.0,132.8104597691009,11.603904528619687,False,False,science_V_003.fits,106904.82150022482,293.44500651757414,364.30956099374754,-8.12711510581218,0.002980157855419648,15.988008679021759,0.011010394933701479,3
61,67.80333601534184,288.19128492339723,498362.0796508789,536.7386474609375,928.5004573611377,495942.9781357299,5.076487940635505,0.0016585965001407743,1.0016613520127746,33550.30859375,231.0,132.82840011613348,11.604931290340993,False,False,science_V_003.fits,494680.509968877,526.0998439292206,940.2787620583848,-9.790433873623709,0.001154657580081114,14.32468991121023,0.010662114700194259,3
62,274.54201131245736,292.2688465555682,962426.2072143555,730.7408447265625,1317.0554433350278,955970.9624050464,5.19154887678307,0.0017336490513952807,1.0017366598100277,52358.8125,285.0,132.7970352860792,11.605538633140197,False,True,science_V_003.fits,952481.0481919254,713.3574685097875,1335.2086299477176,-10.501762731898086,0.0008131313531447985,13.613361052935852,0.010630552118790765,3
63,168.05355952438947,291.72919200880045,232158.02044677734,385.4412841796875,602.3174734405161,231800.60982169106,4.9771556091007225,0.0026171112849843192,1.0026239785288036,15700.8291015625,183.0,132.8131909384733,11.605458150375158,False,False,science_V_003.fits,227862.79891082278,382.7723200301651,595.2959161019419,-8.948805443173061,0.001823798837911192,15.166318341660878,0.010755170754294233,3
64,202.43268714694278,289.60847958114795,12480.481201171875,132.4960479736328,94.19512047374829,13143.903907901828,4.116431563206855,0.017302398057779556,1.0176070421089691,868.44287109375,63.0,132.80797517897483,11.605143178795347,False,False,science_V_003.fits,12708.384967290538,193.96440389672858,65.51916079435273,-5.814847779465983,0.01657072506480546,18.300276005367955,0.019670698638488457,3
65,350.3728772251387,295.2359979242198,79393.64993286133,253.65989685058594,312.99251840201924,80058.18414205473,4.774574854959092,0.0031084210359551,1.0031181134453813,5281.4345703125,128.0,132.78553075392705,11.605979239868558,False,False,science_V_003.fits,76113.80844634939,270.7797376950538,281.09122600623493,-7.7582805063761064,0.003862447133002714,16.35684327845783,0.01128122128176292,3
66,312.93980948436223,297.879336868585,565718.7358093262,572.4302368164062,988.2754254135729,562721.0713951342,5.088548531629316,0.0021508517670076888,1.0021554879019705,38456.890625,237.0,132.79120982413224,11.606372296561211,False,False,science_V_003.fits,561796.7488826197,560.0404983055613,1003.1359349589396,-9.928569928068336,0.0010823059589071943,14.186553856765602,0.010654522135766849,3
67,108.12595548753254,298.0784357355185,288067.18493652344,421.53790283203125,683.3719648961403,287241.5858411016,5.012242651755154,0.0031624620775376755,1.0031724949725798,19743.080078125,196.0,132.82228279222045,11.606401163838115,False,False,science_V_003.fits,286857.40092737443,416.15803605427004,689.2991990426592,-9.198787021966822,0.0015750779944440478,14.916336762867116,0.010715797984351964,3
68,236.13670604935422,298.49941243867323,92876.33477783203,267.5470275878906,347.14022284296044,93317.34085675559,4.821976413812757,0.00158109272058371,1.0015835965335353,5952.00732421875,138.0,132.80286187024436,11.606464565479337,False,False,science_V_003.fits,93221.4239166829,279.57485144553635,333.4399479591363,-7.978411204807012,0.0032560585696020283,16.136712580026927,0.011088253837351424,3
69,426.1268633002616,300.5523879813587,197593.77655029297,363.1292724609375,544.1416915006446,197574.83756281115,4.927586041077577,0.0013897220901529783,1.0013916561053846,12824.9638671875,167.0,132.77403781780427,11.60676851529711,False,False,science_V_003.fits,196515.8652689303,364.6670574292554,538.8911920212424,-8.78811591884254,0.0020146924204268737,15.3270078659914,0.0107891816789683,3
70,77.10584452731713,306.7673995997184,1177024.20703125,801.2483520507812,1468.987991075023,1168473.0297236308,5.289393153918022,0.0019342914461076832,1.0019380401806512,53644.23828125,315.0,132.82698907726498,11.607692041463867,False,True,science_V_003.fits,1164396.5289777825,782.11804584707,1488.773382944626,-10.719874129423896,0.0007292580673712797,13.395249655410042,0.0106244657786491,3
71,182.7386591986655,309.47692379905436,1426037.9532165527,890.1431274414062,1602.0322005018477,1416667.373018553,5.449677709526367,0.0009220899574805541,1.0009229409921008,51912.77734375,331.0,132.81096312587542,11.60809575297018,False,True,science_V_003.fits,1409314.6460808432,866.5116770280857,1626.4231440185933,-10.927141787263665,0.0006675384594672174,13.187981997570274,0.01062040787106256,3
72,439.64601853520355,307.8657918017421,26884.960968017578,175.91697692871094,152.82755216349875,27677.739076581194,4.48723195793135,0.018047176952122324,1.018378863554876,1821.4400634765625,88.0,132.77198667184322,11.607855177820612,False,False,science_V_003.fits,25576.110475062804,219.7263703443424,116.39982235623977,-6.57420812200746,0.009327333822531385,17.540915662826478,0.014119015971015746,3
73,350.1642692933558,319.76490719724586,1480937.155822754,897.3358764648438,1650.3710535424857,1470942.682542712,5.473556824829332,0.001235892941999328,1.001237422263441,53920.1484375,335.0,132.78556221390107,11.609624509718728,False,True,science_V_003.fits,1463558.1201262388,874.7479936602684,1673.119722175265,-10.968146808062995,0.0006489075381816994,13.146976976770944,0.010619253116202135,3
74,199.4838522506688,330.61956959270793,820475.3053283691,677.8536376953125,1210.401862145296,814878.9837033935,5.133220817638965,0.001930112462541711,1.0019338450008786,50149.59765625,272.0,132.8084227381128,11.611237869638789,False,False,science_V_003.fits,812560.496107714,661.8503824237497,1227.7102464337206,-10.329261135545709,0.000884329183660204,13.78586264928823,0.010636234947477084,3
75,499.29428895635107,333.92357965527026,1046875.7821044922,764.9854736328125,1368.4910605335037,1038556.5317721596,5.22440681294067,0.002633989437592854,1.002640945660568,56418.3046875,306.0,132.7629366819601,11.611726640786284,False,True,science_V_003.fits,1034905.0075327865,743.5046541645968,1391.9280824080486,-10.591873094905766,0.0007799971950574695,13.523250689928172,0.010628069033326668,3
76,17.165870669557517,334.1926659230764,84240.0280456543,251.74978637695312,334.61807160987604,84581.13957808336,4.707985154313839,0.0012945907226131759,1.0012962688602536,5835.5263671875,125.0,132.83608333016647,11.611766753334269,False,False,science_V_003.fits,86244.0892405128,267.7470311661477,322.1103474607526,-7.89394522476091,0.003370584051579674,16.221178560073028,0.011122422964517353,3
77,172.98321652475403,346.9723581277494,170997.24047851562,341.0684509277344,501.3575427847079,170897.6155343239,4.949127774795808,0.002291167803932903,1.0022964293088295,11788.46484375,172.0,132.8124434128787,11.613667931205255,False,False,science_V_003.fits,170871.81210645393,341.15586443796667,500.8614241116879,-8.636297936982185,0.002167665441445333,15.478825847851754,0.010818790561744698,3
78,69.37940944245861,349.181431096553,409505.6453552246,492.4491271972656,831.5694408595926,407674.12747288414,5.061651144294985,0.0044506830794106556,1.0044705802151292,26438.693359375,220.0,132.82816192076913,11.613995125625825,False,False,science_V_003.fits,407130.8175038855,482.9706785799377,842.9721214152346,-9.578956817199712,0.0012879429490233422,14.536166967634227,0.010677371061867181,3
79,372.73090836164397,350.2957278673159,513996.37759399414,548.9771728515625,936.2800550050798,511673.6243595295,5.069136822191912,0.002128565163744822,1.002133105618054,33506.578125,226.0,132.78213822670426,11.614161538253134,False,False,science_V_003.fits,511432.02272486396,538.0228230931452,950.5768171405663,-9.826591667512382,0.0011421486201040527,14.288532117321557,0.010660767290550214,3
80,46.61336796037306,358.4367991689143,655209.0731506348,608.5623168945312,1076.650747115168,651562.8378621393,5.092449923745028,0.0020664912048760087,1.0020707704337648,40571.02734375,249.0,132.83161607917404,11.615370220549918,False,False,science_V_003.fits,651513.0892683059,595.8543051589888,1093.410056162078,-10.089429737439044,0.0009929486141830994,14.025694047394895,0.0106458162065324,3
81,195.87561565067142,357.97778224780143,106672.51531982422,281.68658447265625,378.69221042075964,107001.21172719132,4.842648043486273,0.0022709878257997085,1.002276156950524,7359.8818359375,143.0,132.80897029546077,11.615303587368786,False,False,science_V_003.fits,106368.16201220323,291.4403189415518,364.9740790790697,-8.121651011336061,0.0029747318021584456,15.993472773497876,0.011008927515777029,3
82,425.8607687742932,356.55849663814587,28655.318756103516,178.8170166015625,160.24939516775902,29507.98503835023,4.472948004772719,0.019317754606660853,1.0196982811684459,1921.992919921875,88.0,132.77407741490612,11.615091647766564,False,False,science_V_003.fits,29099.267872458942,222.34749124894327,130.87293096497774,-6.714327030100938,0.008295833156594766,17.400796754732998,0.013459877544573607,3
83,150.72529142524832,363.45389040946867,143662.45629882812,315.80767822265625,454.9048873901689,143857.34926742807,4.899491269082403,0.0018058811044660006,1.0018091482110354,9275.8916015625,157.0,132.81582046100274,11.616117105530897,False,False,science_V_003.fits,143901.51121108522,320.3699877464651,449.17288358785413,-8.44978526102259,0.0024171094019028133,15.665338523811348,0.010871516619755807,3
84,189.4080986274026,375.4464086652141,186614.69110107422,352.53192138671875,529.3554421029651,186575.76871415955,4.94286907209164,0.000532394416541293,1.0005326780113404,11568.6953125,170.0,132.80995162715146,11.617899587138663,False,False,science_V_003.fits,185824.75231186172,353.18704347238537,526.1369456957183,-8.727380780537946,0.002063531194458058,15.387743004295993,0.01079840806523634,3
85,413.73273164763157,378.5348260579408,541457.6908874512,572.5570068359375,945.6834593286226,540947.8554883553,6.72590951688249,0.3710531975330491,1.5899595897103662,23455.826171875,284.0,132.77591717366693,11.61835773228501,False,False,science_V_003.fits,528630.4718853214,547.0809503565958,966.2746830076095,-9.862502358006203,0.0011235935485970402,14.252621426827735,0.010658795345408815,3
86,168.89868176410675,380.23327076996856,87742.87078857422,260.521728515625,336.7967473903497,88063.10767570892,4.783144724884673,0.006289861888289727,1.0063296746677477,6048.7724609375,133.0,132.81306333826592,11.618610844666444,False,False,science_V_003.fits,87451.8282311314,274.2850657264572,318.83554432506565,-7.909044106759234,0.00340520377769765,16.206079678074705,0.011132963150954292,3
87,334.40544486497276,382.4189546702453,718337.7028808594,639.3464965820312,1123.5499165493482,714017.916078564,5.104077948310982,0.0022108685233710457,1.0022157672935355,44374.0078125,254.0,132.78795266155262,11.618935705452579,False,False,science_V_003.fits,713237.6108610723,624.6958458513957,1141.7357992656464,-10.187707465482665,0.0009509205200522854,13.927416319351273,0.010641978462124242,3
88,63.382871582630564,389.9656199962483,137804.24404907227,451.74884033203125,305.04614897912614,138029.63680552194,4.901686917645532,0.015357543391075645,1.0155970761650543,9187.55078125,154.0,132.82907233070821,11.620056018328325,False,False,science_V_003.fits,138334.3860989812,455.46133665494506,303.7236642630383,-8.406947241827481,0.0035746309153564513,15.708176543006457,0.011185948414590596,3
89,318.16442153679685,387.27576824588635,14213.450775146484,141.1221160888672,100.71738696290532,14951.568862031698,4.173796917791991,0.01757283635914586,1.0178871645751542,987.076416015625,66.0,132.79041672535146,11.619657573580918,False,False,science_V_003.fits,14203.287912053787,202.5800643449446,70.11197255752195,-5.935594100627881,0.01548522970323306,18.179529684206056,0.01876538821113891,3
90,282.41105422186956,392.952782918716,347763.621673584,461.7945556640625,753.0699905578108,346433.23169585096,5.040189128096348,0.0064955314481058846,1.006537999227697,22804.68359375,206.0,132.79584122895943,11.62050136927275,False,False,science_V_003.fits,346472.63194370037,453.94663079816956,763.2452989782107,-9.403794211920905,0.0014224784632849666,14.711329572913034,0.010694433165501073,3
91,98.4010533253171,393.0190641320234,91078.63122558594,263.66107177734375,345.4382955042371,91604.08195933173,4.825132641076348,0.0019712307581399857,1.001975124183682,6123.3115234375,137.0,132.82375938927055,11.620510277228313,False,False,science_V_003.fits,91551.42895948017,275.8098673115713,331.9367426983974,-7.958784692231955,0.0032708039223801237,16.156339092601982,0.011092592756047476,3
92,407.081235638041,398.05207379715785,714526.8072814941,639.612060546875,1117.1252878980522,710103.0787259035,5.111103668280754,0.004983689326144014,1.0050086508861036,49193.546875,257.0,132.77692609684718,11.621258293497197,False,False,science_V_003.fits,707537.9545729804,623.9763661742448,1133.9178740231341,-10.178996228416828,0.0009574767493063168,13.93612755641711,0.010642566301335497,3
93,242.39143332532902,397.4890040047288,205132.70071411133,367.0313415527344,558.8969591705516,205011.81926026026,4.946690839228186,0.0017442368447622147,1.0017472845228053,12653.91015625,171.0,132.80191304601462,11.621175525517643,False,False,science_V_003.fits,204603.0318915697,367.3612621883114,556.9532037013992,-8.83190203648445,0.0019493558754750955,15.283221748349488,0.010777172360230165,3
94,40.99888347463644,402.4541287885429,480941.8793029785,532.7950439453125,902.6770890014955,480166.1874599627,5.877208494247443,0.2376422532029423,1.311720126412257,18869.9921875,250.0,132.83246865879545,11.621911589114768,False,False,science_V_003.fits,475113.0011449546,517.5767381564528,917.9566354493653,-9.746614160930083,0.001182735608712627,14.368509623903856,0.010665191947310491,3
95,221.86794600440447,404.2492905530852,779303.9874572754,662.501220703125,1176.3057381693357,774391.0416263444,5.1225934592849525,0.0028153739731472394,1.0028233226823449,51928.8671875,264.0,132.805026913351,11.62218014185668,False,True,science_V_003.fits,773054.8464446974,647.1516368034434,1194.5497816603593,-10.275147642029765,0.000908877986224179,13.839976142804174,0.010638304138663393,3
96,469.53600644303026,404.3505923993488,129180.27960205078,309.1000061035156,417.92389858054264,129587.84439655961,4.896106435466264,0.00358059016600909,1.0035934568623124,8097.73193359375,151.0,132.76745027088847,11.622193415505947,False,False,science_V_003.fits,128685.8260779622,316.5539528183664,406.5209893360583,-8.328448660977099,0.0026707108082492776,15.78667512385684,0.010930697689267563,3
97,121.25145808556158,406.8358677765629,371878.00064086914,473.7671203613281,784.9383898934329,370179.53563536075,5.07161883216955,0.0008974068368211574,1.0008982128992179,24716.578125,217.0,132.82029265523772,11.622563870303114,False,False,science_V_003.fits,369218.135583139,464.2367463957396,795.3229434112875,-9.472829436387153,0.0013651058466177671,14.642294348446786,0.01068695324801834,3
98,451.033770723153,402.7497816657336,5549.4642333984375,106.54525756835938,52.085511453552066,6466.161236451085,3.6610229474652884,0.04065217402213428,1.0423748018407166,448.0943603515625,42.0,132.7702574880906,11.621955818432339,False,False,science_V_003.fits,6356.755029971865,196.3279366741641,32.3782500731002,-5.062710562448172,0.03353176893590053,19.052413222385766,0.0351671293074013,3
99,177.24057119848422,410.816113910996,756404.7347412109,652.8038940429688,1158.7013215509755,751605.8479344882,5.11761981758608,0.002860220766113919,1.0028684250951372,50326.109375,262.0,132.81179790013633,11.623155848430631,False,False,science_V_003.fits,750526.5955224381,637.8474496547558,1176.6553208430503,-10.243037090119323,0.0009227001151213233,13.872086694714616,0.010639493937932605,3
100,307.44955298944444,406.67591239397126,26152.309783935547,236.46463012695312,110.59713146061166,26921.67340236362,4.443297229013687,0.006458841859055542,1.0065008296899758,1735.625,85.0,132.79204230757438,11.62254069923323,False,False,science_V_003.fits,26927.425004388693,270.87414282981933,99.40935935441517,-6.630108936565815,0.01092150685861733,17.485014848268122,0.015219289333463804,3
101,342.69908442789125,412.85193999958284,21616.582092285156,228.0143280029297,94.80361292035741,22124.454983487773,4.334038647646381,0.02497109823988386,1.0256106236387517,1610.793701171875,77.0,132.78669413469532,11.623458329552564,False,False,science_V_003.fits,19935.63646746529,266.84413333540374,74.70891796750742,-6.303697137931534,0.014532401613314696,17.8114266469024,0.01798716632500882,3
102,57.37345586687363,415.3803151196357,126722.76300048828,299.7691955566406,422.73443995863926,127043.10898221689,4.871036322635785,0.0103317257460257,1.0104395846717567,8049.9833984375,152.0,132.829984488666,11.623832830631969,False,False,science_V_003.fits,126075.3745691377,306.043247269078,411.9528063244286,-8.306197541838984,0.002635496064918101,15.808926242994955,0.01092214700784871,3
103,411.81605621832404,418.07415666220237,757417.2828674316,656.091552734375,1154.4384007243564,752794.5558856773,5.114137477146908,0.003760077084325908,1.003774268625294,51116.9375,255.0,132.77620747017866,11.624233738781278,False,False,science_V_003.fits,751105.1924747343,640.9894872307326,1171.7901891335764,-10.24387378483394,0.0009265310548493058,13.871249999999998,0.010639826857071495,3
104,136.1368883424191,418.43171171117007,66163.09838867188,234.85177612304688,281.7227933333013,66771.37670120604,4.752750914267412,0.010770498745683033,1.010887765409368,4340.05322265625,123.0,132.81803431944067,11.62428729024011,False,False,science_V_003.fits,65896.37335707348,253.780787922706,259.65863648095984,-7.601775658084665,0.004181258958739129,16.51334812674927,0.011394313592002634,3
105,35.914961913122376,422.407126313496,701365.3187255859,628.1670532226562,1116.5267505314137,697332.404481081,5.099695236663716,0.003973578065230465,1.0039894303782744,45577.62109375,252.0,132.8332403526933,11.624876737977534,False,False,science_V_003.fits,696227.5265827343,615.066275917091,1131.9552930204607,-10.161499848755216,0.0009591368198853199,13.953623936078722,0.01064271578085779,3
106,474.6177297111759,428.0599822998365,265879.6235046387,416.2999267578125,638.673241130108,265015.1015244238,5.035574933297394,0.003563182341280502,1.0035759240105688,17567.85546875,196.0,132.76667884223468,11.625716805615067,False,False,science_V_003.fits,264168.3265525947,409.79144244853404,644.6409055644733,-9.109323736646344,0.00168419346434325,15.005800048187595,0.010732379203988101,3
107,168.75729697650874,432.53976307953803,17920.55255126953,151.85494995117188,118.01098717580024,18660.071942732502,4.353121039596006,0.018620125253267505,1.018973412571837,1175.030029296875,77.0,132.81308515357728,11.626384168228205,False,False,science_V_003.fits,17538.192374694314,202.36872850165804,86.66453806646624,-6.164583947791753,0.012527615380207031,17.950539837042182,0.016410015321969066,3
108,148.81084569941336,442.70172757758,213535.09228515625,373.66302490234375,571.4643356563398,213156.00097574625,4.977682885709963,0.003072757613962973,1.003082228555224,14284.1552734375,181.0,132.81611159766152,11.627894196458191,False,False,science_V_003.fits,212782.2079262918,371.32416691264626,573.0362494190922,-8.874460151584367,0.001894644537933881,15.240663633249572,0.010767410723009614,3
109,374.4348636411221,448.3069469206133,625861.4673156738,606.743408203125,1031.509298418531,624406.6267609479,6.075376574103394,0.2693081302112522,1.368565932297991,31991.58984375,274.0,132.7818787613166,11.628727075562978,False,False,science_V_003.fits,616467.4917014689,585.6644318147218,1052.5950667540144,-10.029397323544194,0.0010314507775037124,14.085726461289745,0.010649476346716431,3
110,179.40466962526264,450.773862097422,16611.430114746094,146.28314208984375,113.55669475942577,17197.04920083611,4.2681587719923515,0.039019759107206564,1.040604122173163,1143.253662109375,71.0,132.81146980212213,11.629094025583786,False,False,science_V_003.fits,16866.8069601614,201.17661174841942,83.84079448188598,-6.122204060236077,0.012949543318492388,17.992919724597858,0.01673433978113181,3
111,123.72671870883435,459.46735627844316,19891.649353027344,157.61279296875,126.20580460731557,21005.992665676986,4.467854878457087,0.017984005376182166,1.018313352811602,1312.508544921875,83.0,132.81991766194503,11.63038551813846,False,False,science_V_003.fits,17774.482478599002,203.70528029825266,87.25587501990476,-6.179114285736583,0.012442715172500772,17.936009499097356,0.016345293408710677,3
112,264.5075122462528,461.18649875633105,16294.689758300781,148.18746948242188,109.95997040244804,16989.890957092226,4.281781292394016,0.01875020674106198,1.0191084949723033,1109.9627685546875,72.0,132.79855751783953,11.630641681745917,False,False,science_V_003.fits,14817.843781228406,204.12495115184768,72.59202609780651,-5.9815844037221115,0.014956188142995038,18.133539381111827,0.018331257990697885,3
113,61.38255361341403,466.86739559480014,54147.380798339844,216.2689971923828,250.37051774079694,54866.10473010174,4.67054250155573,0.015680053835520735,1.015929834498041,3622.18408203125,112.0,132.82937702306663,11.631484442254289,False,False,science_V_003.fits,55286.34555437962,240.53735767267108,229.8451520766042,-7.411166583739409,0.004723614965079409,16.70395720109453,0.011604309289707073,3
114,433.24751517216737,469.36553981701525,92468.58905029297,272.6988525390625,339.08682852652413,93067.76026820493,4.846380440046023,0.00668733673253441,1.0067323582793526,6000.10888671875,137.0,132.7729550887046,11.631855920836118,False,False,science_V_003.fits,91827.01265905918,286.3997385890425,320.6253368506826,-7.9620480139472525,0.003386195272850873,16.153075770886684,0.011127163797605269,3
115,174.92048071285095,472.2128409609205,67038.51846313477,238.5724334716797,280.99859437906406,67822.64801726022,4.789894301434843,0.015721412664683188,1.0159725232946955,4536.64453125,127.0,132.81215030687048,11.632280067379035,False,False,science_V_003.fits,67410.1993273676,256.5070741296108,262.8005467533648,-7.626435902340615,0.004131269943737662,16.48868788249332,0.011376064657907406,3
116,277.89597199815756,480.26058861083607,1422237.6372070312,880.948974609375,1614.4381549881152,1412050.8418915025,5.432303573292823,0.001208410183188402,1.0012098722050813,55391.91015625,336.0,132.7965260997462,11.633476285329563,False,True,science_V_003.fits,1404607.8498279427,857.9155484210115,1637.2332363169255,-10.923509602032093,0.0006631309308393719,13.191614182801846,0.01062013174985582,3
117,243.58382835398444,481.03073891422395,952757.1252441406,729.43603515625,1306.1558235741038,945917.7708861007,5.19205238874767,0.0038367451297049993,1.0038515224396674,55037.48828125,293.0,132.8017322113955,11.63359075381211,False,True,science_V_003.fits,943346.9212824728,710.4595229359122,1327.7982641209082,-10.491300465086466,0.0008176693925103197,13.623823319747473,0.01063090019651713,3
118,195.75937088988564,481.4690482711097,123566.52362060547,301.014404296875,410.5003676127677,123913.85045329717,4.914149731219079,0.006055587291655451,1.0060924808412122,7861.2822265625,155.0,132.80898852290838,11.633655757347176,False,False,science_V_003.fits,123481.05637729872,306.7345864798296,402.56645914763396,-8.283622714551402,0.002696945995696674,15.831501070282537,0.010937137352002309,3
119,326.0597986728277,493.1362983153954,19889.574432373047,159.8489532470703,124.42730482964598,20765.70730617381,4.3983822755973945,0.028900469020573305,1.0297605632570175,1432.190185546875,79.0,132.78921822764323,11.635389578570923,False,False,science_V_003.fits,20681.1578496263,211.17812598726866,97.93229176999662,-6.343558997526404,0.011086230908900515,17.771564787307533,0.015337925919703775,3
120,357.73049654886137,493.4009714355583,2641.911376953125,84.41261291503906,31.29759032115494,3272.1323070370504,3.2250295732155783,0.05472679222314214,1.0578952114297744,211.93484497070312,29.0,132.78441286294435,11.635428693487341,False,False,science_V_003.fits,3156.156935511849,190.40234203592448,16.57625059525978,-4.3025183484485865,0.06549732062511603,19.81260543638535,0.0663494270120105,3
121,186.99972739766994,508.99890172556445,29987.78497314453,140.0968475341797,214.05039086142432,30069.244167455014,2.6630072065349975,0.0015323731729670609,1.0015347249442996,29841.74609375,25.0,132.81031775765598,11.637746953574691,True,False,science_V_003.fits,29756.31566234938,194.64193460527213,152.87720872017778,-6.738569766950792,0.007101778015761888,17.376554017883144,0.012758632635906507,3
122,29.081392845819458,14.008947734449043,794225.2768249512,658.0531616210938,1206.9317847640175,792403.7798302772,5.077587572605251,0.01552329979551903,1.0157680723091718,54403.3359375,230.0,132.8342697115161,11.564184127398768,False,True,science_V_003.fits,804647.4733502489,655.1426154310486,1228.2020042625895,-10.31863600380696,0.0008839751085179613,13.796487781026979,0.010636205514436954,3
123,31.711664448106923,22.44936456249973,88254.2925415039,244.7500457763672,360.5894832891821,94254.08729625877,4.529777828865946,0.11642260779389457,1.1317627734942517,5923.234375,101.0,132.83387087720803,11.565438513024867,False,False,science_V_003.fits,214161.12580697,370.8856646061566,577.4316622196429,-8.881473477025315,0.0018802224939078983,15.233650307808624,0.010764882367190873,3
124,211.09292974990024,19.488894236434895,1430311.6347351074,877.3162231445312,1630.3262119199114,1420968.2809183707,5.401151309808385,0.0015635333465494616,1.0015659818113316,56075.18359375,321.0,132.80666035370746,11.56500044479148,False,True,science_V_003.fits,1413914.0262394964,858.3592836141243,1647.22867595281,-10.930679380958779,0.000659107029794753,13.18444440387516,0.01061988125308304,3
125,238.91343647916977,16.955621444085445,1252234.2333984375,816.807861328125,1533.082983998601,1249545.2268817516,5.2189642427630965,0.02530059560620812,1.0259573315548949,56148.80078125,239.0,132.8024402376328,11.56462403827544,False,True,science_V_003.fits,1249834.7730360334,809.5286486417946,1543.9043141128761,-10.796753382757798,0.0007032171554127957,13.318370402076141,0.010622710111855949,3
126,227.12551292625625,16.74604213293169,261248.19387817383,395.95660400390625,659.789964951807,261581.2969548289,4.824438705780283,0.08978967921624093,1.09864717765332,55367.41796875,153.0,132.80422835340352,11.564592872036048,False,True,science_V_003.fits,267466.9307463139,408.7713543836447,654.319163703648,-9.122797109259276,0.0016592819838175054,14.992326675574663,0.010728498145345466,3
127,249.443402915258,24.601961710267123,1371694.9514160156,892.7813110351562,1536.4288370077682,1360232.0457300697,5.492834572116004,0.06007745777438489,1.0639174560407172,55698.87109375,329.0,132.80084294498522,11.565760377966736,False,True,science_V_003.fits,1353801.6350015244,840.9996519644199,1609.752907553878,-10.883509459700658,0.0006744513365407057,13.23161432513328,0.010620844616047316,3
128,341.6380681377243,25.521714878818365,1356781.7065734863,856.2804565429688,1584.5062166327768,1348065.975652057,5.3366231820206025,0.0031298613344238335,1.0031396881228818,56603.359375,306.0,132.78685782518224,11.56589676861627,False,True,science_V_003.fits,1342786.7913623897,838.1065592731815,1602.1671427161655,-10.874639525434207,0.0006776446545766786,13.240484259399732,0.010621047878186789,3
129,340.515567221167,41.366501717214824,820407.1950683594,672.2842407226562,1220.3278693346758,819596.3703178999,5.109313714767107,0.023424370063974465,1.0239862324493074,50333.80078125,233.0,132.78702798927688,11.568251486777273,False,False,science_V_003.fits,818260.8270897042,663.9389173795737,1232.4338966590578,-10.336851275364978,0.000880939742848009,13.77827250946896,0.010635953675312284,3
130,351.7622828934299,41.89543780794467,281373.1258239746,415.0085754394531,677.993522244759,281577.87491998123,5.010340806044349,0.018648482786544962,1.0190028572427312,18962.595703125,175.0,132.78532194292876,11.568330011656084,False,False,science_V_003.fits,293268.5286146395,422.3341808052262,694.3992268290741,-9.222785524653375,0.0015635098053864112,14.892338260180564,0.010714103726602576,3
131,61.60548141895303,25.632090624263377,183043.57904052734,339.9054870605469,538.5131632427048,183540.0188376371,4.926035392454037,0.015615020925952128,1.015862717593111,11512.025390625,153.0,132.82933630640466,11.565911992532088,False,False,science_V_003.fits,190010.81280912386,349.6910421539953,543.3676871981405,-8.751567663392956,0.0019980945234310495,15.363556121440983,0.01078609463510426,3
132,49.88212091520349,30.462359356844072,1310353.6487731934,837.5701293945312,1564.470368254932,1302488.6010712609,5.288186727482737,0.005366378545639705,1.0053953319392048,59112.1796875,296.0,132.83111471677879,11.566629639509943,False,True,science_V_003.fits,1295051.5685217588,822.2853488910378,1574.9418012473525,-10.835339529598613,0.0006893588062366029,13.279784255235326,0.010621801698233483,3
133,37.057728132178035,41.122600085372476,98044.6975402832,462.52435302734375,211.97737351245362,98573.41433143351,4.861176068228568,0.030677865959196526,1.0316487830844325,6603.3359375,138.0,132.8330602565795,11.568213654945673,False,False,science_V_003.fits,64815.25400767114,468.7080590281262,138.28491479763892,-7.583814942411258,0.007851181754631543,16.53130884242268,0.013190470450181789,3
134,13.134547872976704,28.575171485637256,288106.35565185547,413.60809326171875,696.5684674587604,288743.6024492427,4.968971398961172,0.006311366004060126,1.0063514523444634,18390.22265625,173.0,132.83668897649278,11.566348534673535,False,False,science_V_003.fits,287111.5190187199,414.9191212634754,691.9698425669876,-9.199748416288005,0.00156899901298068,14.915375368545934,0.010714906143107092,3
135,16.434172706765317,41.80985734092868,1365826.2090148926,865.8521118164062,1577.4359043250795,1367684.986956765,5.212348667636786,0.034179670614537194,1.0353892640013957,60001.078125,238.0,132.83618870676344,11.568315417539905,False,True,science_V_003.fits,1425993.9147618194,860.6512923031441,1656.877678003354,-10.939916054606451,0.0006552686504343154,13.175207730227488,0.01061964372081765,3
136,20.971724633623467,49.55391651422285,461773.3979187012,508.1532287597656,908.7286506980142,464530.2569701391,4.903540658843743,0.0937837634006975,1.1034893876461909,29374.208984375,175.0,132.83550054067152,11.569466354816946,False,False,science_V_003.fits,680657.6959829631,606.839664522621,1121.6433858495589,-10.136943772323772,0.0009679547115393237,13.978180012510167,0.010643514084946331,3
137,138.58516908127783,36.39201591298027,1219851.0262145996,807.3021240234375,1511.0216979674206,1216138.8421934673,5.208768101768243,0.03877735464155618,1.0403416990109466,55649.53125,256.0,132.81765926680714,11.56751197703042,False,True,science_V_003.fits,1240542.909373378,805.47171375831,1540.144598728411,-10.788651350945955,0.0007049338100438012,13.326472433887984,0.010622823891480204,3
138,137.9250858780993,46.95771896984919,847107.9778137207,675.9674072265625,1253.178731337556,848606.5784057155,5.099497119458054,0.027997100530400387,1.0288035154480277,54923.96484375,204.0,132.81775949609002,11.569082151265308,False,True,science_V_003.fits,881853.7579057862,687.2054271532796,1283.246207118633,-10.418113298887132,0.0008460574393107322,13.697010485946807,0.010633121317067382,3
139,128.0144359788833,56.87626624626979,1642133.0065917969,934.501220703125,1757.2293863417801,1634761.1372228367,5.680486289328535,0.12038116932546261,1.1368560621117536,55965.65234375,321.0,132.81926297329042,11.570556061674328,False,True,science_V_003.fits,1620587.953800239,916.038410445442,1769.1266384912785,-11.07880338997386,0.0006136926415431127,13.036320394860079,0.010617159432312576,3
140,220.38380959691807,40.43248185740288,1527798.824371338,907.8097534179688,1682.9504404629558,1515804.9966379402,5.544247431882032,0.02786616947658016,1.0286649518838125,55180.68359375,353.0,132.80525107197636,11.568112922317056,False,True,science_V_003.fits,1503744.0855610378,884.3525681052059,1700.3897990401342,-10.997556704564415,0.0006385006547397985,13.117567080269524,0.010618622266516636,3
141,199.34253028919483,44.13306480268784,1342468.9765625,853.5660400390625,1572.7769306532666,1335423.1748370142,5.8598746243673565,0.18457853812717584,1.2263596762626825,55352.6015625,339.0,132.80844289104493,11.56866279495259,False,True,science_V_003.fits,1321783.1063376146,830.8877098345245,1590.8083495432306,-10.85752236621018,0.0006824832169832007,13.257601418623759,0.010621357686017522,3
142,272.96545627987706,43.56999539177445,346964.1632080078,452.97650146484375,765.9650381112236,350247.7414479821,4.971311422928301,0.02908043517363057,1.0299514359655848,22676.119140625,182.0,132.79727483044778,11.568579226086129,False,False,science_V_003.fits,360052.13505771296,459.33626468080763,783.8530565574065,-9.445535350462833,0.001385081031345685,14.669588434371105,0.010689523151958341,3
143,272.1013086419213,52.86694165462224,144957.07528686523,309.28472900390625,468.6848773740602,146542.589714191,4.829656106864493,0.03651836124515817,1.0379024983728313,9931.7021484375,133.0,132.79740590246962,11.569960856396767,False,False,science_V_003.fits,181184.77114814735,347.9731406075419,520.6860817815098,-8.699926103470862,0.002085133515160064,15.415197681363077,0.010802556990310373,3
144,62.87575054281132,51.27738468317911,830561.7142028809,675.6353759765625,1229.304657119808,825120.5760610432,5.132137086039316,0.0052487590438652365,1.0052764538788816,55229.96875,262.0,132.82914401566708,11.569723185795533,False,True,science_V_003.fits,821567.0547699573,662.5921242729601,1239.9287958205587,-10.341229412848152,0.0008756147963169988,13.773894371985786,0.010635513952056525,3
145,47.050724868576324,59.402372248151764,1375283.05859375,853.747314453125,1610.8783422349024,1372664.8090429762,5.311845250856599,0.02867719501240995,1.0295238563999085,58487.87890625,263.0,132.83154470166636,11.57093039891753,False,True,science_V_003.fits,1401952.3274711226,855.0938448288289,1639.5303696189778,-10.921454988951588,0.0006622018232283881,13.19366879588235,0.01062007377599359,3
146,38.48901692375607,63.44267394621989,471273.5808105469,512.87890625,918.878852429987,474872.757249582,4.919922810298208,0.08800739701279559,1.096500121519111,29495.267578125,175.0,132.83284353117426,11.571530688990556,False,False,science_V_003.fits,615200.4060443063,580.2922483755917,1060.1561674594702,-10.027163407631704,0.0010240944054513614,14.087960377202235,0.010648766365365357,3
147,53.06201608283084,74.65396791607878,615491.3739318848,587.39404296875,1047.833871145727,611921.7833883795,5.136022606934499,0.008579640422352708,1.0086538876667892,40483.46875,237.0,132.83063307416418,11.573197051860252,False,False,science_V_003.fits,606279.0237080184,576.6526137653658,1051.376529361761,-10.011303230528643,0.0010326462211012787,14.103820554305296,0.010649592197394907,3
148,54.67197856123484,89.54049002614269,578454.8572692871,571.388916015625,1012.3662553745947,575185.4584911818,5.103186890311955,0.0017095845686173616,1.001712512253139,35996.24609375,236.0,132.83038909152424,11.575409379255845,False,False,science_V_003.fits,573365.6423737274,560.8576017059936,1022.3016334800266,-9.950701037254552,0.0010620153235050194,14.164422747579387,0.010652480100906981,3
149,155.42427795691972,57.472838359719205,551907.6622314453,562.9261474609375,980.4264106771541,549186.2049064349,5.2284361012690255,0.049165937243826785,1.0517082203610901,32599.99609375,247.0,132.81510507692857,11.570644963930956,False,False,science_V_003.fits,546457.6016422223,549.9895837281864,993.5780927667356,-9.898513053309031,0.0010927173293210806,14.216610731524908,0.010655584775818657,3
150,148.35005378178238,72.23903335482146,129068.9712524414,295.5994567871094,436.6346699527152,130176.24224374138,4.870881159938149,0.035697705413863634,1.0370192061289085,8335.755859375,138.0,132.81617831991338,11.572839326388427,False,False,science_V_003.fits,136555.0069385148,315.55045015517095,432.7517418256393,-8.392890945664229,0.0025088287234149164,15.72223283916971,0.0108922760392992,3
151,144.7271773201132,83.91652461139525,1386969.8460998535,858.2433471679688,1616.0566238894555,1382777.5709362156,5.3522200115003145,0.012727584453652074,1.0128916641984864,55140.99609375,260.0,132.81672799604823,11.574574699883296,False,True,science_V_003.fits,1381903.1560288104,849.0738147939635,1627.541836706086,-10.905815895753557,0.0006670796261663559,13.209307889080382,0.010620379041282189,3
152,176.95410278415264,87.82605116416227,294621.4442138672,418.8953552246094,703.3294605424612,296607.845416875,4.964967858835136,0.030723793005345668,1.03169766551952,19980.76953125,167.0,132.81183932766115,11.57515593840128,False,False,science_V_003.fits,311950.7529598996,430.3815654796816,724.8236866563162,-9.289836969616687,0.0014978815124108901,14.825286815217252,0.010704723479757993,3
153,135.9938420438585,88.41884669636472,166454.91339111328,345.2550964355469,482.1215243731747,172165.47818266554,4.735630237629505,0.1607795651743954,1.1915820426939514,10958.9453125,115.0,132.81805285058834,11.575243715770407,False,False,science_V_003.fits,340450.0795863895,467.3829072475357,728.4179081159252,-9.384755474137382,0.0014904905383342315,14.730368310696557,0.010703691783572788,3
154,187.41002194549043,93.10993290725119,1311288.9502563477,835.7929077148438,1568.9161012882557,1308379.1686052177,5.342403837670019,0.018325023720541123,1.0186670987478899,53538.21875,253.0,132.8102532329105,11.57594124189294,False,True,science_V_003.fits,1326580.8677500698,832.7863203134874,1592.942673758981,-10.861456197826085,0.0006815687832870947,13.253667587007854,0.010621298967603313,3
155,196.44974670574004,94.05743256451414,176305.05099487305,341.6425476074219,516.0512126770096,190341.85892071738,4.700727748015707,0.12945877538621053,1.1487106775944405,13171.3056640625,127.0,132.80888194128943,11.576082095858546,False,False,science_V_003.fits,373759.4255215613,474.55870308837615,787.5936593074277,-9.48610225797671,0.001378502717955745,14.62902152685723,0.010688672765889652,3
156,133.12497078977364,100.36774315422757,1545036.6710205078,908.2413940429688,1701.1299871974481,1540439.8398254265,5.8862631996691395,0.11293565931971683,1.1273139434655972,55074.7734375,317.0,132.8184881652798,11.577019426869292,False,True,science_V_003.fits,1524795.9426232213,889.9807662372726,1713.290893992988,-11.012651193211248,0.0006336927393979622,13.102472591622691,0.010618334249816466,3
157,151.2388943578815,103.2736649399498,110098.29067993164,279.530517578125,393.8685894972475,110794.08885117079,4.88146631385288,0.027271536159388376,1.0280361243380425,7184.2880859375,138.0,132.8157403573817,11.577451440416356,False,False,science_V_003.fits,107870.57054666171,295.4222686771925,365.1402821786997,-8.136879313539948,0.002973377775582313,15.978244471293989,0.011008561720278746,3
158,199.60152555541183,112.12336402691099,643858.5180358887,604.6123657226562,1064.9112630475624,639716.530422783,5.1156336463691074,0.005974174936580923,1.0060100802071212,41529.01171875,255.0,132.80840390753158,11.578766907738414,False,False,science_V_003.fits,636800.0562503812,590.6919960952087,1078.0577025928428,-10.06462960677113,0.0010070889502377996,14.05049417806281,0.010647144401507422,3
159,151.61045239879803,113.6502632262998,118078.6774597168,295.41748046875,399.70105111030307,119771.17204106992,6.369718182656184,0.36960240658606713,1.5863004720314313,5583.58203125,168.0,132.81568407960646,11.578993520975517,False,False,science_V_003.fits,117761.85898145205,299.29697229916997,393.4615778997596,-8.232133506024581,0.0027593545621285515,15.882990278809357,0.010952693429125067,3
160,164.68142696544183,117.44763785947222,390620.10919189453,478.5595397949219,816.2414009326568,389266.37266651273,5.057155841130492,0.0061708183760883495,1.006209133813122,24808.28515625,199.0,132.81370126244406,11.579557952931383,False,False,science_V_003.fits,386956.6810491077,473.10250191453923,817.9129881646815,-9.52377774760663,0.0013274028114362228,14.591346037227309,0.010682202674386427,3
161,165.39918831319554,132.5684294571193,865409.0941772461,691.8687744140625,1250.828374080263,859599.3555958241,5.1492539545156895,0.00737423244948221,1.007429015738408,52617.4296875,270.0,132.81359248845305,11.581805075352344,False,True,science_V_003.fits,847076.073158619,677.0567413898669,1251.115336980081,-10.374427910698355,0.0008677857012133211,13.740695874135584,0.010634872250106724,3
162,192.36956840029706,130.85894348524144,1021359.3153381348,745.1923217773438,1370.5982811284348,1017108.8475789292,5.1940916169667215,0.006905599284298791,1.006953618185061,53890.83203125,260.0,132.8095010771918,11.581551188940647,False,True,science_V_003.fits,1009788.1629980995,733.3489459540591,1376.9545433578055,-10.565197562729374,0.0007884791878114149,13.549926222104565,0.010628694895539692,3
163,185.51724849738304,141.26734259364466,167925.11450195312,320.9964294433594,523.1370167984498,177329.71138776193,4.771085113780921,0.07174050282951272,1.0772849650859393,10619.3359375,111.0,132.81054063056646,11.583097956767492,False,False,science_V_003.fits,245822.79662808808,408.86374617254523,601.2340270549397,-9.031177261941657,0.0018057860186625645,15.083946522892282,0.010752130900340497,3
164,193.77822685305406,142.65514927490207,366542.1531982422,455.2347412109375,805.1717499047404,369975.6649815337,4.92579760471755,0.06499125724208987,1.0695087160900667,23522.740234375,139.0,132.80928744243326,11.583304242892776,False,False,science_V_003.fits,419250.4485382467,498.95907538018724,840.2501712566192,-9.610805713819868,0.0012921151784786944,14.50431807101407,0.01067787513446916,3
165,203.79177429334996,148.62788146595818,1380882.2963867188,859.4115600585938,1606.7764975055393,1373735.438513781,5.33429044688482,0.015001398944064492,1.015229868273907,57281.6484375,278.0,132.80776840530427,11.584191901654203,False,True,science_V_003.fits,1367396.0941149709,845.826381023754,1616.6392120093606,-10.894357711614939,0.0006715784152300481,13.220766073219,0.010620662565050386,3
166,131.10558818239144,150.83191948754737,562055.7958679199,578.2185668945312,972.0472984577137,563405.0002134461,6.560723829910047,0.3471644331735798,1.5317792884067636,21759.7578125,248.0,132.81879500499167,11.584518943331767,False,False,science_V_003.fits,552386.3458757531,564.3499101764553,978.8011584923233,-9.910229211442674,0.0011092140529056344,14.204894573391265,0.010657289128480239,3
167,175.8550700123108,148.52772864749429,1059103.3762817383,754.23779296875,1404.2035365438385,1064903.7318138087,5.1568563707337,0.05586673181745172,1.0591725063613053,53458.625,229.0,132.81200643479391,11.58417687396596,False,True,science_V_003.fits,1128249.3963199204,775.1198421812671,1455.5805888608274,-10.685634648588493,0.0007458879352394326,13.429489136245445,0.010625620196713013,3
168,151.98314233431051,150.36113951844266,154075.80294799805,317.0106506347656,486.0272127749799,156231.76710654987,4.859290862547449,0.07867506814825764,1.0853933996881329,10061.873046875,138.0,132.81562784860267,11.584449167366477,False,False,science_V_003.fits,190405.96273130956,360.1449281904566,528.6926118549046,-8.753823235484994,0.0020535562170820756,15.361300549348945,0.010796506327955178,3
169,142.84120563962523,153.62332901929182,590839.5414733887,572.6166381835938,1031.8239151198961,591055.8571993489,5.0766138661464915,0.022481142536729837,1.0229981676211035,38197.265625,192.0,132.81701472165992,11.584933887201142,False,False,science_V_003.fits,598399.5759707408,575.0758678532624,1040.557619300815,-9.997100066823478,0.0010433828745874906,14.11802371801046,0.01065063864638371,3
170,167.64784003732552,154.23274061173004,1323023.7765808105,839.8629760742188,1575.2852718487914,1335199.4930719333,5.294458928240408,0.03655284505763279,1.037939647099606,52951.76953125,256.0,132.81325152116796,11.585024648064255,False,True,science_V_003.fits,1373122.058145088,847.7082528016539,1619.804990227422,-10.898894733561757,0.0006702658693794782,13.216229051272181,0.010620579649365414,3
171,195.9614912429308,163.80748889544043,1368502.303314209,867.8450927734375,1576.8969770178498,1343145.7127248058,6.2336629978094305,0.24506750231154717,1.3246217417609198,58778.953125,397.0,132.80895634062816,11.586447725700136,False,True,science_V_003.fits,1329049.3829199895,834.3294186264583,1592.9551964114844,-10.86347466938343,0.0006815634252901783,13.251649115450508,0.010621298623781982,3
172,133.14845073981192,165.52978251266504,455710.57498168945,506.9565734863281,898.9144215011926,459855.5622697515,5.001044839724995,0.03014329322259246,1.0310801513377694,28982.30078125,173.0,132.81848524470178,11.58670322866899,False,False,science_V_003.fits,463278.8069424745,521.5275701726929,888.3112484140953,-9.719227957818488,0.0012222067455954246,14.395895827015451,0.010669641281778816,3
173,122.6321133596288,168.0895306512356,1085529.54196167,776.3148803710938,1398.310877981323,1088767.0377409477,5.088630127419227,0.08593568271869378,1.094014918965759,52721.5546875,201.0,132.82008062675118,11.587083529998477,False,True,science_V_003.fits,1349330.3073645823,840.5438422773212,1605.3062785027182,-10.87991756198351,0.0006763195376103811,13.23520622285043,0.010620963415331646,3
174,114.42168594498327,169.44003458210807,991212.2519836426,731.0960083007812,1355.789445886082,994096.0874823309,5.062456043442404,0.06920084025928663,1.074345619605591,53917.45703125,234.0,132.82132618613502,11.58728414130745,False,True,science_V_003.fits,1270507.5982563703,816.1824848673008,1556.6464875351203,-10.814565040759412,0.000697460861341201,13.300558744074527,0.010622330601424649,3
175,134.23999567291605,183.8064376668925,223902.04913330078,378.83294677734375,591.031089133062,223343.9600937875,5.000048845851327,0.006593114981819359,1.0066368726462962,15037.6787109375,187.0,132.81831983286258,11.58941935290606,False,False,science_V_003.fits,222291.64311801898,375.1758331015003,592.4998987284985,-8.921929714144747,0.0018324053764902008,15.193194070689191,0.010756633544778307,3
176,99.70657074328216,61.226605008322196,626733.665222168,589.3165893554688,1063.4923172748659,625992.5692764341,5.06428852643517,0.02194231595651719,1.0224345826575416,40911.98046875,212.0,132.8235571532908,11.57120225482719,False,False,science_V_003.fits,662057.407652371,599.1368688851767,1105.018639370786,-10.106860996981835,0.000982517363343494,14.008262787852104,0.01064484833720665,3
177,89.75850960917444,62.19700846989676,683107.0143432617,612.5895385742188,1115.1137447321905,687409.6699156854,5.02856480055505,0.04358127665227507,1.0455671512783948,45469.6875,212.0,132.82506622809615,11.571346341684823,False,False,science_V_003.fits,718008.4379053408,621.8243326131949,1154.680510632216,-10.194945744097183,0.0009402600892653437,13.920178040736756,0.01064103119008327,3
178,306.76090327939437,65.25182049973492,126254.44921875,292.94189453125,430.98802723583,127519.83035809663,4.760316871374324,0.06231230937987575,1.0664531591948985,8289.666015625,128.0,132.7921482183154,11.571801292337723,False,False,science_V_003.fits,162915.785703199,334.6548340237805,486.81736864324586,-8.584529792173171,0.002230199803728928,15.530593992660767,0.010831493291204693,3
179,302.3893036969082,71.58016582567834,91949.07110595703,257.5583801269531,357.00283198176044,92994.76076548063,4.727428664200635,0.06755629788959239,1.0724508061309135,5687.16748046875,115.0,132.7928113413472,11.572741771645445,False,False,science_V_003.fits,142436.20382542198,319.05632875694755,446.4296457630458,-8.438672850158458,0.0024319621474606632,15.676450934675481,0.010874828533799567,3
180,491.2663346265466,81.22692568316015,415427.9521179199,502.3210754394531,827.0167676211571,412786.5218515189,5.129877860026204,0.005855139479014282,1.0058896240493018,27390.587890625,236.0,132.76415947377998,11.574173272311567,False,False,science_V_003.fits,409279.8142432689,488.5068210217845,837.818013241247,-9.584672688262529,0.0012958661461571802,14.53045109657141,0.010678329683130035,3
181,488.9287035006621,99.75780188284327,1204967.4851074219,804.0604858398438,1498.6030358758762,1224688.204841495,5.096010063482773,0.06363544394744325,1.067960116106607,58156.63671875,232.0,132.7645137321719,11.57692720876784,False,True,science_V_003.fits,1476292.999026065,879.6418661676595,1678.288694304466,-10.977553274587686,0.0006469089636869343,13.137570510246253,0.010619131177274262,3
182,485.93773338373876,107.21764280126577,889499.8551940918,689.8875732421875,1289.3403065862003,921995.5044079333,4.853143461610485,0.047106697054763336,1.0494354372196386,56734.70703125,164.0,132.76496731468058,11.578035878531303,False,True,science_V_003.fits,1497234.7586372306,885.1272107375046,1691.5475430810748,-10.992846626046404,0.000641838300342684,13.122277158787535,0.010618823482695553,3
183,492.54808772688074,111.59189049042033,611723.573425293,586.3607177734375,1043.2546978047314,612852.1248687712,4.976996834640739,0.1100550452555441,1.1236650027272146,36596.6015625,199.0,132.7639644548784,11.578685817840467,False,False,science_V_003.fits,923262.2867709808,704.1873998895411,1311.103105388997,-10.467934613917835,0.0008280813275000817,13.647189170916104,0.010631706092524099,3
184,463.68328315599814,89.82203396846555,1434050.586151123,892.58837890625,1606.6202742952626,1444160.1416349546,5.319026068696345,0.0420405533777346,1.043885525139888,56793.1484375,271.0,132.7683435580461,11.575451084895995,False,True,science_V_003.fits,1627855.7147898052,920.6876640045292,1768.0868099279728,-11.08366164531395,0.0006140535599856823,13.03146213951999,0.010617180300220526,3
185,461.48201702124345,98.32799570939348,1072682.4148254395,767.7603149414062,1397.1579332116223,1090043.9873315021,5.212829284454469,0.11262188284094143,1.126915325793136,56322.3359375,255.0,132.76867734026177,11.576715200988668,False,True,science_V_003.fits,1344108.856231611,841.9361186559358,1596.4499282645602,-10.875707980631324,0.0006800714389960374,13.239415804202615,0.010621202988126998,3
186,241.1282716909489,93.19155280605587,26482.258514404297,171.21543884277344,154.67214109542346,27247.430433803467,4.575565407416873,0.04879666694321316,1.051299932672019,1887.329833984375,93.0,132.80210435353095,11.575953544267435,False,False,science_V_003.fits,27261.716825719977,208.74285512360802,130.5995206857587,-6.643504879938893,0.008313200494911088,17.471618904895042,0.013470588636783831,3
187,249.00172814406068,108.64556761059734,1311986.6907958984,848.253173828125,1546.6923452522633,1301075.3585899575,5.557147214785282,0.07378981082505698,1.0796685371068828,53459.29296875,365.0,132.80090998384452,11.578250188387328,False,True,science_V_003.fits,1293421.8050665513,822.7252563886209,1572.11875413193,-10.833972319535423,0.0006905966849810188,13.281151465298516,0.010621882108843352,3
188,297.4387748819064,97.80893217311399,943177.0582275391,719.208740234375,1311.4093384351495,940524.3817158572,5.187297639086729,0.02705474134804331,1.0278070540017108,53995.765625,257.0,132.7935622215687,11.576639674519228,False,True,science_V_003.fits,937746.5722604389,707.2027651382871,1325.9939277486721,-10.484835587419845,0.0008187820300529934,13.630288197414094,0.010630985832254572,3
189,285.897917261684,101.25457761168806,422088.5978088379,496.21685791015625,850.613176639114,422365.68605305307,5.049364309252099,0.017621905672263627,1.0179380075492448,28609.25390625,199.0,132.79531292699824,11.57715176904595,False,False,science_V_003.fits,427712.71432694985,494.6765775177398,864.6310210869271,-9.632502275109408,0.0012556801381416634,14.482621509724531,0.010673527456384006,3
190,352.04207096425995,101.14502480568021,958862.1201782227,727.4044799804688,1318.1966107824476,952906.2861572402,5.181743100418325,0.005592738159588717,1.005624192797263,53579.6796875,273.0,132.78527903683755,11.57713515417128,False,True,science_V_003.fits,949072.8273307051,711.878632276207,1333.1947108681686,-10.497870722533557,0.0008143596664083663,13.617253062300382,0.01063064614306828,3
191,366.4013841215449,100.90278979119469,672006.3210754395,615.6616821289062,1091.5188334471266,668922.1959972155,5.126352410236136,0.006517638840930373,1.006560397140143,43410.58203125,235.0,132.78310076988234,11.577099037191115,False,False,science_V_003.fits,665848.9529802954,604.5860084811517,1101.3304040115802,-10.11306117696996,0.0009858077067929419,14.002062607863978,0.010645152539425261,3
192,374.56053237416467,112.08446781265002,286818.8000793457,421.975341796875,679.7051193986847,286180.46265304915,5.031871795440393,0.005370217031242741,1.0053992119713264,18486.80078125,188.0,132.78186294127906,11.57876068405491,False,False,science_V_003.fits,285561.3805421853,418.5397082288125,682.2802590240041,-9.193870556245269,0.0015912815674208197,14.92125322858867,0.010718191674889613,3
193,73.42159189104369,103.14643923584578,104819.96862792969,274.52691650390625,381.8203692476115,105222.60131723562,4.869691408823273,0.02346896984741287,1.0240329995901367,6749.9716796875,144.0,132.82754504328037,11.577431656578431,False,False,science_V_003.fits,103989.22427646347,283.19823500938065,367.19587702592474,-8.097092720371196,0.002956732545020781,16.018031064462743,0.011004077566777,3
194,61.991797098528345,115.5021416821585,905038.5893859863,705.2060546875,1283.3675822409646,898784.4395427057,5.157484753806133,0.004371942931283068,1.0043911407480368,54862.3046875,281.0,132.82927910651648,11.579267681702229,False,True,science_V_003.fits,896944.3571812594,690.0020474186869,1299.915501028944,-10.436535629034951,0.0008352081340214943,13.678588155798987,0.01063226355862172,3
195,421.58934450784295,115.4053308420017,708158.7197875977,633.7432861328125,1117.4220465653818,703611.9991979428,5.132878045126931,0.0053096779441847985,1.0053380211171763,44186.5546875,253.0,132.77472871139395,11.579253669692166,False,False,science_V_003.fits,701032.3637930775,619.3936789120868,1131.8041944250742,-10.168967044108399,0.0009592648669688896,13.94615674072554,0.010642727321408765,3
196,429.88248336041516,128.82302317104208,905309.5643310547,720.2374877929688,1256.959794060712,899705.5636579256,5.166887390534289,0.005343911849944205,1.0053726226719057,53617.3984375,257.0,132.77347046566504,11.581247575578727,False,True,science_V_003.fits,895269.1144713056,696.7576174968726,1284.9075374124977,-10.4345058795431,0.0008449635233569765,13.68061790529084,0.0106330343321492,3
197,421.07240213464604,140.880020260033,806392.1604003906,672.41162109375,1199.2537533612326,801503.0275666935,5.145061810075004,0.0032514722863219436,1.003262078845283,53637.2578125,258.0,132.77480678906846,11.583039497605357,False,True,science_V_003.fits,798519.5433749439,657.8144262509535,1213.8978889926502,-10.310335748414467,0.0008943915380732438,13.804788036419472,0.010637076288916835,3
198,116.22868319467922,118.13259868580599,29701.177612304688,165.8216094970703,179.11524138733824,31784.789580556262,4.361812684568831,0.18131384977579812,1.2214693014241713,2161.311767578125,77.0,132.8210514845295,11.579659307358762,False,False,science_V_003.fits,80902.96450153757,262.9645095030671,307.6573513833583,-7.824532963086125,0.003528925914229682,16.290590821747813,0.011171426670796418,3
199,109.58464349200096,124.093190295334,329735.6340942383,442.6872253417969,744.8501226563536,330025.79331320693,5.044144112002848,0.011553821261261255,1.01168887240376,21266.6875,190.0,132.82205944650985,11.58054504276428,False,False,science_V_003.fits,332795.84321485984,441.2273790769093,754.2502097469591,-9.360066606788605,0.0014394427551624256,14.755057178045334,0.010696702819011536,3
200,94.32895541821738,142.7851026660617,42987.1282043457,184.98654174804688,232.37976016057704,47581.863266841785,4.386792904606877,0.15477206273138733,1.1831128100563493,3047.83203125,78.0,132.8243739639265,11.583322683684562,False,False,science_V_003.fits,145892.63693270436,319.2476007151702,456.98898474375204,-8.464705309048878,0.0023757684238467714,15.650418475785061,0.010862399889371,3
201,86.37166693518576,146.9181755099942,444552.2658996582,500.39886474609375,888.3958322431995,446711.42187464767,4.984366611295623,0.04930287654361187,1.0518597093934234,28864.650390625,173.0,132.8255811460706,11.583936800608955,False,False,science_V_003.fits,509399.38735092874,532.2824364830274,957.0095731820595,-9.82226791980761,0.00113447141013443,14.292855865026329,0.010659947520193152,3
202,93.83586971446279,153.0141774308047,721688.8497924805,625.9388427734375,1152.9702272426323,722863.4788206422,5.050049388748883,0.03383464073754283,1.0350195133919635,48705.515625,189.0,132.82444889849484,11.584842831326297,False,False,science_V_003.fits,756478.8297279897,638.7964202013816,1184.2252176202062,-10.251613820732153,0.0009168019594970286,13.863509964101786,0.01063898404857331,3
203,92.06308810668963,166.16949867551955,1187450.2495117188,802.8740234375,1478.9994629887988,1182145.334709642,5.72506857585938,0.16345082451992654,1.195386988967058,54258.046875,310.0,132.82471800520705,11.586797835231495,False,True,science_V_003.fits,1168301.8689845556,783.2802982931429,1491.5501788190238,-10.723509552676623,0.0007279004189182782,13.391614232157316,0.010624372676667604,3
204,276.2780963934978,152.78353255870354,221466.31356811523,371.3262634277344,596.4197402137592,224710.91631275666,4.880164455643868,0.06426363874000429,1.0686770776476735,14818.12109375,152.0,132.79677213955492,11.584809563244502,False,False,science_V_003.fits,264565.2561343571,404.75290875565787,653.6463368421905,-9.110953899407818,0.001660989955585294,15.004169885426121,0.010728762434941646,3
205,296.3325497266003,160.60435342899348,241406.30783081055,393.7635192871094,613.0743352453409,240749.97273465566,5.025687926086163,0.011832281927345978,1.0119739612121956,15292.4853515625,190.0,132.7937298230392,11.585971774433395,False,False,science_V_003.fits,240075.4148979049,389.21179551473443,616.8246123692219,-9.00549109424947,0.0017601437721977873,15.10963269058447,0.010744559639727744,3
206,280.1174603440032,161.7236091532149,575480.1117248535,571.2730102539062,1007.3644324087311,574287.1878638181,5.078801139989479,0.018117738743747003,1.0184520481310728,38216.16015625,215.0,132.79618968419345,11.586138150834572,False,False,science_V_003.fits,587352.2644548494,570.1351682039199,1030.198270885776,-9.976868492674903,0.0010538748032128836,14.138255292159036,0.01065167159903584,3
207,469.47667410390227,167.17775645677273,20117.746337890625,157.38392639160156,127.82592733030305,20933.451705380405,4.399442906917495,0.011674214989825571,1.0118121121262715,1401.634033203125,76.0,132.76746338181664,11.586946904859762,False,False,science_V_003.fits,24218.44442547532,214.96366815693762,112.66296594731656,-6.5149874853928775,0.009636707065813401,17.600136299441058,0.014325277617734243,3
208,475.6101415550476,175.04489570020658,76636.71646118164,252.1009979248047,303.99211860335606,77232.34411415705,4.845147234030202,0.005099069001380796,1.0051252027639201,5124.6572265625,130.0,132.76653277867496,11.588115943456915,False,False,science_V_003.fits,77391.12737046728,269.4784488750816,287.1885588384933,-7.776349806919846,0.003780443080291952,16.33877397791409,0.011253408622998947,3
209,366.0885466909773,179.15771703032553,1841794.7803344727,1000.3622436523438,1841.1278434600258,1835455.8897746243,7.474485285845189,0.4189549123495836,1.721036837336875,53004.2578125,426.0,132.78314752437547,11.5887285900489,False,True,science_V_003.fits,1752242.024087995,953.5325551375189,1837.6320920005567,-11.163607103601867,0.0005908146710792594,12.951516681232071,0.010615861610270842,3
210,399.14667680364585,185.39183795969487,1381995.8697509766,866.4241333007812,1595.0569895670408,1372922.5869277369,5.410153618380679,0.0011271384508293458,1.0011284103254956,53711.49609375,313.0,132.77813241439512,11.589654716112998,False,True,science_V_003.fits,1365507.0742093741,846.3025167134385,1613.4975936409041,-10.892856760060255,0.0006728860360740214,13.222267024773684,0.0106207453302677,3
211,354.76446729277626,188.92803872918546,23847.12435913086,169.552978515625,140.64703886598636,24862.79824407863,4.600198930418255,0.05368746595531115,1.0567333349436285,1601.0771484375,90.0,132.7848653493419,11.59018066268066,False,False,science_V_003.fits,21589.832381015687,213.32209291988303,101.20767186136759,-6.390245050478304,0.01072744763348743,17.72487873435563,0.015080636209459958,3
212,376.163595657388,197.2226104076245,368197.6018676758,473.33428955078125,777.8806860097002,366754.5134497116,5.074616527207915,0.008239389204223069,1.0083078407375061,24751.021484375,211.0,132.78161892634498,11.591413141226209,False,False,science_V_003.fits,361524.5404470565,464.59549291594544,778.149047848089,-9.449966330876633,0.0013952339889156447,14.665157453957306,0.010690843448329285,3
213,391.32996508650456,200.30682357470056,776524.7073059082,681.839111328125,1138.867944658307,772289.9510332651,5.450834068415031,0.10535795503658996,1.1177654857937054,44217.92578125,266.0,132.7793180773932,11.591871335151229,False,False,science_V_003.fits,765827.4780721514,645.6334172116522,1186.1645597273928,-10.264949236242355,0.0009153030168508139,13.850174548591584,0.010638854983761924,3
214,71.79554972161807,194.80954782046544,274283.27478027344,407.8789367675781,672.4624638721377,274750.74288301746,4.99219692532111,0.011068682515042227,1.0111925695135149,18429.08984375,178.0,132.82779306600503,11.591053786876765,False,False,science_V_003.fits,278203.5160799065,409.15640988056634,679.9441713771873,-9.165528410363308,0.0015967487415929722,14.949595374470631,0.010719004725096378,3
215,82.3392236225606,195.84160763264595,144117.01092529297,350.49798583984375,411.1778576415149,146075.4640706747,4.9076376381964515,0.02715575868043074,1.0279137785136052,9451.439453125,147.0,132.8261935539352,11.59120731073584,False,False,science_V_003.fits,153555.46060237344,363.13314121271765,422.8627001368159,-8.520285036657958,0.0025675000411450937,15.594838748175981,0.010905939309116836,3
216,230.5131997556077,201.1086903996246,936186.7262878418,712.2152099609375,1314.4716838316165,941419.9618843986,5.034222168417174,0.04551594362943279,1.0476864367986485,58956.171875,221.0,132.80371483807912,11.591991212525329,False,True,science_V_003.fits,1156872.9393428995,780.5966093339721,1482.0368491351473,-10.712836030338867,0.0007325728780857019,13.402287754495072,0.010624693820273905,3
217,231.23422201810223,210.28598224703072,1303956.2254943848,849.8818359375,1534.2794378656156,1322218.7423922983,5.379225292513777,0.05953458950480828,1.0633033270978685,55414.09765625,251.0,132.80360547273085,11.593355061414101,False,True,science_V_003.fits,1412139.0073176506,858.8308645090103,1644.2574034934853,-10.929315498159609,0.000660298076014898,13.18580828667433,0.010619955240115126,3
218,241.2557491678411,222.27523892574874,780691.4941711426,698.4840087890625,1117.6941552672056,775853.9372978637,5.147379308936304,0.0024074782001679562,1.0024132881387529,50952.70703125,258.0,132.80208515891152,11.595136813014092,False,False,science_V_003.fits,772836.9403217889,655.3331745598214,1179.303856913536,-10.274841555186596,0.0009206278718035273,13.840282229647343,0.010639314424867855,3
219,256.0150727982459,224.5631273837227,38955.89260864258,196.0089569091797,198.74547175256234,39591.8885453838,4.681981669607861,0.02872920858231398,1.0295789895425356,2561.3779296875,105.0,132.7998460645156,11.595476826087081,False,False,science_V_003.fits,38893.62661154389,226.42520835626942,171.77251108165748,-7.029317975413557,0.006320568949963585,17.085805809420382,0.01234086899712105,3
220,483.6185559807147,221.66281917830685,1266961.0078735352,860.6138305664062,1472.159710749355,1258458.4912780179,5.3283824689191,0.00666776983410533,1.0067125274219602,55410.35546875,307.0,132.7653170155049,11.595043741257207,False,True,science_V_003.fits,1252218.474395839,812.8990087420467,1540.435479597441,-10.798822141009314,0.0007048006971922797,13.316301643824625,0.010622815058901405,3
221,471.19607803129327,226.4539508655424,306901.41748046875,464.72412109375,660.3948526669153,306722.2130624952,5.057332072004543,0.010623026498540189,1.0107370868567365,19394.53125,186.0,132.7672015086966,11.595755975050267,False,False,science_V_003.fits,308082.6887827016,463.2396638919056,665.0611180276459,-9.276290113850061,0.001632481542778853,14.838833670983878,0.01072438584443759,3
222,129.5729862764681,243.88627934132597,806104.2131958008,673.66748046875,1196.5906572110307,805098.4784856474,5.892644932304597,0.25750600892997366,1.3468122463306071,50411.75,298.0,132.81902844540778,11.598347838908236,False,False,science_V_003.fits,868299.4661100004,681.4548706604571,1274.1848411303538,-10.401295709012789,0.0008520741771161355,13.71382807582115,0.010633601748992102,3
223,140.52355753798594,250.1537931911436,2338705.5974731445,1112.013427734375,2103.1271198208838,2337007.8744850364,7.215865807196113,0.383662969519287,1.6224889152288133,52365.14453125,390.0,132.81736720498694,11.599279364979049,False,True,science_V_003.fits,2268764.4883136875,1079.354054362756,2101.9650402417324,-11.444095413517086,0.000516516678067653,12.671028371316853,0.010611985923076876,3
224,412.2889120428855,237.8585727294472,63229.89236450195,235.61460876464844,268.361510757006,63941.9210617937,4.8130518503974065,0.010968027072965736,1.0110896587503697,4208.75341796875,123.0,132.7761380169007,11.59745169849454,False,False,science_V_003.fits,63308.288941467355,256.4896185944686,246.82593115615734,-7.558273313612974,0.004398646426307288,16.556850471220965,0.011475867990549806,3
225,400.47157131557424,242.85991820258292,169197.72442626953,335.7003173828125,504.0141926149167,171177.45973267625,4.92630447802206,0.0345172351576466,1.0357512701568345,10835.9853515625,145.0,132.77793074723087,11.598195095459454,False,False,science_V_003.fits,195001.8025249886,375.5789297039873,519.2032542365446,-8.77971843863998,0.0020910885884112052,15.335405346193959,0.010803708031849218,3
226,400.87434285350236,253.7979860007893,1054573.052734375,778.4406127929688,1354.7251201998185,1048920.4090275797,5.198823422245405,0.01653321987781131,1.016811162524226,52602.08984375,271.0,132.77786951438782,11.599820609104832,False,True,science_V_003.fits,1045355.3338024492,747.0943767590473,1399.2279507406824,-10.602781722835058,0.000775927896112484,13.512342061998881,0.010627771161105479,3
227,386.70535694123964,261.3217316774747,88803.44818115234,266.3895263671875,333.3593831265984,89349.06437533672,4.851732263742204,0.01856333604424054,1.0189144513609463,5789.12548828125,137.0,132.78001900591872,11.600938876836628,False,False,science_V_003.fits,86687.34195434584,279.67134951905365,309.9614676420044,-7.89951109060576,0.0035026934420569625,16.215612694228177,0.011163167879320304,3
228,171.69281161605318,250.3484556946837,56456.908203125,219.88714599609375,256.7540178275266,57148.940980029685,4.799070006594484,0.010570118776849546,1.0106830397761817,3715.176513671875,115.0,132.81263853924213,11.599308537863292,False,False,science_V_003.fits,58463.54238736465,245.34928022862803,238.28699368054214,-7.471834689854622,0.00455627050067003,16.643289094979316,0.011537203154497007,3
229,178.40293803226294,262.4720154635015,1193153.3071899414,797.3427124023438,1496.4121307323987,1221309.3574305288,5.200928862769768,0.1154808890197433,1.1305578224214548,52460.26171875,222.0,132.8116206252512,11.601110275960304,False,True,science_V_003.fits,1619878.9738648972,917.4040323946641,1765.720355116153,-11.078328294739922,0.0006148765272225568,13.036795490094017,0.010617227929011838,3
230,171.3033445614789,267.40254860340275,1494818.1899719238,892.5187377929688,1674.8311566750167,1514691.0512699424,5.910393938150326,0.16898035021215818,1.2033409802708017,52152.32421875,279.0,132.8126977403345,11.601842962923502,False,True,science_V_003.fits,1753363.6127309033,953.9939609740478,1837.9189852949198,-11.164301847714103,0.0005907224467926067,12.950821937119835,0.010615856478024013,3
231,153.4161674363515,273.93000174749267,930300.1999511719,718.0653686523438,1295.56477803288,923394.7384455157,5.2032750381075905,0.0069343442729341565,1.006982765170604,51453.703125,288.0,132.8154114707279,11.602812883816167,False,False,science_V_003.fits,915250.9577067423,700.6038849184664,1306.374368468219,-10.458472354025703,0.0008310787674692598,13.656651430808235,0.010631939976815049,3
232,137.42719640882345,280.30287581306754,429469.01025390625,503.8800964355469,852.3238232507586,427196.18428708054,5.086554832972094,0.004010144894336154,1.004026290904249,27079.140625,225.0,132.8178372382091,11.603759825000228,False,False,science_V_003.fits,425724.70344278537,493.3259255169469,862.9684381510591,-9.627444003110742,0.0012580993139519115,14.487679781723196,0.01067381232908964,3
233,101.93754982581714,273.89079293060615,684012.1212768555,615.6688232421875,1111.0065922694669,687428.8593295038,5.029068190317532,0.05307004029225315,1.0560443143108833,46988.859375,218.0,132.8232213559989,11.60280653821181,False,False,science_V_003.fits,747792.718907953,635.2013144385978,1177.253103716993,-10.239074954564956,0.0009222315885785917,13.876048830268983,0.010639453315647,3
234,110.30874336686942,273.52602609320445,270572.48306274414,401.58270263671875,673.7652824342647,279843.025733016,4.86035974830993,0.07224524956486134,1.0778710640187794,17013.95703125,152.0,132.82195134752357,11.60275242844545,False,False,science_V_003.fits,440666.09148314863,500.21941072931077,880.9456051308875,-9.664895957949426,0.0012324256953852343,14.450227826884513,0.010670816690746099,3
235,465.14985494142,283.841453110689,1697845.3945617676,965.4462890625,1758.611964017663,1688302.697979302,6.841488323419096,0.3144623704080094,1.458709131102208,55842.96875,419.0,132.76811779129966,11.604284496130196,False,True,science_V_003.fits,1589512.7076688046,911.1116447508742,1744.5860963652,-11.057781884832039,0.0006223252622854371,13.0573419000019,0.010617661912348612,3
236,497.7141051920805,284.02293065543756,506282.90704345703,550.53125,919.6261012312326,502587.9015707618,5.1538558948856625,0.00393904576129811,1.0039546232030636,33749.16015625,251.0,132.7631773995611,11.604310882057327,False,False,science_V_003.fits,499347.7785553942,533.9757669151112,935.1506369665985,-9.800629679476238,0.0011609894246789449,14.314494105357701,0.01066280226755969,3
237,481.89897575894224,289.00023777344325,229617.84716796875,391.43988037109375,586.5979903485713,229127.97041609482,5.129143128907587,0.01911589380816403,1.0194884326165496,15681.03125,193.0,132.76557665373548,11.605050858997638,False,False,science_V_003.fits,216687.62880853124,385.8145452359129,561.636753938434,-8.894207166950986,0.0019330999839070597,15.220916617882953,0.010774243885333263,3
238,476.964352677925,300.316928606387,187065.34744262695,363.70440673828125,514.3334641453428,191047.95420489367,4.888838340406522,0.1958869097186665,1.243606169438346,13608.75390625,138.0,132.76632509452827,11.606732732355587,False,False,science_V_003.fits,428217.64284311223,513.1281123390148,834.5238402377695,-9.633783265390484,0.0013009814071826473,14.481340519443455,0.010678951651482213,3
239,473.0942553875102,308.2226229893047,1308566.1413574219,841.59228515625,1554.8694592827376,1307656.39487592,5.370318535356671,0.016761410651694786,1.0170471448469127,55294.26953125,270.0,132.76691210069202,11.607907673583556,False,True,science_V_003.fits,1329581.259080249,838.2909602394767,1586.0617877835925,-10.863909086411672,0.0006845256649913922,13.251214698422267,0.010621489120593762,3
240,462.84295556805404,320.27251381060876,843838.5948791504,689.5040893554688,1223.8340684359823,838053.5528510804,5.173549092343692,0.004402510691792871,1.0044219784994155,54379.421875,267.0,132.7684671640398,11.609698593797884,False,True,science_V_003.fits,832330.5344898506,672.7821812587373,1237.147114884356,-10.355361442165986,0.0008775835847958046,13.759762342667953,0.010635676222091512,3
241,446.99372513646347,325.50459415221985,344705.4028015137,462.1339111328125,745.899390842255,343351.8348415898,5.061057001132635,0.004226680727308696,1.0042446213867187,22062.5859375,206.0,132.77087164848976,11.61047638986917,False,False,science_V_003.fits,341161.9881587709,453.8921884896681,751.6366150604874,-9.387023465650886,0.0014444479928810137,14.728100319183053,0.010697377517737593,3
242,371.4056252222365,287.0375851513601,131061.67861938477,306.992919921875,426.92085098489554,131629.9969495204,4.912985560507774,0.009729988672680823,1.0098255915673333,8593.8095703125,148.0,132.7823398900776,11.604760688392629,False,False,science_V_003.fits,131779.48266443066,316.23953324246344,416.70780788622733,-8.354241369730481,0.002605422743354082,15.760882415103458,0.010914929382476391,3
243,366.82128532826664,298.13100157045125,218185.25244140625,377.451171875,578.0489469871413,218376.74118738482,4.9709901086230985,0.005718367498789068,1.0057512552901173,14740.162109375,172.0,132.78303529071124,11.606409334654453,False,False,science_V_003.fits,217696.87887432225,378.04162034770525,575.854263544037,-8.899252380527688,0.0018853728603452006,15.21587140430625,0.010765783138043697,3
244,35.607485946348916,313.1803839110643,397107.87384033203,489.5037536621094,811.2458196070227,396705.64927670616,5.964853038235563,0.2579885088315438,1.3476880235712867,21508.1796875,243.0,132.83328506808695,11.608644429317335,False,False,science_V_003.fits,390549.10168126965,473.6592173566664,824.5360532848775,-9.533810982049587,0.0013167404817226232,14.581312802784351,0.010680882980777706,3
245,49.42107843392858,314.2272384002939,320476.1418762207,441.31732177734375,726.180745830569,319427.1410793745,5.085361740990928,0.019458537384536623,1.019844685947939,20631.068359375,204.0,132.83118936462557,11.608800235920462,False,False,science_V_003.fits,318311.8043951715,434.3868758593001,732.7841196064915,-9.311753735191466,0.0014816096186459748,14.803370049642472,0.0107024587275506,3
246,216.4999531584891,321.87394555002237,62266.954345703125,237.9176788330078,261.71638295701314,62826.96265622464,5.08101539598314,0.13008646781290667,1.149539538126105,3968.837158203125,140.0,132.80584109868803,11.609938236137273,False,False,science_V_003.fits,61663.38804289439,250.27138833394545,246.3860869330172,-7.529690331516875,0.004406498814582658,16.585433453317062,0.011478880065397412,3
247,223.07847885168306,333.51656831672426,27367.055755615234,172.07705688476562,159.03953874537763,27965.660686500516,4.458178129546161,0.02287739031894065,1.0234130190953292,1868.49365234375,87.0,132.80484306672818,11.611668477519004,False,False,science_V_003.fits,26935.2169121709,213.722654617788,126.02883377216436,-6.63042306733034,0.008614695284435741,17.484700717503596,0.013658712625886055,3
248,414.58711858356287,323.6560933238137,860440.6836547852,693.8240966796875,1240.1424046418183,854978.764290883,5.146786763563413,0.008549585145850247,1.0086233108764273,52965.1875,258.0,132.77578825382133,11.610202133308501,False,True,science_V_003.fits,851984.3119640755,678.990867543723,1254.7802226650904,-10.380700868909045,0.0008652511255668563,13.734422915924894,0.01063466573349414,3
249,403.75577685173033,331.7300422853858,350964.59536743164,463.1175537109375,757.8304742611679,350313.15986982256,5.05750748171925,0.006262234987835624,1.0063016976996533,23111.89453125,197.0,132.77743143668582,11.611402143945734,False,False,science_V_003.fits,349642.3182978071,457.99052162384356,763.4269745542356,-9.413681851931404,0.001422139950758145,14.701441932902535,0.01069438814483569,3
250,417.9403992107869,338.0119755188559,70184.9167175293,245.32489013671875,286.08966941110407,70843.56788737695,4.8199250107244325,0.01507638916924936,1.0153071659603459,4981.7412109375,126.0,132.77527932101245,11.612335533805343,False,False,science_V_003.fits,69518.581049001,265.09362743970644,262.24161523766725,-7.659874121793812,0.004140075170815432,16.455249663040124,0.011379265273859388,3
251,317.23888339174243,339.0123927207318,1469125.1274414062,894.3594970703125,1642.6561491814819,1460938.5584942987,5.683786393247987,0.08570984199487319,1.0937446840529073,52285.4609375,342.0,132.79055739105291,11.612485104989002,False,True,science_V_003.fits,1450813.9450998676,871.0565116283854,1665.579587239021,-10.95865117736581,0.0006518451644809906,13.156472607468128,0.010619433029654502,3
252,246.5789774378987,348.942023303991,509475.3667297363,570.1284790039062,893.6150104619588,517180.01897479687,5.03030903920286,0.04808891772176127,1.050518287492429,33170.4140625,189.0,132.80127767354128,11.6139609089547,False,False,science_V_003.fits,554842.4711036616,566.4955307934239,979.4295646543915,-9.915046117246588,0.001108502376465538,14.200077667587351,0.01065721508047433,3
253,273.23880208684284,354.2884116991353,1386206.0019226074,866.83349609375,1599.1606325428454,1377228.4758924004,5.455118136905365,0.005335703005406756,1.0053643254528475,52477.4375,310.0,132.79723290816636,11.614755431255954,False,True,science_V_003.fits,1367398.6114511658,847.050676844808,1614.3055531749408,-10.894359710421682,0.0006725492567777495,13.220764074412257,0.010620723998657156,3
254,255.52018902351338,352.8409707700813,684400.5439453125,629.5245971679688,1087.1704569197348,682338.7052195512,5.814245087796471,0.2279491022706539,1.2952513920274784,40021.53125,259.0,132.79992113660003,11.614540338632164,False,False,science_V_003.fits,702478.3483991822,623.9649612857536,1125.8298013267324,-10.171204231726856,0.0009643553570180489,13.943919553107083,0.01064318735189178,3
255,234.89886598353505,356.3316872452525,431946.1366882324,506.1351318359375,853.4205778630809,430232.6263740437,5.080372558648802,0.0008395953376222343,1.0008403008502984,28616.62109375,217.0,132.80304976089968,11.6150590818557,False,False,science_V_003.fits,428932.1094761553,496.9102170351227,863.1984104400846,-9.635593269927359,0.0012577641326360616,14.47953051490658,0.010673772827178097,3
256,301.7210638176697,357.3914672420537,518098.4477844238,541.4228515625,956.920171155015,532373.8605819739,4.953850193956192,0.08103872136119705,1.0881851316752262,33063.83984375,179.0,132.7929116313934,11.615216506459774,False,False,science_V_003.fits,759795.5189574254,643.7951431144818,1180.1821232787959,-10.256363693765053,0.0009199427601764511,13.858760091068886,0.010639255163537567,3
257,286.61685838174054,362.01666299797944,1432066.384185791,880.67333984375,1626.1039359268782,1422977.243327206,5.508772900803873,0.017062594434628653,1.0173587802621211,52145.75390625,314.0,132.79520319963413,11.61590390876101,False,True,science_V_003.fits,1411570.7964342495,860.1558861999537,1641.063926993941,-10.928878536021678,0.0006615830024298673,13.186245248812261,0.010620035208132027,3
258,309.0463992562478,358.6109865727331,527374.5615539551,546.5582885742188,964.9008579298882,536347.7178752442,4.9056836298147894,0.09962552421819704,1.1106489876133943,34417.30078125,183.0,132.79180024073105,11.615397711325562,False,False,science_V_003.fits,764578.832018619,645.3145155340469,1184.8157969697486,-10.26317754918235,0.0009163449734353271,13.851946235651589,0.0106389446780778,3
259,467.6678212669108,346.31103757135674,886852.7521362305,697.013427734375,1272.3610720369097,892543.7082513758,4.984194073797698,0.09470310756991673,1.1046099996164858,54578.01953125,210.0,132.76773471235902,11.613568126634801,False,True,science_V_003.fits,1301123.1510020234,828.2618323941974,1570.9080149702895,-10.840417884986412,0.0006911289455866287,13.274705899847527,0.010621916727798587,3
260,464.92444398968973,352.2118397780263,594393.8922729492,576.7020874023438,1030.6775460971455,626605.3399559803,4.768131164149762,0.1718782572339499,1.207551919431376,41881.21875,175.0,132.76815082946425,11.614445097139638,False,False,science_V_003.fits,1185393.2679482643,792.4290341910622,1495.8983288116808,-10.739278015233722,0.0007257846199096057,13.375845769600216,0.010624227928059388,3
261,18.270416010637195,381.96005952920876,962854.9951477051,724.5103759765625,1328.9733688767114,958557.2201531831,5.128624159851439,0.00844974585836522,1.0085217525012689,56821.09375,252.0,132.8359166663577,11.618865537620922,False,True,science_V_003.fits,958485.617181999,713.2222539063245,1343.8806934757924,-10.508585874886847,0.0008078842156679565,13.606537909947091,0.010630152052477197,3
262,12.107285875443193,393.67165082862635,797597.3573608398,663.7095336914062,1201.7265337816966,793779.8519891673,5.1037268617340255,0.009414802605144046,1.009504283558753,52682.921875,241.0,132.83685196589343,11.620605892510923,False,True,science_V_003.fits,794806.4937470369,653.5908025399995,1216.0613194956873,-10.305275390879498,0.0008928003732988158,13.809848393954441,0.01063694261803749,3
263,368.9726282108404,397.03830908365217,1122416.4409179688,781.9273071289062,1435.4485777447474,1120789.6060041534,5.186060109397124,0.02963837069757458,1.030543634251986,53348.69140625,252.0,132.78270799293873,11.621108038694938,False,True,science_V_003.fits,1138252.399462454,776.9098166036721,1465.1023518256238,-10.695218310250969,0.0007410403775866848,13.41990547458297,0.010625281012475556,3
264,361.36024184459563,404.31976158768725,688206.326385498,621.5391235351562,1107.2614745008418,688922.7613352169,5.054909867910671,0.03728161826263543,1.0387253624422912,43293.640625,212.0,132.7838628908112,11.622190209724186,False,False,science_V_003.fits,725915.0962612337,630.6442410450105,1151.0690957208367,-10.206836444449806,0.0009432101027089947,13.908287340384133,0.010641292264133715,3
265,253.29484177970798,422.17343447850783,430720.27783203125,497.2322082519531,866.2356755734947,436595.5132763525,4.822112904873237,0.11740348583215254,1.1330205636976098,27481.876953125,168.0,132.8002587706009,11.6248439117505,False,False,science_V_003.fits,744320.0205356939,636.8444661591359,1168.7626415673396,-10.234021125777053,0.0009289311288595343,13.881102659056886,0.010640036127524378,3
266,255.02703586099074,429.75436417002277,841752.0501098633,668.9822998046875,1258.2575807396051,862852.4899668826,4.952446516402086,0.04088752719011968,1.042630586452841,51405.234375,140.0,132.79999595647007,11.625970522028926,False,False,science_V_003.fits,1210454.2236016772,802.1975373740078,1508.9228864552451,-10.76199279939171,0.000719519870594926,13.35313098544223,0.010623801795828116,3
267,263.9956502522435,428.3417194378025,94837.73156738281,259.4197692871094,365.57634689136745,97852.52074168617,4.598773965295572,0.10516895707776253,1.117529401678236,6140.45166015625,104.0,132.79863520468783,11.625760584159746,False,False,science_V_003.fits,206962.3420718982,371.04677102844784,557.7796607641967,-8.844350200023868,0.0019464675325602874,15.27077358481007,0.01077665029627347,3
268,251.77046528958385,436.1291194972502,333949.6890563965,453.0002746582031,737.1953346129151,352533.29094533273,4.774774006730824,0.1678009854946868,1.2016356455245665,24929.1328125,161.0,132.80049005759616,11.626917880885744,False,False,science_V_003.fits,754436.1872905161,647.5758785948191,1165.0158880648462,-10.248678153042174,0.0009319186211300568,13.866445631791764,0.010640297367520734,3
269,248.20850625534072,453.5505438736671,501251.569732666,544.4848022460938,920.5979077192179,498384.7974599593,5.102797854718763,0.007203291150962077,1.0072555550262783,32084.654296875,241.0,132.80103050316907,11.629506896075368,False,False,science_V_003.fits,495970.2402888179,530.739753284143,934.4885835662841,-9.793260919771951,0.001161811946226939,14.321862865061988,0.010662891856867694,3
270,288.20398543765145,425.33739481203884,454832.17501831055,508.240966796875,894.9144298320408,459751.7117352839,4.872911850245221,0.22168768492069602,1.284831269691663,53530.30078125,160.0,132.7949622334238,11.62531406772144,False,True,science_V_003.fits,870447.706517295,684.7110879809126,1271.2627585513267,-10.40397858736365,0.0008540327266703026,13.71114519747029,0.010633758867450572,3
271,293.8813795795677,429.4203612903488,736903.1602478027,638.3319702148438,1154.4199486041452,752317.5220752417,4.9494386320871255,0.06837813308909124,1.073396874330377,47505.453125,201.0,132.794100826469,11.6259208255546,False,False,science_V_003.fits,982237.7575855884,724.2849455672596,1356.1482446888363,-10.535163435436532,0.0008005761938283602,13.579960349397407,0.010629599145545633,3
272,328.58082787604377,428.4822639883642,510356.3896179199,538.599365234375,947.5621817634988,513111.2570198821,4.95102798966439,0.08490803391319379,1.0927863395810202,29732.9375,177.0,132.78883609880936,11.625781259163464,False,False,science_V_003.fits,734439.1394370275,634.0079165707987,1158.4068908941042,-10.219511406685456,0.0009372354468316517,13.895612378148483,0.010640764353920138,3
273,349.7572189220173,434.57247440480666,839789.2151489258,687.6976928710938,1221.1604369979193,834388.9331321857,5.126512053004287,0.004262953290002924,1.004281203862092,53716.43359375,266.0,132.7856230906983,11.626686190530162,False,True,science_V_003.fits,832066.7720589574,671.5469972137379,1239.0298452844243,-10.355017321898615,0.0008762500791502511,13.760106462935324,0.010635566273314767,3
274,330.12833063970373,436.7498020141176,926476.4822998047,791.6395263671875,1170.3262045938766,927877.2947098603,5.053132412411601,0.06942843099641094,1.0746083732933638,53743.67578125,230.0,132.78860125570228,11.62700989776542,False,True,science_V_003.fits,1034296.9965561792,742.8663141059582,1392.305690696123,-10.59123503293996,0.0007797856514234121,13.52388875189398,0.01062805351016947,3
275,123.88681564472223,440.73673507818205,169433.72198486328,332.16302490234375,510.09206107355556,173075.45001869078,4.8880386489477035,0.05118231620757108,1.0539432570470177,11160.7099609375,143.0,132.8198931726311,11.627601942257579,False,False,science_V_003.fits,233266.74492196259,384.72180114173483,606.3257767812984,-8.974253946846995,0.0017906215463302196,15.140869837986944,0.010749594470259879,3
276,119.19628702800182,446.05649333337647,113326.62561035156,278.5227355957031,406.8846493553537,116318.8681141834,4.618431399773318,0.15290687951122495,1.1805077574269487,7527.73681640625,117.0,132.82060490018475,11.628392467551004,False,False,science_V_003.fits,201981.6504424717,363.7269680694423,555.3111761674752,-8.81790166555898,0.0019551200238630997,15.29722211927496,0.010778216460090704,3
277,434.9263015105724,444.3882794379036,482121.56915283203,537.2178955078125,897.441379344037,479592.1511715374,5.0931468930688695,0.004237198115157992,1.0042552283607478,31631.916015625,232.0,132.77270073452254,11.628144000003347,False,False,science_V_003.fits,477884.24291056464,524.262874653218,911.5355406897137,-9.752928651379648,0.0011910671076834863,14.362195133454291,0.010666119097772406,3
278,415.4507566692225,450.99712194343465,1171283.3606262207,805.5537109375,1454.0102599280265,1162644.769874666,5.260789515614856,0.003114623885721368,1.0031243550766706,56027.515625,310.0,132.77565557614884,11.629126410007814,False,True,science_V_003.fits,1158439.6899446175,784.158816142837,1477.3023858136462,-10.714305445821026,0.0007349206299440414,13.400818339012913,0.010624855955973102,3
279,12.346099812689467,451.5851899346696,987601.348236084,728.7281494140625,1355.2397406771918,1009985.1990522079,4.964517064815522,0.08342146032818654,1.0910139794000153,59631.5703125,213.0,132.8368168681391,11.629212489081983,False,True,science_V_003.fits,1357942.3203323025,842.2727453532735,1612.2358556939205,-10.886825182382584,0.0006734126375899916,13.228298602451355,0.010620778706541515,3
280,15.900583078160171,459.02420471550977,1367778.2036743164,845.607666015625,1617.5092287408884,1375194.429202891,5.039341431147315,0.12312592559749602,1.1404146036378064,60219.39453125,178.0,132.8362777058617,11.630318076734543,False,True,science_V_003.fits,1869867.6169429119,982.8199413002287,1902.553599461115,-11.234149025052796,0.0005706540936915086,12.880974759781143,0.010614758680606292,3
281,20.714417288000856,466.1792280731226,1100863.8165893555,767.6851196289062,1434.0043703354645,1109628.2609196631,5.08766558889333,0.06619519871638502,1.0708876187243763,60106.6171875,222.0,132.83554745668167,11.631381482588383,False,True,science_V_003.fits,1382971.3965858787,850.3314985884759,1626.3908827105295,-10.906654868722377,0.0006675517008497868,13.208468916111562,0.010620408703348811,3
282,24.20149589819715,482.02461145271104,1487328.8327331543,893.6433715820312,1664.342712127,1477322.591504415,5.373997547641963,0.00333938656735977,1.003350575433957,60459.515625,313.0,132.8350186690527,11.633736345757013,False,True,science_V_003.fits,1470650.3157866583,875.1302461751058,1680.4930719905599,-10.973395425373976,0.0006460603843572995,13.141728359459963,0.010619079516280855,3
283,92.59435417940603,464.92215238259297,521610.83587646484,549.7825927734375,948.7583687310703,518642.021571215,5.110531131012814,0.002914726037644866,1.002923246500334,33858.08203125,234.0,132.82464133010262,11.631195798454739,False,False,science_V_003.fits,516847.9614299005,538.0424255263157,960.6081916761811,-9.838028893173892,0.001130221467407585,14.277094891660047,0.010659496063053294,3
284,105.56888095819838,472.50343278920764,277612.94512939453,414.64910888671875,669.5129428223077,280341.08671184443,5.081830489614047,0.030529852487362175,1.0314912765139725,16723.009765625,186.0,132.82267283979647,11.632322621032245,False,False,science_V_003.fits,277286.5395415085,416.5208104688114,665.7207336877382,-9.16194384383181,0.0016308640321081793,14.953179941002128,0.010724139743778234,3
285,116.88315471990119,476.23172887317077,893047.1541748047,703.49072265625,1269.451217214102,887463.4243223595,5.189231860736628,0.008391939649110558,1.0084629603012112,56042.5546875,270.0,132.82095619726547,11.63287681611839,False,True,science_V_003.fits,876509.4274032052,688.6009199841285,1272.8844849980853,-10.411513352945352,0.0008529446409283818,13.703610431888587,0.01063367153495669,3
286,131.48339384477867,489.0975784217314,1502727.6962280273,902.61181640625,1664.8659688626053,1491184.7436809505,5.46516351647468,0.0028447903998954915,1.0028529063204075,57289.140625,351.0,132.81874106643954,11.634788975108982,False,True,science_V_003.fits,1481554.2995057171,879.1756505464007,1685.163025824183,-10.981415806938395,0.0006442700102970772,13.133707977895543,0.010618970741038321,3
287,105.23365864883242,491.7114975725149,1264888.910003662,831.0159912109375,1522.0993619635344,1255043.6394453913,5.324395660349132,0.004396482696056525,1.004415897111294,57134.71875,326.0,132.82272393458848,11.635177147687134,False,True,science_V_003.fits,1247734.3660162454,809.9960565600902,1540.4202970013857,-10.794927216308125,0.000704807643805685,13.320196568525814,0.010622815519796372,3
288,400.05422284681913,481.61690929363664,41963.30294799805,202.2989501953125,207.43213401495143,43479.68500831077,4.675432034598327,0.058517116421859194,1.0621542010402385,2727.68701171875,98.0,132.7779912649189,11.633677035490958,False,False,science_V_003.fits,54747.12517541969,250.89741530181146,218.20521789577967,-7.400525171258194,0.004975591374348151,16.714598613575742,0.011709140245011478,3
289,410.1735256749732,488.1724409192117,1261496.9261779785,832.4970703125,1515.316955655402,1252655.481435685,5.2982151143052665,0.0025452744748071243,1.0025517694283987,57449.765625,305.0,132.77645580087278,11.634651139349796,False,True,science_V_003.fits,1247491.0009637536,812.0362463279272,1536.2503910447062,-10.794715427623387,0.0007067207314178026,13.320408357210551,0.010622942621753891,3
1,29.143297078399083,14.21993938694398,817134.0640258789,746.8070678710938,1094.1702337596573,807491.911392221,5.559388099046109,0.1409344350811691,1.1640555050003492,54557.515625,321.0,132.83426042990376,11.564215395893063,False,True,science_V_004.fits,798622.8203516874,657.9980989944594,1213.7159994415306,-10.310476163640399,0.0008945255731155931,13.804102639784206,0.01366835907862355,4
2,380.9328123289978,15.725594855336103,71665.68579101562,240.60557556152344,297.8554658335028,72205.97430949738,4.715677755537557,0.004170362104015446,1.004187826858444,4935.9912109375,121.0,132.78089736275908,11.564440539201101,False,False,science_V_004.fits,73299.73342292616,259.94164130367056,281.98534507711105,-7.717377862036525,0.003850200086472959,16.39720094138808,0.014172081872721079,4
3,177.81947211748647,23.143890687104868,1082089.6719055176,784.6416625976562,1379.0877077864077,1075489.6715854825,5.17829674985471,0.001393699588360997,1.0013956446978018,56249.0546875,282.0,132.81170775605204,11.565543370469081,False,True,science_V_004.fits,1074151.6038832783,759.1815300216681,1414.881107358632,-10.63228582717832,0.0007673436265092528,13.482292976246285,0.013660625173921486,4
4,479.8559672287492,18.438175214164232,13496.136932373047,139.5749053955078,96.69458054891447,14456.773565499096,4.241518572017421,0.012620937211043515,1.012782261328688,921.6380004882812,68.0,132.76589162188998,11.564842290042483,False,False,science_V_004.fits,13693.320457745838,198.90089633720058,68.84494092239426,-5.89589380365673,0.015770221972067053,18.218684999767873,0.020850030334498306,4
5,271.68329666783217,21.962464580776455,275024.3908691406,413.3834228515625,665.3009667683173,274556.83622147655,5.096371153979118,0.04782077448762179,1.050222450990662,17841.470703125,192.0,132.79746945858972,11.565368021452796,False,False,science_V_004.fits,273598.0527374527,408.70739250864705,669.4228138573836,-9.147404379245256,0.0016218449349581052,14.96717442417935,0.013735146336835377,4
6,499.6238106116423,25.30457430239814,801526.8500976562,673.412353515625,1190.2467276003997,795249.1691914424,5.213788383498649,0.025102916732132385,1.0257492992470416,50891.640625,281.0,132.7628928906089,11.565862346639312,False,False,science_V_004.fits,792081.0745739387,654.8087436756095,1209.6372906198294,-10.30154596576092,0.0008975417742319083,13.813032837663686,0.013668556805227258,4
7,428.6483773366117,38.70397599176026,731555.7126159668,643.4335327148438,1136.9561507453745,727075.5825529685,5.118785035404664,0.0019354682840244664,1.0019392215858998,46750.85546875,260.0,132.77365904757937,11.567854816657212,False,False,science_V_004.fits,725953.8686864838,628.4571544456362,1155.1366128162701,-10.206894434016174,0.0009398888304241515,13.90768436940843,0.013671402814444065,4
8,293.8614480884341,48.3272207260614,46605.74725341797,205.239990234375,227.0792704686658,47327.20611724765,4.6274676692480465,0.00619738075924281,1.0062360277979319,3184.033203125,107.0,132.79410515159134,11.569286067275463,False,False,science_V_004.fits,46756.1192958195,263.57423782536426,177.39259982911756,-7.229218019147381,0.006120322950595774,16.88536078427722,0.014949321620756656,4
9,450.2398257524494,52.49884119665577,1102171.1018676758,779.41650390625,1414.097720979549,1094055.745805555,5.228005987394055,0.0009127021755319653,1.0009135359617918,57937.25,302.0,132.7703835749138,11.569904571818252,False,True,science_V_004.fits,1090795.3377207334,760.1302433736387,1435.0111013601095,-10.648980056569277,0.0007565795128490429,13.465598746855328,0.013660024760610645,4
10,254.4359922335002,51.00721654976696,55116.441955566406,214.97622680664062,256.38389311363545,55753.46178158645,4.637783735553547,0.019016234318053993,1.0193848613843621,3710.6767578125,108.0,132.80008571945478,11.569684403891252,False,False,science_V_004.fits,54453.22662908865,240.14872820190578,226.7479284058791,-7.394680921538064,0.004788136357552937,16.71989788188654,0.014455106837369046,4
11,487.8443706797305,58.3567061619046,44793.428955078125,207.58360290527344,215.78500579122667,45567.40605430601,4.703461965716628,0.005743009451583014,1.0057761821200928,2890.820068359375,110.0,132.76467910570844,11.570774480076233,False,False,science_V_004.fits,44559.976805703365,235.09034467408725,189.54405323399473,-7.176984264309333,0.005727956015901425,16.93759453911527,0.014793016731597865,4
12,338.46140155986166,75.90878225007089,29420.28482055664,175.9348602294922,167.22260035436048,30059.196014307643,4.493692969797983,0.024385168082208808,1.0249946672441155,1949.542236328125,90.0,132.7873394627716,11.573384777406051,False,False,science_V_004.fits,30516.99315721044,214.8862422288145,142.01464384451114,-6.765976224806781,0.0076449862535916385,17.34860257861782,0.01563552617339238,4
13,205.98298840205211,79.01197745861026,142214.76791381836,310.2378234863281,458.40563963370386,142464.81023219167,4.854723082930375,0.001739942272667494,1.0017429749484605,9958.5322265625,148.0,132.80743582483086,11.573846126692693,False,False,science_V_004.fits,142289.93716321661,317.09196634231944,448.73397079258154,-8.437557342996918,0.002419473609458116,15.677021460427687,0.013851993230149129,4
14,13.333651001922975,83.17527309016384,239599.26040649414,384.20123291015625,623.6295979365672,239309.61953352945,4.933548772549196,0.001140524263337328,1.0011418265442156,15867.2490234375,177.0,132.83665994464715,11.57446262810321,False,False,science_V_004.fits,240614.7590698226,383.07076729146047,628.1209103245151,-9.007927531571166,0.001728488866003648,15.106651271853439,0.013748146699142092,4
15,387.4873224966198,80.36556852139448,16100.549194335938,145.33340454101562,110.78354109424363,16710.83074636911,4.261086762339696,0.008749081089309718,1.0088263031311226,1082.585205078125,71.0,132.77990241488422,11.574046687328886,False,False,science_V_004.fits,17109.975795115915,200.3899958249311,85.38338316082351,-6.137745361941709,0.012715588909788623,17.976833441482892,0.018646985419203087,4
16,241.10950938378852,93.16831898770964,26350.701080322266,169.90682983398438,155.08912211515855,27051.505130138496,4.521619295122741,0.026481231621437673,1.0272015624984234,1894.824951171875,91.0,132.80210730450125,11.575950003149226,False,False,science_V_004.fits,26452.33482914463,208.09081953067383,127.11918233012389,-6.610781902271512,0.008540803835415466,17.50379690115309,0.01609251981686773,4
17,27.486369090992323,101.96343195873679,164206.38522338867,326.9766540527344,502.19605341274814,164345.19860883724,4.882283378066668,0.004936050291737493,1.004960535745652,10738.1083984375,157.0,132.83451338184364,11.57725501836852,False,False,science_V_004.fits,165246.21382429177,330.8450696073504,499.467058766834,-8.599950667974344,0.0021737169267590016,15.51462813545026,0.013811187826501804,4
18,322.4789260245182,105.16003106676212,439137.0447998047,509.3175964355469,862.2067014238269,437067.52500465827,5.060585544465586,0.0010728624862655911,1.0010740147564074,27885.015625,221.0,132.7897637693751,11.577731932345474,False,False,science_V_004.fits,435048.42810471973,499.3741126271182,871.1873865787866,-9.65096588359988,0.001246230164400818,14.463612919824724,0.013695873594769174,4
19,248.65888508525742,108.66811074714552,1399865.1873779297,911.0292358398438,1536.5754822208821,1390571.093004938,5.866637518516806,0.18881881678608192,1.2327702129849432,53460.20703125,363.0,132.80096209725352,11.5782534500857,False,True,science_V_004.fits,1380673.4296978228,873.1287570238504,1581.2941889624512,-10.904849291971724,0.000686589508504025,13.209729511452881,0.013656327070424933,4
20,308.82079883621236,115.45669414880838,6957.832794189453,109.1427001953125,63.74986858249161,7726.924029998908,3.8030952673934357,0.06854077980068118,1.0735843054793257,483.32818603515625,47.0,132.79183563026322,11.579262196069527,False,False,science_V_004.fits,6072.042678590724,186.50989661750296,32.556141999495885,-5.012958912604686,0.0333485460290968,19.101619890819915,0.036029840218297124,4
21,339.0349637799612,122.99143689615954,1578051.529510498,925.10009765625,1705.8170607791599,1570323.3471525237,6.1399817829387615,0.22667361285298449,1.2931150632131374,53422.14453125,366.0,132.7872521365596,11.580381777914454,False,True,science_V_004.fits,1547648.7154998777,897.6774141894307,1724.0588779849684,-11.028802853033445,0.0006297348738280538,13.08577595039116,0.013653586705058429,4
22,274.40633537206196,127.62047516337533,584857.6905822754,579.8635864257812,1008.6125500434978,581527.2688879676,5.1051577367408845,0.001713437311545829,1.0017163782180254,36346.10546875,248.0,132.79705623274495,11.581069968377786,False,False,science_V_004.fits,580446.4319259707,566.4061072498591,1024.7884415376157,-9.964027238738872,0.0010594381786459177,14.150551564685733,0.013680141561972434,4
23,365.77038840669206,135.34810788323347,150385.7692565918,323.50128173828125,464.8691604822041,150534.96166838528,4.906913687575868,0.004988639228689862,1.0050136505223646,9864.029296875,159.0,132.7831962868944,11.582217910556793,False,False,science_V_004.fits,149955.3633837505,327.43949965641485,457.9635735490067,-8.494526882996183,0.002370712569094361,15.620051920428422,0.013843559585110146,4
24,497.4077125426916,138.8488560018834,175514.28381347656,349.0686340332031,502.80737568870705,175308.38616791877,5.008914341032286,0.011384272089041803,1.011515366150504,11548.998046875,177.0,132.76322683023133,11.582736324080962,False,False,science_V_004.fits,174147.4848014283,347.5164235921336,501.12015714635226,-8.65691488993625,0.002166546255458092,15.457663913488355,0.013810061063524394,4
25,461.6341634709987,139.51368717799588,52566.958435058594,219.8284454345703,239.12718998281144,53302.0889784211,4.717890467895516,0.00915419986019228,1.0092387734387134,3263.353515625,115.0,132.76865367760985,11.582835759899089,False,False,science_V_004.fits,53245.35459417767,263.70703563796303,201.91101259534432,-7.370326183091547,0.005377121267654096,16.744252620333057,0.014660739989110065,4
26,351.978896549905,139.48230115568398,15379.10482788086,144.79071044921875,106.21610171099096,16314.360432715708,4.29617811009615,0.006300845101043673,1.0063407974838063,1041.5257568359375,72.0,132.78528842478312,11.582832410708045,False,False,science_V_004.fits,15140.300935304604,200.00558856736862,75.69938942083532,-6.004958142737571,0.014342255707827078,18.109620660687032,0.019792022703350242,4
27,399.94265403185506,146.4344622385262,118348.73931884766,295.40081787109375,400.63781871617016,118693.4940507345,4.876503287281145,0.004433564894189113,1.0044533089283167,7732.18310546875,149.0,132.77801222226114,11.583865120571668,False,False,science_V_004.fits,118407.42800579667,303.0777777772875,390.6833053685867,-8.238069243199465,0.0027789772050170053,15.87650956022514,0.013919287992107827,4
28,28.308057831213674,149.69589200543223,138283.32391357422,305.06927490234375,453.28499226229957,138507.59098541737,4.838267980308161,0.004811128937337372,1.004834387800378,9126.3232421875,149.0,132.83438960774984,11.584348604944296,False,False,science_V_004.fits,139895.43731095913,311.40889741373167,449.2339123024376,-8.41913074956662,0.002416781036043144,15.695448053857985,0.013851523182574934,4
29,329.33627020962666,162.1806613569263,472512.2932128906,526.6453857421875,897.211493739742,470277.7163076737,5.069864462962477,0.004648868438900222,1.0046705813571628,31158.8828125,224.0,132.78872318413372,11.586205792153324,False,False,science_V_004.fits,470064.3025719212,516.2330212773476,910.5661265310223,-9.735015052614125,0.001192335151029815,14.37956375081048,0.013691074720912683,4
30,498.8703018868263,165.06534016331236,68980.07827758789,244.79672241210938,281.78513828899065,69539.98983657823,4.838994217333058,0.010091649351020249,1.0101945289626098,4758.72998046875,131.0,132.7630044386263,11.586632355735244,False,False,science_V_004.fits,68416.50321111517,261.2562646162458,261.87507239916647,-7.642524057764444,0.004145869975532104,16.47205474566016,0.014255248217945963,4
31,452.0482415068973,168.87998070940685,255878.49716186523,405.28460693359375,631.3550842649969,255297.40495470332,5.001859819577222,0.0018349007852290766,1.001838273835333,17555.5703125,188.0,132.77010739820338,11.587200069373871,False,False,science_V_004.fits,255017.78355161316,401.08057923221565,635.8268057750166,-9.071048041096736,0.0017075404656408404,15.043530762327869,0.013745528667280644,4
32,42.19593374600215,174.82998802453832,181656.7401123047,343.3791198730469,529.0267508969861,181568.61334621595,4.910129271894627,0.005225634817314639,1.0052530855239268,12413.9228515625,167.0,132.83228323245854,11.588084051207378,False,False,science_V_004.fits,182278.9172365412,344.6081112622755,528.9455218243884,-8.706462974404038,0.0020525743298767467,15.408115829020566,0.013792640257793358,4
33,17.42260324205482,194.15556499765242,246620.3787536621,390.42596435546875,631.6700252269164,246284.8090386716,4.9362685866918445,0.0039695485324824364,1.0039853686467455,16175.216796875,179.0,132.83604179718247,11.590955605066293,False,False,science_V_004.fits,247730.42088986703,388.8344378890551,637.1102884682019,-9.03957022531965,0.0017041005610038697,15.075008578104955,0.013745101768384501,4
34,427.44329327216974,195.39443684196996,391784.7548828125,486.7550048828125,804.891066250332,390153.83342939615,5.049613540823577,0.0021771461414431537,1.0021818964488778,24265.2578125,212.0,132.7738396672896,11.591140770868574,False,False,science_V_004.fits,390075.47176192666,477.75991679908225,816.4675562893015,-9.532493480060328,0.0013297527766250893,14.582085323364277,0.013703726002375237,4
35,264.45864903219876,197.258479797597,113385.75988769531,287.4327392578125,394.4775399645552,113825.33377715194,4.842431049766968,0.0014979657471849706,1.0015002130148947,7262.552734375,144.0,132.79856523815602,11.591418960334888,False,False,science_V_004.fits,114294.22269487151,296.60666269100255,385.33936378206175,-8.199682569995197,0.0028175164596317874,15.914896233429408,0.013927033528412612,4
36,186.1343167297567,203.3792071251233,612488.2381286621,612.232177734375,1000.4182406668573,608801.267863211,5.100294185106126,0.003211443588649665,1.0032217901860867,39955.390625,248.0,132.8104474712561,11.59232838444846,False,False,science_V_004.fits,608266.9686978384,599.5376292028626,1014.5601194483526,-10.014857457028894,0.0010701189404037767,14.099721346395711,0.013680972861892677,4
37,351.88081304730633,203.50974307905017,311198.00942993164,468.04412841796875,664.8903181027159,310216.65928883286,5.021853973959571,0.004421235376592891,1.0044408695059555,19953.0546875,199.0,132.78530280309445,11.592347599963677,False,False,science_V_004.fits,309158.2965113166,432.77560735821686,714.3616489813397,-9.280074138122602,0.0015198184302701282,14.834504665302003,0.013723473028436416,4
38,42.365380084179336,205.17935116063765,303983.17614746094,429.2152099609375,708.2302050179586,303060.3071701689,4.997165590602446,0.003125048377229822,1.0031348449192576,20040.30078125,197.0,132.83225804812437,11.59259430578815,False,False,science_V_004.fits,303593.10687336704,423.87134900210464,716.2388012025309,-9.260351640577388,0.0015158352188923043,14.854227162847216,0.013723032475078797,4
39,302.49613169822237,220.11695203188285,483251.1489868164,532.5946655273438,907.352589625226,480978.57996544,5.067135218328805,0.0036219430614370385,1.0036351092200542,30964.39453125,228.0,132.79279467111655,11.594815897572786,False,False,science_V_004.fits,479920.9381969205,521.5462879750968,920.1885801166629,-9.757546118870989,0.0011798668484479056,14.357032684553616,0.01368999450990757,4
40,328.764534756017,216.1354607446557,15951.045806884766,143.63436889648438,111.05312697395217,16648.677934813873,4.20261876234036,0.008488859053899511,1.0085615367325065,1137.2708740234375,68.0,132.788809596232,11.594224077786015,False,False,science_V_004.fits,15932.396477268281,201.03658117525745,79.2512307169555,-6.060324637237267,0.013699471795934125,18.054254166187338,0.01933130599284041,4
41,280.06631907947343,227.01474662890163,399178.03048706055,498.45697021484375,800.8274622280992,399358.7518788958,6.945842600795698,0.40411811640087136,1.6781849348397646,15696.220703125,267.0,132.79619741506892,11.595841050842745,False,False,science_V_004.fits,388980.71041842265,475.57918364797024,817.909453972971,-9.529442036953164,0.0013274085471518204,14.585136766471441,0.013703498726685996,4
42,360.4007837139642,226.67423883338168,12825.37094116211,136.86163330078125,93.71049162460126,13385.295952684553,4.156412821655705,0.027837557467517815,1.0286346769321812,866.678955078125,65.0,132.78401007884128,11.595790033108113,False,False,science_V_004.fits,12720.704889452136,198.18410205114262,64.18630333006973,-5.815899817635856,0.016914823625484843,18.298678985788747,0.021728670511158597,4
43,42.78929189763958,233.75817208740906,1139794.0010681152,786.5936279296875,1449.0252153046933,1132401.912058655,5.229303486299972,0.0007197050600461496,1.0007202234084775,55171.90625,296.0,132.83219422814824,11.596841442532124,False,True,science_V_004.fits,1130176.295076602,770.1764224143384,1467.4252056869527,-10.687487358871287,0.0007398673511892868,13.427091444553318,0.01365910932669436,4
44,317.8435080738925,232.3261455234304,54264.84161376953,219.48834228515625,247.23336578518322,54967.09760559507,4.684568139961041,0.004466062372596391,1.0044860975641274,3717.380859375,113.0,132.7904663058829,11.596630252383756,False,False,science_V_004.fits,53747.04438241367,244.14966377182455,220.13974359859924,-7.380508341151797,0.004931867286897796,16.734070462272808,0.014503350607249542,4
45,203.87073604344332,237.0658310952366,1096295.8225097656,775.0997924804688,1414.3931312397951,1088687.8691428096,5.257244829759763,0.00025974068982759224,1.0002598081725815,51462.4296875,298.0,132.80775689674553,11.59733467511792,False,False,science_V_004.fits,1085704.944886182,757.0935399544458,1434.0433349246498,-10.643901413650363,0.0007570900917419257,13.470677389774242,0.013660053049247167,4
46,339.67194586748747,238.74535564324822,480929.57608032227,531.6738891601562,904.5574474985206,478650.47230950935,5.05624849038352,0.0017272085827775285,1.0017301969938752,31478.58984375,224.0,132.787154715359,11.597584090953337,False,False,science_V_004.fits,477980.8878989685,521.1279521008627,917.2044715161561,-9.753148203196936,0.0011837055244675353,14.361430600227669,0.013690325878878412,4
47,87.2355477675445,238.66901033171806,74246.67990112305,290.94720458984375,255.18952830562722,74769.11102688042,4.765390670526969,0.015820188464897078,1.0160744899249874,4956.27392578125,126.0,132.82545144253194,11.597571915538339,False,False,science_V_004.fits,75077.32776798887,330.04892984246527,227.47332586057414,-7.743393889925415,0.004772867306057069,16.37118491349919,0.014450056270563845,4
48,441.58067098436635,244.17206355540475,281503.65368652344,422.91741943359375,665.6232180351818,280793.1986313239,5.010863558084842,0.0008927006087442457,1.0008934982351627,18247.9609375,194.0,132.77169422278422,11.598389466572364,False,False,science_V_004.fits,280847.3701331927,417.3272403558923,672.9667823593039,-9.175797777738554,0.0016133039972548507,14.938781025686051,0.013734140442298946,4
49,354.8801961553602,246.0785244834538,12213.908111572266,135.2250518798828,90.32282067395019,12684.282155516134,4.130099423179563,0.02019471751998314,1.0206109498296105,930.94775390625,64.0,132.78484743653397,11.598673770268288,False,False,science_V_004.fits,11753.399892575644,197.87625216581574,59.39772844861932,-5.730030655667394,0.018278476776080094,18.384548147757208,0.022806283720828616,4
50,266.0427174350275,247.06188660671052,14873.964599609375,141.5628662109375,105.06967679960817,15493.341357909863,4.228350627708358,0.004704149040923089,1.00472638264933,1106.2493896484375,69.0,132.79832488250992,11.598820298606933,False,False,science_V_004.fits,15429.41593892014,198.0399229540471,77.91063392051691,-6.025495590801986,0.013935196588281037,18.089083212622615,0.019499065820066164,4
51,233.74919274599281,262.43796363725886,234439.4849243164,387.0975341796875,605.6341470144615,234076.47582243133,4.969289563960944,0.006249876335400861,1.006289182951096,15086.458984375,181.0,132.8032241305815,11.601105341454645,False,False,science_V_004.fits,233964.0331783249,384.80508949149527,608.006597541366,-8.977494622344517,0.001785671412761494,15.137084181080088,0.01375545296584546,4
52,415.13432341216276,262.21979147853904,18710.939544677734,154.4499969482422,121.14561291281842,19612.67686396794,4.321541966866105,0.038924382366068544,1.0405008530565953,1301.372802734375,74.0,132.7757061340079,11.601071921934768,False,False,science_V_004.fits,15843.247401019677,209.22942539398687,75.72188936229331,-6.054232384061498,0.014337994061471983,18.060346419363103,0.019788934726458596,4
53,368.19133376534603,267.1294703510206,374111.3406677246,476.61865234375,784.9280317252578,372682.0459843166,5.027927836054512,0.0026797941539145054,1.0026869947467283,25507.251953125,208.0,132.78282782453147,11.601802062389197,False,False,science_V_004.fits,371693.52086861426,468.4369631367862,793.4760706748021,-9.480084351063681,0.001368283228852358,14.634494452360924,0.01370751848058545,4
54,427.26605473655434,273.71393798903887,763556.3636474609,658.1668701171875,1160.1257953192155,758840.4571183992,5.121358002331587,0.0026257311537771777,1.0026326437685371,49789.6484375,261.0,132.7738654654889,11.602779920087313,False,False,science_V_004.fits,757132.5826877322,642.4727641509395,1178.4664268038218,-10.252551714428877,0.0009212820792396961,13.862027088995728,0.013670136230877922,4
55,404.3220293765408,270.52292301184474,21673.556243896484,163.34739685058594,132.68381781266655,22420.557235220367,4.398650011179226,0.018246219100788497,1.0185853311245476,1455.103515625,81.0,132.77734637025907,11.602305991823897,False,False,science_V_004.fits,19224.781396108363,212.11607558429554,90.63330699076779,-6.264275399450359,0.011979039892151272,17.850303403974245,0.01815272047487606,4
56,283.20311076723533,274.59138200084175,370182.5278930664,473.90252685546875,781.1364297830913,368604.3451290006,5.049835094919586,0.004464743825563611,1.0044847671620596,24141.677734375,213.0,132.79572143191336,11.602911460850613,False,False,science_V_004.fits,367588.691491984,464.84169795433246,790.7825246953149,-9.468027229723154,0.0013729438449823048,14.646551573701451,0.013707984487250772,4
57,255.1608346768121,277.9909643282278,1333379.726715088,852.748046875,1563.6268316314786,1324201.38544591,5.431552966090309,0.0005869167027205968,1.0005872613762312,52069.8046875,331.0,132.79997576278626,11.603416708031258,False,True,science_V_004.fits,1317239.1383964731,830.9621140033775,1585.1975874692155,-10.853783439497946,0.0006848988470474091,13.26079536392666,0.013656242174621826,4
58,318.28755915359545,276.2682777151145,173925.03326416016,343.4429626464844,506.4160637444365,173989.00126126746,4.92018483007916,0.002700505266546971,1.0027078177426219,11598.2509765625,164.0,132.790398715192,11.603160539159433,False,False,science_V_004.fits,172952.98151115232,345.80352964431023,500.14810921406695,-8.649442006925806,0.002170756981778997,15.465136796498799,0.013810722275651454,4
59,337.5086461513655,280.3163402005916,1018644.7344665527,750.9534912109375,1356.4684716012894,1011744.7764705056,5.19309286695891,0.0015682631791844592,1.001570726491706,54894.16796875,286.0,132.78748262909895,11.603762015309053,False,True,science_V_004.fits,1008852.5570310482,733.2572163955754,1375.8508398869892,-10.564191121776831,0.0007891117034817366,13.550387681647774,0.01366186521606054,4
60,41.208161545021234,283.1413380594884,1016407.8756103516,745.3739624023438,1363.6213858805374,1009878.3363345742,5.174152926641661,0.0016443332001613298,1.0016470414851575,54881.1796875,283.0,132.8324349510277,11.604180301870885,False,True,science_V_004.fits,1008325.6579629986,729.9108979829755,1381.436639388986,-10.563623920125343,0.0007859209529003146,13.550954883299262,0.013661681289118143,4
61,186.04687576738803,281.2669273964531,110602.10485839844,285.1318359375,387.89812612381195,111031.87371493866,4.870629533183946,0.013293075142749133,1.0134721615992228,7432.77978515625,146.0,132.8104611703334,11.60390336437866,False,False,science_V_004.fits,107424.0621630991,293.66483082857417,365.8049956475977,-8.132375801244011,0.002967974775953911,15.982203002180595,0.013958249824814417,4
62,67.80513130487849,288.189211611498,498432.85467529297,629.3861083984375,791.9349474420818,495701.8805655488,5.091182567817063,0.008727519017664442,1.008804359230285,33449.7578125,238.0,132.82839994854288,11.604930893955768,False,False,science_V_004.fits,494567.48624480213,549.9578196495817,899.2825787256326,-9.79018577820127,0.0012072957106970075,14.324393025223335,0.013692385724712127,4
63,274.5456564658338,292.2649916934007,964502.7463989258,732.003662109375,1317.6201108332857,957867.5937942567,5.194476541385627,0.0037860411474337496,1.0038004297307725,52358.3203125,289.0,132.79703483788737,11.605537971964523,False,True,science_V_004.fits,954448.816865412,714.0116022999275,1336.741327159116,-10.50400348389308,0.0008121990230580835,13.610575319531526,0.01366321818439161,4
64,168.04957352243164,291.71873629367303,231555.88772583008,384.8471374511719,601.6827597040633,231100.7866548201,4.964682989102744,0.0019004129760532562,1.0019040314220746,15639.5556640625,182.0,132.81319164794024,11.605456508217655,False,False,science_V_004.fits,227228.24598830403,382.2868021283397,594.3920761146757,-8.945777664287826,0.0018265721291185865,15.168801139136779,0.013760822273545496,4
65,202.4360608915563,289.62770542247824,12638.696319580078,130.0246124267578,97.20233795504979,13219.860488014663,4.041609072156049,0.03284711490262304,1.0339626913270448,866.13720703125,59.0,132.807974772032,11.60514594768828,False,False,science_V_004.fits,12879.728664617238,193.76267930543472,66.47166890335204,-5.829388658793557,0.016333274279280965,18.285190144631045,0.021279090971736886,4
66,312.9449944425213,297.8828170059135,564329.9075317383,572.2412719726562,986.1747748224354,561429.6027938386,5.084324458239774,0.0021249008140290515,1.0021294256322886,38319.5390625,239.0,132.79120914230953,11.606372725429809,False,False,science_V_004.fits,560917.2957045753,559.4940470213235,1002.5438138096893,-9.926868952907839,0.0010829451890729,14.187709850516766,0.013681982099965236,4
67,350.36682169767306,295.24176510815624,79389.61206054688,251.80177307128906,315.28615184957584,79995.61319366175,4.727334107204844,0.016392382184137966,1.0166655705865086,5301.76025390625,123.0,132.7855317774068,11.60598000868716,False,False,science_V_004.fits,76863.2266751409,270.7089101480793,283.9331244512649,-7.768918403915278,0.003823787739096122,16.345660399509324,0.014164929105890182,4
68,108.13192483235386,298.0889170589213,288874.11444091797,421.8694763183594,684.7476071554466,288022.36845679337,5.009259217953731,0.002607328746822679,1.0026141446813988,19772.783203125,195.0,132.82228199152675,11.606402633253818,False,False,science_V_004.fits,287764.69983309874,416.6104411336518,690.7284873851293,-9.20221566868199,0.0015718187679070585,14.912363134742614,0.013729329122006577,4
69,236.12789310203135,298.520911371746,93644.27416992188,351.0783386230469,266.73327251462194,94053.36643090557,4.8654065448980095,0.022609999238692224,1.0231330371919918,6102.4423828125,140.0,132.80286331213458,11.606467672151767,False,False,science_V_004.fits,94012.94244085916,359.6786360031514,261.3803907998457,-7.987590987926559,0.0041537163391548535,16.126987815498044,0.014257532161190975,4
70,426.12714583515555,300.5540530562117,198022.3586730957,364.77423095703125,542.8627953064531,197894.13774339866,4.950707885604855,0.007427529046618142,1.0074831100639774,12715.7392578125,172.0,132.77403787974256,11.606768674447192,False,False,science_V_004.fits,196834.64484167483,364.7606617836723,539.6268442960856,-8.789875726395055,0.0020119458686608483,15.32470307702955,0.013786652606040905,4
71,77.1025045087023,306.7655556451571,1177275.8535766602,801.1416625976562,1469.4977287280383,1168694.024553928,5.286935408711786,0.0035440007022199405,1.00355660531395,53643.95703125,313.0,132.8269896887746,11.607691679090042,False,True,science_V_004.fits,1164457.5208526934,782.1242757024796,1488.839506748226,-10.719930999528577,0.0007292256788451814,13.394647803896028,0.01365853703703,4
72,182.73752943883574,309.47666905072356,1425986.5161437988,893.0735473632812,1596.7178966994318,1416659.0109239137,5.45050199252685,0.0015154944956855543,1.0015177947052067,51912.46875,328.0,132.81096340208842,11.608095626810595,False,True,science_V_004.fits,1409380.6998421415,857.7935062514974,1643.0302742685062,-10.927192673898304,0.0006607912325190507,13.1873861295263,0.013655054337285043,4
73,1.2160745221575244,303.9981840336243,24756.618774414062,125.47307586669922,197.30622369308247,24564.5739889704,2.4635771912000854,0.14758833882977584,1.1731420926681841,25023.6640625,20.0,132.83850265648067,11.607279120140076,True,False,science_V_004.fits,25353.46626511392,174.75431426986174,145.0806314627644,-6.564715232612812,0.007483424831099181,17.54986357081179,0.015557169122431781,4
74,439.66256530135615,307.8967763346397,26885.233947753906,175.3514862060547,153.32196224536813,27602.064125910812,4.477851140048297,0.022218672973603915,1.0227235603293579,1812.7012939453125,87.0,132.77198426583158,11.607859693929234,False,False,science_V_004.fits,25573.674257508053,219.52200506297262,116.4970876162138,-6.574104696758743,0.009319546284081482,17.540474106665858,0.01651901349482983,4
75,350.16264522443186,319.7633114605845,1478345.3011169434,896.3331298828125,1649.3257381998405,1468789.1664148457,5.46677563592055,0.0010932953643969512,1.0010944919673914,53919.66015625,332.0,132.7855625651309,11.609624184292091,False,True,science_V_004.fits,1461389.5103863413,874.086080132025,1671.9057122676154,-10.96653683835587,0.0006493787251479982,13.148041965068735,0.013654506824851195,4
76,199.48547497697632,330.619646645702,819736.4137878418,677.1195678710938,1210.6228392795447,814439.907701507,5.125518125075371,0.0019179776113330549,1.0019216633185546,50072.48828125,268.0,132.80842259673457,11.611237792802164,False,False,science_V_004.fits,812162.3607729581,661.7033571192497,1227.3813515299926,-10.32872902023243,0.0008845661526848363,13.785849783192175,0.013667710897575668,4
77,499.2988877955535,333.924337183632,1046696.9912109375,764.6771240234375,1368.8090807576664,1038468.2777171071,5.2267113576992905,0.0023016784617688746,1.0023069884072975,56418.1953125,304.0,132.76293608905655,11.611726664979734,False,True,science_V_004.fits,1034640.3820161504,743.382024229879,1391.8017227925388,-10.591595436336759,0.0007800680098467114,13.522983367087846,0.013661345834185563,4
78,17.171748100309927,334.1943863104679,84153.4462890625,252.4004364013672,333.41244369023866,84659.09771089623,4.7237253862415445,0.002277733326519371,1.0022829332396415,5826.72265625,127.0,132.83608254330474,11.611766920818937,False,False,science_V_004.fits,86225.31112985041,267.8109455913091,321.96335717149475,-7.893708799347012,0.0033721228699379563,16.220870004077593,0.014049735817843396,4
79,2.998875274845524,332.3348067158685,131235.9192199707,268.8030090332031,488.2234008167675,130946.99488836924,3.0860343810483934,0.21159216527554314,1.268379074834401,44034.3203125,39.0,132.83823275812932,11.611490291766076,True,False,science_V_004.fits,130986.74978187394,297.0732522091791,440.9240778420598,-8.347690288988318,0.0024623286741644007,15.766888514436287,0.013859542791912195,4
80,172.98895183651408,346.97679553088165,170687.8154296875,414.8421630859375,411.45242846091395,170593.2871393311,4.966765378533573,0.012042044102205551,1.012188822439577,11682.890625,172.0,132.81244264757632,11.613668502395193,False,False,science_V_004.fits,170526.65250242568,398.38422389108166,428.0456962800006,-8.634102541015025,0.002536411437926953,15.48047626240958,0.013872896124590558,4
81,69.38323593102446,349.1744506306625,409467.5439453125,492.23626708984375,831.8516357320251,407712.12125379907,5.054530150273382,0.0026145539549208285,1.0026214077669655,26575.443359375,219.0,132.82816144492838,11.613994000012811,False,False,science_V_004.fits,407337.2950487364,482.9324867997362,843.4663357357696,-9.579507311804134,0.0012871883014191979,14.53507149162047,0.013699661222984438,4
82,372.7266529937643,350.2837052571287,514837.9847717285,550.6027221679688,935.0443868940232,512142.20336129953,5.0838834448782775,0.00362423461767325,1.0036374174719942,33696.3046875,233.0,132.78213897725516,11.614159663304873,False,False,science_V_004.fits,511834.4927719717,538.125557104794,951.1432527489075,-9.827445748667959,0.0011414684348148494,14.287133054756646,0.01368673862134116,4
83,46.61383443486255,358.4395008636897,655045.4968566895,608.2201538085938,1076.9874900640527,651484.26674952,5.084267438039314,0.002945498042831174,1.0029541996320654,40804.0234375,247.0,132.8316161132543,11.615370533764718,False,False,science_V_004.fits,651506.1920474198,595.7917143561457,1093.513347615925,-10.089418243269257,0.000992854821906875,14.025160560155348,0.013675146236827479,4
84,195.88343141431113,357.97978958520986,106058.98052978516,280.58563232421875,377.99148748726105,106540.63055678405,4.8367842946103305,0.0038829525123466047,1.00389808860529,7342.7919921875,141.0,132.80896921449244,11.615303797423323,False,False,science_V_004.fits,105869.8024766218,291.08633427377185,363.7058494716189,-8.116552131062413,0.00298510458816451,15.998026672362192,0.0139619022093522,4
85,425.8495883062102,356.57835317564883,28536.200439453125,179.24900817871094,159.19865180510558,29345.90991520852,4.502177347718512,0.007629269958008833,1.0076879231995144,1895.94775390625,89.0,132.77407921573504,11.615094510524827,False,False,science_V_004.fits,28823.489508537674,221.98049429129037,129.8469471408353,-6.7039882675747755,0.008361382565447783,17.410590535849828,0.01599801807434306,4
86,150.7234543267415,363.4564980727004,143433.62606811523,316.1726989746094,453.655949844151,143642.06347109348,4.921541420336873,0.005685628072656157,1.0057181392859034,9312.7861328125,159.0,132.8158208445589,11.616117404748712,False,False,science_V_004.fits,143466.045469761,320.0791937951002,448.22046621874864,-8.446494692743764,0.0024222454836993926,15.66808411068084,0.01385247765147214,4
87,189.4128159640631,375.44839273503317,186887.4103088379,352.2342834472656,530.5770025557933,186894.32684610336,4.940199346692759,0.00547499923063588,1.0055051398671733,11580.455078125,168.0,132.8099510162644,11.617899793723266,False,False,science_V_004.fits,186148.58826322132,353.3540927667469,526.8046757451884,-8.729271241317091,0.0020609156486020735,15.385307562107513,0.0137938840509802,4
88,413.7347126444358,378.53685818033443,540934.9089660645,572.5415649414062,944.7958752504259,540243.930758715,6.7286864531815915,0.3689025188056353,1.5845412631143445,23413.24609375,285.0,132.77591697790967,11.618357945961312,False,False,science_V_004.fits,528224.5951968138,546.7806702646755,966.0630375633444,-9.861668421450908,0.0011238397058833866,14.252910381973697,0.013685279667794628,4
89,168.90073655143382,380.2070280310973,88252.58129882812,262.3686218261719,336.3686582814711,88644.02374173031,4.816473833183795,0.009954046996172528,1.0100541262412837,6031.79248046875,137.0,132.81306313114465,11.61860685642371,False,False,science_V_004.fits,88218.31228092908,274.6900786329547,321.1558011849704,-7.918518736447284,0.0033806021750006896,16.19606006697732,0.014051773374448238,4
90,334.4027036131589,382.41798659201874,720102.0774230957,661.0858764648438,1089.2716106322541,715549.4179976839,5.118100664318418,0.0033664882705826127,1.0033778597959655,44633.828125,259.0,132.7879531822829,11.618935473307971,False,False,science_V_004.fits,714692.5900381919,625.2008446543156,1143.1407941129028,-10.189920072395084,0.0009497517765014433,13.92465873102952,0.013672084418193177,4
91,318.20969031001914,387.3637491310968,14292.560791015625,141.3246612548828,101.13281478339162,14960.61675354487,4.181762980654599,0.019599907919748416,1.0199917442665276,1012.6250610351562,66.0,132.7904099615251,11.619670559994903,False,False,science_V_004.fits,14699.591467267846,202.56419607303306,72.56756994690224,-5.972885036425495,0.014961228559732783,18.141693766999108,0.020245054307603053,4
92,63.34958933144279,389.968286608099,136322.14901733398,307.7009582519531,443.0345286923353,136562.49562447204,4.884997747329011,0.010569201464657008,1.0106821027608022,9070.458984375,153.0,132.8290774851611,11.620056325816153,False,False,science_V_004.fits,136813.94959963602,313.33327275818414,436.6403490931606,-8.39494782520008,0.002486485736498799,15.719630978224524,0.01386385499127299,4
93,282.41194838095834,392.953000197792,347366.81951904297,461.117919921875,753.3145091778165,346102.95613046363,5.0250051500807436,0.004068071037249266,1.0040846878375373,22821.35546875,203.0,132.79584119811508,11.620501313266214,False,False,science_V_004.fits,346283.4629671751,453.85998626068795,762.9742066935087,-9.403201253985943,0.001422983883957341,14.711377549438662,0.013713086707055977,4
94,98.3938985729145,393.02322381330373,90893.73516845703,262.1232604980469,346.759516861474,91375.10407705844,4.800685140009976,0.004960614113580064,1.0049853444837873,6059.14501953125,133.0,132.82376057965828,11.62051080701954,False,False,science_V_004.fits,91317.98656680596,275.463946028161,331.50612950803526,-7.95601269239372,0.003275052565728454,16.158566111030883,0.014026754193665673,4
95,407.08677935541965,398.04640362349585,715987.6474609375,656.0296020507812,1091.3953352451238,711451.9063421346,5.120450738356482,0.009072694874914466,1.009155762312725,49142.16796875,260.0,132.7769253606417,11.62125736248505,False,False,science_V_004.fits,708831.9891431824,624.429209088997,1135.1678922536692,-10.180980145938136,0.0009564224000773494,13.933598657486469,0.013672549422423118,4
96,242.39402241601022,397.47952362082776,204678.85314941406,366.01873779296875,559.2032101514611,204686.15223161835,4.934555268102703,0.00459763223498777,1.0046188680918158,12686.5859375,168.0,132.8019127580017,11.62117402833535,False,False,science_V_004.fits,204127.06238123754,367.1426044771511,555.988490281414,-8.829373338105903,0.001952738265230045,15.285205465318702,0.013778136689470265,4
97,41.00006203266619,402.4530557368243,479770.4643859863,532.5281372070312,900.9297929349895,478987.13004267454,5.88368315353312,0.23772558588354498,1.3118635251047885,18867.15234375,252.0,132.8324685847713,11.621911341372732,False,False,science_V_004.fits,473543.614405035,516.8914852608386,916.1373864885218,-9.743021835679167,0.0011850842635747,14.371556967745438,0.013690445157590946,4
98,221.87506897520362,404.25368215642516,777674.7134399414,662.0059204101562,1174.724710857753,772482.9066434011,5.12897865164257,0.001927032653783689,1.0019307532783976,51773.35546875,265.0,132.80502593746863,11.622180706221647,False,False,science_V_004.fits,771131.3439947676,646.3274827523483,1193.0969432259778,-10.27244276441474,0.0009099847302134641,13.842136039009866,0.013669379507148622,4
99,469.53523127473045,404.3360779468834,128867.38311767578,309.1946716308594,416.7839712048068,129168.23374855543,4.897797621907904,0.009005758077968884,1.0090875987942192,8019.08349609375,152.0,132.76745049357768,11.622191170216217,False,False,science_V_004.fits,128403.76828692756,316.1405170058175,406.16042987164695,-8.326066297123067,0.002673081669583367,15.788512506301538,0.013898533358361796,4
100,121.25833079197834,406.8344907045862,371507.2631225586,473.37042236328125,784.8130038793398,369770.16701338306,5.0647404788295525,0.0050335134277721405,1.005058977860765,24611.421875,216.0,132.82029171729314,11.622563577433155,False,False,science_V_004.fits,368918.4093748013,463.94722873073584,795.1732148160173,-9.471947692715156,0.0013653628917206463,14.642631110709448,0.01370722728079318,4
101,451.0380230489555,402.85605471271845,5750.558776855469,107.99913787841797,53.24633964513001,6352.043045462214,3.6844587724551356,0.03689027934899558,1.0383032987394831,493.7832336425781,43.0,132.77025694606456,11.621971523422712,False,False,science_V_004.fits,5995.251449645815,196.0498979491923,30.580232442658684,-4.999140380953143,0.03550332725677634,19.11543842247146,0.03803301342522034,4
102,176.80452165004883,411.3383319082267,938842.8269042969,756.5794067382812,1240.9045482109782,934288.4079341867,5.344781017978298,0.17946046608372068,1.2187103224962117,53664.7578125,264.0,132.81186416670033,11.623233364822488,False,True,science_V_004.fits,932105.3006684328,706.1425479085657,1319.9959461855367,-10.478284318327084,0.0008225025259641182,13.63629448509752,0.013663834538900506,4
103,307.43765008465965,406.6905354835058,25746.887969970703,170.91879272460938,150.6381338151331,26401.980774107575,4.410209605092385,0.020363056224641296,1.0207863294193107,1751.9013671875,84.0,132.79204421826483,11.622542784141244,False,False,science_V_004.fits,26266.808806822686,216.2138354627097,121.48532840467978,-6.603140156332222,0.008936881632187097,17.51143864709238,0.016306186470446,4
104,342.7482593146898,412.8668385132036,22315.512451171875,164.20556640625,135.8998536990065,23088.55489952489,4.385487187297138,0.017104931143849922,1.0174026014432607,1615.7564697265625,80.0,132.78668677847517,11.623460455000057,False,False,science_V_004.fits,20220.805687350312,213.4411745359477,94.73713650289498,-6.319118013627331,0.011460131053959217,17.79546078979727,0.017814557745707678,4
105,57.366851811847624,415.39250372548406,126831.78744506836,298.95147705078125,424.25542999917724,127162.47368257627,4.858492907830248,0.0024353041689375576,1.0024412493536659,8067.2021484375,149.0,132.82998559565334,11.62383455359551,False,False,science_V_004.fits,126102.97746508635,305.99761523568736,412.1044452191516,-8.306435226504345,0.002634526301754982,15.80814357692026,0.013891169595677386,4
106,411.8069769761827,418.0732713114016,757263.9684143066,656.8154907226562,1152.9325649447346,752576.3221274306,5.116626356767742,0.001793913233108957,1.0017971371412082,51304.875,260.0,132.7762089525437,11.624233519026568,False,False,science_V_004.fits,750995.5149158121,640.8547217677599,1171.865462493957,-10.243715232353143,0.0009264715402478199,13.870863571071462,0.013670486948756513,4
107,136.14741339045005,418.4117661671696,66520.06661987305,234.83871459960938,283.2585195047039,67000.47974062445,4.747318575018729,0.0014358440001640549,1.0014379086126182,4317.291015625,122.0,132.81803282716973,11.624284237915864,False,False,science_V_004.fits,66271.17304603208,253.91263468986858,260.99990308468244,-7.607933518977587,0.004159771659561653,16.506645284447014,0.014259297463792715,4
108,35.91729398050801,422.3990649330121,701655.4662780762,628.0900268554688,1117.1256289339804,697386.6335575375,5.102312933646976,0.0030731875612624027,1.0030826611571861,45750.66015625,251.0,132.83324010352874,11.624875451713086,False,False,science_V_004.fits,696189.4679674092,614.9877055328438,1132.0380256450976,-10.161440496396356,0.0009590667233826429,13.953138307028249,0.01367273465262648,4
109,474.6242199489449,428.06073607741894,265649.5010070801,415.44073486328125,639.4401865635625,265037.73136514693,5.0319501433680225,0.0018563199770619265,1.001859772309553,17364.171875,193.0,132.76667796232658,11.625716829227027,False,False,science_V_004.fits,263985.500170475,409.7703499806905,644.2279198163427,-9.108572057040375,0.0016852731255570432,15.00600674638423,0.013742780264886645,4
110,168.74201889222127,432.5611422404111,17895.94940185547,149.9622802734375,119.33633823935219,18406.85421531918,4.297764592337423,0.018264039612108873,1.0186038205271535,1228.873046875,74.0,132.81308757659278,11.626387257009114,False,False,science_V_004.fits,17085.471630086602,201.7995249674955,84.6655691228144,-6.136189303127049,0.012823394577612801,17.978389500297556,0.018720665383323915,4
111,148.81320500851317,442.70008993121405,214064.84606933594,374.038818359375,572.3064975134835,213672.29597887368,4.983217268095069,0.002668908669720804,1.0026760508049146,14146.0849609375,181.0,132.81611134449386,11.627893864811018,False,False,science_V_004.fits,213005.88268444993,371.60609190314733,573.2034197651587,-8.875600868343325,0.0018940919795014674,15.23897793508128,0.01376994728849914,4
112,434.9271115509189,444.39329830455097,483342.9874572754,537.4342041015625,899.3528580215465,480701.9748156393,5.092061550417636,0.003169066926963504,1.0031791418402254,31557.49609375,230.0,132.7727007163723,11.628144657556195,False,False,science_V_004.fits,478967.25555948063,524.740077248356,912.7704864303487,-9.755386434112177,0.0011894556365926576,14.359192369312428,0.013690824248841086,4
113,374.4333218985859,448.3089196488489,626579.9871520996,607.46533203125,1031.466248546125,624971.833556437,6.08657430712527,0.268420561074056,1.366905556378311,31832.625,277.0,132.78187910004215,11.628727280452132,False,False,science_V_004.fits,616867.5024602724,585.7050933979874,1053.2049480421883,-10.030101602885022,0.0010308534934422946,14.084477200539583,0.013677957553164699,4
114,415.4515928680767,450.99517230944065,1170913.7377929688,804.935302734375,1454.6681376942477,1162622.257727021,5.258442710460146,0.0023475423519963012,1.0023530662747333,56027.47265625,306.0,132.77565555412653,11.6291260319653,False,True,science_V_004.fits,1158340.3595834516,784.089573768769,1477.3061628862451,-10.714212345425555,0.0007349187509506117,13.40036645799905,0.013658842171711767,4
115,179.41157359550232,450.7560607865716,16635.193908691406,147.58126831054688,112.71887075592082,17241.13001669212,4.29435365201924,0.04222613136295672,1.044087788094539,1174.7767333984375,73.0,132.8114688593185,11.62909129185864,False,False,science_V_004.fits,16764.947886474147,201.16327587854096,83.34000236005573,-6.115627393467618,0.013027357442461128,17.998951409956984,0.018860962484318778,4
116,123.63868612181177,459.4715014993775,19814.17706298828,156.40213012695312,126.68738620698402,20923.97186234773,4.441603177815712,0.011755434887406935,1.0118952689469813,1294.619140625,81.0,132.8199311236539,11.630386044952315,False,False,science_V_004.fits,17501.06665057256,203.74355665325314,85.89752205198448,-6.162283170948165,0.012639479860000424,17.95229563247644,0.01859516913159408,4
117,264.4428109947422,461.2521818411541,16586.134063720703,147.99485778808594,112.07236732150798,17333.390224815434,4.273513277070148,0.03932349130511703,1.0409331246774625,1128.015869140625,71.0,132.79856743949532,11.630651354733285,False,False,science_V_004.fits,15046.135236721668,204.47543686057546,73.58407184615086,-5.998184276538195,0.01475455180395528,18.116394526886406,0.020092801269032474,4
118,61.38290677588459,466.8429760196737,54163.027282714844,217.4791259765625,249.04931468481226,54868.75075575228,4.714729013613878,0.009850710192176315,1.0099487120715789,3624.47998046875,115.0,132.82937707390852,11.631480724946416,False,False,science_V_004.fits,55320.78996507125,240.34208304032825,230.17521220280298,-7.4118428067474955,0.004716841529588384,16.70273599667711,0.014431647789371895,4
119,433.2482349873183,469.3810351382524,92037.28469848633,272.6954345703125,337.5094447162635,92638.16688882638,4.84994569118305,0.0072378051443775515,1.0072905728903487,5967.10498046875,138.0,132.77295508409205,11.631858135307183,False,False,science_V_004.fits,91341.7567682173,285.92097199290725,319.4650470427303,-7.95629527429098,0.003398493857310097,16.158283529133623,0.014056088517059341,4
120,174.93076737882697,472.2415748474562,66987.28729248047,237.83563232421875,281.65370612408094,67680.74419599597,4.776488277469321,0.01195325901938249,1.0120978679687958,4598.85986328125,125.0,132.81214885110202,11.632284249323039,False,False,science_V_004.fits,67018.66808365316,256.3412185648551,261.44319847920684,-7.620111355287244,0.0041527184731346084,16.49446744813736,0.014257241479975938,4
121,277.9013741957217,480.2630659565952,1420995.184967041,891.7077026367188,1593.5661212359782,1410740.1727384715,5.43151238794541,0.0027483098307136133,1.0027558838534003,55392.36328125,337.0,132.7965253848958,11.633476565186022,False,True,science_V_004.fits,1403524.1415062365,857.4915325723313,1636.779009695756,-10.922671591979633,0.0006633149579562421,13.191907211444972,0.013655176697307198,4
122,243.58319214193065,481.0311901258846,951560.4127807617,728.748291015625,1305.7463386358177,944549.4019780364,5.192935753286551,0.004569609606536962,1.0045905867960598,55037.65625,291.0,132.80173241274397,11.633590732571882,False,True,science_V_004.fits,941426.4284224061,709.8665517700763,1326.2019827176352,-10.489087838988878,0.0008186535792799814,13.625490964435727,0.01366360338944676,4
123,195.75220723409433,481.47327168658745,123079.97946166992,300.0681457519531,410.1734262836821,123456.27420416928,4.907595279037722,0.0011652938463426743,1.001166653340301,7754.19775390625,153.0,132.8089897146706,11.63365629666505,False,False,science_V_004.fits,123017.66438026015,306.3475639610606,401.56240444561445,-8.279540567112148,0.00270368935931362,15.835038236312457,0.013904452526183789,4
124,326.04065704746597,493.1480562263683,19907.70428466797,158.5954132080078,125.52509484342885,20860.53360971169,4.373228531533016,0.026710839593884206,1.0274438889083475,1431.509765625,77.0,132.7892212367358,11.635391237739707,False,False,science_V_004.fits,20779.470252179486,210.89407405252962,98.53036575605118,-6.348708052896499,0.011018938087452725,17.765870750528105,0.017533991572837866,4
125,357.606356545512,493.3250985663834,2306.671112060547,80.96662902832031,28.48915830809413,3306.8026687503443,3.1397139207530396,0.04458469799735465,1.0466652542657635,198.10934448242188,27.0,132.78443180403335,11.635417330657608,False,False,science_V_004.fits,3123.489987666313,190.14276387618477,16.427077865031116,-4.291222169428847,0.06609209555834437,19.823356633995754,0.06748473130415915,4
126,394.9731293047267,508.8962893424231,25952.29901123047,229.80148315429688,112.93355749930114,25994.900336779654,2.731470083066823,0.05536403908957732,1.0586088624407421,23723.865234375,29.0,132.77876200555406,11.637731021787737,True,False,science_V_004.fits,25043.28337996691,268.7251140876578,93.19293980017744,-6.551350043645698,0.011650024157709132,17.563228759778905,0.017937305449159283,4
127,491.00005131706723,509.3655036103745,122964.01840209961,258.1868591308594,476.259786481916,123231.50072230778,2.655476371772015,0.005218703741139197,1.0052460814862176,61561.171875,25.0,132.76419181087192,11.637799319099786,True,True,science_V_004.fits,122562.268172258,293.8078495332376,417.15110187480855,-8.275513847891716,0.0026026540385978175,15.839064955532889,0.01388516013396542,4
128,211.09032311930778,19.4904991578241,1430295.2692260742,877.140625,1630.6339353807427,1420867.7239956614,5.398439061399895,0.0034124129059164288,1.00342409733987,56076.0078125,320.0,132.80666085393014,11.56500059499682,False,True,science_V_004.fits,1413137.7652052522,858.2364180457178,1646.5600101462662,-10.930083131018854,0.0006593746922734725,13.18449567240575,0.013654985861803144,4
129,238.90835519927728,16.956257889966338,1252300.6604919434,817.0882568359375,1532.6381820016682,1249242.756868044,5.226636639013633,0.025534421451926193,1.0262035129962945,56149.54296875,242.0,132.80244111323225,11.564624044557192,False,True,science_V_004.fits,1248647.8646132885,809.3023507201839,1542.8694399591684,-10.795721821022024,0.0007036888358024207,13.31885698240258,0.013657197438671888,4
130,227.26316730539565,16.46236873843057,188829.177734375,398.4906921386719,473.8609494764907,189809.4820320353,5.115085019231581,0.02294148873630264,1.0234801585287157,13007.666015625,153.0,132.80420757672238,11.564550627041141,False,False,science_V_004.fits,197124.77878452514,412.5631722488458,477.80507821387744,-8.791474921459523,0.002272265510568755,15.323103881965082,0.013827040697551782,4
131,249.43828226867268,24.603295341455585,1373094.3191833496,861.802490234375,1593.2819117405013,1361809.51532669,5.493836982413344,0.06112843857677319,1.065108414279914,55699.453125,326.0,132.80084382655969,11.565760487862145,False,True,science_V_004.fits,1354826.2917983374,841.3639928006526,1610.2736786827782,-10.884330914005115,0.0006742332153675361,13.23024788941949,0.013655711417935642,4
132,220.38405189969177,40.43203608600688,1527309.4221191406,920.0533447265625,1660.0226833293596,1515118.8771275347,5.548707574423404,0.032262172789981225,1.0333377200754803,55181.47265625,357.0,132.80525114003538,11.568112767776482,False,True,science_V_004.fits,1502351.674094999,894.2379550198214,1680.0356836360165,-10.996550887205563,0.000646236273773825,13.118027916219042,0.0136543577374688,4
133,199.344829611356,44.124634632203,1340967.9313354492,863.4682006835938,1553.00210276861,1333777.2387886993,5.858565566593482,0.18465184635821918,1.2264699386801396,55353.22265625,343.0,132.80844264703137,11.568661453851384,False,True,science_V_004.fits,1319963.6260529931,830.3410869299405,1589.66435219213,-10.856026783074217,0.0006829743640554256,13.258552020350388,0.013656145791664277,4
134,341.6385128361985,25.52029083720424,1358779.4396972656,857.3294677734375,1584.8976277767977,1349796.9302201401,5.346553752672881,0.004437010226387872,1.00445678502713,56602.83984375,310.0,132.78685786255693,11.565896468690223,False,True,science_V_004.fits,1344055.0623209558,838.5486923115466,1602.8348438728447,-10.87566452643867,0.0006773623646567858,13.238914276985934,0.013655866273301245,4
135,340.6813989385412,41.489332272069596,850147.8051452637,684.36376953125,1242.2454884301753,849961.6765221693,5.362226294766366,0.10839480553495773,1.1215726492037699,50509.00390625,241.0,132.78700293782353,11.56826965134175,False,False,science_V_004.fits,846692.766087815,674.5462186460501,1255.2034874456754,-10.37393649727549,0.000864959355880525,13.740642306149114,0.013666455962997806,4
136,351.8261875997153,41.85749975725361,279794.9810180664,412.5990905761719,678.1279634604821,280828.26775446255,4.9452870986942,0.05052925930636454,1.0532183427468764,18797.744140625,168.0,132.7853123541813,11.568324284859376,False,False,science_V_004.fits,302201.5454265403,427.68472776118693,706.5988701735578,-9.255363576402,0.0015365153354028516,14.859215227022604,0.013725332173654712,4
137,61.61720464449353,25.643236818574692,182435.70162963867,339.25787353515625,537.7493519269301,183043.13402182385,4.930000964999787,0.019468859106241188,1.0198554215101168,11577.255859375,152.0,132.82933463307697,11.565913560863772,False,False,science_V_004.fits,189246.01221347452,349.0987214522616,542.0988407697547,-8.747188716110138,0.002002771299894974,15.367390087314467,0.013785316709488979,4
138,49.88099984330153,30.469263248417718,1309305.0305786133,837.1898803710938,1563.9284005657703,1301458.0901583894,5.2872206276997415,0.0041334229831991864,1.004150579082171,59111.8828125,295.0,132.8311149917579,11.566630577191635,False,True,science_V_004.fits,1293665.4562448468,821.9191261578867,1573.9571146034384,-10.834176828220032,0.0006897900774593495,13.280401975204573,0.013656488357267925,4
139,37.10907126449895,41.14484213277105,96538.24963378906,265.51458740234375,363.5892497593784,96842.93833583186,4.853169956159296,0.011253457932325572,1.0113815396095265,6576.58203125,142.0,132.83305257341382,11.568216872947598,False,False,science_V_004.fits,68430.35242136629,274.75314535606014,249.06121577856922,-7.642743815667668,0.004359169277344467,16.471834987756935,0.014318736700204279,4
140,13.138498247242905,28.567106109678967,288261.86013793945,414.2989196777344,695.7823118683635,288812.8054123209,4.985822845887601,0.004076451493980282,1.0040931369682897,18578.033203125,176.0,132.8366884819033,11.566347247850414,False,False,science_V_004.fits,287238.8718501554,414.9105343450802,692.2911039208743,-9.20022990488567,0.0015682709106776137,14.914348898538934,0.01372892339371557,4
141,16.43261048909416,41.81074806236508,1366589.506652832,848.9144897460938,1609.8081999537696,1368381.6061179084,5.214429612333172,0.033332332327165926,1.0344816873904665,60000.78515625,239.0,132.83618904856326,11.568315461586858,False,True,science_V_004.fits,1426085.4673582837,860.6635261844158,1656.9605007900777,-10.939985759516686,0.0006552358969826455,13.174593043907919,0.013654786632603517,4
142,20.969902703290302,49.55485109880435,461422.31228637695,508.0229797363281,908.2705521034941,463971.01196961687,4.899291505679827,0.09067141904878906,1.099712492214796,29540.16796875,175.0,132.83550092186965,11.569466405378218,False,False,science_V_004.fits,679148.6302411065,606.2822814260772,1120.1855159673073,-10.134533946818003,0.0009692144600374268,13.980044856606602,0.01367345020727317,4
143,138.58701316450086,36.3921411232763,1220239.2903747559,807.5369873046875,1511.0630343354835,1216468.5820149838,5.209244114450272,0.03919159957782614,1.0407902340993331,55649.3671875,257.0,132.81765909188735,11.56751190736031,False,True,science_V_004.fits,1240800.9489840928,805.4769446217958,1540.4549531417058,-10.788877166443216,0.0007047917875078084,13.325701636981389,0.013657254312817474,4
144,137.92269229910806,46.96046546277511,848043.0867614746,676.44384765625,1253.6784682125258,849279.4994173751,5.101832485348034,0.02857818851859062,1.0294189281945494,54923.828125,205.0,132.81775996401683,11.569082471107714,False,True,science_V_004.fits,882603.773736902,687.1768134815319,1284.3910859932155,-10.419036324096213,0.0008453032817184587,13.695542479328392,0.01366522599664261,4
145,128.0165989611656,56.87799065648957,1641430.9292907715,934.7637329101562,1755.9848242941362,1633905.6289220233,5.680412928751011,0.12028139241048885,1.1367271208916088,55965.4765625,326.0,132.81926275000862,11.570556229667758,False,True,science_V_004.fits,1619978.0354035464,915.8290691445094,1768.865053515711,-11.078394689459651,0.0006137833962190135,13.036184113964953,0.013652860284889287,4
146,272.9701077393241,43.56288869880678,347149.90939331055,453.44647216796875,765.5807922235127,350379.41269404674,4.981718288245866,0.02937921569905233,1.0302684798988841,22910.5078125,184.0,132.7972742296841,11.568578081651633,False,False,science_V_004.fits,360052.6488378269,459.196710335634,784.0923959900733,-9.445536899764221,0.001384658243789097,14.669041903660384,0.013709162715254573,4
147,272.1149333878991,52.867232245449046,144913.0440979004,308.94818115234375,469.0529122307508,146556.84254933946,4.830848980031484,0.037410174919128014,1.0388640872201043,9823.109375,132.0,132.79740394050316,11.569960811268688,False,False,science_V_004.fits,180784.7854108418,347.59597230036934,520.1003458538916,-8.697526569226758,0.002087481788187464,15.417052234197847,0.013797878246935192,4
148,62.87431789826407,51.27478695693458,827900.9047241211,675.279296875,1226.012567770714,822160.4930362683,5.139084370555761,0.004613576097076799,1.0046349598369917,54855.33984375,267.0,132.82914433775753,11.569722711428307,False,True,science_V_004.fits,818699.8462326927,661.4461333843878,1237.7422815123173,-10.337433646093023,0.0008771615999684955,13.777145157331582,0.01366723367670621,4
149,47.080024027923194,59.41165416171018,1396630.6022033691,859.929443359375,1624.1223195560478,1393763.9435699517,5.289491257254591,0.03164471946195335,1.032678831930746,58487.265625,262.0,132.8315403621259,11.570931690498583,False,True,science_V_004.fits,1422624.3990717425,861.014205491425,1652.2658859731332,-10.93734750629257,0.0006570976313298126,13.177231297132035,0.013654876096044676,4
150,38.493206848647404,63.44633276206458,472251.72567749023,513.7219848632812,919.2748988602704,475592.4227589859,4.932352905362036,0.0917923894169903,1.1010698306723785,29574.732421875,177.0,132.8328430004579,11.57153114450794,False,False,science_V_004.fits,615172.3238687009,580.2697891079506,1060.1488056347134,-10.02711384568348,0.0010241015169092126,14.087464957741124,0.013677450340548444,4
151,53.05749231334117,74.65466263073691,615336.6979675293,586.9961547851562,1048.2806283334953,611919.0296954901,5.126780344599679,0.003731370635138509,1.0037453459088814,40382.32421875,234.0,132.83063386521707,11.573197066735743,False,False,science_V_004.fits,606335.8633723292,576.6960251015256,1051.3959468778817,-10.011405015327941,0.0010326271498610816,14.103173788096663,0.013678091340967981,4
152,54.67046966862673,89.53384661896747,576394.9069213867,570.4248046875,1010.4660635106101,573359.6595907039,5.096730352848297,0.0027087398509451077,1.002716097051267,35861.578125,235.0,132.83038942511806,11.575408303653512,False,False,science_V_004.fits,571570.2798826525,560.0597087492357,1020.5523999559314,-9.947295970443315,0.0010638356247527141,14.16728283298129,0.013680482818151048,4
153,155.42679515258817,57.46989005945326,552353.7728881836,563.1172485351562,980.8859066651362,549569.5789596215,5.2253405738204295,0.046933225201662765,1.0492444248847028,32529.953125,247.0,132.81510479987458,11.570644437506006,False,False,science_V_004.fits,547174.0323714892,550.1311268967878,994.6247460274078,-9.899935570485832,0.0010915674522842434,14.214643232938773,0.013682667262055281,4
154,148.35873770801504,72.2411138656379,129352.67178344727,296.114013671875,436.83400923667,130408.75110275476,4.876335634414753,0.031626424846845635,1.0326593224539855,8444.23046875,139.0,132.81617710743566,11.572839547353793,False,False,science_V_004.fits,136394.06327533835,315.6020742781035,432.1709975681278,-8.391610542824594,0.002512200046068222,15.72296826060001,0.013868489931232535,4
155,144.7239118271082,83.9199046352747,1386790.5744934082,858.8634033203125,1614.6811811193284,1382023.626375853,5.360774865525467,0.013992208335534162,1.0141907685251799,55141.0390625,267.0,132.81672859625243,11.574575113869153,False,True,science_V_004.fits,1380884.2505003056,848.7305044354438,1626.999669840827,-10.905015064919404,0.0006673019178339578,13.209563738505201,0.013655370948852979,4
156,135.93719305671985,88.52453699072686,168084.61688232422,322.2174072265625,521.6497095209321,172934.34686009138,4.821199692767502,0.10626244204841384,1.1188966952356387,10852.609375,120.0,132.81806154985668,11.575259333691704,False,False,science_V_004.fits,273878.62891106197,409.97726478365286,668.0336995164577,-9.148517236639046,0.0016252174116154043,14.966061566785559,0.013735544966846088,4
157,132.95210449661522,100.76768417186655,1410238.2272644043,869.6790161132812,1621.5617499511013,1401986.7277763453,5.4152941536270145,0.007201211753273262,1.0072534453491735,54789.37890625,310.0,132.81851449737297,11.577078772576208,False,True,science_V_004.fits,1393248.6687657943,852.139307698081,1635.001056962663,-10.914693465952647,0.0006640362679745921,13.199885337471958,0.013655211754726422,4
158,151.24942426438074,103.28274744680418,110121.85632324219,280.1293029785156,393.11080687509485,110730.11358284461,4.8869558579541925,0.03135166244394427,1.03236640298485,7197.8095703125,140.0,132.81573886491,11.577452701969106,False,False,science_V_004.fits,107540.4955170972,295.3235668420938,364.14464536993046,-8.133551957179703,0.0029815075240143918,15.9810268462449,0.013961133586388588,4
159,199.60365656396513,112.11869330305967,645748.5097045898,606.1653442382812,1065.3009378423794,641614.2211985155,5.128960076142302,0.00550458007011978,1.0055350481860519,41679.015625,261.0,132.80840368905527,11.578766125331692,False,False,science_V_004.fits,638626.8211725937,591.359981191093,1079.9290474243758,-10.06773975946587,0.0010053438256794629,14.046839043958736,0.013676058646739741,4
160,151.6211184493052,113.64205229663746,118566.12683105469,296.93328857421875,399.3022385613022,120365.5836907689,6.40924737349542,0.3719860275786855,1.5923212602173313,5714.96630859375,172.0,132.81568256632846,11.578992212532738,False,False,science_V_004.fits,118202.81618359154,299.41297781484866,394.7818730044692,-8.236191433390957,0.0027501262703308296,15.878387370033648,0.01391355664106043,4
161,164.93578168452532,117.62109381290894,437771.9643249512,503.22747802734375,869.9285779087844,436571.88160744007,5.074583297584534,0.07829978345079303,1.0849514647440823,51920.2734375,203.0,132.8136627832573,11.579583643926519,False,True,science_V_004.fits,434091.0698924855,497.2842572097208,872.9234107031369,-9.648574003137133,0.0012437517274573634,14.466004800287472,0.013695648296476738,4
162,165.40325118390473,132.57077797941665,864640.4434204102,692.2850952148438,1248.9658514922637,858276.6836645447,5.161215465665069,0.008439055294775843,1.0085108790738875,52617.8828125,276.0,132.8135919769463,11.581805336102876,False,True,science_V_004.fits,845689.516170489,676.4549220798447,1250.1786720249024,-10.372649240966235,0.0008684358678439956,13.74192956245837,0.013666676434224635,4
163,192.37082623796917,130.85606687940046,1021838.7485961914,745.1748657226562,1371.273771566667,1017608.7335418157,5.194243137298159,0.0073372155953072005,1.0073914482446398,53891.57421875,259.0,132.80950099117806,11.581550673156636,False,True,science_V_004.fits,1010043.9761045489,733.3892006455756,1377.2277737597503,-10.565472581180098,0.0007883227601750315,13.549106222244507,0.013661819669262328,4
164,185.50796064800278,141.25436036154477,168739.0366821289,321.299560546875,525.1766805871845,178235.93485055637,4.767173620831355,0.061067191693019884,1.0650389369215163,10732.3779296875,110.0,132.8105421442796,11.58309593911808,False,False,science_V_004.fits,245516.93275822027,408.83867966791365,600.5227610989392,-9.029825498588206,0.0018079248120640766,15.084753304836399,0.013758359496223014,4
165,193.77029788370822,142.65782530415535,367426.6174316406,455.8457946777344,806.0327016757876,370907.28183221305,4.936929641727794,0.06807097910466908,1.0730430940322808,23517.0546875,140.0,132.8092887500909,11.583304552247377,False,False,science_V_004.fits,420002.5847775389,499.26099035909994,841.248551134441,-9.612751781887832,0.0012905817175386648,14.501827021536773,0.013699980477025435,4
166,203.79300188783358,148.630200545046,1384136.1607666016,860.6840209960938,1608.1815474681428,1376646.2196720038,5.345608811650525,0.014678728460009949,1.014897403399267,57282.5703125,282.0,132.8077683239013,11.58419215800538,False,True,science_V_004.fits,1369578.6379589844,846.4978792616448,1617.9351083000884,-10.89608930770491,0.0006710405098636556,13.218489495719695,0.013655554154523027,4
167,131.11187543533902,150.82980409544723,560657.7903442383,577.485107421875,970.8610371741695,561890.2862332817,6.552283216784024,0.34564822585323285,1.5282299819602936,21705.951171875,247.0,132.81879415599744,11.584518540727904,False,False,science_V_004.fits,550841.3557965897,563.7440036122314,977.1125763946633,-9.907188220432383,0.0011111309241418233,14.207390582992222,0.01368424188005376,4
168,175.85411975221558,148.52586981415496,1058709.3340148926,754.1702270507812,1403.8068542628978,1064877.8024133248,5.158259042035893,0.05507710404902966,1.0582874055492115,53459.29296875,230.0,132.8120066837512,11.584176509422049,False,True,science_V_004.fits,1126428.060992429,774.7915673302048,1453.8465678890927,-10.683880526170865,0.0007467775651019201,13.43069827725374,0.01365948537218634,4
169,151.98068515827316,150.35358131871868,154144.8335571289,316.4770812988281,487.06475971187393,156531.91677550774,4.846152955717593,0.07016266939483462,1.0754569289546276,10112.73828125,136.0,132.81562832610902,11.58444795581947,False,False,science_V_004.fits,189461.18745881037,360.0094341074247,526.2672849908602,-8.7484225113988,0.0020630201248760045,15.366156292025805,0.01379419863337035,4
170,142.84177487397278,153.61776144803883,589177.4139709473,571.5572509765625,1030.828343029992,589581.5066147354,5.068138831526294,0.02300928034350591,1.023551175953438,38114.5625,190.0,132.8170147400678,11.584932971508644,False,False,science_V_004.fits,597173.3525494499,574.4567636106531,1039.544471190513,-9.994872924340255,0.0010443997636355362,14.11970587908435,0.01367898515122796,4
171,167.64815192000177,154.23231442380333,1323205.633392334,840.5802612304688,1574.1573939118944,1335012.918914894,5.301708964088689,0.038354596380044126,1.0398843443078547,52952.4375,263.0,132.81325157866507,11.585024496435471,False,True,science_V_004.fits,1373198.3960199421,847.5886896316001,1620.123549096432,-10.89895509271935,0.0006701340774939737,13.215623710705255,0.013655509642010866,4
172,195.9694548565664,163.81304360974696,1368335.8373413086,867.8060913085938,1576.776022945344,1342926.3168460415,6.244806103883861,0.24683800174508608,1.32773560311993,58779.80078125,398.0,132.80895523737013,11.58644846293482,False,True,science_V_004.fits,1328417.0221916037,834.1526398730765,1592.5346977187937,-10.862957953951835,0.0006817433877925532,13.25162084947277,0.013656084283132992,4
173,133.1458084701359,165.529247216239,455409.3835449219,506.9269104003906,898.372870331981,459488.7249314962,5.009953982976179,0.032190642256548996,1.0332613463581348,29192.98046875,174.0,132.81848575034704,11.586703060797857,False,False,science_V_004.fits,462024.99960442074,521.1557963226611,886.5391172170117,-9.716285562371192,0.0012246498534753732,14.398293241053413,0.013693926798579371,4
174,122.63523819847015,168.0916440217945,1084414.960571289,758.6968994140625,1429.3124980592077,1087870.8207953922,5.0840524545772805,0.08434684924231173,1.0921165936823525,52722.0078125,200.0,132.82008025753834,11.587083755806797,False,True,science_V_004.fits,1346216.5999701673,839.5133265654421,1603.567873636639,-10.877409227705536,0.0006770527258929201,13.237169575719069,0.013655850918008444,4
175,114.42223531399014,169.44146014989207,990673.5021057129,730.9942016601562,1355.2412588989087,993034.199901466,5.069044250709561,0.06896373451899795,1.0740720174668696,53917.859375,235.0,132.82132620762107,11.587284264874064,False,True,science_V_004.fits,1268106.7115198057,815.3319407589829,1555.325687767537,-10.812511376742346,0.0006980531528148153,13.302067426682258,0.013656908219117083,4
176,134.2483728081924,183.78834595620467,224159.1456298828,380.2355651855469,589.5270357482154,223517.33718256588,5.021293535431321,0.013148101675747426,1.0133232774827448,14952.6376953125,193.0,132.818318666653,11.58941657606234,False,False,science_V_004.fits,222416.67872269228,375.083347511361,592.9793476527385,-8.922540252242587,0.0018309237991131681,15.192038551182018,0.013761400577680749,4
177,99.70548173360726,61.228026334955686,627986.1476745605,589.8759765625,1064.6070913654553,627218.7085154545,5.0609993983465955,0.023215513027897927,1.0237672826887976,41136.11328125,212.0,132.82355742331492,11.571202377744003,False,False,science_V_004.fits,662988.5280479754,599.5106935373301,1105.8827393655033,-10.108386908293527,0.000981749656950896,14.006191895131078,0.013674344455591143,4
178,89.75600945887045,62.1962757939116,682763.6234741211,613.0030517578125,1113.8013448974964,687038.3173484539,5.036587828306563,0.04524992163026742,1.047394519943411,45688.66796875,216.0,132.82506671215404,11.571346144473775,False,False,science_V_004.fits,717371.9351000278,621.5098326506208,1154.2406852045663,-10.193982829738799,0.00094061837701344,13.920595973685806,0.013671452989072099,4
179,306.75715679694383,65.24956177509749,126125.57144165039,292.5699462890625,431.0954458631813,127407.97662740108,4.754070578403333,0.06112263163305742,1.0651018265989012,8302.9130859375,127.0,132.7921488914652,11.571800868386848,False,False,science_V_004.fits,162842.55688910326,334.51381090259946,486.8036881637697,-8.584041656241476,0.002230262478280055,15.530537147183129,0.013820200238175167,4
180,302.36185976748317,71.57035452216684,92557.86022949219,259.1991882324219,357.0916284911212,93654.87199101632,4.752957687815917,0.06908286285627074,1.0742094651605976,5782.8134765625,118.0,132.79281560930932,11.572740225385012,False,False,science_V_004.fits,142757.90990445207,319.10437677787354,447.3705793256008,-8.441122326277547,0.002426847115509169,15.673456477147058,0.013853283034114629,4
181,491.2703401176337,81.23628511360644,414522.5714416504,500.9272155761719,827.5105814821063,412139.1587003076,5.122782196244596,0.013980026854603755,1.0141782390168097,27279.53125,231.0,132.76415897081455,11.57417457485698,False,False,science_V_004.fits,408570.93872050295,488.1140896376479,837.039838419346,-9.582790555099036,0.0012970708802226432,14.531788248325569,0.013700593299910576,4
182,488.92576798871016,99.75903035855762,1205013.286315918,803.9586181640625,1498.849889895717,1224444.6141919068,5.092235401550529,0.06418451067913211,1.0685867154493367,58156.578125,231.0,132.76451428228611,11.576927303092464,False,True,science_V_004.fits,1477290.4037778939,879.8476393248891,1679.02979760385,-10.978286565877172,0.0006466234259507525,13.136292237547433,0.013654376066163598,4
183,485.93874986481086,107.2123398962363,892506.4920654297,691.11767578125,1291.3958408841543,924633.3177526436,4.856490558764618,0.0485918530574182,1.051073614634867,56734.6171875,165.0,132.76496726541006,11.578035002147738,False,True,science_V_004.fits,1499211.6321681307,885.5949720940787,1692.886341284316,-10.994279232004393,0.0006413307104695102,13.120299571420212,0.013654126445196865,4
184,492.5482232476519,111.58790073075099,611580.5876464844,585.8257446289062,1043.9633171701812,612915.4860073975,4.971015011984402,0.10943932912036958,1.122888122840944,36607.1171875,196.0,132.76396453922547,11.57868513662083,False,False,science_V_004.fits,923399.767258885,704.1934824544751,1311.2870116894062,-10.468096275921033,0.0008279651901693365,13.646482527503572,0.013664164455149286,4
185,176.95257174035646,87.8176590755466,294942.5810241699,419.85418701171875,702.4881259929834,296820.5901521435,4.981207886273884,0.03119049260746476,1.0321946599093679,19864.990234375,171.0,132.81183966467552,11.575154602939797,False,False,science_V_004.fits,311889.60727285116,430.31244328042186,724.798020933831,-9.2896241328378,0.0014979345536859806,14.824954670586806,0.013721066716125224,4
186,187.41051727370223,93.11253858301056,1311773.7141723633,836.2059936523438,1568.7207747015252,1308723.7338811965,5.3483394874716925,0.01856468038288539,1.0189158470373045,53538.6875,256.0,132.81025326259928,11.575941540833186,False,True,science_V_004.fits,1326690.7757944227,832.8059678497625,1593.0370662686662,-10.86154614801517,0.0006815283981703012,13.253032655409434,0.013656073552040704,4
187,196.45115984785602,94.05307368545219,176799.5933227539,341.2176818847656,518.1431171625561,190815.21577389335,4.692447295228344,0.1256818473092307,1.1437484134607487,13083.1572265625,126.0,132.80888183171436,11.576081359792662,False,False,science_V_004.fits,373087.32763903035,473.93826418123257,787.2065959552126,-9.48414811892983,0.0013791805170059448,14.630430684494774,0.013708610534978438,4
188,463.6797487536058,89.82377254663054,1433539.849395752,875.7447509765625,1636.93798655051,1444286.1665728465,5.307510365807715,0.04204242511268852,1.0438875647678179,56793.2421875,266.0,132.76834419900018,11.575451255031497,False,True,science_V_004.fits,1628090.20767895,920.7156506709824,1768.2877514816435,-11.08381803453294,0.0006139837812540945,13.030760768891666,0.013652869294945883,4
189,461.48416332964297,98.33197275811433,1073252.391571045,767.8189697265625,1397.7935345270957,1090467.5159286812,5.219301615253091,0.11156165682762087,1.1255705110939536,56322.4375,256.0,132.76867711943413,11.576715703692438,False,True,science_V_004.fits,1342381.3963173046,841.1901780346861,1595.8120189343817,-10.874311685946875,0.0006803432905117398,13.24026711747773,0.013656014458625085,4
190,297.4362237122044,97.81012940290128,943252.1953430176,719.598876953125,1310.8027618620943,940353.7969694211,5.18950370369972,0.02830562676914683,1.0291301746196506,53995.86328125,260.0,132.79356271338895,11.576639764154708,False,True,science_V_004.fits,937651.0203453489,707.0903304266053,1326.0696406067957,-10.484724950428365,0.0008187352811298772,13.62985385299624,0.013663608284849206,4
191,285.9011098513839,101.25591438459507,421505.6064453125,496.2349548339844,849.4073267900432,421686.37845778244,5.056493955889366,0.01871200811510343,1.0190688241065304,28287.2421875,201.0,132.79531254750648,11.577151879402765,False,False,science_V_004.fits,426656.41089154244,494.2187661979405,863.2946380685622,-9.629817563235964,0.0012576239352407221,14.484761240188641,0.013696915049153345,4
192,352.0399313546077,101.14811590345516,958373.4117736816,727.0848999023438,1318.1038581634728,952367.5775494665,5.174695644832549,0.0026791093252866993,1.002686306233367,53578.609375,271.0,132.7852794662084,11.57713552526437,False,True,science_V_004.fits,948384.8243512067,711.7453453893022,1332.4777330752618,-10.497083363958364,0.000814797855941865,13.617495439466241,0.013663372916204859,4
193,366.40278299318567,100.90399716368046,672037.8655090332,614.8709716796875,1092.9738050133979,669251.4444323832,5.113774701899704,0.003765013635480652,1.0037792425351573,43396.84375,229.0,132.7831006624892,11.577099128313055,False,False,science_V_004.fits,666411.2125220662,604.7904534079311,1101.8877840529865,-10.113977612952993,0.0009853090448163023,14.000601190471611,0.013674600462720284,4
194,374.5580283691785,112.0828747877814,285881.81924438477,421.5085754394531,678.2348827573254,285292.914590486,5.028251694239048,0.004261147279119526,1.004279382357609,18511.77734375,188.0,132.78186342597058,11.578760359042713,False,False,science_V_004.fits,284805.90289200767,418.067409045483,681.2439734115286,-9.190994339673264,0.0015937021718710252,14.923584463751341,0.01373185167826464,4
195,73.41456559080761,103.14938499731402,104670.08572387695,274.16436767578125,381.7785900159598,105041.27015494372,4.864385821370489,0.01679465706297345,1.0170815355954073,6836.466796875,143.0,132.8275462140041,11.577432005955771,False,False,science_V_004.fits,104073.04981204646,282.98991492135747,367.76239832069007,-8.097967577903043,0.002952177832637653,16.01661122552156,0.013954899421233754,4
196,61.99494403289215,115.50566052233316,904604.6047973633,705.103515625,1282.9387242460798,898486.3389455709,5.1560728294503395,0.0054392920349483065,1.0054690397392407,54861.796875,281.0,132.82927873399447,11.579268116394136,False,True,science_V_004.fits,896351.1837345092,689.8785256995745,1299.288425923332,-10.435817364927743,0.0008356112302227687,13.678761438496862,0.013664629889949724,4
197,421.59448705950393,115.40830618053704,708051.8302001953,653.60498046875,1083.302378896191,703520.8634737937,5.13803594267442,0.004380209774472177,1.0043994804216174,43728.28515625,256.0,132.77472803606227,11.579254023498104,False,False,science_V_004.fits,701098.1252297029,628.8981472708795,1114.8039285409525,-10.16906888851337,0.0009738932310912796,13.945509914911234,0.01367378264880638,4
198,429.889386226789,128.8215865280092,904960.6751403809,708.7046508789062,1276.9221621702156,899292.3664432319,5.176242375769445,0.00349557669090661,1.0035078386097864,53617.6875,263.0,132.7734695233496,11.58124727368761,False,True,science_V_004.fits,894478.2685824886,693.6770898900521,1289.4735628709657,-10.433546358576189,0.0008419715078010043,13.681032444848416,0.013665020304455523,4
199,421.0734747742176,140.88040591584448,806344.179473877,672.7908325195312,1198.5064904261587,801257.8360319664,5.148585814639128,0.0025899381686874667,1.002596663366251,53637.53125,261.0,132.7748067311687,11.58303946660933,False,True,science_V_004.fits,798001.9340791444,657.6369658864111,1213.4383793397915,-10.309631733867846,0.0008947302298042598,13.804947069556759,0.013668372473903343,4
200,116.23966957032387,118.10745738708471,29873.722930908203,166.5783233642578,179.337397132898,31928.298967696574,4.382805429035741,0.17723607896100646,1.2154154726877076,2105.137451171875,78.0,132.82104992243993,11.579655482908887,False,False,science_V_004.fits,79501.15585394148,261.5838790837641,303.92222996465205,-7.805555481132995,0.0035722954524460863,16.30902332229161,0.014099119075346517,4
201,109.58177395391316,124.09236667976512,329783.4406738281,443.08843994140625,744.2835581931193,330104.09328049934,5.050375818034505,0.009058090844305422,1.0091408898550098,21312.580078125,192.0,132.82205998661712,11.580544832038244,False,False,science_V_004.fits,332753.81609009695,441.0639887002352,754.4343329200013,-9.359929485928095,0.0014390914525295412,14.75464931749651,0.013714767519355792,4
202,94.29902016519098,142.78419738295315,42691.509521484375,183.69586181640625,232.4032185556371,47270.07714157869,4.373900406903392,0.16312524972977638,1.1949219398447664,3030.45458984375,76.0,132.82437860992192,11.583322460474736,False,False,science_V_004.fits,146612.47368945286,319.8853858676401,458.32813928585387,-8.470049177430601,0.002368826844652586,15.644529625994004,0.013843236779062178,4
203,86.37256845425915,146.91620071021794,444501.3232727051,500.37542724609375,888.3356357427425,446536.12144472124,4.991061555882273,0.050880640146010014,1.0536082628783774,29013.041015625,173.0,132.8255811140917,11.583936418849145,False,False,science_V_004.fits,508952.37186246447,532.0198808378509,956.6416410246576,-9.821314730643461,0.001134907737067674,14.293264072781144,0.01368619302336808,4
204,93.83058384696446,153.0137817275678,720726.388885498,625.152099609375,1152.8816576571405,722063.1821630652,5.040717127493178,0.03296449704756055,1.0340881973277272,48516.05859375,186.0,132.82444980517332,11.58484268415841,False,False,science_V_004.fits,755855.9284524379,638.43502406501,1183.9198978148029,-10.25071943342611,0.0009170383925499603,13.863859369998496,0.01366985088852997,4
205,92.06366278763241,166.16735150352017,1187990.368774414,803.229248046875,1479.0178167230847,1182818.2658635427,5.722228747445031,0.16326448063231835,1.1951207721595192,54258.24609375,312.0,132.82471802280784,11.586797427850646,False,True,science_V_004.fits,1169106.3724100403,783.4635555752667,1492.2281503593504,-10.724256943324884,0.0007275697082504091,13.390321860099721,0.013658448725298075,4
206,276.27731503223987,152.77337953318556,222070.67236328125,372.34259033203125,596.4149096273217,225508.01219194924,4.90267698650532,0.060431429987090834,1.0643182753402027,14812.46875,155.0,132.79677236292446,11.584807966098829,False,False,science_V_004.fits,263758.58740583906,404.1587122186893,652.611410893253,-9.107638394589694,0.0016636239910576538,15.006940408834911,0.013740142236703943,4
207,296.33675923013095,160.60856757543584,241033.72512817383,393.2262878417969,612.9644242532095,240446.7666357461,5.018954460169376,0.011851803883961565,1.0119939538730585,15231.234375,189.0,132.79372928925395,11.5859723123939,False,False,science_V_004.fits,239571.02022250972,388.8923602373863,616.0342673645521,-9.003207579884158,0.0017624019596259128,15.111371223540447,0.013752451583936818,4
208,280.11830344281384,161.73201068357858,575545.529083252,571.8533325195312,1006.4565446308641,574147.1224288106,5.0907763651881055,0.016321192045653188,1.0165919931523122,38099.6875,219.0,132.79618966109507,11.586139311098911,False,False,science_V_004.fits,586313.1309074364,569.8073087627814,1028.9673752702363,-9.974945925624255,0.001055135494179166,14.13963287780035,0.013679809019584658,4
209,469.4890530129026,167.1647582039352,20319.244995117188,158.95799255371094,127.82776549125983,21189.38801026645,4.441116517950094,0.011117427678160152,1.0112424144072607,1379.0501708984375,78.0,132.7674616089568,11.586944884670865,False,False,science_V_004.fits,24629.372158970134,215.16116353094773,114.46941332155218,-6.533255226885694,0.009484629723314793,17.58132357653891,0.01661270793367594,4
210,475.6084459609929,175.05306916425147,75782.31484985352,249.7371063232422,303.4483580175955,76635.28617292209,4.81920750177043,0.021218683899512647,1.0216786768918402,5033.07177734375,126.0,132.76653314058441,11.588117069859116,False,False,science_V_004.fits,76994.1083649184,268.8606194311547,286.37183283970586,-7.770765608968862,0.003791224818565558,16.34381319445574,0.01415617354817821,4
211,366.0830260250991,179.1554243544504,1843195.9083251953,1022.7597045898438,1802.1788500793255,1836686.438573232,7.4771068770486515,0.41938539305985223,1.7223128527027984,53004.04296875,428.0,132.78314846672367,11.588728161085605,False,True,science_V_004.fits,1753399.8722005147,953.7408279665907,1838.4448067918256,-11.16432430045099,0.0005905534917279343,12.950254502973616,0.013651835676121549,4
212,399.0868127705657,185.46728552887595,1421964.4484863281,877.5923461914062,1620.3017889312725,1413539.480913681,5.425966830407576,0.03076444164696457,1.0317409337511727,53711.0703125,310.0,132.77814159996072,11.58966584084623,False,True,science_V_004.fits,1406071.5701284811,858.1533721470057,1638.4851656652518,-10.92464044196803,0.0006626242475373209,13.189938361456575,0.013655143162730204,4
213,354.7436415718291,188.94553017836023,24005.810119628906,170.33856201171875,140.92997989484837,24976.5078436799,4.625423981753934,0.04030998012548448,1.0420031252703401,1582.5543212890625,91.0,132.78486861337666,11.590183173973738,False,False,science_V_004.fits,21544.60073343045,213.38563457558507,100.96556301122023,-6.387967999322711,0.010753171354864302,17.72661080410189,0.017368205379034045,4
214,376.16648605211674,197.2132037753934,367647.2190246582,474.0628356933594,775.5242371761566,365879.9912895541,5.09204756387494,0.009382917419623493,1.0094717904472057,24745.892578125,216.0,132.78161859277273,11.591411654973859,False,False,science_V_004.fits,360633.27041880036,464.02438360973525,777.1860340902014,-9.447286349812503,0.001396962827916684,14.667292453612102,0.013710410972826964,4
215,391.3286973534194,200.30664032510688,776575.5772094727,662.6591796875,1171.9079747385283,772463.8960995777,5.4431736214662205,0.10553091939408721,1.1179816291946063,44418.67578125,266.0,132.779318374541,11.591871219637277,False,False,science_V_004.fits,765947.113038464,645.7080838633707,1186.2126743956567,-10.265118833016317,0.0009152658907081185,13.849459970408288,0.01366973209510438,4
216,71.80312820071298,194.8177443736262,274901.7649536133,407.840576171875,674.0422140776946,275409.52672024554,4.989173286603764,0.009615167413810743,1.0097085164245727,18388.353515625,176.0,132.82779202124294,11.591054916790549,False,False,science_V_004.fits,278837.15434555407,409.52743931854,680.875388495441,-9.167998478848371,0.0015945649062145087,14.946580324576233,0.01373195183291013,4
217,82.33141082624506,195.8358611118656,144032.7520751953,311.0067138671875,463.117822391137,145872.52542557244,4.905611103640336,0.03302669926314372,1.0341547168241114,9495.681640625,150.0,132.82619484390398,11.591206368337774,False,False,science_V_004.fits,153553.7731412807,324.5172430042867,473.17600667294073,-8.520273105153457,0.002294495039243264,15.594305698271148,0.0138307111670494,4
218,230.51491836781113,201.11613131589473,938457.8231811523,713.269287109375,1315.7132097813799,943061.7209870062,5.049928923082288,0.04655555282863599,1.0488288048315295,58996.07421875,223.0,132.80371468218735,11.591992230036773,False,True,science_V_004.fits,1157102.826429255,780.6637900721037,1482.2037875259755,-10.713051760111991,0.0007324903695005389,13.401527043312614,0.013658711727049666,4
219,231.23290052429195,210.29344891970186,1303271.7245483398,834.2454833984375,1562.216098838493,1322010.8676295513,5.3712502220727085,0.06114757195855969,1.0651301207007804,55413.68359375,249.0,132.80360577804018,11.593356082747441,False,True,science_V_004.fits,1411368.1847196205,858.5764678105858,1643.8468064687145,-10.928722682228218,0.0006604630040510183,13.185856121196387,0.013655038457688545,4
220,241.25300550305587,222.27267880376382,779829.9022216797,660.7523193359375,1180.215156876659,774920.0386678042,5.146771411280122,0.003982865150486514,1.0039987917989868,51187.85546875,260.0,132.80208567995888,11.595136344253834,False,False,science_V_004.fits,772090.3226940016,646.2510676011026,1194.721929914974,-10.273792146748912,0.0009087470254080523,13.840786656675693,0.01366929716764622,4
221,256.0077915703717,224.55774050516706,38814.60678100586,196.42262268066406,197.60761897629823,39615.22108776549,4.688953209570192,0.020548332066556374,1.0209794242424555,2543.42724609375,106.0,132.79984727394884,11.595475937242984,False,False,science_V_004.fits,38905.60649610969,226.39963445449388,171.8448291219732,-7.029652348748233,0.0063179090435673485,17.08492645467637,0.015031295306260972,4
222,483.6151698013744,221.6643298708918,1267365.244140625,842.96728515625,1503.4572117537275,1259001.956771024,5.322812774652926,0.005157236522156938,1.0051839714892512,55410.3671875,302.0,132.7653176340125,11.595043877529417,False,True,science_V_004.fits,1252527.3514020324,813.0033060318909,1540.617783604561,-10.79908991983676,0.0007047172968883973,13.315488883587845,0.013657250468881601,4
223,471.1778834610462,226.4747835126846,304768.1671447754,435.3064270019531,700.1232884241517,304524.4705706332,5.053053035029401,0.013840010481470988,1.0140342445734674,19285.41796875,189.0,132.76720437341137,11.59575898302902,False,False,science_V_004.fits,305809.6649222098,432.9068479919069,706.4098577805978,-9.268249891284086,0.0015369264571293755,14.84632891214052,0.01372537820374569,4
224,412.287948500296,237.85811337628675,62909.0588684082,234.155517578125,268.6635767505195,63718.75575638194,4.765123252749574,0.021021548979356264,1.0214729435131489,4218.41943359375,120.0,132.77613826790892,11.597451541946867,False,False,science_V_004.fits,63503.467238268044,256.3648423696362,247.70739486464535,-7.561615469213299,0.004382993897268423,16.552963334211302,0.014326007797175222,4
225,400.45597452044376,242.85926263257556,170105.62200927734,336.16375732421875,506.02011163629436,172229.40928902576,4.933930766436771,0.03536275444695636,1.0366591219756214,10949.9404296875,144.0,132.77793321823313,11.598194909919279,False,False,science_V_004.fits,195566.69735445536,363.35531772994517,538.2243985756263,-8.78285912815332,0.0020171883750963915,15.331719675271286,0.013787418643163667,4
226,400.87377095100123,253.80019422877635,1053447.355895996,760.8630981445312,1384.5425786386165,1048320.730879854,5.192715109855253,0.015879347954065648,1.016135570289124,52601.55859375,268.0,132.7778697059493,11.599820848983937,False,True,science_V_004.fits,1045002.0977389964,746.9182481750611,1399.0849738806637,-10.602414779669473,0.0007760071906058552,13.512164023755131,0.013661114561451602,4
227,386.71278095725245,261.3244744752274,89227.93112182617,267.1805725097656,333.9611495089705,89810.39796427514,4.86432803852521,0.023841155782958756,1.0244234387919533,5667.939453125,138.0,132.78001798441403,11.600939196074764,False,False,science_V_004.fits,87059.2076346738,279.9706297080249,310.9583591874116,-7.904158649361776,0.003491464268196949,16.210420154062827,0.014078856013090306,4
228,129.5377457568189,244.13161090776663,793697.588470459,659.4129028320312,1203.6427935542436,802687.8520485347,5.066854937242656,0.0467681902216055,1.049062767043494,50365.66015625,223.0,132.81903389900336,11.598384209258453,False,False,science_V_004.fits,876209.6281609373,684.1022544152079,1280.816752913567,-10.41114192673916,0.0008476622417143432,13.703436876685444,0.013665372119970287,4
229,140.5206973889174,250.1509524580046,2338931.7549438477,1118.5633544921875,2091.0141080079375,2336774.690299643,7.219219698584596,0.3833664113634596,1.6217086101506961,52365.53125,392.0,132.81736774368392,11.59927885449397,False,True,science_V_004.fits,2268892.1565858303,1079.2511063026657,2102.283836760359,-11.444156508516619,0.0005164383519558781,12.670422294907986,0.013648830443397117,4
230,171.60532370196952,250.50653474765255,71091.84420776367,238.44322204589844,298.14998974505994,72875.13835275531,4.871868819660991,0.01632212260076904,1.0165929548440424,4297.3623046875,122.0,132.81265191785593,11.599331941294784,False,False,science_V_004.fits,73157.2837714091,260.00886697000425,281.3645727699311,-7.71526580491913,0.0038586947507700826,16.399312998505472,0.014174392018032153,4
231,178.40263608274984,262.47000131568484,1193439.6221313477,797.4010620117188,1496.6616913206578,1221558.5738849575,5.207290056226269,0.11516278492835907,1.1301513803519612,52460.67578125,222.0,132.81162077586137,11.60110988833905,False,True,science_V_004.fits,1619538.5708336101,917.3215783710826,1765.5079843531826,-11.078100113042728,0.0006149504899564421,13.036478690381877,0.013652912803000343,4
232,171.30400253891153,267.4039796470799,1495549.643951416,892.9993896484375,1674.7487862675862,1515729.4755781274,5.917078097682471,0.16971802578669648,1.2044101053109157,52152.5703125,282.0,132.8126977453353,11.601843087302157,False,True,science_V_004.fits,1751788.1264881943,953.6798453589894,1836.8723372032432,-11.163325820028989,0.0005910590398748388,12.951252983395616,0.013651857554554647,4
233,153.41390816756385,273.9298791064456,930913.5564880371,718.2853393554688,1296.0219365236715,924001.450291441,5.208432005165585,0.008405832865815976,1.0084770898664217,51453.61328125,288.0,132.81541191829598,11.602812777277496,False,False,science_V_004.fits,915565.7091029723,700.7575821751685,1306.5369999437382,-10.458845670476167,0.0008309753187600139,13.655733132948438,0.013664347180953114,4
234,137.42487857861468,280.3079279767976,429791.9344482422,503.5643615722656,853.4995072056216,427592.61916827643,5.0772056817926465,0.009116954298932556,1.0092008379177404,27249.53515625,222.0,132.81783769471102,11.603760487491602,False,False,science_V_004.fits,426243.34957340325,493.5137879924714,863.6908632427219,-9.628765914065122,0.0012570469900813196,14.485812889359483,0.013696862087226603,4
235,101.93425031863953,273.89022853511443,683858.1957092285,615.6475219726562,1110.7950106223311,687110.7898103076,5.025901274308033,0.050671879506138606,1.053376570663237,46913.234375,218.0,132.82322196137434,11.602806366001724,False,False,science_V_004.fits,747096.1374663373,634.7749285284631,1176.9465111015925,-10.238063101754307,0.0009224718283788548,13.876515701670298,0.013670216464101279,4
236,110.30157129717152,273.5156837983856,270357.205657959,400.8453674316406,674.4675818264637,279522.91277040634,4.845809355624148,0.07782871167605099,1.084397240145597,16992.107421875,149.0,132.8219525402966,11.602750803088828,False,False,science_V_004.fits,440325.5671017934,499.96612425832046,880.7108036669456,-9.664056631800875,0.0012327542656222193,14.45052217162373,0.01369465395622112,4
237,465.1392236748519,283.90516152899585,1684176.4584960938,965.84716796875,1743.7297683835889,1673672.9116392145,6.771113820711746,0.30210816323462575,1.4328867989556269,55842.67578125,422.0,132.76811950793677,11.60429387578967,False,True,science_V_004.fits,1579492.7743019909,910.30858377861,1735.117961587989,-11.050915982742971,0.000625721146363076,13.063662820681634,0.013653402171409108,4
238,497.7167383028219,284.02114704359263,505292.4491882324,549.04345703125,920.3141258078458,501946.2297018127,5.13857592215685,0.010614607550358035,1.0107284862212056,33457.0234375,245.0,132.76317710495056,11.604310528647586,False,False,science_V_004.fits,498907.21281013207,533.6538809362215,934.8891306381371,-9.799671330726868,0.0011613141755738698,14.314907472697737,0.013688408034377915,4
239,481.9091352464172,289.01837752085555,230036.1897277832,392.5202331542969,586.0492537651113,229504.24196833963,5.135904606283354,0.012243054808737663,1.0123948050867584,15701.912109375,196.0,132.7655752169107,11.605053466287995,False,False,science_V_004.fits,217672.19392780834,386.03383659797527,563.8681724019372,-8.899129260435583,0.0019254500486792685,15.215449542989022,0.013774295691293695,4
240,476.96885453606114,300.3239213203252,185997.7294921875,398.6442565917969,466.5757161093259,189847.89143033634,4.8697443879410205,0.19353004910958393,1.2399718041520447,13480.0390625,137.0,132.76632451623897,11.60673368317659,False,False,science_V_004.fits,426777.2331470331,531.9820990153856,802.2398384023259,-9.630124982796744,0.001353335932758201,14.484453820627861,0.013706034512145646,4
241,473.093646413081,308.2205745497691,1307341.715789795,840.8911743164062,1554.709759978852,1306549.267085498,5.360590089099036,0.016711474003332394,1.0169954937553995,55293.99609375,267.0,132.76691229794596,11.607907280878575,False,True,science_V_004.fits,1328566.3526682688,837.8560993980434,1585.673665946665,-10.863079997248526,0.0006846932148247697,13.251498806176079,0.013656231863133406,4
242,462.8445309109807,320.2790929842972,842616.3302307129,688.9306640625,1223.0785682581702,837041.6553043296,5.171666302260872,0.003812272945548534,1.0038268619879716,54379.2734375,266.0,132.76846702975365,11.609699483215406,False,True,science_V_004.fits,831130.1582882282,672.3631331523675,1236.1328533756503,-10.353794477423978,0.0008783036524230823,13.760784326000627,0.013667307021029884,4
243,446.99540860340414,325.5027577131834,345959.5985107422,463.9000244140625,745.7632686001965,344392.2899709485,5.071022975316698,0.0050772416856879055,1.0051031516198203,22341.890625,211.0,132.770871497937,11.610476028633688,False,False,science_V_004.fits,342088.30652098695,454.3637101687962,752.8953102216308,-9.389967446815696,0.0014420331555530625,14.724611356608909,0.013715076504451126,4
244,371.3929730435942,287.0224569634526,131159.8761291504,342.7799072265625,382.6358353100885,131777.29136612033,4.908305620601179,0.007972195978017349,1.0080362626387038,8582.4677734375,148.0,132.78234191453421,11.60475835199782,False,False,science_V_004.fits,131493.5119015833,350.91404725452014,374.71715062523623,-8.351882685480707,0.0028973853963941863,15.762696117943898,0.013943410846578084,4
245,366.8276522996375,298.12805605190357,218356.35723876953,377.5920715332031,578.2863934407812,218490.22766441017,4.967801333362613,0.010415947888911758,1.0105255818004457,14761.255859375,172.0,132.78303442960691,11.606408808566645,False,False,science_V_004.fits,217844.70921073013,378.0777302924813,576.1902692396224,-8.899989415791158,0.0018842734040489082,15.214589387633447,0.013768600152609526,4
246,35.60192755417365,313.18191922058486,395817.31231689453,488.7119445800781,809.9194560448025,395441.34885910415,5.971725180896275,0.25727337354697455,1.3463904004298493,21213.18359375,242.0,132.83328601620914,11.60864456909011,False,False,science_V_004.fits,389448.2817376599,472.9655952150473,823.4177827682923,-9.530746354176111,0.0013185287259037898,14.583832449248494,0.013702641420626407,4
247,49.41971571567218,314.21530468267133,320848.7731933594,441.3677978515625,726.941962588002,319721.82978113496,5.084394163596102,0.02197511034976718,1.0224688661631363,20573.779296875,203.0,132.83118967597903,11.608798374120866,False,False,science_V_004.fits,318726.5118214155,434.52552295703305,733.5046964615976,-9.313167348530566,0.0014801541220354566,14.801411454894039,0.01371913700369712,4
248,216.5128652351681,321.91249768370346,62457.9928894043,237.44346618652344,263.0436368391813,63163.05653169569,5.064400648046873,0.13178905407591135,1.1517938177289857,3977.58203125,138.0,132.8058392446659,11.609943877157175,False,False,science_V_004.fits,61854.07754451796,250.5354678179416,246.88750891536804,-7.533042710215398,0.00439754933236486,16.581536093209206,0.014330467683638787,4
249,223.10484852954147,333.49330824530364,27542.315490722656,171.9354705810547,160.189839813993,28109.535608630813,4.446691002759755,0.02495344338993788,1.0255920532417377,1908.99951171875,86.0,132.80483917077984,11.611664932586056,False,False,science_V_004.fits,26974.318748047946,213.88754027825786,126.114493218986,-6.631998086881492,0.008608844013786613,17.48258071654311,0.01612873396007705,4
250,414.5894949577417,323.65725512864657,857907.7499694824,692.6253662109375,1238.6317218826903,852637.3718535706,5.139095457914764,0.006483443054599691,1.0065257523986648,52965.19921875,256.0,132.7757879980992,11.610202217640879,False,True,science_V_004.fits,849468.1262000636,678.1009381235915,1252.7163412436373,-10.377489593751232,0.0008666766483800863,13.737089209673373,0.01366656475907828,4
251,403.7468239349257,331.73726070646416,351689.5782470703,463.7274475097656,758.3971579333011,350974.95309222606,5.062308612600716,0.008025597604594759,1.0080905289342292,23299.408203125,198.0,132.77743289972364,11.611403128493992,False,False,science_V_004.fits,350625.95652235823,458.24963767391415,765.1418085176101,-9.41673203247956,0.0014189526541536674,14.697846770945045,0.013712668979303873,4
252,417.9393390837327,338.01327331659974,70340.54360961914,246.3098907470703,285.57742198769495,70948.2464862323,4.850669727382648,0.003409445692521329,1.0034211097805261,4848.81103515625,128.0,132.7752795866593,11.612335638391478,False,False,science_V_004.fits,69411.44861171908,265.0146457286172,261.91551950226346,-7.6581996445162845,0.004145229736913766,16.45637915890832,0.01425506202978532,4
253,317.1054747450727,338.87128037461054,1418166.4729614258,879.4638061523438,1612.5353460148717,1408611.2286044466,5.474338194500216,0.0026797999490685287,1.0026870005730673,52284.2578125,336.0,132.7905777368778,11.612464046490055,False,True,science_V_004.fits,1400910.0779776156,856.5860181239619,1635.4575586533576,-10.92064752294152,0.0006638509169837277,13.193931280483085,0.01365520274258911,4
254,246.57974289648865,348.9448173282748,508158.4917907715,537.732666015625,945.0020872936997,515838.9900907356,5.025907987231553,0.05122343579377808,1.0539889345144537,33224.01953125,188.0,132.80127766222685,11.61396123588352,False,False,science_V_004.fits,553357.9413626926,556.6811842843878,994.0302582240728,-9.912137241500279,0.0010922202729921962,14.202441561924326,0.013682719357860418,4
255,273.2401662079755,354.2879528537829,1384432.4664001465,865.973388671875,1598.7009352832667,1375856.7057976434,5.441757993243269,0.004617697603459092,1.004639119655173,52475.2109375,305.0,132.79723280602394,11.61475527476978,False,True,science_V_004.fits,1366041.2435105422,846.7710399505845,1613.2356670939773,-10.893281403441723,0.0006729952865198795,13.221297399982882,0.013655650352762809,4
256,255.4617610173154,352.9302385015484,694599.1778259277,649.1760864257812,1069.9703706743664,701609.8145478803,5.928406357306484,0.25763040464027676,1.347037925920766,39952.8359375,253.0,132.79993010597386,11.614553516515642,False,False,science_V_004.fits,712332.3089108216,645.3835036147567,1103.734918728304,-10.186328481229246,0.0009836600995200158,13.928250322195359,0.013674481748593648,4
257,234.9016720115088,356.3261562148165,431671.2996520996,505.9903259277344,853.121645874611,430173.78817679046,5.071712591109479,0.0010156140619176357,1.0010166465824828,28365.3671875,216.0,132.8030494399824,11.61505817159296,False,False,science_V_004.fits,429256.5881435434,497.0149959023764,863.6692890205226,-9.636414297411456,0.0012570783907707081,14.47816450601315,0.013696864969100619,4
258,301.7223382011189,357.3929459204027,517269.01931762695,540.8329467773438,956.430303293971,531387.9871516088,4.938032880733782,0.08115336415535601,1.0883209025200993,33364.51953125,177.0,132.79291154286054,11.615216637908361,False,False,science_V_004.fits,759154.2542136305,643.4062999858203,1179.8986957857906,-10.255446949310647,0.0009201637427668687,13.859131854113958,0.013670060907499124,4
259,286.6175419049569,362.0147973386452,1430708.4809265137,879.603759765625,1626.5374778613195,1422051.8751876038,5.495312725188444,0.017273580897450902,1.0175772021202254,52143.65625,306.0,132.7952032007548,11.61590354320691,False,True,science_V_004.fits,1410967.4632777898,859.9421899580293,1640.7701351955461,-10.928414371782825,0.0006617014636670036,13.18616443164178,0.013655098415180027,4
260,309.0479520759204,358.61184942327253,527190.2831420898,546.5902709960938,964.5072572941158,536142.3108720111,4.899544420945626,0.0967399136210052,1.1071008395918587,34318.46875,183.0,132.79180010995643,11.615397751253376,False,False,science_V_004.fits,763639.3314736364,644.8262724993123,1184.2559213876493,-10.261842595955184,0.0009167781899100268,13.852736207469421,0.013669833435368836,4
261,467.6707704956963,346.314296565686,885736.5886535645,696.3297729492188,1272.0073491933808,891655.300482929,4.9818471554609065,0.0961498905563749,1.106378136763806,54817.546875,208.0,132.7677343696823,11.613568522613102,False,True,science_V_004.fits,1300614.086835772,828.0601397009424,1570.6758778480687,-10.839993007796771,0.0006912310905846991,13.274585795627834,0.013656561218763087,4
262,464.9232721937405,352.21404158948184,595715.4005432129,577.6328735351562,1031.3045324054883,627772.6628697609,4.778181370635848,0.16962293006229034,1.2042721748988259,41757.203125,177.0,132.76815111203643,11.614445336078022,False,False,science_V_004.fits,1183842.085845547,791.9422096814551,1494.859184638898,-10.737856311976559,0.0007262891455975264,13.376722491448046,0.013658380571072319,4
263,18.26971417434289,381.9604849338822,964744.5088195801,725.3947143554688,1329.9580073129973,960398.985445634,5.130816857645856,0.007612482322380099,1.0076708767359295,56714.55078125,254.0,132.83591687765443,11.618865512532928,False,True,science_V_004.fits,960043.7092974404,713.7738586181073,1345.0250351786779,-10.51034938964646,0.00080719687113911,13.604229413778144,0.013662921747928216,4
264,12.109512100737636,393.6723493474883,796682.6140441895,662.9451904296875,1201.7322480729065,793077.8126328903,5.095935308422027,0.008639597721058823,1.008714890872379,52932.8671875,238.0,132.836851732948,11.620605908066738,False,True,science_V_004.fits,794030.3812634872,653.274915128125,1215.461305609379,-10.304214673441942,0.0008932411052408433,13.810364129982663,0.013668275076736089,4
265,368.97152269538446,397.0365662324947,1122740.9358215332,781.9652099609375,1435.7939733375335,1121063.1435785554,5.186534883542746,0.029013426658729857,1.0298803582410945,53349.53515625,252.0,132.7827082655078,11.621107691403232,False,True,science_V_004.fits,1138063.3078610566,776.8072331054194,1465.052408576906,-10.69503792789235,0.0007410656394569572,13.419540875532254,0.013659174286288931,4
266,361.3063375454264,404.3074955533849,715684.9435119629,633.0343017578125,1130.5626591239143,715791.8257579599,5.013939386947437,0.0376285252674633,1.0390997928091343,53601.8671875,216.0,132.7838711741961,11.622188299015274,False,True,science_V_004.fits,751550.022103139,640.5971729719719,1173.2022147653493,-10.244516603814544,0.00092541591409896,13.87006219961006,0.013670415447794577,4
267,253.59377488920978,422.0907546418373,465420.4686279297,515.8701782226562,902.2046403834729,474284.4481555682,5.034206376883725,0.20606002722166228,1.2595410664367603,35342.60546875,176.0,132.8002135203062,11.6248315363526,False,False,science_V_004.fits,772658.9185501204,647.8644386084158,1192.6243709405594,-10.274591428753086,0.0009103453077550027,13.83998737467152,0.01366940351590312,4
268,254.112608865281,431.5423216691045,1171603.7097167969,807.2073974609375,1451.428360793105,1191831.6595467702,7.243046212146664,0.4240731192699164,1.7363315265513095,51405.28125,298.0,132.80013480181063,11.626236143998424,False,False,science_V_004.fits,1170156.5366580684,792.3646911449314,1476.7903589535833,-10.72523178152473,0.0007351754386921241,13.389347021899875,0.01365885598528988,4
269,264.02253809006993,428.0881829149484,81457.84368896484,256.67413330078125,317.3589899435219,85024.63709757081,4.633079719490185,0.08305954051883457,1.0905833521249924,6250.32177734375,99.0,132.79863123016696,11.625722817509095,False,False,science_V_004.fits,188704.80883847343,366.9656634424211,514.23015185747,-8.74407929304626,0.002111311435314134,15.370499510378345,0.013801503536865874,4
270,248.20287737832604,453.55108649646945,501997.4252624512,545.83544921875,919.6863743110788,498773.10511962,5.126907656150384,0.006509725420892898,1.0065523796130271,31931.009765625,247.0,132.80103146203226,11.629506888417405,False,False,science_V_004.fits,496056.63301303156,530.7452718844755,934.6416431591039,-9.793450026965049,0.0011616216845745462,14.321128776459556,0.013688434126637963,4
271,288.4846377002102,425.13328062151004,404748.39041137695,482.6173095703125,838.6528671583197,409153.59855933586,4.772353510693828,0.1572680272285676,1.1866168987410926,27176.095703125,158.0,132.79491975725043,11.625283645054019,False,False,science_V_004.fits,836494.1368486041,672.1370172272748,1244.5291888539953,-10.36077912717568,0.0008723780926341708,13.753799676248924,0.013666927505395682,4
272,293.8808717688283,429.4139367246478,736150.8694152832,637.29150390625,1155.1242483276164,751582.4040480922,4.9382760283754665,0.0695149417107338,1.0747082836972577,47378.80859375,196.0,132.79410100835545,11.625919782499833,False,False,science_V_004.fits,982364.2970662175,724.2800609866583,1356.3321013255304,-10.535303299380292,0.0008004676722898144,13.579275504044313,0.01366252584245,4
273,328.4300152128135,428.42393012413487,483690.3219909668,525.6477661132812,920.1795445026731,485662.5271443434,4.907461188474671,0.07289192552440604,1.0786229001032446,28873.857421875,175.0,132.78885908583965,11.625772502689447,False,False,science_V_004.fits,694006.3202518479,617.8572095122845,1123.2471023518085,-10.158030437922996,0.0009665727138105285,13.95654836550161,0.013673263206430135,4
274,349.7550308699935,434.571355826947,838939.7532348633,688.4496459960938,1218.5927585466773,833264.9268828651,5.133786930478006,0.005700353537388403,1.0057330338572164,53467.90234375,274.0,132.78562352750936,11.626685936018871,False,True,science_V_004.fits,830790.7558771943,670.9971259221265,1238.143538596338,-10.353351012891313,0.0008768773297729596,13.761227790533292,0.013667215435219524,4
275,330.1354584704178,436.7234394661066,929722.6772460938,715.7152709960938,1299.0119324297161,930220.2499942564,5.0984839511305164,0.059813733999162344,1.0636190254656508,53744.3515625,240.0,132.78860027921735,11.627005891661648,False,True,science_V_004.fits,1033308.7830276696,742.4570732239177,1391.7421225995026,-10.59019717620902,0.0007801014156071704,13.524381627215584,0.01366134774170782,4
276,123.89547649329053,440.74028255367904,169465.40133666992,332.7558288574219,509.2785359119341,173061.17263498355,4.9036745148124155,0.05013605601069682,1.0527823551235476,11041.927734375,145.0,132.81989196341488,11.627602381247083,False,False,science_V_004.fits,233278.0905119169,384.71538222861597,606.3653840939796,-8.974306753423532,0.0017905045843311681,15.140272050001073,0.01375608122132695,4
277,119.19693685388637,446.0555500337127,113623.88851928711,278.5032958984375,407.98040882332185,116862.54779247037,4.615264156310878,0.14937229229460758,1.175602429760425,7570.02880859375,116.0,132.82060490639037,11.62839223907856,False,False,science_V_004.fits,201955.70873072348,363.700970766527,555.2795427108339,-8.817762209006831,0.0019552314041675163,15.296816594417773,0.013778490256376999,4
278,12.349510509372841,451.58706659951156,987500.1512756348,728.4080810546875,1355.6963149637204,1009821.780306289,4.958673198417709,0.083664168050265,1.0913029537132128,59962.65625,211.0,132.83681645549174,11.629212679746082,False,True,science_V_004.fits,1357037.407083728,841.8986670999124,1611.8773673301012,-10.886101422199328,0.0006735624074171,13.228477381225277,0.013655678314090388,4
279,15.90031200571027,459.0234662177466,1366789.6056518555,845.1837158203125,1617.1508987549369,1374233.7350108596,5.040861181257614,0.12338202013675093,1.1407477635309264,60219.9296875,177.0,132.83627785178214,11.630317878685803,False,True,science_V_004.fits,1867697.7173451432,982.1206324894472,1901.6988907064951,-11.232888344043655,0.0005709105712296306,12.88169045938095,0.013651000065254368,4
280,20.71425058694868,466.1787088634894,1101626.8266601562,767.9012451171875,1434.5944008621052,1110393.7831901747,5.089174421156179,0.06659086888175458,1.0713415657311787,60001.83984375,222.0,132.83554758677099,11.63138131713032,False,True,science_V_004.fits,1381814.2538140095,849.927837876948,1625.8018530910474,-10.905746044651572,0.000667793555491291,13.208832758773033,0.013655394982716125,4
281,24.200624511917354,482.0208963874688,1486178.1104431152,893.2926635742188,1663.707954900983,1476328.0082891183,5.375197227735083,0.002091348127388093,1.0020957310305543,60459.83984375,313.0,132.83501890600346,11.6337357053467,False,True,science_V_004.fits,1469811.8085241308,874.7957170647129,1680.1771886308877,-10.972776204531083,0.0006461818475732882,13.141802598893522,0.013654355161682527,4
282,92.59813868172802,464.9211666343031,523217.389251709,550.3680419921875,950.6681880688416,520363.81185122015,5.101012835213499,0.003755097471513036,1.0037692513778316,34072.4765625,233.0,132.82464086068933,11.63119556371574,False,False,science_V_004.fits,518541.32181860105,538.837074702694,962.3341565810198,-9.8415803000712,0.0011281943933667226,14.272998503353405,0.01368563796432074,4
283,105.56655067961057,472.5042995653934,277336.75021362305,414.5185546875,669.0575055746383,280124.18956315564,5.089126622385811,0.030357160262911576,1.0313075691572606,16674.677734375,186.0,132.82267329818401,11.632322661522462,False,False,science_V_004.fits,276554.061822902,416.3955345922303,664.1619298192693,-9.159071977666747,0.0016346917088358845,14.955506825757858,0.013736669206331271,4
284,116.88142126071641,476.23184195476887,894620.5765686035,704.22509765625,1270.36167774482,888748.3268243485,5.1906227597791235,0.007188883880910213,1.0072409381444194,56042.046875,271.0,132.8209565650911,11.632876744609884,False,True,science_V_004.fits,878020.6866144474,689.0591368081655,1274.231252025164,-10.413383744605316,0.000852043142305977,13.70119505881929,0.013665644566488024,4
285,131.48276869554942,489.0962864467569,1500836.3204345703,901.6630249023438,1664.5202020978081,1489428.7854327247,5.459324723720687,0.0022536491943385695,1.0022587396010207,57288.34765625,346.0,132.81874126609117,11.634788694806405,False,True,science_V_004.fits,1480165.8125310692,878.7394958217302,1684.4193524577279,-10.980397796706756,0.0006445544563566434,13.13418100671785,0.013654278243409361,4
286,105.3492246504259,491.5152068296938,1321672.6946105957,881.24951171875,1499.77126459096,1313238.3925360728,5.55163016732588,0.10272421957012612,1.1144845562653125,57134.359375,331.0,132.8227065023296,11.635147889793531,False,True,science_V_004.fits,1303840.3724702888,856.1029929978558,1522.994760133439,-10.84268293535494,0.0007128717894635929,13.271895868069665,0.013657673670484517,4
287,400.05853584691596,481.6027473080339,41963.91326904297,202.2825927734375,207.45192502077427,43512.13096923093,4.671177104768342,0.06025702722593229,1.0641207531970758,2747.65087890625,98.0,132.77799071550626,11.6336748425191,False,False,science_V_004.fits,54769.57135967393,250.88938156178253,218.30167151249762,-7.400970229153763,0.004973392977148342,16.71360857427084,0.014517523948882656,4
288,410.1689616300551,488.172900119598,1263382.7901000977,832.439697265625,1517.6868597809819,1254821.6999731238,5.297476782192477,0.002532362631036733,1.0025387917724493,57449.87109375,300.0,132.77645659818785,11.634651119353576,False,True,science_V_004.fits,1249679.8397729157,812.6424914906567,1537.7978051339492,-10.796618783302014,0.0007060095913620001,13.317960020122591,0.01365731721255416,4
1,483.99944241778815,1.2198681269604106,33229.663146972656,142.71237182617188,232.8436050901559,33162.86201099735,2.469765432806754,0.1483398356090052,1.174177262024554,33285.33984375,20.0,132.7652633687562,11.562283452790593,True,False,science_V_005.fits,31890.741318031498,193.51145370693214,164.80027774650054,-6.813783410984008,0.0065879743338178596,17.300277325052296,0.016611178867770512,5
2,380.9405173196714,15.737516989919902,71613.5807800293,240.54119873046875,297.71856612502273,72132.19795266163,4.7071872118874625,0.01241519014486725,1.0125712647875664,4997.76806640625,121.0,132.78089614850288,11.564442378041468,False,False,science_V_005.fits,73095.24942169583,259.7328472350369,281.4247416136421,-7.714344754979125,0.0038578697586245585,16.39971598105718,0.01572936796659461,5
3,177.82085295433453,23.136451562754317,1081934.2336730957,767.2472534179688,1410.1506767906235,1075119.666382116,5.179801813664378,0.0009274683607963796,1.0009283293569033,56248.234375,285.0,132.8117075011907,11.565542332097381,False,True,science_V_005.fits,1074058.7526643886,751.811162516019,1428.6283660246977,-10.632191970513158,0.0007599597108806328,13.481868765523148,0.015267855000496454,5
4,479.81041612735737,18.48779404506497,13332.766723632812,139.3718719482422,95.66325354791914,14327.433556611886,4.24263543687472,0.031099428114158667,1.0320976465661773,897.7789306640625,68.0,132.765898485297,11.564849731911812,False,False,science_V_005.fits,13788.82458977674,198.77636321645713,69.36853238813625,-5.903439991269734,0.015651188840571203,18.21062074476657,0.021851534721324346,5
5,271.6868663875529,21.969420150359095,275297.0955505371,413.7872314453125,665.3107554550563,274776.6263474286,5.091562203496173,0.046125228095232895,1.0483556431659542,17709.771484375,193.0,132.7974688717284,11.565369122278664,False,False,science_V_005.fits,274266.3085889015,408.80619722501393,670.8956724497516,-9.150053027279318,0.0016182843988777052,14.964007708756988,0.015334559072554835,5
6,499.62212927815176,25.304655717078873,800646.1347961426,673.1735229492188,1189.360703446056,794393.6521284973,5.205967119928742,0.022160354917549863,1.0226625654103862,50854.71484375,281.0,132.76289310028451,11.565862425926882,False,False,science_V_005.fits,791087.638003113,654.5514821918688,1208.5949837803917,-10.30018336910893,0.0008983158250450572,13.813877366927375,0.015275366734568084,5
7,428.64667013982955,38.70341311500589,732444.2359619141,657.5331420898438,1113.9274799654656,727780.5271411883,5.121695507124644,0.0030321865916154156,1.0030414087103265,46776.4609375,259.0,132.77365926119222,11.567854800186922,False,False,science_V_005.fits,726513.0612806232,631.5373287525159,1150.388153168577,-10.207730440209994,0.0009437684115657808,13.906330295826312,0.015278107093769575,5
8,1.3388852374263995,43.64501725238715,180312.37629699707,308.4618835449219,584.553184415532,180202.20336534642,2.908567889633464,0.26645486851352773,1.3632426378095885,45954.28515625,32.0,132.83847864513754,11.56858782827932,True,False,science_V_005.fits,149056.45790827443,328.6023382193055,453.6074171474575,-8.487998865773847,0.002393479380975518,15.62606187026246,0.015435627654915032,5
9,293.88508385523386,48.33180389784981,46609.28601074219,203.533203125,229.0008966356073,47176.57419437038,4.586391702415534,0.013709611846452363,1.01390017788992,3208.2490234375,103.0,132.7941015208367,11.569286815469043,False,False,science_V_005.fits,46614.81850868813,232.10893612858763,200.83164089323844,-7.2259318682085105,0.005406020660744167,16.888128867827792,0.016178841643900703,5
10,450.24329639061233,52.49793305668441,1100089.950744629,777.8583984375,1414.2547704754516,1092196.3778287922,5.217128929163755,0.0013805434364111413,1.0013824519714065,57936.51171875,294.0,132.77038300309104,11.569904503961155,False,True,science_V_005.fits,1088844.276183076,759.5337950436696,1433.569227976844,-10.647036305224871,0.0007573404749571934,13.467024430811435,0.015267724851759387,5
11,254.45963624381676,51.00757097257324,54925.185943603516,214.7949676513672,255.70983596204337,55646.89025731984,4.62608423122502,0.023385605992592096,1.0239455880807085,3633.941650390625,108.0,132.80008208746034,11.569684523719461,False,False,science_V_005.fits,54747.97937117845,240.06045182536374,228.0591365836712,-7.40054211139931,0.004760607341866676,16.713518624636993,0.015974768850204303,5
12,487.86541264927615,58.37937136524176,44456.72918701172,205.05508422851562,216.80383763354365,45283.71324676057,4.643193572783362,0.008606259723583642,1.0086809704095812,2969.217041015625,105.0,132.76467586798006,11.57077791514509,False,False,science_V_005.fits,44513.20399758113,234.90534498796882,189.49421521192278,-7.17584401231909,0.005729462499875241,16.938216723717215,0.016289769737215423,5
13,338.47812211404766,75.93205203315077,29631.13165283203,176.60894775390625,167.77820166915438,30354.96142486499,4.513052280421522,0.03014919917278791,1.0310864301468565,1954.4925537109375,91.0,132.7873368808254,11.573388302599385,False,False,science_V_005.fits,30792.779137386533,214.90059227186086,143.28847962611476,-6.775744091554147,0.007577022261893886,17.33831664448216,0.0170276576166911,5
14,205.99036952912027,79.00926044654155,142428.68084716797,311.28094482421875,457.5566966606255,142691.31046561647,4.867707839408982,0.0021142579702236874,1.0021187375279288,9869.3427734375,151.0,132.80743465978068,11.573845790099199,False,False,science_V_005.fits,142575.6468315666,317.2682575152426,449.385160520563,-8.439735250420078,0.002415967627285104,15.674325485616228,0.015439130711607841,5
15,13.336604319312247,83.16880051941489,240590.2644958496,384.5674743652344,625.6126181574949,240364.48596604634,4.941148777018125,0.0035846126642173903,1.0035975083381659,16096.171875,176.0,132.83665945116655,11.574461733420021,False,False,science_V_005.fits,241420.92921451313,383.61809352770507,629.3262317072581,-9.011559166948485,0.0017251783658448106,15.10250156908782,0.015346207933818757,5
16,387.4952777769742,80.37989315969999,16139.181915283203,144.65614318847656,111.56928119018774,16875.31436409497,4.243794691551535,0.02976852026820187,1.030681874264099,1049.448974609375,70.0,132.7799011625877,11.574048883201545,False,False,science_V_005.fits,16961.08032765543,200.13454509997499,84.74838923576492,-6.128255651477796,0.012810862953154756,17.985805084558507,0.019916025385566662,5
17,241.0990796056469,93.17260486064424,26117.714569091797,233.40122985839844,111.90050105964345,26909.371678959476,4.533936052095606,0.029781675588386958,1.0306958494176535,1823.2781982421875,91.0,132.802108841312,11.575950707222017,False,False,science_V_005.fits,26417.728110544616,262.5728483470858,100.61104290426842,-6.6093605393833705,0.01079106198146704,17.504700196652934,0.01868092278882085,5
18,27.471875225198996,101.9633084646526,164122.982421875,327.3454284667969,501.37551390464046,164270.3684596279,4.888049959453221,0.004397331834165019,1.0044167537661044,10598.130859375,159.0,132.83451553517315,11.577255066911553,False,False,science_V_005.fits,165161.8744584799,330.64658389038783,499.511812628412,-8.59939638187673,0.002173522172152623,15.514664354159576,0.015403053469583941,5
19,322.475944073194,105.16333516129535,440236.08532714844,510.664794921875,862.0842668320199,438064.5827582829,5.073392118500572,0.0035927815601065616,1.0036057361825739,28009.2890625,226.0,132.78976417635235,11.577732490542463,False,False,science_V_005.fits,436203.203087011,499.7224235060947,872.8909942174948,-9.653843999854532,0.0012437979165695007,14.460216736181774,0.015299571589142143,5
20,249.40918002855358,108.77862798753961,1457516.5895080566,890.1782836914062,1637.3311012081786,1447360.2278815727,5.7701151490539955,0.14491300698236653,1.169471653955305,53459.66015625,366.0,132.80084823375964,11.578269941682734,False,True,science_V_005.fits,1437330.6630004195,865.3936780997308,1660.8980390942686,-10.948513600564265,0.0006536825105724496,13.16554713547204,0.01526293413399439,5
21,339.03695331455344,122.99106063602682,1580901.325592041,926.2467041015625,1706.7821333037596,1573047.1424671225,6.149737546904253,0.228047317578441,1.2954161864728202,53423.359375,371.0,132.78725178939132,11.580381789140851,False,True,science_V_005.fits,1549809.6691057696,898.2317111619607,1725.4007511056604,-11.030317789252788,0.0006292451184481452,13.083742946783518,0.015261907055578396,5
22,308.74888160512944,115.44510770837233,7077.781341552734,111.03694915771484,63.7425775405589,7753.137310726437,3.8329296324723807,0.017432137639581846,1.0177414083111824,532.538818359375,49.0,132.79184649468831,11.579260541657497,False,False,science_V_005.fits,6237.584340216694,186.51334225479366,33.443099913439994,-5.042162951278055,0.03246409581677812,19.07189778475825,0.03586707926155925,5
23,274.40493085024025,127.618755313175,585132.4528808594,579.9359130859375,1008.9605414627113,581807.6885834669,5.100642878300154,0.000439068608029336,1.0004392614739532,36406.65625,247.0,132.7970564004549,11.581069779947134,False,False,science_V_005.fits,580899.3314338111,566.5609838717028,1025.3076861454958,-9.964874065641284,0.0010589016493980855,14.149186670395022,0.015285651123099755,5
24,365.7614831691158,135.3511030969148,150535.48162841797,323.7722473144531,464.94251090710486,150697.46834363355,4.912405260368347,0.005670959713928614,1.0057033029149958,9936.177734375,160.0,132.78319759243146,11.582218422912705,False,False,science_V_005.fits,150054.48635150367,327.33362501630455,458.4145192661751,-8.495244335431988,0.0023683804817918436,15.618816400604318,0.015431755689504528,5
25,497.4752706871649,138.73973728497734,201766.65115356445,367.27197265625,549.3657729837417,201100.7678420619,4.7988081754091905,0.018655725111547783,1.019010377488235,35688.83203125,177.0,132.7632165384113,11.582720173694051,False,False,science_V_005.fits,200168.96425708928,365.74887392166175,547.2852509723998,-8.808113729017634,0.0019837918125346177,15.305947007018672,0.01537742785739872,5
26,461.6634646169023,139.50941073118437,52327.87841796875,219.9541015625,237.90362646681436,53047.30625232198,4.73700808518057,0.005003834267102936,1.0050289985423384,3248.455322265625,116.0,132.7686491873217,11.582835191049371,False,False,science_V_005.fits,52880.62187261076,243.99562711594703,216.72774425371904,-7.362863258495783,0.005009510913051316,16.751197477540522,0.016050702699321392,5
27,352.08693456168015,139.47137729485993,15195.785247802734,144.97332763671875,104.81779990510445,15956.617620322448,4.297019145506949,0.017194179545325095,1.0174949915715503,1063.064208984375,73.0,132.7852719900979,11.582830853628952,False,False,science_V_005.fits,14756.390199577263,199.27019342847237,74.05216979866103,-5.977072200661391,0.014661285455266041,18.136988535374915,0.021153797501981018,5
28,399.9400960802084,146.44545131758625,118059.47729492188,294.5373840332031,400.83019574049405,118388.05473979212,4.861035142580855,0.005168240690287318,1.0051950901666764,7805.22216796875,147.0,132.7780125648137,11.58386682085598,False,False,science_V_005.fits,118293.16806373314,302.77551018212193,390.69595817897834,-8.237021031513077,0.00277888720697397,15.877039704523229,0.01550006682769808,5
29,28.310211197602055,149.7131936514,138545.46408081055,305.3490295410156,453.7281952035829,138738.81962593464,4.836851425812573,0.008488611089985554,1.0085612845045755,9240.380859375,149.0,132.83438923604942,11.584351243355052,False,False,science_V_005.fits,139963.54948469685,311.55313099554184,449.2445607510189,-8.419659243257808,0.0024167237510566513,15.694401492778498,0.015439249050486365,5
30,329.332656347946,162.17498426911584,472604.8282775879,527.5179443359375,895.9028471960767,470127.2238610415,5.079448912848141,0.003830975372028478,1.0038457081853747,30796.638671875,229.0,132.78872368703878,11.586205015652313,False,False,science_V_005.fits,469809.688976079,516.0611589730531,910.375990921283,-9.734426796723488,0.0011925841749201806,14.379633939312818,0.015295493276396576,5
31,498.8525440676244,165.01953015682489,69722.34448242188,341.1735534667969,204.36034321519378,70442.23295269957,4.846016572316262,0.015103640831466314,1.0153352590766171,4755.0654296875,130.0,132.76300708806647,11.586625615359313,False,False,science_V_005.fits,69208.55036148116,353.45524729396897,195.80569503872823,-7.655021255609659,0.005544782544681657,16.459039480426643,0.01622573483765309,5
32,452.0485510142887,168.8875480446199,255622.8829345703,404.8212585449219,631.4462927499757,255103.63912275503,4.999586165145858,0.001705359361248937,1.0017082725798847,17640.025390625,187.0,132.77010730576538,11.58720126111495,False,False,science_V_005.fits,254488.02269224808,400.8278933226477,634.9059706964982,-9.068790242480501,0.0017100169948141711,15.045270493555805,0.015344510929859449,5
33,42.18814570539765,174.8314350456836,182264.61114501953,343.8567810058594,530.059667899682,182200.9056267998,4.913020131953489,0.007062560150240649,1.0071127946905791,12555.35546875,167.0,132.83228436860475,11.588084333275777,False,False,science_V_005.fits,183283.64214664686,345.02897020340356,531.212327007197,-8.712431140068158,0.0020438155231011623,15.401629595968148,0.015385286459682578,5
34,17.41960981335629,194.159432096454,246736.23791503906,389.2579650878906,633.8630421071241,246538.13121000386,4.930315361203185,0.004196817255782248,1.0042145047620923,16107.3623046875,173.0,132.83604220602552,11.590956246859799,False,False,science_V_005.fits,247810.35019192612,388.94472341714817,637.1351384195187,-9.039920477580951,0.001704034096586156,15.074140258455355,0.015343845337996308,5
35,427.44333967865475,195.3900894861928,391296.90103149414,486.0313720703125,805.0856868862501,389823.3679073784,5.038105353121442,0.0015763551939075304,1.0015788440128677,24153.634765625,210.0,132.7738396149465,11.591140191958662,False,False,science_V_005.fits,389716.36437913275,477.49628327498493,816.1662782089119,-9.531493480069592,0.0013302436390567173,14.582567255966714,0.015306841793566485,5
36,264.4664759660398,197.2672482361063,113370.95599365234,288.6706237792969,392.7346486088245,113744.46384298276,4.868838690708097,0.0040414814038182145,1.004057881255451,7300.12158203125,148.0,132.7985640054061,11.591420330572408,False,False,science_V_005.fits,114303.94511574395,296.4418570572302,385.5863886781574,-8.199774924054257,0.002815711425193009,15.91428581198205,0.015506711075659638,5
37,186.13454054072983,203.3778520291541,613113.7781066895,591.724609375,1036.1471677750253,609500.0484578846,5.106259401395222,0.0018916261322829975,1.0018952111632455,39990.87890625,251.0,132.81044739194047,11.5923282502234,False,False,science_V_005.fits,608886.6695801722,578.0814370583356,1053.2887419436856,-10.015963039300594,0.0010307714843666746,14.098097696735712,0.015283728190693732,5
38,351.88131819558566,203.50988482751822,311171.8069152832,439.0416564941406,708.7523525673379,310177.9320254056,5.0126764244561155,0.0017864028086237438,1.0017895997546518,19844.4296875,198.0,132.78530268109876,11.592347688181224,False,False,science_V_005.fits,309249.9896044852,432.76763871767355,714.586678710124,-9.280396108296497,0.0015193398258693544,14.83366462773981,0.015324433139940138,5
39,42.3573233774418,205.18559556586092,304397.57440185547,430.3797302246094,707.2767442904304,303356.44736937655,5.016816688352815,0.0032806770419383513,1.00329147530942,20088.1171875,202.0,132.83225922513026,11.592595300796539,False,False,science_V_005.fits,303510.76112405816,423.92230460166206,715.9584617970304,-9.260057108565341,0.0015164287565998334,14.854003627470965,0.015324144795970369,5
40,302.4902324507783,220.1141428255848,483352.252532959,532.4437255859375,907.7996965802256,481018.8942474355,5.059763306985091,0.0036891602412514324,1.0037028205395666,30925.63671875,227.0,132.79279552072506,11.594815547271704,False,False,science_V_005.fits,480022.00396921445,521.5052376743083,920.4548090636798,-9.757774738226633,0.0011795255881213915,14.356285997809673,0.015294480643913866,5
41,328.7676152335464,216.19009349366502,16082.180786132812,145.21630859375,110.74638201363133,16577.72193268722,4.230360325362841,0.02039640209060889,1.020821077152164,1150.92529296875,70.0,132.78880908321779,11.594232263957363,False,False,science_V_005.fits,15793.626945455115,200.96343696717477,78.58955431795702,-6.0508265628232625,0.013814813042551218,18.063234173213043,0.020576173525577248,5
42,280.06177026969146,227.02534282644433,399263.83114624023,498.42852783203125,801.0453030906585,399328.5200392174,6.952201256567897,0.40560019250622814,1.68236932009854,15491.779296875,267.0,132.79619805977782,11.595842692720469,False,False,science_V_005.fits,389300.34572272655,475.4934746137762,818.7291025159477,-9.530333847537463,0.0013260796479124207,14.583726888498843,0.015306480483332226,5
43,360.40185285277084,226.6788658018913,12702.627502441406,135.3203582763672,93.87077941737786,13261.307971449309,4.1103609157020085,0.016033715303542362,1.0162949844450093,881.1014404296875,63.0,132.78400987124448,11.595790787874119,False,False,science_V_005.fits,12509.653823527335,198.11156261405392,63.14449120719775,-5.7977351033879465,0.017193898933122495,18.316325632648358,0.02298173226883591,5
44,42.78852512390894,233.7575384071366,1139163.4598083496,786.341796875,1448.6874083706318,1131566.5658128883,5.23125581432221,0.0015453355913088718,1.0015477273494677,55172.45703125,296.0,132.83219429911358,11.596841415503352,False,True,science_V_005.fits,1129208.6431001672,769.8417649064163,1466.8061601430993,-10.686557358116742,0.0007401796021187154,13.427503377919564,0.015266883224725846,5
45,317.832931177466,232.3353284590252,54002.861877441406,218.3602294921875,247.3108862498861,54680.26980138429,4.665497892934098,0.01064373055237089,1.0107582383425067,3663.290283203125,111.0,132.7904678650756,11.596631684278591,False,False,science_V_005.fits,53332.64533922891,243.833747290759,218.72544687439233,-7.372104687914187,0.004963757146298053,16.741956048122116,0.016036481614164867,5
46,203.8714617149417,237.0643378877938,1095195.279724121,774.7682495117188,1413.577905927798,1087943.6894248538,5.254307705202406,0.0003311530416002517,1.0003312627402643,51462.171875,298.0,132.80775674129362,11.597334520369664,False,False,science_V_005.fits,1085109.8345410333,756.8572599358446,1433.7047313690473,-10.643306123006624,0.0007572688966181085,13.470754613029682,0.015267721301353652,5
47,339.6714719372794,238.74886376512288,480516.3818054199,532.4156494140625,902.521145526509,478011.4325065807,5.072265502332254,0.001878262335350489,1.0018817968434843,31409.271484375,229.0,132.78715474187388,11.597584679458409,False,False,science_V_005.fits,477084.1926505535,520.7614951330862,916.1280108250505,-9.751109442065918,0.001185096391739224,14.362951293970388,0.015294911278321823,5
48,87.22582837328841,238.676762092042,74483.259765625,242.51553344726562,307.12778974144015,75026.07263483788,4.782519463509304,0.012491909340409335,1.0126499311332888,4968.79296875,129.0,132.82545287179957,11.597573134562966,False,False,science_V_005.fits,75621.36436414448,257.56257783173305,293.60384959941,-7.751233145686591,0.003697839798358631,16.362827590349713,0.015690885148019782,5
49,441.5831485209329,244.17258331749403,280513.4899902344,422.49444580078125,663.9459826709884,279640.9518248484,5.014282092724769,0.006064086346870723,1.006101083846123,18311.91015625,195.0,132.77169380154814,11.59838961093422,False,False,science_V_005.fits,279359.6386416759,416.4848444763562,670.7558326471951,-9.170031024679934,0.0016186217803208546,14.944029711356372,0.015334594680713014,5
50,354.8700007490257,246.05563146164872,11924.967224121094,134.71926879882812,88.5171611340042,12375.248927615467,4.138159773919465,0.013899443802149913,1.0140953614870096,896.010986328125,64.0,132.78484893809278,11.598670435347584,False,False,science_V_005.fits,11216.567971347738,197.3606285312205,56.8328549357725,-5.679271855219516,0.019103386610209234,18.43478888081679,0.024443183866533106,5
51,266.04491434232887,247.0497474782216,14868.76821899414,141.55178833007812,105.04118947845676,15509.315954041067,4.237903015617946,0.0028081531145683902,1.002816061045163,1091.9564208984375,69.0,132.79832450387227,11.598818561751667,False,False,science_V_005.fits,15377.851640395931,197.94782754270693,77.68638752591606,-6.021861040745402,0.01397542136500828,18.0921996952909,0.02068434818609358,5
52,233.75452947024255,262.44229579371495,234454.86407470703,388.3697814941406,603.6897700246132,233868.8189341092,4.994884511783257,0.004699725990163106,1.004721917709546,14972.3154296875,186.0,132.8032232755962,11.60110605242623,False,False,science_V_005.fits,233712.55781127137,384.6450607577497,607.605768681543,-8.976326995218466,0.0017868493947249449,15.13773374081784,0.015353263116140872,5
53,415.17735807181475,262.2308038652267,18600.746948242188,156.1309356689453,119.13556316400084,19984.355485503525,4.378995010957209,0.028990758698814956,1.0298563159501617,1344.8861083984375,77.0,132.77569955970117,11.601073625108267,False,False,science_V_005.fits,15339.220335672733,209.21686457509094,73.31732251520893,-6.019130088503507,0.01480823307172439,18.094930647532795,0.021255907984852936,5
54,368.1910164411002,267.13274641890735,373940.3067932129,476.074951171875,785.4652001176408,372552.6053934087,5.031693753772093,0.0012864626675677115,1.0012881197855832,25327.771484375,206.0,132.7828278272816,11.60180261640813,False,False,science_V_005.fits,371666.83151018014,468.2485046025175,793.738427046718,-9.480006387253388,0.001367830966732442,14.634054348782918,0.01531015411769506,5
55,427.26817285103135,273.7122463256896,763788.6279296875,658.5591430664062,1159.787448054108,758771.25300034,5.121363796059967,0.0005683465038059943,1.000568669705245,49850.51171875,263.0,132.77386509880716,11.602779735814511,False,False,science_V_005.fits,756955.381361694,642.4115480099916,1178.3028865320473,-10.25229757609523,0.0009214099468052788,13.861763159941075,0.015276742252329013,5
56,404.29870683535614,270.58308066744644,21972.721893310547,164.97207641601562,133.19055182345645,22868.08130578538,4.433494139070531,0.018290186280357612,1.018630949823204,1458.181396484375,83.0,132.7773498624564,11.602314999350831,False,False,science_V_005.fits,19462.964862900862,212.52465381320653,91.57979798431937,-6.2776443705416,0.011855234712200366,17.836416365494703,0.01931518696868822,5
57,210.87068480691815,272.2603567628479,13755.302551269531,181.6765594482422,75.71313873977384,14328.413349548857,4.237381691169258,0.037402540527443184,1.0388558479553203,972.9009399414062,69.0,132.80669502655658,11.602565066172906,False,False,science_V_005.fits,14036.516996464301,227.53180066027554,61.690352538553604,-5.922770263740116,0.017599186182661024,18.19129047229619,0.023286502782641914,5
58,255.16167801745604,277.99080325206256,1332413.29397583,852.6659545898438,1562.6439484343646,1323127.734210277,5.426708248426511,0.001931111740474889,1.0019348481484505,52068.84765625,332.0,132.79997558948446,11.60341675124956,False,True,science_V_005.fits,1316141.4297106573,830.6434476358754,1584.4842133608295,-10.852878274368432,0.0006852072055026257,13.261182461667874,0.015264316770445232,5
59,318.28603912475864,276.25367567546476,174471.50918579102,345.1446838378906,505.5025250446497,174478.05196690417,4.951044395073117,0.007486915387737714,1.0075433921263242,11448.6318359375,169.0,132.79039890051288,11.60315843629777,False,False,science_V_005.fits,173336.242803276,345.96086063648653,501.0284761240856,-8.65184532069609,0.00216694270233677,15.462215415340216,0.01540212641907712,5
60,337.51247409775857,280.31451273926774,1017732.0386657715,750.82470703125,1355.4855469392705,1010748.6514074686,5.192168042482315,0.0016774032395701077,1.001680221648807,54895.0234375,288.0,132.7874820030063,11.603761810859032,False,True,science_V_005.fits,1007836.0500994421,732.8099263549328,1375.3034911965722,-10.56309659635769,0.0007894257572598723,13.550964139678616,0.015269350037910853,5
61,41.20938445996979,283.14093692774276,1016350.3193969727,745.9033813476562,1362.5763668756779,1009635.6636110853,5.178010705592029,0.00159507103381884,1.0015976193501674,54881.328125,288.0,132.8324347201405,11.604180309434968,False,True,science_V_005.fits,1008222.1989677256,729.7658173895386,1381.5695048231494,-10.563512512725229,0.0007858453709420702,13.550548223311077,0.015269165350504718,5
62,186.04566702721527,281.27959395405503,110630.52752685547,284.4598083496094,388.91444161731044,111034.3370495378,4.85452222640156,0.004019080580523027,1.004035298771452,7584.64501953125,144.0,132.81046130842947,11.603905313919244,False,False,science_V_005.fits,107535.3774934558,293.4955725307072,366.39522895087225,-8.133500284033037,0.0029631936068293487,15.98056045200327,0.015534167950217904,5
63,67.802357739712,288.19387193399905,498016.063873291,536.7381591796875,927.8566380195949,495514.3699165854,5.074073301657408,0.0038386585927203676,1.0038534506742627,33403.49609375,231.0,132.82840032404715,11.6049316536463,False,False,science_V_005.fits,494308.54585288087,525.9059544604855,939.9181387097628,-9.78961717110456,0.0011551005936435632,14.324443564931746,0.015292616353504018,5
64,168.05271469826562,291.7215934740003,231795.8666381836,385.553955078125,601.202149751556,231342.83589834903,4.975050587771047,0.003373313046669102,1.003384730803247,15564.6845703125,185.0,132.81319112605,11.605457000004028,False,False,science_V_005.fits,227743.37396109785,382.2244692098258,595.8367197995268,-8.94823624985498,0.0018221434898562329,15.165824486181325,0.015357410733963205,5
65,202.48128330632258,289.63036575207605,12722.254821777344,132.24656677246094,96.20102156350745,13273.164545568412,4.099774033627,0.015767427030654146,1.016020021551497,851.0146484375,62.0,132.8079678658806,11.605146410386933,False,False,science_V_005.fits,12480.090291228176,193.66575552121506,64.44138901913946,-5.795166192543184,0.016847867752781385,18.31889454349312,0.022724007247165577,5
66,350.342977475572,295.23214058237716,80072.79779052734,255.37147521972656,313.55419677014106,80621.0902129587,4.78854218075835,0.005983387261572659,1.006019403684903,5241.54150390625,131.0,132.78553534959832,11.60597864571177,False,False,science_V_005.fits,76871.5681200991,270.9857819100763,283.6738059770534,-7.769036225112647,0.0038272832285678967,16.345024510923658,0.015721894111896947,5
67,312.94245024392626,297.8789620538148,566245.1849060059,572.4930419921875,989.0865798745081,563472.7219798518,5.083308011963106,0.0014393057329465941,1.0014413803199045,38413.60546875,236.0,132.79120948295673,11.606372219708792,False,False,science_V_005.fits,562470.5882357883,560.2704150433751,1003.9269844227681,-9.929871418995585,0.0010814531503247214,14.18418931704072,0.015287229914878957,5
68,108.134462792639,298.0788230376682,287798.94610595703,420.3402404785156,684.6809284267586,287090.9765160418,4.989444742212575,0.0021448619734116825,1.0021494722947997,19882.640625,190.0,132.82228156101303,11.606401200355766,False,False,science_V_005.fits,286801.6759090244,416.14611365120794,689.1850398233123,-9.198576085985623,0.001575338896326512,14.915484650050683,0.0153300864378614,5
69,236.12897448406363,298.5122822643894,92591.2463684082,309.6821594238281,298.9879899464557,93064.29646928608,4.793210898949974,0.01149494478898605,1.0116286150772718,5961.392578125,132.0,132.8028631027049,11.606466456928203,False,False,science_V_005.fits,93126.96397354969,321.6970891718973,289.4864986601969,-7.9773104859856225,0.003750433975418001,16.13675025005068,0.015703363097056392,5
70,426.1158138261518,300.5698360772652,197751.12033081055,364.37335205078125,542.7156492587053,197664.91715644425,4.956194370400289,0.004522686130173925,1.0045432337504432,12804.8603515625,171.0,132.77403955337846,11.606771087288756,False,False,science_V_005.fits,196796.0992004944,364.5731575717563,539.7986525153335,-8.789663088541266,0.002011305502414458,15.32439764749504,0.01538100150764135,5
71,77.10316370142377,306.7624968756523,1176234.8182373047,800.4259643554688,1469.5110736249674,1168189.2920726612,5.278276478880595,0.0035062147678487365,1.0035185515653084,53642.4609375,308.0,132.8269895433712,11.607691291688267,False,True,science_V_005.fits,1164254.687758366,782.0328354234172,1488.7542249143567,-10.719741862172938,0.000729267451827018,13.394318873863368,0.015266358065049997,5
72,182.73815919211125,309.47857354144514,1426226.8768615723,878.7197875976562,1623.0735861323358,1416853.6717088528,5.4512485490642915,0.0010982325792305847,1.0010994400200797,51913.3359375,330.0,132.81096326120246,11.608095976998705,False,True,science_V_005.fits,1409176.597805644,857.7163354129386,1642.9401418910957,-10.92703542964355,0.0006608274838000562,13.187025306392757,0.015263241808913607,5
73,439.6641984378194,307.87218549728794,26492.028350830078,174.28045654296875,152.00802704059066,27283.115198865882,4.445728101309972,0.02054769280338975,1.0209787578756147,1855.9404296875,86.0,132.77198397306478,11.607856106590216,False,False,science_V_005.fits,25309.469694524363,251.39906581174435,100.67447789753086,-6.562829487909009,0.010784262532804532,17.551231248127294,0.018676995902191403,5
74,350.1612565260165,319.7641433323992,1478551.4137573242,896.5213623046875,1649.2093506354518,1468525.385935273,5.473492167611885,0.0010851148988604287,1.001086293652287,53920.60546875,334.0,132.78556273045012,11.609624375083975,False,True,science_V_005.fits,1460683.761551622,873.8722927173969,1671.5071226362766,-10.966012377122416,0.0006495335767924518,13.14804835891389,0.015262757005908323,5
75,199.4870976175067,330.6175200247973,818459.2808227539,676.3197631835938,1210.166145330541,813255.8057789609,5.122999458581263,0.0049213791736189005,1.0049457189317683,50043.96875,266.0,132.80842230518954,11.611237543925832,False,False,science_V_005.fits,811047.11658757,661.1824913891426,1226.6615150131431,-10.327237085646486,0.0008850852388471381,13.78682365038982,0.015274594378707668,5
76,499.2927500293091,333.9226812885027,1046892.6748352051,780.7568969726562,1340.8689425536634,1038570.3335318983,5.225379077559819,0.0008278764602356325,1.0008285624075486,56417.63671875,304.0,132.76293697492073,11.611726486170156,False,True,science_V_005.fits,1034638.2654250117,746.2222822116915,1386.501435414791,-10.591593215215273,0.0007830500367821098,13.522467520821033,0.01526902174057419,5
77,17.17778740499486,334.20005845364204,83906.69454956055,251.51144409179688,333.6098476653659,84344.9948992937,4.711018283271723,0.007763814863082197,1.0078245633241152,5775.64306640625,125.0,132.83608158180553,11.611767831032008,False,False,science_V_005.fits,85910.43700581638,267.4432124692663,321.22870576006454,-7.889736694523776,0.0033798349292324527,16.224324041512528,0.015618999382255016,5
78,317.1082927613494,338.87111684392795,1419814.003112793,921.5974731445312,1540.6010156129496,1409914.1218192945,5.487887298574745,0.0010078062484146777,1.0010088229464837,52285.67578125,340.0,132.79057726397951,11.612464089329722,False,True,science_V_005.fits,1401778.5509129455,856.7636313084024,1636.1321835898032,-10.921320400070432,0.000663577191922164,13.192740335965874,0.015263361105721835,5
79,172.976449413613,346.9684126627698,170651.8214416504,340.31024169921875,501.4595522884087,170551.39643940533,4.950553560355041,0.0040196115937420895,1.0040358340791973,11741.9833984375,170.0,132.81244449899873,11.61366732368274,False,False,science_V_005.fits,170327.0961033951,340.7587019908008,499.8466513350943,-8.632831229592107,0.00217206616689356,15.4812295064442,0.015402848080383917,5
80,69.37893613723305,349.1812175079544,409044.5035095215,491.58709716796875,832.0895846657188,407350.07382683293,5.048083853883904,0.001847951148970628,1.0018513723947147,26548.708984375,216.0,132.82816205203258,11.613995072738566,False,False,science_V_005.fits,407125.7275122265,482.77263767439126,843.3073785486881,-9.578943243128347,0.0012874309268685207,14.53511749290796,0.01530318058265929,5
81,372.732352994943,350.29501019621785,513910.05361938477,548.7577514648438,936.4971196262154,511551.8233170529,5.06670972887356,0.003287344160506578,1.0032981864344221,33661.87109375,225.0,132.78213806699657,11.614161410447105,False,False,science_V_005.fits,511431.55002765777,537.8391300782192,950.9005972720487,-9.826590664007156,0.0011417597203268828,14.28747007202915,0.01529161446064423,5
82,46.61200977624031,358.43980934608527,655036.1845092773,609.1282958984375,1075.3665343080602,651188.5213988854,5.09787356645155,0.000998326084644341,1.0009993237355965,40494.296875,253.0,132.83161634474354,11.615370646734496,False,False,science_V_005.fits,651337.4553124794,595.6348674064583,1093.5180107043834,-10.089137006785364,0.0009928505880764163,14.024923729250942,0.015281217551107193,5
83,195.87356626763258,357.96747257466257,106004.74887084961,280.1356506347656,378.4050642274594,106423.2410869839,4.818345510320329,0.006649057098053968,1.0066935629805007,7397.244140625,140.0,132.80897066579942,11.615302034088664,False,False,science_V_005.fits,105652.36034028899,290.7900854449567,363.3286196075891,-8.11431988381348,0.0029882039052486534,15.999740852222827,0.015538958141824249,5
84,425.83107526206066,356.55398549634685,28483.408905029297,177.48277282714844,160.48548516181603,29363.063060793516,4.453442680766694,0.0188973502646822,1.0192613385253626,1937.5382080078125,86.0,132.77408197946835,11.615090956624154,False,False,science_V_005.fits,28778.89033006388,221.92969251757276,129.6757094717514,-6.702306984524204,0.008372423828816679,17.4117537515121,0.017396187465170642,5
85,150.7268300569898,363.4451331397482,143651.05639648438,316.4137268066406,453.9975488619337,143767.50173231552,4.9120173909934985,0.004210077673574841,1.0042278773656788,9249.3125,159.0,132.81582028694905,11.616115782977511,False,False,science_V_005.fits,143628.41966546592,320.1678791447814,448.60346406116673,-8.447722829006928,0.002420177477390067,15.666337907029378,0.015439790043134944,5
86,189.41727691453025,375.444990154937,187272.02954101562,353.0026550292969,530.5116742690598,187169.37873341033,4.946524405585471,0.004131450271651738,1.0041485899647886,11564.6552734375,170.0,132.8099502940785,11.617899355241345,False,False,science_V_005.fits,186270.31580383406,353.4431247763778,527.0163790049294,-8.729981001220375,0.002060087775734661,15.38407973481593,0.015387456553886812,5
87,413.7207106203955,378.5297458609258,543237.633605957,595.4454956054688,912.3213419451179,542616.1015853304,6.744405931286171,0.37194989348751983,1.5922296479701794,23515.25,286.0,132.77591905702067,11.618356956323982,False,False,science_V_005.fits,529803.1131632822,570.3308120853944,928.940015052099,-9.864908138830966,0.0011687514612438235,14.24915259720534,0.015293653505038696,5
88,168.88977808830066,380.217188034679,88579.15087890625,262.423583984375,337.54264587812486,89085.34200879747,4.826853156990633,0.0022540938464995497,1.0022591862643562,5934.70947265625,136.0,132.81306474847761,11.618608433394177,False,False,science_V_005.fits,88556.89645236204,275.0961350608133,321.91254316526647,-7.922677843886044,0.0033726551606987655,16.191382892150262,0.015617447307002858,5
89,334.39894487832174,382.41659795161354,719453.3721008301,640.0599975585938,1124.0405193967279,715055.6213565577,5.1118196826025075,0.004939761067161985,1.0049642834412313,44420.09765625,256.0,132.787953707207,11.61893533412029,False,False,science_V_005.fits,713981.371311395,624.962823966152,1142.4381482090594,-10.188839075602445,0.0009503359124535497,13.925221660433861,0.01527851419152143,5
90,318.1674542387011,387.3177880891414,13960.319854736328,139.97227478027344,99.73632190125542,14736.299817229963,4.146008767507161,0.026035341028374237,1.0267312995277098,1006.4600830078125,65.0,132.79041632447513,11.619663797041834,False,False,science_V_005.fits,14403.960958081943,202.04467240079353,71.29097138235342,-5.950826712906382,0.015229137420180283,18.16323402312992,0.021551252495313544,5
91,63.34865332215303,389.9787263885273,136098.68453979492,306.0927734375,444.632138849186,136374.1075581326,4.839996633519987,0.0066719004263113835,1.0067167136711173,9110.6923828125,148.0,132.8290775819844,11.620057944424925,False,False,science_V_005.fits,136476.6288096637,313.1289671452427,435.84798319332737,-8.39226758951534,0.002491006134857851,15.721793146520966,0.015451050744785038,5
92,282.40913400967753,392.9497577777672,347364.14294433594,460.73712158203125,753.9313128310414,346238.5536994381,5.027271973923982,0.0048117810052829,1.0048350461886932,22721.115234375,202.0,132.79584157976294,11.620500898568759,False,False,science_V_005.fits,346228.1453857209,453.7212353483817,763.0856094268452,-9.40302779754031,0.0014227761427914637,14.711032938495997,0.015315160773120189,5
93,98.38142240846506,393.03769515612356,90844.32113647461,262.697021484375,345.8140508147252,91312.03395963005,4.801831669537381,0.006783736065212209,1.0068300694536931,6069.4189453125,135.0,132.8237624273844,11.620513024622564,False,False,science_V_005.fits,91066.94971306181,275.27134100173913,330.826120080864,-7.953023849361825,0.0032817844000184206,16.161036886674477,0.015598075727544956,5
94,407.0880923150447,398.0507891455498,714773.9250793457,639.0555419921875,1118.4848234804665,710654.8674609058,5.110860026846431,0.002198351598993842,1.0022031949962367,48789.703125,253.0,132.77692511602112,11.621258081362393,False,False,science_V_005.fits,707912.7814307815,624.0573323917941,1134.3713865480895,-10.17957125810764,0.0009570939578296335,13.934489477928667,0.015278936036194955,5
95,242.39344980710064,397.48365449506736,205268.42129516602,367.7365417480469,558.1942450413449,205098.3571215567,4.966859731837377,0.010900583361540095,1.0110207155905386,12642.0126953125,174.0,132.80191279952606,11.62117470938452,False,False,science_V_005.fits,204319.25034075492,367.0816690277768,556.6043406141706,-8.830395090217095,0.001950577673903895,15.28366564581921,0.015373178292596334,5
96,40.9999549925821,402.4475361181111,480071.68438720703,532.6913452148438,901.2192307978755,479175.99856458354,5.880091657020593,0.23637894088485523,1.3095500550479346,18818.640625,252.0,132.83246855556678,11.621910588250511,False,False,science_V_005.fits,473981.259242078,516.928313794287,916.9187421037651,-9.744024800121387,0.0011840743897425258,14.370035935914919,0.015294832124429053,5
97,222.19331115263563,404.1099411393397,831393.4297180176,719.25732421875,1155.9054064844854,828163.1042145105,5.498337892418043,0.1590902345505698,1.189188235274617,53085.203125,266.0,132.80497760745553,11.622159412700414,False,True,science_V_005.fits,824673.1407154036,700.5376697632245,1177.2002795997191,-10.345326499017151,0.0009222729715704522,13.768734237019155,0.015276794329574258,5
98,469.54649697034284,404.35811424080157,128833.26959228516,308.87994384765625,417.0982032288489,129110.3380585227,4.8914575462724015,0.006054785931071449,1.006091669686989,8105.50390625,151.0,132.76744873857947,11.622194512017721,False,False,science_V_005.fits,128173.77305327634,316.02868815267396,405.5763854936973,-8.324119796134115,0.0026769310019822937,15.789940939902191,0.015482112812642747,5
99,121.25188510362332,406.83171847550557,370829.819732666,472.0892333984375,785.5078944782674,369237.8039361269,5.048377166705901,0.0057298931419039745,1.0057629140234443,24763.80078125,211.0,132.8202926498635,11.622563232536873,False,False,science_V_005.fits,368255.1039911837,463.6571751709248,794.2400629418241,-9.46999381116324,0.0013669670552485396,14.644066924873066,0.015310076958792784,5
100,451.0476146232554,402.77120030988215,5719.410614013672,106.97467041015625,53.46509217635007,6494.891825079677,3.6632465736514264,0.03053155633832394,1.0314930893707137,450.84405517578125,42.0,132.7702554467946,11.621958980126129,False,False,science_V_005.fits,5930.274811022648,195.85649985525365,30.278672474007116,-4.987308922015343,0.035856922093662626,19.12675181402096,0.03896471120879781,5
101,177.2418422842948,410.8129416252388,756598.1218261719,653.0357055664062,1158.5861467864784,751608.4132808335,5.124397338986304,0.0016842020097058708,1.0016870433314753,50445.453125,263.0,132.8117977667236,11.623155355862973,False,False,science_V_005.fits,750437.2666517762,637.7213116974034,1176.7479820524738,-10.24290785637617,0.0009226274585203294,13.871152879660135,0.01527681573434852,5
102,307.4453529205802,406.6587747619283,25826.64144897461,171.56332397460938,150.5370778010622,26609.13196926302,4.433360940232834,0.006814766431918584,1.0068615261298601,1760.1136474609375,85.0,132.7920430043506,11.622538131269897,False,False,science_V_005.fits,26405.4802408828,216.26781261015483,122.09620988991745,-6.60885705024758,0.008892167913966147,17.505203685788725,0.01765220971335294,5
103,342.7301068761803,412.8692827958774,22234.812957763672,164.12539672851562,135.47454203289996,23083.25093906928,4.394956861569649,0.0062492832823918265,1.00628858241535,1584.384521484375,80.0,132.78668948723055,11.623460885529857,False,False,science_V_005.fits,20577.449467435734,213.52197661501017,96.37157632976492,-6.338100733675535,0.011265769860243278,17.77596000236077,0.018959098820829766,5
104,57.37820260109603,415.3910192229036,126598.46279907227,298.703369140625,423.8266985849485,126907.17391446594,4.872422125248893,0.006307881014211314,1.006347922956911,8061.271484375,149.0,132.8299838281077,11.623834400315884,False,False,science_V_005.fits,125757.1649251277,305.642213045279,411.4522129392433,-8.303453719171966,0.0026387025415277546,15.81060701686434,0.015475548735236752,5
105,411.8172766027367,418.0746676223957,757680.6011962891,656.4741821289062,1154.1666402465007,753191.9828726999,5.116319682419511,0.003505552212842322,1.0035178843400752,51002.3359375,257.0,132.7762073444739,11.624233793561793,False,False,science_V_005.fits,751452.579078832,641.0086540247187,1172.2970889092776,-10.244375822395462,0.0009261304239952957,13.869684913640844,0.01527702769246271,5
106,136.14396739764564,418.4470044617504,65716.92291259766,232.91009521484375,282.1557513510879,66415.77776275843,4.70808954371407,0.005392568308139611,1.0054218057660866,4307.96484375,119.0,132.81803330499133,11.624289541840307,False,False,science_V_005.fits,65786.0255379365,253.43122783182883,259.5813708545444,-7.599955997273464,0.004182503530302907,16.51410473876284,0.015812121721483777,5
107,35.912724977039446,422.410738842804,699911.4391479492,627.262939453125,1115.8182559903225,696054.0408973221,5.098381969115292,0.0023220985469863953,1.0023275032388754,45405.60546875,250.0,132.83324075161005,11.624877253661811,False,False,science_V_005.fits,695034.189816005,614.4151123024546,1131.2127190547756,-10.159637295887444,0.0009597664362430391,13.954423440148862,0.015279103676792088,5
108,474.6231193767494,428.06433572585496,266190.68829345703,415.78778076171875,640.208059519687,265452.50304207596,5.031122468890392,0.004710219542722438,1.0047325107071414,17314.146484375,193.0,132.76667808388032,11.625717431349756,False,False,science_V_005.fits,264288.6294490605,409.95267406104307,644.6808282306928,-9.109818070994688,0.001684089168557519,15.004242665041618,0.015341643128481238,5
109,168.74832711972246,432.5550961924864,18120.07177734375,152.23968505859375,119.02331360163895,18690.43579465682,4.373124788380752,0.02081173116286561,1.0212540650508213,1221.0908203125,77.0,132.81308657408655,11.626386425698598,False,False,science_V_005.fits,17426.824271329628,202.3902816491447,86.105044814059,-6.157667503735352,0.012609017303742578,17.95639323230095,0.019786792941760487,5
110,148.80859585122488,442.69978965906904,213492.0578918457,372.7348937988281,572.7718586150705,213315.56149269553,4.97007350086973,0.004131923553692407,1.004149067182108,14294.4462890625,177.0,132.81611199846185,11.627893887304444,False,False,science_V_005.fits,212710.80548892356,371.3638395476195,572.7827613696566,-8.874095754474935,0.0018954830229245018,15.239964981561371,0.015366284959098532,5
111,374.4307123864346,448.3009214995575,627673.7715148926,608.08984375,1032.2056485010855,625878.2346112042,6.09391203327202,0.2661018757221113,1.3625869407745652,31914.388671875,278.0,132.78187945068683,11.628726159019388,False,False,science_V_005.fits,617416.222259311,585.9544915506171,1053.6931300337615,-10.031066964380763,0.001030375893183638,14.082993771655543,0.015283701516166717,5
112,179.35388647418682,450.7144549969664,16472.314666748047,146.67967224121094,112.30127811889128,17242.279934058555,4.27993926267061,0.012998023565743866,1.0131691970999914,1095.3006591796875,72.0,132.8114775663201,11.629085175587713,False,False,science_V_005.fits,16936.41491479871,217.16290231689706,77.98944817049866,-6.126675585677729,0.013921114015661052,17.987385150358573,0.020647694132543165,5
113,123.66951442793729,459.4566789847529,19680.416473388672,156.1444091796875,126.03984079084694,20891.735649547147,4.441754420105556,0.03331313643887157,1.0344611452731973,1260.096923828125,81.0,132.81992640068108,11.630383909639981,False,False,science_V_005.fits,17716.273154464456,203.40189753242925,87.099842083036,-6.175552793386828,0.012465005378137838,17.938507942649476,0.01969533489512245,5
114,264.4927774612098,461.23280665622275,16834.637298583984,150.9589385986328,111.51798929471573,17790.6647234546,4.344546056947545,0.01227821583125921,1.0124308444220378,1133.056884765625,75.0,132.7985598129202,11.630648542484854,False,False,science_V_005.fits,15529.449355084109,204.73414547209617,75.85177997189855,-6.032512015891558,0.014313441298308735,18.081548720144745,0.020914216680386403,5
115,61.393630552069155,466.8434640231088,54194.76525878906,217.43748474121094,249.24297355302107,54889.7910635445,4.718062327669834,0.0009560210804356872,1.0009569359313586,3606.102294921875,115.0,132.82937540148154,11.631480864789866,False,False,science_V_005.fits,55000.23172004274,240.2269031235422,228.95117493046817,-7.405533172073042,0.004742059088929,16.708527563963262,0.015969251139515493,5
116,433.24500135118154,469.364352450168,92307.80242919922,271.4232177734375,340.08808526561063,92914.67461545122,4.8171908300566475,0.006558719018454728,1.0066020198113517,5975.67431640625,134.0,132.77295552959853,11.631855723277152,False,False,science_V_005.fits,91674.98122532152,286.08143128949297,320.4506521520906,-7.960248948267976,0.003388041162371269,16.15381178776833,0.015620777204478171,5
117,174.916011954605,472.20117319354836,67988.19073486328,334.9395751953125,202.98643627053474,68564.5322036517,4.810571021754581,0.011686762797835537,1.0118249582803522,4591.0595703125,127.0,132.8121510442868,11.632278312252678,False,False,science_V_005.fits,67918.36461354508,347.57592598132686,195.405836643571,-7.634589924320564,0.005556128817075027,16.47947081171574,0.01622961567585488,5
118,277.9009597549072,480.2607399455677,1423537.4773254395,881.6283569335938,1614.6684327131545,1412973.8976891728,5.434117015259904,0.0002553178399952172,1.0002553830438423,55392.109375,339.0,132.7965254024243,11.633476286671844,False,True,science_V_005.fits,1405486.3292601649,858.0910174626828,1637.9222024909352,-10.92418843832368,0.0006628519952589193,13.189872297712625,0.015263329594870234,5
119,243.58713958173587,481.03064127295363,951595.3808898926,747.1378173828125,1273.654416561706,944610.614171477,5.184286830387126,0.003982523130390936,1.0039984470382062,55037.984375,288.0,132.80173176844949,11.633590718165857,False,True,science_V_005.fits,941729.3796901295,709.870885749646,1326.6206553824695,-10.489437172975013,0.000818395217649456,13.624623563061293,0.015270875164387087,5
120,195.76163892868527,481.4812964590455,123795.41900634766,301.191650390625,411.0187611303084,124139.69524516081,4.92060991619855,0.00930038405594058,1.009387693208176,7840.095703125,155.0,132.80898823830142,11.633657556435336,False,False,science_V_005.fits,123527.08230853424,306.70791567997276,402.7515300173267,-8.284027332963932,0.002695706705206787,15.830033403072374,0.015485370263397632,5
121,326.00183583994635,493.0884050801318,19638.17739868164,156.31581115722656,125.63142047690265,20565.013407225204,4.31806266380756,0.03500529485948911,1.0362751159908097,1450.5963134765625,74.0,132.78922708202032,11.635382440294972,False,False,science_V_005.fits,20546.62647976889,210.62598459799506,97.55029285196976,-6.336473188781478,0.011129643676698378,17.777587547254825,0.018878528171557628,5
122,357.7590513307722,493.25215499044,2334.0177612304688,78.55531311035156,29.711774656817013,3411.652222583063,3.049827187400146,0.13375453967227335,1.1544072041909115,218.18942260742188,25.0,132.78440859105294,11.635406556347824,False,False,science_V_005.fits,3264.7965193224427,190.16517289921313,17.168214713283874,-4.339262170925241,0.06323895746480511,19.774798565111062,0.06505148421665298,5
123,229.25582412763552,510.3350832049599,150759.79901123047,282.6853942871094,533.3130117720596,150815.09313036062,2.95734383951245,0.5532496666851535,2.238386690346914,56056.55078125,24.0,132.8039062912893,11.637945661002709,True,True,science_V_005.fits,150441.87455652314,308.41275180699824,487.7939503962801,-8.49804371464057,0.002225734860217077,15.616017021395736,0.015410507883324558,5
124,29.08055312668407,14.008240237851982,794177.0372314453,658.0064697265625,1206.9441164635798,792557.8632725988,5.073366704347579,0.012954308257407843,1.0131243248066233,54340.11328125,230.0,132.83426989833796,11.564184001103339,False,True,science_V_005.fits,804589.2015293074,655.1409576727962,1228.116166614562,-10.318557372954547,0.0008840368928558707,13.795503363081759,0.015274533668232006,5
125,31.70926227713445,22.450986908991943,89197.35745239258,246.3112335205078,362.1327219936399,95230.80615681014,4.547896954903944,0.12270787452266574,1.1398711682906084,5994.033203125,103.0,132.8338713010824,11.565438732942479,False,False,science_V_005.fits,213589.86043428004,370.21558579079544,576.9337343754544,-8.878573453944798,0.0018818452368282786,15.235487282091508,0.015364608652660051,5
126,211.0944516706598,19.48814627129405,1430765.0854797363,917.4430541992188,1559.5137800989357,1421417.949900464,5.397906747610857,0.0020076807700929455,1.002011719660971,56075.08203125,319.0,132.80666018230323,11.565000312502194,False,True,science_V_005.fits,1413871.813904593,858.4181844831786,1647.0664758294142,-10.930646965872992,0.0006591719374612816,13.183413770163314,0.015263170221063488,5
127,238.91224988287678,16.95514537842851,1252577.2727050781,817.0173950195312,1533.1096747029903,1249878.1605149168,5.21831346939406,0.025354882087054498,1.026014476060115,56148.80859375,240.0,132.80244047708757,11.56462394638665,False,True,science_V_005.fits,1249622.2387912336,809.5433591455828,1543.6137233095503,-10.796568737753866,0.000703349538556984,13.31749199828244,0.015265141929487951,5
128,227.39446934113352,16.445620724186227,211931.51443481445,414.3086853027344,511.5304649719245,212533.89373986644,4.980087262826563,0.02020633464616206,1.0206230509143626,12990.3759765625,154.0,132.80418761406014,11.564548205543707,False,False,science_V_005.fits,222556.01280084168,415.67935205906974,535.4030978407019,-8.923220204343153,0.0020278179270509706,15.190840531693153,0.015383169475088419,5
129,249.44128038169188,24.601164403571254,1370724.0646362305,861.4656982421875,1591.153388269759,1359486.6299469844,5.490454392369174,0.060404784716407756,1.0642880931425094,55698.890625,329.0,132.8008433264145,11.565760238338566,False,True,science_V_005.fits,1352802.2102937668,840.6926856233667,1609.1518737202705,-10.882707634460997,0.0006747032506570816,13.231353101575309,0.015263848860312724,5
130,341.6387961925741,25.51836020050526,1358574.375793457,856.9204711914062,1585.4147747276756,1349818.9939281973,5.337424058737083,0.002351178012619193,1.002356719078699,56603.24609375,307.0,132.78685777422737,11.565896248930356,False,True,science_V_005.fits,1343974.4195839313,838.5315030342705,1602.7715294186194,-10.875599380769804,0.0006773891225743329,13.238461355266502,0.01526396781893243,5
131,340.5190522633267,41.36443071994014,819127.9271240234,671.5452270507812,1219.7658387378906,818207.3028493312,5.103859986192239,0.02288336739793939,1.023419279372004,50339.8671875,231.0,132.78702752009764,11.568251157841985,False,False,science_V_005.fits,816740.8943324164,663.3458092759676,1231.2445227081141,-10.334832627338935,0.0008817907247311121,13.779228108697371,0.015274403832433024,5
132,351.76167342546756,41.89266831531656,281307.88787841797,414.74908447265625,678.2604191546181,281588.6551138659,5.013428067984543,0.021393952838316355,1.0218616601648505,18881.01171875,174.0,132.7853220948634,11.568329578944821,False,False,science_V_005.fits,292726.83297275036,422.0727198284986,693.5459678410263,-9.220778209318008,0.001565433367567156,14.893282526718298,0.015329071699953506,5
133,61.61113456325897,25.635828386123023,182613.69271850586,339.5523986816406,537.8071055528658,183132.82415165863,4.926154956538534,0.020177850083878623,1.0205933802227332,11682.015625,153.0,132.82933550838885,11.565912526952344,False,False,science_V_005.fits,189421.52706112643,349.13376772185126,542.5471397313686,-8.748195207654568,0.0020011164385412904,15.365865528381738,0.015379672446272157,5
134,49.879784664026516,30.4667953508043,1309185.2024230957,837.1934204101562,1563.778656766918,1301440.38397886,5.290848787259832,0.006071185839287008,1.0061082702833337,59112.5,296.0,132.8311151306997,11.566630277571146,False,True,science_V_005.fits,1293723.6738031467,821.8022789943088,1574.2517474961955,-10.834225687442693,0.0006896609781293089,13.279835048593613,0.015264517346407554,5
135,37.110834539081765,41.13297462349268,95610.22094726562,263.0723571777344,363.43697214325863,96117.1436355354,4.827902722111261,0.02996938520030412,1.0308952982958095,6712.12890625,137.0,132.8330522603803,11.568215176491023,False,False,science_V_005.fits,62641.9810266933,273.9805424294761,228.63660488889516,-7.546785583166134,0.00474858345857432,16.56727515287017,0.0159711897621019,5
136,13.134029429645276,28.50131016481481,295785.3624267578,437.07293701171875,676.7414254679128,296427.55364113353,4.993818619898252,0.020303199627873525,1.0207239623730133,18464.70703125,175.0,132.83668911315095,11.566337536918057,False,False,science_V_005.fits,294595.16504106636,437.7547042519753,672.9685876122417,-9.227685911118554,0.0016132996695316342,14.886374824917752,0.015334033826026786,5
137,16.43451667964938,41.80944175202171,1367378.9300842285,849.10400390625,1610.378615332971,1369056.331570164,5.218630178615693,0.03480882179591582,1.0360641731731157,60001.39453125,239.0,132.8361887140348,11.568315334646616,False,True,science_V_005.fits,1425993.0974200857,860.6891207329626,1656.8039063927176,-10.939915432291196,0.0006552978272267865,13.17414530374511,0.015263003400261396,5
138,20.96441974887693,49.55315946140508,462004.4855041504,508.2507019042969,909.0090456798728,464566.6159098556,4.900448766940477,0.09408957547613206,1.103861897301363,29429.5625,175.0,132.83550170821528,11.56946622103697,False,False,science_V_005.fits,679463.923038117,606.4147772422236,1120.46069544693,-10.13503787976067,0.0009689764258682323,13.979022856275636,0.015279684972796762,5
139,138.5839906646253,36.3926484321948,1216597.8839416504,806.4425048828125,1508.5984141156341,1212964.1733075571,5.203091936480686,0.03959000398207135,1.0412219824306497,55648.90625,257.0,132.8176595050284,11.56751204988029,False,True,science_V_005.fits,1237043.3430637636,804.3203866206167,1537.9982450292591,-10.785584165400778,0.0007059175805362155,13.328476570635528,0.015265260468938384,5
140,137.91951187323747,46.966431861024695,848507.2224121094,676.7871704101562,1253.7282908272107,850245.2775220582,5.108313254545471,0.025510030189985433,1.026177827356149,54923.1640625,206.0,132.81776040116839,11.56908342490713,False,True,science_V_005.fits,881846.7199458838,686.912443213847,1283.7832953207262,-10.418104633733417,0.000845703479673928,13.695956102302889,0.01527236301066588,5
141,128.0114738770212,56.88155250135885,1640475.593170166,934.0357055664062,1756.3307091942158,1633297.0051202793,5.669482999980658,0.12073429713346684,1.137312642515062,55964.87890625,320.0,132.81926348213563,11.57055682610198,False,True,science_V_005.fits,1619597.4087804405,915.7466417951214,1768.608624767188,-11.07813955719666,0.0006138723880434072,13.035921178839645,0.015261280970574682,5
142,220.4641561491197,40.380968849183695,1582208.4750671387,922.566162109375,1715.0081371395015,1570012.1506775739,5.529151474615037,0.008628403441481747,1.0087035007573697,55180.828125,352.0,132.80523894332998,11.568105245994603,False,True,science_V_005.fits,1557656.0064374197,899.5280173207027,1731.637010125588,-11.03580075930619,0.000626978976339423,13.078259976730116,0.015261813790988095,5
143,199.34218039946907,44.12893390028124,1341692.1582641602,853.25537109375,1572.4391591515032,1334686.611377334,5.855926785611015,0.18585296712228794,1.2282793643125685,55352.41796875,338.0,132.80844300356162,11.568662159914597,False,True,science_V_005.fits,1321108.5246164238,830.5992181090072,1590.5487217097796,-10.85696811131369,0.0006825946198195763,13.257092624722615,0.015264199715970355,5
144,272.9608822319583,43.57077150697405,346842.77462768555,452.72381591796875,766.1244282552427,350290.75652925915,4.972186508878249,0.031635945973401136,1.0326694757429855,22832.177734375,181.0,132.79727558375657,11.568579320293248,False,False,science_V_005.fits,360023.8390998935,459.10789610275725,784.1813267775146,-9.445450020728273,0.001384501215377743,14.668610715308033,0.01531165246370898,5
145,272.1078109636872,52.864094437885385,145173.97256469727,309.188720703125,469.53191641194945,146784.85774710594,4.835277485319764,0.038935710704633864,1.0405131177365676,9857.44921875,132.0,132.7974049755745,11.569960412121402,False,False,science_V_005.fits,181348.85907368327,347.7591937760353,521.4782594374083,-8.70090894312397,0.002081965988709284,15.413151792912336,0.01539040090225609,5
146,62.874707896176446,51.281102423518696,828510.9576416016,696.37158203125,1189.7541183758726,823086.8079609378,5.13473255862474,0.0049329931917752035,1.0049574482502421,55165.69140625,266.0,132.82914423334523,11.569723717138345,False,True,science_V_005.fits,819705.7544021435,683.1890079201404,1199.8228087679668,-10.338766833742085,0.0009048836145354219,13.775293902294221,0.015275754381040483,5
147,47.047935256253226,59.401070654941805,1375743.1251220703,853.875,1611.1762554496504,1372817.1087496825,5.308782689436856,0.027865053268719575,1.0286637707680537,58487.953125,263.0,132.83154518426946,11.570930184301965,False,True,science_V_005.fits,1402226.8882743805,854.9890188377561,1640.052512230533,-10.921667600616194,0.0006619909984000496,13.192393135420112,0.015263292227956114,5
148,38.49297333876776,63.4459619405088,471729.6736755371,513.4071655273438,918.8217565896304,475250.1809775629,4.935448829510402,0.09130083524780208,1.1004742149979854,29365.556640625,177.0,132.83284299052414,11.57153115655178,False,False,science_V_005.fits,614493.6187954377,579.7881812776368,1059.858821960329,-10.025915317335809,0.0010243817171723636,14.088145418700497,0.015283298579053535,5
149,53.05408691745164,74.65815383195846,615637.1129760742,587.5949096679688,1047.7237002001111,611908.9198075775,5.133364750177403,0.004940183954751598,1.0049647105380919,40574.5234375,238.0,132.83063433650614,11.573197652668577,False,False,science_V_005.fits,606035.1356429014,576.5474987933644,1051.1451995043785,-10.010866383192107,0.0010328734798122224,14.103194352844199,0.015283870098221923,5
150,54.67437197470241,89.53190497780571,577428.8601989746,571.09619140625,1011.0886202499989,574233.0799131818,5.1047478699893185,0.006656927742831997,1.0067015394064263,36041.75390625,237.0,132.83038878777117,11.575408082321887,False,False,science_V_005.fits,572625.6088427363,560.3111906660336,1021.97781943649,-9.94929879040814,0.0010623518234462721,14.164761945628166,0.015285890518736632,5
151,155.42610246558397,57.4738828218609,551580.152557373,562.9000244140625,979.8900846229797,548794.9310620289,5.220632255888243,0.04874423145421736,1.0512419825098505,32581.890625,247.0,132.8151048596294,11.570645098025246,False,False,science_V_005.fits,546448.8824754516,549.8012792104167,993.9025301291048,-9.898495729383928,0.001092360636066568,14.215565006652378,0.01528800540663335,5
152,148.35999240768814,72.2393661755515,129305.36483764648,295.9466857910156,436.9211450773136,130468.36039794283,4.8686283496309555,0.03390829647192095,1.035098424246985,8345.3408203125,138.0,132.81617687173562,11.572839354794272,False,False,science_V_005.fits,137034.52434166268,315.6229034021124,434.1716740596511,-8.396696865694025,0.00250062375061998,15.71736387034228,0.015452604204346514,5
153,144.72556935478937,83.91938740295689,1385305.18460083,858.2430419921875,1614.117583039421,1380799.626220292,5.356513576623477,0.011890231529355644,1.0120333103757884,55139.71875,264.0,132.8167282994544,11.574575104173151,False,True,science_V_005.fits,1379729.2900807313,848.3639648202501,1626.341225340784,-10.90410658396231,0.0006675720833261803,13.209954152073996,0.01526353530609666,5
154,135.9458788505365,88.5336609231705,168361.52368164062,322.5389404296875,521.9882084853035,173081.82786670502,4.81530326861108,0.1070772071942806,1.1199176547591816,10973.693359375,120.0,132.81806018698884,11.5752607568468,False,False,science_V_005.fits,273873.5475800509,409.7274978957891,668.4285262438218,-9.148497092547306,0.0016242574297374776,14.965563643489,0.015335190567843628,5
155,132.9468720259543,100.77054280769869,1409369.0464782715,869.3211059570312,1621.2295282152436,1401178.1360257622,5.413055528888446,0.0074864383747405006,1.007542907889824,54788.40234375,308.0,132.81851524579986,11.57707926450677,False,True,science_V_005.fits,1392700.5407147892,851.9505108431844,1634.7200019123397,-10.914266234562014,0.0006641504347716544,13.199794501474292,0.015263386038295376,5
156,151.2529422077331,103.27610655690555,109491.16354370117,278.8202209472656,392.69448669008,110198.60617273828,4.863843927756012,0.025518020860633484,1.0261862419284247,7296.6298828125,137.0,132.81573828583774,11.577451782244127,False,False,science_V_005.fits,106443.31177604759,294.9525231852344,360.88286557630045,-8.122417819829268,0.00300845538417632,15.99164291620704,0.015542865287732577,5
157,199.60489130796532,112.12271173429893,646379.2776794434,606.0730590820312,1066.503894197938,642206.2160152848,5.119936389939715,0.003673119180068185,1.003686660724285,42200.0390625,258.0,132.8084034564096,11.57876678967656,False,False,science_V_005.fits,639537.2215124281,591.6370498027143,1080.9620893851838,-10.06928643852103,0.0010043830497492388,14.044774297515277,0.01528197117078312,5
158,151.5904634664803,113.64726091396263,118444.06478881836,296.68707275390625,399.22219626692146,120168.74195127311,6.379678744396126,0.3694933542183345,1.5860261056570755,5695.1015625,171.0,132.81568717132777,11.578993053496717,False,False,science_V_005.fits,118134.53488341285,299.2987268342919,394.7044350403086,-8.235564063392603,0.0027506658238819247,15.878496672643703,0.015495032108024005,5
159,164.68084301408825,117.44992569345455,390344.1753845215,479.0101318359375,814.8975343974887,389058.47682623635,5.06281115295965,0.0031468085915180577,1.0031567422551677,24479.298828125,202.0,132.81370141050448,11.579558271786066,False,False,science_V_005.fits,387030.61993175215,472.93122593621473,818.3655438813249,-9.52398518801804,0.001326668758377543,14.590075548018266,0.015306531532273333,5
160,165.39983356889712,132.5677710736001,864662.4246520996,692.1029052734375,1249.3263907200144,858564.8249655948,5.1591329041194225,0.009251092121156601,1.0093374739528735,52617.3125,274.0,132.81359245002224,11.581804956375144,False,True,science_V_005.fits,846539.3067062885,676.5559716997684,1251.2480003383262,-10.37373969447496,0.0008676936943806796,13.740321041561346,0.015273596495301649,5
161,192.36717750943666,130.85957676336324,1019424.7299194336,743.8548583984375,1370.461883000017,1015385.4282443096,5.1820688151706795,0.007358897114505214,1.007413451944629,53890.80078125,254.0,132.8095014993519,11.581551261902309,False,True,science_V_005.fits,1008011.4058441238,732.6989362017692,1375.7511524031195,-10.563285489699428,0.0007891688828343214,13.550775246336878,0.0152693367596519,5
162,185.5121519198116,141.25960023519613,168685.1473388672,321.5821838378906,524.5475521240357,178192.3435750312,4.770805949670704,0.0700716188972631,1.0753516295676127,10754.935546875,111.0,132.81054146313605,11.583096785000462,False,False,science_V_005.fits,245111.99457129126,408.3908090963339,600.1897915226408,-9.028033284042433,0.0018089278013970428,15.086027451993873,0.015355848310812723,5
163,193.7718569657601,142.65730411979325,367024.1343078613,455.8747863769531,805.0985605603923,370329.090051885,4.930515975524801,0.06878982392218025,1.0738714263324713,23353.583984375,141.0,132.80928846821953,11.583304541957151,False,False,science_V_005.fits,419083.2990160395,498.7112501448799,840.3325549489655,-9.610372759066937,0.0012919885033680935,14.503687976969369,0.015303564677775506,5
164,203.79468249875688,148.63427539636626,1381611.105255127,860.23486328125,1606.085924005867,1374344.8678344104,5.342126737504511,0.012637508316640123,1.0127992590594508,57281.60546875,284.0,132.8077680236122,11.584192830736319,False,True,science_V_005.fits,1367603.5343937764,845.8263195968027,1616.884581039876,-10.894522410300167,0.0006714765003830687,13.219538325736139,0.015263706569656975,5
165,131.109949436596,150.83645646460877,561150.3764343262,578.11083984375,970.6622636344133,562510.2485937773,6.5648169905943154,0.3470374241620129,1.5314813390593456,21597.982421875,250.0,132.81879440288782,11.584519596480913,False,False,science_V_005.fits,551293.1203786551,563.8097071172045,977.7999800632247,-9.908078306353566,0.001110349787417462,14.20598242968274,0.015289301298765774,5
166,175.85040801162373,148.52328859165843,1058064.2201538086,753.5339965820312,1404.1360110533853,1064002.5502456448,5.155751259526824,0.05496675794624173,1.058163835408358,53458.89453125,226.0,132.81200720145563,11.58417619295656,False,True,science_V_005.fits,1125838.931723052,774.5418459051444,1453.5546887171408,-10.683312530463693,0.0007469275208063915,13.430748205572613,0.015267211869734459,5
167,152.0003783348771,150.36253301679957,153980.4535522461,343.1236877441406,448.7607794279296,156356.46608113596,4.865819681157454,0.06879246840637221,1.0738744759598795,10034.2900390625,137.0,132.81562529334988,11.584449353457433,False,False,science_V_005.fits,189358.3660905657,382.9637528975496,494.45506175939005,-8.74783311793259,0.002195750602970507,15.366227618103716,0.015406205836106052,5
168,142.8438518670681,153.62047912592254,589797.3913574219,572.1056518554688,1030.9239026822665,590120.5893996586,5.077871394199977,0.022667965377051624,1.023193719814778,37884.69140625,192.0,132.8170143796562,11.584933442560144,False,False,science_V_005.fits,597592.1214015279,574.5422060641506,1040.118750361751,-9.995634031909328,0.0010438231207950018,14.118426704126978,0.01528461397162287,5
169,167.64846759991153,154.2352799667496,1325082.3150634766,856.6043701171875,1546.9011848284163,1336725.7646554934,5.30476948751409,0.038400884598180474,1.0399344009193832,52952.24609375,264.0,132.8132514854428,11.585025004306258,False,True,science_V_005.fits,1374303.982836298,847.8206109699522,1620.9843981783133,-10.89982888682999,0.0006697781923256795,13.214231849206316,0.01526363195248555,5
170,195.96262188841183,163.80800168101692,1367581.1227416992,867.9811401367188,1575.5885231864447,1342238.401328055,6.242330995840552,0.24644822578605896,1.3270488295819336,58779.0078125,401.0,132.8089562285685,11.586447780772389,False,True,science_V_005.fits,1328116.4771514458,834.0131824419168,1592.440629370915,-10.862712285954249,0.0006817836596073914,13.251348450082057,0.015264163472412448,5
171,133.14938153239095,165.52816849382657,455406.6685180664,506.2261962890625,899.6110273558869,459763.6927303452,4.992091668026309,0.02913061567523345,1.0300046701910306,29161.46875,170.0,132.81848516294113,11.586702967678178,False,False,science_V_005.fits,462414.06201715826,521.174390535553,887.2539986893576,-9.717199455325087,0.0012236631242054528,14.396861280711219,0.015297947868768643,5
172,122.63499031741132,168.09344795491876,1085748.0201721191,759.7647094726562,1429.0582421572649,1088701.7309642702,5.105737335916311,0.08551601403556752,1.093512861185186,52722.5,206.0,132.82008024980942,11.587084091044707,False,True,science_V_005.fits,1345404.00928887,839.2666581016123,1603.0709623710302,-10.876753667894391,0.0006772625950345892,13.237307068141915,0.015263962204377203,5
173,114.42225008946878,169.44128314018462,989923.7501220703,729.7901000976562,1356.449957309101,992991.9299763371,5.0445162603663025,0.06599374722567586,1.070656643924654,53918.3515625,227.0,132.82132616002545,11.587284305724644,False,True,science_V_005.fits,1267246.6385952942,815.038600633746,1554.8302100169572,-10.811774743839756,0.000698275601416414,13.30228599219655,0.015264908986612277,5
174,134.2460228499108,183.79601306637718,224212.91842651367,379.1181640625,591.406425964731,223677.09377916335,4.9981966653606325,0.010997040312536455,1.0111193199219664,15071.2666015625,188.0,132.81831897787296,11.589417782613587,False,False,science_V_005.fits,222441.16929140047,375.12548340548017,592.9780277042912,-8.922659797383881,0.0018309278746858081,15.191400938652425,0.015358455470402103,5
175,99.70618231638824,61.22722457834924,627964.0829467773,589.8602294921875,1064.5981057027586,627071.802490665,5.063467204148993,0.02337401712241116,1.023933437705129,41092.33984375,212.0,132.82355727167902,11.571202325758723,False,False,science_V_005.fits,662687.9249961523,599.3510381210489,1105.675777376916,-10.107894517225603,0.000981933422269315,14.006166218810703,0.015280512124918861,5
176,89.75443737220714,62.19489541430011,684046.0936584473,613.4956665039062,1114.9974335704485,688440.7678833025,5.035772497712069,0.04124580820101509,1.0430202115973255,45757.02734375,216.0,132.82506690526074,11.571346006469609,False,False,science_V_005.fits,718104.8452940091,621.8059989695648,1154.8695999781721,-10.195091516709505,0.0009401061384077654,13.9189692193268,0.015277881302899783,5
177,306.7553969539056,65.24882542309858,126629.53436279297,293.2867736816406,431.76012601321,127989.23971039364,4.7735405109389095,0.06715035281552229,1.0719841112854522,8375.064453125,128.0,132.7921491130675,11.57180082612001,False,False,science_V_005.fits,163016.665727168,334.63047552884086,487.15427209533414,-8.585201889090044,0.002228657454506594,15.528858846946262,0.015410930264054492,5
178,302.36702201226706,71.57001766422486,92304.54055786133,258.9576110839844,356.44652486358234,93352.4525235367,4.749764481369182,0.072321487842118,1.0779596453882394,5743.8291015625,118.0,132.7928147808653,11.572740242460924,False,False,science_V_005.fits,142330.5330135923,318.8652972125787,446.365704445738,-8.437867063410122,0.0024323105229335155,15.676193672626184,0.015441696540017742,5
179,491.2547800040072,81.22117149844644,413913.5480957031,501.1497497558594,825.9278754451053,411349.11237317405,5.115036871757142,0.006487745124431621,1.0065301108190599,27289.73046875,233.0,132.76416128613863,11.57417239625296,False,False,science_V_005.fits,408337.20551922236,487.79274436775654,837.1120936792141,-9.582169254876732,0.00129695892365885,14.531891481159574,0.015303985102047151,5
180,488.9326048512094,99.75988495676849,1205947.4839782715,804.6759643554688,1498.6746683110066,1225617.334467639,5.097596161981676,0.06367930028154511,1.0680101383005771,58155.66015625,234.0,132.76451319977164,11.576927497124926,False,True,science_V_005.fits,1476459.1511896586,879.4290069731499,1678.8838433603507,-10.977675463928698,0.0006466796403418414,13.136385272107608,0.015262635817946239,5
181,485.94003605313185,107.21831598670772,891951.3286132812,690.54052734375,1291.6712246336692,924782.9659541117,4.846551594619575,0.04663746105328748,1.0489189150486373,56733.9765625,162.0,132.7649670248211,11.578035957393446,False,True,science_V_005.fits,1496361.6573108009,884.6853296322241,1691.4055282603804,-10.992213302367663,0.0006418921907608096,13.121847433668643,0.015262433722659782,5
182,492.54897164994264,111.59068390523915,611670.9017944336,586.0574340820312,1043.7047057555408,612901.7982988548,4.965002286247671,0.10765315238657314,1.120640480407916,36646.23828125,197.0,132.76396438027498,11.578685617373317,False,False,science_V_005.fits,921621.9292019963,703.5902516938738,1309.8844490571284,-10.466003873706274,0.0008288517363355987,13.648056862330032,0.015271439118657068,5
183,463.6653751252458,89.80728411724452,1429135.6544799805,872.6090087890625,1637.7732066544002,1442225.2935118005,5.259248519675048,0.03653887721249349,1.0379245994968416,56792.265625,248.0,132.76834633434027,11.575448872061328,False,True,science_V_005.fits,1624287.1049591315,919.5677384145158,1766.3593850733241,-11.081278865304782,0.00061465407842523,13.032781870731524,0.015261312433409767,5
184,461.7884286381467,98.30551172153508,1134163.83883667,822.1263427734375,1379.5493220793487,1167138.1916756765,5.540044361051885,0.18636968204434978,1.22905941178867,57095.8203125,270.0,132.76863091836282,11.576711833481223,False,True,science_V_005.fits,1420010.494393494,886.162618014931,1602.426536084789,-10.935350759013222,0.000677534960605865,13.178709977023084,0.015263974291673385,5
185,176.95845832588975,87.83132353496198,294526.8457336426,418.9254150390625,703.0531812116951,296503.9931319463,4.961703745697712,0.0322821414893657,1.033359042829952,20050.19140625,167.0,132.8118387264344,11.575156700822152,False,False,science_V_005.fits,312114.5738455373,430.3028906408285,725.3369211178683,-9.290406994141613,0.0014968216402478872,14.823653741894693,0.015322216960242312,5
186,187.41387183391706,93.11135780364557,1311364.8975524902,836.5607299804688,1567.5668849326776,1308402.1710813944,5.3545080746073905,0.0155212207665969,1.0157659272033095,53537.75390625,260.0,132.81025270836244,11.575941432530222,False,True,science_V_005.fits,1326022.4874039902,832.5353478718428,1592.7521765815918,-10.86099909686861,0.0006816503006325561,13.253061639167695,0.015264157516429634,5
187,196.4609586299115,93.99570974628469,180403.35052490234,340.48931884765625,529.8355646968752,194930.8697520641,4.646918199051667,0.12077071637400005,1.1373597520272911,13253.0615234375,126.0,132.80888029964476,11.576072902076815,False,False,science_V_005.fits,375490.8629278239,472.3640938918997,794.9183009108115,-9.491120307762152,0.0013658007354416335,14.622940428274154,0.015309972867479411,5
188,297.43689319658085,97.80836092632646,943600.7621459961,719.7432861328125,1311.024055835202,940923.9972150063,5.192058853606002,0.029785084291259478,1.0306994706111083,53995.54296875,260.0,132.79356256647742,11.57663956849327,False,True,science_V_005.fits,938073.7539716779,707.2456732796097,1326.3760944929954,-10.485214336949385,0.0008185461156211555,13.628846399086921,0.015270883252039525,5
189,285.8989428079474,101.25333769968816,420909.16720581055,495.8167724609375,848.9207920834738,421204.37751934904,5.053132465484671,0.017489500223390686,1.0178008278052675,28444.9453125,200.0,132.79531283088926,11.577151563640129,False,False,science_V_005.fits,426270.55812556273,493.9121357321577,863.0493711066129,-9.62883521806099,0.0012579813349587426,14.485225517975316,0.015300731178382536,5
190,352.0387008711623,101.14701563172983,958702.770904541,727.5552368164062,1317.7044468810047,952521.4579122353,5.1839135214662795,0.0026049889737699283,1.0026117926648637,53580.16015625,275.0,132.7852796075173,11.577135428917279,False,True,science_V_005.fits,948404.752852737,711.6027042667537,1332.7728340071274,-10.497106178397962,0.000814617444396525,13.616954557638344,0.015270673172284775,5
191,366.4015941787286,100.9002311092504,671973.2444763184,615.6005249023438,1091.5735404594031,668846.8375678707,5.129039663427516,0.0035003956378796275,1.0035126914477004,43710.359375,235.0,132.7831007975017,11.577098635802107,False,False,science_V_005.fits,665472.5382096168,604.4119865020454,1101.024720010851,-10.112447219848217,0.0009860814024132902,14.001613516188089,0.01528077923687821,5
192,374.56076431843036,112.08499579829109,286190.2865600586,422.6485595703125,677.1353647839595,285560.9909788101,5.044963636565333,0.00986586720723237,1.00996417240905,18521.921875,193.0,132.78186296554998,11.578760741378579,False,False,science_V_005.fits,284643.82133685396,417.9414040452143,681.0615521262407,-9.190376276972312,0.001594129042537342,14.923684459063994,0.015332028729371852,5
193,73.41766250181311,103.12672138422366,104705.11709594727,274.4378967285156,381.52572346641153,105076.86442229332,4.8532175038346566,0.010055716182641339,1.0101578607473394,6853.02978515625,144.0,132.82754569852762,11.577428705092379,False,False,science_V_005.fits,104080.09504101875,282.89379757199293,367.91225517954905,-8.098041074368105,0.002950975360878249,16.0160196616682,0.015531841910556949,5
194,61.99275753191324,115.5029834997718,903968.5026245117,704.85107421875,1282.495743695165,897901.4558990848,5.1548515629106735,0.0024482180213503124,1.002454226502903,54862.05859375,281.0,132.82927902029135,11.57926778568162,False,True,science_V_005.fits,895785.4706653482,689.5903701755848,1299.010991753353,-10.435131909184639,0.0008357896945387396,13.678928826851667,0.015271817245093,5
195,421.5936563513808,115.40458093703646,708615.0348205566,633.9335327148438,1117.8065179576265,704127.7256595627,5.136075597867649,0.0024126234689310078,1.0024184582981799,44050.7578125,253.0,132.7747281167662,11.579253537052603,False,False,science_V_005.fits,701702.94700924,619.4863106570509,1132.7174385257795,-10.17000512524309,0.0009584914675746742,13.944055610793216,0.01527902364182464,5
196,429.88357571739374,128.82105024569503,905264.8364257812,708.5804443359375,1277.5752473301336,899642.7300268717,5.173814205443218,0.0053649808869195015,1.005393919160119,53617.2578125,261.0,132.77347035944504,11.581247261226405,False,True,science_V_005.fits,895200.0984876162,693.791699979836,1290.3009628302468,-10.434422177291541,0.0008414315971822117,13.679638558744765,0.015272127051814341,5
197,421.07531913580624,140.88743258837656,806380.1675109863,672.56396484375,1198.9642765031642,801349.5337304275,5.148783586227675,0.001938709710143982,1.0019424756064639,53637.09765625,259.0,132.77480640592057,11.583040577982567,False,True,science_V_005.fits,798132.5139421702,657.6383982404988,1213.6342951955987,-10.309809382167325,0.000894585794335204,13.804251353868981,0.015275147832261695,5
198,116.19262132700294,118.08828340054774,29514.83901977539,165.071044921875,178.80082502503214,31490.999557171694,4.342608123896831,0.1701434520515669,1.2050275465948839,2164.00439453125,76.0,132.82105701402864,11.5796527000823,False,False,science_V_005.fits,79550.87250993267,261.51002842831315,304.19817162667505,-7.806234242362292,0.0035690549821332175,16.30782649367401,0.01566103480040552,5
199,109.58111855948086,124.10019923451301,329246.14266967773,442.4182434082031,744.1965777299431,329561.601608473,5.04519821808339,0.010045731353061527,1.0101476721412515,21380.00390625,190.0,132.82206004077995,11.580546063191182,False,False,science_V_005.fits,332238.8071503593,440.71319714718544,753.8662542919068,-9.358247771142402,0.0014401758850709917,14.755812964893904,0.015316787004263095,5
200,94.32626551079821,142.7923542778057,42289.730865478516,184.0144500732422,229.8174455791172,46771.77359256064,4.388778879947059,0.15610612663571588,1.184983125915324,3078.99658203125,78.0,132.82437443153964,11.583323740181635,False,False,science_V_005.fits,145062.11102889574,318.42510870128314,455.5611572860592,-8.458506857240042,0.002383214597284596,15.655553878796264,0.015434039308318909,5
201,86.36986099242995,146.9230581596551,445080.26330566406,500.9705810546875,888.4359284504128,447175.9701325959,4.992799476159933,0.051748608444298405,1.0545726680763416,29012.2578125,175.0,132.82558147955862,11.583937505062089,False,False,science_V_005.fits,509021.9691707205,532.0026840150944,956.8033855187808,-9.821463190804783,0.001134715884613359,14.292597545231523,0.015291090140758986,5
202,93.8385296243483,153.01172418309247,721707.4092712402,625.9147338867188,1153.0442889396154,722991.1860260123,5.0485094707248175,0.03309022857620059,1.0342226643624404,48793.7109375,189.0,132.82444855440897,11.584842445641694,False,False,science_V_005.fits,756108.480592347,638.5703205266904,1184.0645521525516,-10.25108214699635,0.0009169263601602368,13.862978589039956,0.015276472482349434,5
203,92.06614969268745,166.16858342762092,1188546.62008667,802.8616943359375,1480.3877535466927,1183576.9885622344,5.721158205985043,0.16272464015254207,1.1943502077765535,54258.5859375,307.0,132.82471760020292,11.586797678116277,False,True,science_V_005.fits,1169273.3164887852,783.5745397151069,1492.2298482463598,-10.724411971382672,0.0007275688804079975,13.389648764653634,0.015266277019291933,5
204,276.27449324750904,152.71090228905183,211044.16748046875,371.8345947265625,567.5753963551056,214572.44101073284,4.930051665114262,0.07503665821197147,1.081123926562235,14831.5556640625,154.0,132.79677274574274,11.584798748447596,False,False,science_V_005.fits,250742.89239741385,402.5005578956372,622.9628443457412,-9.052693452236818,0.0017428005696555509,15.061367283799488,0.015348198962080683,5
205,296.33860713018623,160.60652935089635,241033.6131591797,394.8784484863281,610.3995142888255,240271.52582019207,5.049780075935491,0.015152718212889993,1.0153858557495268,15112.8525390625,196.0,132.79372896357162,11.585972076641077,False,False,science_V_005.fits,238979.20631828962,388.6801952992821,614.8479114925747,-9.00052216015505,0.0017658025337752355,15.113538575881256,0.015350827865047208,5
206,280.1156517960953,161.73006376452437,574820.8406066895,571.605712890625,1005.6247298505914,573471.0516605596,5.082971976485551,0.018934436626712348,1.0192998687688195,38311.6171875,219.0,132.79619001800154,11.586139088926403,False,False,science_V_005.fits,585196.1494984843,569.5522287586405,1027.4670520979969,-9.972875523718749,0.001056676219235543,14.141185212317557,0.015285497119371707,5
207,469.41229062082607,167.16706253265392,20299.976959228516,157.5766143798828,128.82607637634416,21191.845662340937,4.3848026666478415,0.009988693082657596,1.010089473739204,1389.227783203125,76.0,132.76747320860642,11.586945295576669,False,False,science_V_005.fits,24211.349740722588,214.57277720250795,112.83514179374475,-6.51466937724127,0.009622002354413562,17.599391358795035,0.018030884250706147,5
208,475.617367919109,175.03874597670503,76792.5751953125,252.90773010253906,303.6387031909925,77544.43157278321,4.87865605722009,0.008385990227606333,1.008456909790465,5040.5439453125,132.0,132.76653174198444,11.588115008275196,False,False,science_V_005.fits,77416.84430342133,269.2806463633392,287.49501811193335,-7.7767105351838826,0.003776413264932798,16.337350200852423,0.015709587986372626,5
209,366.087171424038,179.1587460970738,1841663.1186218262,1000.265380859375,1841.174506149125,1835285.5765344724,7.468587778359745,0.41947623725999006,1.7225823716157753,53003.91796875,425.0,132.78314779246062,11.58872872185305,False,True,science_V_005.fits,1751899.0818718001,953.3871611700764,1837.552626282195,-11.16339458659973,0.000590840221102472,12.950666149436575,0.015260371873610918,5
210,399.1461954211449,185.3926001913805,1381195.5078125,866.6656494140625,1593.6889949962851,1372166.5894991895,5.410954852245722,0.000886025385994138,1.000886811123162,53711.12890625,317.0,132.77813254687578,11.589654808255908,False,True,science_V_005.fits,1364760.0910304834,846.0057239651777,1613.180682317296,-10.892262659444587,0.0006730182253611032,13.22179807659172,0.01526377447048046,5
211,354.76930348971337,188.90919078381864,23706.679077148438,169.94361877441406,139.49731827599288,24702.544615009356,4.603895688358826,0.059313027707728394,1.0630528852368328,1578.30078125,91.0,132.7848646752828,11.590177840489938,False,False,science_V_005.fits,21413.112985691503,212.88191433618334,100.5868114840225,-6.381321395410048,0.010793661554451954,17.732739340626257,0.018682424556413363,5
212,376.1576580893145,197.21427080253997,366925.80630493164,472.91180419921875,775.8863345063819,365461.9628885604,5.077553215899757,0.014074347381878072,1.0142752623836326,24711.09375,212.0,132.78161988664726,11.591411880786525,False,False,science_V_005.fits,360292.25563466427,463.89157991377147,776.6734108466372,-9.446259192050075,0.0013978848571840495,14.667801543986231,0.015312868432399178,5
213,391.024105049478,200.34586295420053,822647.6255493164,730.9265747070312,1125.4859982058372,819793.3053222407,5.727186834647222,0.17369303389903712,1.2102040053209648,48174.76171875,268.0,132.779364537017,11.591877118990851,False,False,science_V_005.fits,811143.3021358389,715.0480536581035,1134.3899168540115,-10.327365840114577,0.0009570783236604901,13.786694895921729,0.015278935056856666,5
214,71.79764704064016,194.81444719673397,274653.1502685547,408.6650695800781,672.073956677465,275038.7624161862,5.003145361097783,0.011914795062364147,1.0120584692522707,18486.3515625,181.0,132.82779280736216,11.591054493870121,False,False,science_V_005.fits,278326.52478575945,409.0810728164392,680.3700862265234,-9.166008366512349,0.0015957491694285418,14.948052369523957,0.015332197264767849,5
215,82.32311056651236,195.8127388008355,143852.96380615234,309.4939880371094,464.8005110487118,145847.62894616404,4.891956092715439,0.03212419045256598,1.0331904053554009,9611.412109375,145.0,132.8261960574209,11.59120299914858,False,False,science_V_005.fits,153429.6002956044,324.1798412897806,473.28544453958034,-8.51939475815999,0.0022939644827999865,15.594665977876316,0.01542051006297686,5
216,230.5076809808499,201.10745467495545,936101.561340332,712.3560791015625,1314.0921918164322,941254.1629004533,5.036026490998362,0.04473380601248955,1.046828628809484,58626.9375,222.0,132.80371573476447,11.591991007733562,False,True,science_V_005.fits,1154206.4082715635,779.8091533781557,1480.1139525889228,-10.710330577107253,0.0007335246033597356,13.403730158929053,0.015266562019582434,5
217,231.24041653506143,210.28542390563203,1303893.287536621,834.55615234375,1562.3793364590201,1322006.3727325161,5.3779886489783735,0.05674550191956518,1.0601592698842621,55413.4453125,250.0,132.80360459244346,11.59335495731136,False,True,science_V_005.fits,1410276.783080318,858.3237512162837,1643.059254834661,-10.927882764842195,0.0006607795773678611,13.18617797119411,0.015263239734862624,5
218,241.3524160454976,222.3353323312179,809831.7781982422,672.3994750976562,1204.3908542323384,805083.9348362909,5.182465760323456,0.038811555572774825,1.0403787163670104,51171.8984375,263.0,132.802070553386,11.595145722527821,False,False,science_V_005.fits,801794.2980454228,657.615702772349,1219.2444533566513,-10.314779282649129,0.0008904695010184418,13.799281453387177,0.015274907315144888,5
219,256.0148369475834,224.5422460952937,38613.785247802734,195.195068359375,197.82152065804564,39231.9586866996,4.654949538925056,0.02606831509620744,1.0267660612138134,2569.202392578125,104.0,132.79984615975778,11.595473701756982,False,False,science_V_005.fits,38625.357717012244,225.79353422590705,171.06494147156343,-7.021803160385586,0.006346712486266386,17.092257575650716,0.016516979655413773,5
220,483.6151367446846,221.66738757086435,1268320.2825317383,832.7171020507812,1523.1106451496812,1260114.510855245,5.32661981514288,0.005468772481630246,1.0054988444106239,55410.40625,302.0,132.7653175936054,11.595044399094133,False,True,science_V_005.fits,1253588.155856702,813.272219930664,1541.4127338120284,-10.800009074495078,0.0007043538542172175,13.314051661541228,0.015265188236833946,5
221,471.1824220232981,226.46342423127516,305425.9901123047,434.9812927246094,702.1589094077954,305344.4049663042,5.044138084512344,0.011387155840790308,1.0115183167081698,19400.6171875,186.0,132.76720363971114,11.595757361992282,False,False,science_V_005.fits,306668.217973501,433.31158661794825,707.7314049390768,-9.271293797906932,0.001534056553691382,14.842766938129374,0.01532589922529658,5
222,412.28202969130695,237.8506223671874,63206.15054321289,235.6036834716797,268.27318491737617,63982.80646557978,4.793926682304467,0.02567313117482173,1.0263496081205046,4293.85400390625,123.0,132.77613912057376,11.597450495929444,False,False,science_V_005.fits,63668.22424692818,256.33821080663137,248.3758626799353,-7.564428717150516,0.004371197701280121,16.549632018885788,0.0158630774724736,5
223,400.46562390733493,242.84985367484603,169539.81298828125,335.96673583984375,504.6327356322006,171674.09575558532,4.931081268350787,0.030569614226302222,1.0315335837156627,10811.3828125,145.0,132.77793170908478,11.598193578688699,False,False,science_V_005.fits,194564.4203662743,362.51211203174785,536.7115026193521,-8.777280435462785,0.002022874476700014,15.33678030057352,0.015382518607253728,5
224,401.0154227129612,253.99641522336913,1104485.820678711,777.7860107421875,1420.0381665707466,1100441.3587982915,5.427721893138454,0.10201037547326519,1.113598612597587,52602.03515625,271.0,132.77784816833676,11.599850075122085,False,True,science_V_005.fits,1094072.9687002439,763.2791369746348,1433.3851348757644,-10.652237594132849,0.0007574377420162801,13.461823141903457,0.015267729676905258,5
225,386.71554277234543,261.3344141842802,88905.33544921875,265.3772277832031,335.0149377619128,89508.6974574332,4.838627610477095,0.01948461327831663,1.0198718077678135,5756.34765625,134.0,132.7800175199506,11.600940740353115,False,False,science_V_005.fits,86786.56823674889,279.6169709191559,310.3766125191343,-7.9007531630176775,0.0034980084072316116,16.21330757301863,0.01564499665615451,5
226,129.53619891609154,244.12725590282034,791806.7593994141,658.7080688476562,1202.060209744509,800955.5571272571,5.066543523321945,0.0433944566068617,1.045362957497548,50649.61328125,223.0,132.819034088276,11.598383629197034,False,False,science_V_005.fits,873698.4749017177,683.1315344783567,1278.960830828691,-10.40802581809783,0.0008488922989897436,13.706034917938476,0.015272539922662075,5
227,140.5169752502897,250.1507266392252,2337445.770477295,1111.36669921875,2103.217391811752,2335526.2320014914,7.213279947422747,0.38353818270458906,1.622160484143653,52365.765625,386.0,132.81736826301199,11.5992788880571,False,True,science_V_005.fits,2267553.339008311,1078.9077486456138,2101.7119784845745,-11.443515653133659,0.0005165788705181368,12.670545082902647,0.015257677126072913,5
228,171.71539965309566,250.32912647243776,56542.2783203125,221.0484619140625,255.79132209612283,57337.17280756497,4.828619662603113,0.002911762459166023,1.0029202655788492,3730.29443359375,118.0,132.8126351717546,11.599305644336365,False,False,science_V_005.fits,58460.68504064886,245.0251011221008,238.5905965263402,-7.471781624295025,0.0045504727168915885,16.642279111741278,0.015913411309370393,5
229,178.40367358930712,262.46846434976385,1193766.7203674316,797.4736938476562,1496.9355473128376,1222091.8719137274,5.205783227620632,0.11586443493650422,1.1310482685177168,52461.21484375,222.0,132.81162057309692,11.601109727091151,False,True,science_V_005.fits,1618256.8071025882,916.9149688644147,1764.8929966829692,-11.077240480361244,0.000615164773184845,13.036820255675062,0.015261333010330074,5
230,171.3030304793319,267.40548107999365,1494947.3745422363,892.9658203125,1674.1372855895743,1515073.5783040288,5.914505184479587,0.17030702997627556,1.2052651235208198,52153.38671875,284.0,132.81269784746317,11.601843377581348,False,True,science_V_005.fits,1750352.2340196362,953.2177198668011,1836.2564999989966,-11.162435507039714,0.0005912572671631623,12.951625228996592,0.0152603880261937,5
231,153.4162260247605,273.93090821000885,931884.6134033203,718.53759765625,1296.9183748254409,924975.4368021935,5.205133502917145,0.0098955600053523,1.009994460791839,51454.51171875,288.0,132.81541152130583,11.602812997388371,False,False,science_V_005.fits,917133.4425112593,701.0154477970323,1308.2927707133788,-10.460703198848424,0.0008298601232872329,13.653357537187881,0.015271493881681815,5
232,137.4183386790582,280.3082516866428,427749.7787780762,502.849853515625,850.6510955258432,425543.01770258555,5.077230356860148,0.005391047060664733,1.0054202679804287,27161.650390625,224.0,132.8178386415409,11.603760602693633,False,False,science_V_005.fits,424326.64230894676,492.39529198395985,861.7601533094462,-9.623872626003445,0.0012598633109578694,14.490188110032861,0.01530088602389811,5
233,101.35766240073032,274.0313853460751,786566.835144043,655.2147827148438,1200.4717474244853,785547.8068372062,5.423188718331609,0.17641042878218538,1.2141970162654356,53109.625,211.0,132.82330939264574,11.602827403628453,False,True,science_V_005.fits,824482.4656168782,664.5985085237996,1240.5722478195316,-10.345075433735085,0.0008751606380912198,13.768985302301221,0.015274022511980498,5
234,110.30055916412385,273.52026452802266,269845.20568847656,400.8166809082031,673.2384617252936,278798.15419831907,4.852709052361308,0.07820768221858876,1.0848430614032678,17014.55078125,150.0,132.8219526485501,11.602751550980525,False,False,science_V_005.fits,439181.0842987211,499.5137704609819,879.217171317255,-9.661230940569503,0.0012348484941136781,14.452829795466803,0.015298846634875376,5
235,283.2024076342277,274.59571298814376,369791.94552612305,474.7052307128906,778.9927761503416,367980.1196183895,5.064571838740862,0.006970305624462325,1.0070192318154652,24076.19140625,218.0,132.79572149321845,11.602912171641046,False,False,science_V_005.fits,366686.0969616679,464.42988745667026,789.5402661739301,-9.465357983634963,0.0013751040276403434,14.648702752401343,0.015310805616977034,5
236,274.5433826830608,292.2619319840677,964154.1103820801,732.4256591796875,1316.384944052789,957149.8275653298,5.20257749564923,0.002595581108229106,1.0026023356815614,52357.97265625,293.0,132.7970351374961,11.605537584417263,False,True,science_V_005.fits,953782.3555419758,713.7015662918601,1336.3882056438383,-10.503245083938387,0.0008124136350611813,13.61081565209792,0.015270555768159066,5
237,465.1413695453926,283.90490937243584,1684590.7341918945,966.2490234375,1743.4333110100774,1674134.929069672,6.778452722540886,0.3042907776423256,1.4373821244041023,55842.5546875,425.0,132.76811913702176,11.604293905436734,False,True,science_V_005.fits,1579002.5122997907,910.3105821492223,1734.5755869077148,-11.050578926542736,0.0006259167995875657,13.06348180949357,0.015261770192019953,5
238,497.71868620636053,284.02394895448623,504285.08169555664,548.5750122070312,919.2636749288179,500974.414163487,5.134841883491892,0.005948689908743532,1.0059842885858652,33328.9375,245.0,132.76317676400913,11.604311012161176,False,False,science_V_005.fits,497694.673007787,533.1603925893838,933.4802058169558,-9.797029354966128,0.0011630669758549682,14.317031381070178,0.01529322014306821,5
239,481.90465159304046,289.0122945942391,229718.37213134766,391.2981262207031,587.0673962843871,229192.06995943558,5.11936927780518,0.01764845121010028,1.0179655147201023,15783.99609375,192.0,132.76557585188266,11.60505262953423,False,False,science_V_005.fits,217907.6826336401,385.7466224723806,564.8984850132869,-8.900303229447475,0.0019219382398847531,15.21375750658883,0.015369570721134476,5
240,476.9562250453971,300.33331775171666,188342.67126464844,363.22271728515625,518.5321905864873,192132.8070994774,4.85013816834311,0.19259013415822657,1.2385283389588506,13571.4736328125,139.0,132.76632638676756,11.606735146968388,False,False,science_V_005.fits,430944.42187636334,513.1561342288653,839.7920109129283,-9.64067503303429,0.0012928201100886256,14.473385703002016,0.015303634907794695,5
241,473.0977660263328,308.22277596157846,1307346.497467041,841.1514282226562,1554.234414401994,1306507.065376333,5.364165162934499,0.0171705718119195,1.017470551165297,55293.76953125,269.0,132.76691162753897,11.607907675117643,False,True,science_V_005.fits,1328778.174712394,837.6894591782709,1586.241966105023,-10.863253089491845,0.0006844479109740798,13.25080764654446,0.015264282704957334,5
242,462.8429945134159,320.2740262149046,841558.70703125,688.146728515625,1222.9349819718595,836040.401461211,5.1628987730070435,0.0025865337263611954,1.0025932412322691,54378.8671875,263.0,132.7684672175684,11.609698797418616,False,True,science_V_005.fits,830418.5600207539,671.9927891916782,1235.7551649023521,-10.352864491994163,0.0008785720916536009,13.761196244042143,0.015274218358863913,5
243,446.9931613606799,325.5014645774318,345418.1254272461,462.7943115234375,746.3750457307705,343937.64237636887,5.057454534452091,0.00387708234244466,1.0038921726161685,22089.017578125,207.0,132.77087179353416,11.610475903649563,False,False,science_V_005.fits,341876.40655022586,454.11961904334925,752.8333774048883,-9.389294700187087,0.0014421517862857583,14.72476603584922,0.015316972916627817,5
244,371.4014424596295,287.0302295377901,131307.79803466797,307.7561340332031,426.66183875477674,131869.35672571807,4.922792284037988,0.009930605367666767,1.010030211439224,8652.302734375,150.0,132.78234058418488,11.604759574166655,False,False,science_V_005.fits,131764.45986840827,316.1208872130125,416.8166837378927,-8.3541175892831,0.0026047421860942643,15.759943146753207,0.015469794420419488,5
245,366.82395055713766,298.1322789567026,219165.6693725586,378.8013000488281,578.5768669334233,219244.0083614832,4.9931731361727225,0.01102261871420085,1.0111454709913286,14965.677734375,175.0,132.78303494581073,11.606409503325974,False,False,science_V_005.fits,218273.5080156437,378.38810187101654,576.8508759560519,-8.90212444486669,0.0018821155436413266,15.211936291169616,0.01536464176196891,5
246,35.60623666433642,313.17277886053114,396322.87240600586,488.64532470703125,811.0644927251118,396057.4015752414,5.959896201868991,0.25682636640865697,1.3455805679859207,21518.65234375,240.0,132.83328531694386,11.608643277962173,False,False,science_V_005.fits,390183.36275859247,473.26370702984906,824.4523232244879,-9.532793742375373,0.0013168742077816643,14.581266993660932,0.01530568571587511,5
247,49.424584235354835,314.215867691813,320310.78454589844,440.9454650878906,726.4181398986677,319261.5929395328,5.080556680349258,0.022373079351287295,1.0228850892694745,20521.158203125,202.0,132.83118889201373,11.60879852502554,False,False,science_V_005.fits,318273.491106742,434.2465318299862,732.9327185768997,-9.311623043751638,0.0014813092286397743,14.802437692284668,0.015320709336870672,5
248,216.52299241875414,321.9080419544599,62211.39083862305,237.1448516845703,262.3349838577617,62824.1382811462,5.0606081141044745,0.1383435559732311,1.1605553546686331,3965.678466796875,138.0,132.80583766284903,11.609943282173202,False,False,science_V_005.fits,61515.86337367069,249.95896393086696,246.10385003309824,-7.527089683287399,0.004411552277032584,16.586971052748904,0.01587424489690814,5
249,223.08059619150816,333.5050452984803,27638.03189086914,173.0426788330078,159.71800758783212,28369.464821458427,4.480653794785622,0.03332353166512281,1.0344722694269401,1867.20556640625,88.0,132.8048428049238,11.611666743937231,False,False,science_V_005.fits,27366.652372394783,214.05169279223549,127.85067016011696,-6.647676062933909,0.008491938279559245,17.466384673102393,0.017454021694092926,5
250,414.585000679426,323.6601344442281,858764.6625366211,692.533203125,1240.0339199066775,853723.5639238975,5.135451507222368,0.009323531892340586,1.0094112782452076,52964.87890625,253.0,132.77578863454963,11.610202712751931,False,True,science_V_005.fits,850640.2039785669,678.4731933859917,1253.7565408197745,-10.378986636566607,0.0008659575959540838,13.7350740994697,0.015273497965823462,5
251,403.7494606645772,331.736950989413,351062.88806152344,463.4041748046875,757.5738570104318,350338.4493402678,5.061366710842526,0.00813726896472411,1.0082040273417983,23133.53515625,198.0,132.7774324543308,11.611403149591549,False,False,science_V_005.fits,349782.71762336907,457.8676910014355,763.9384138643502,-9.414117743199531,0.0014211878605606865,14.699942992836775,0.015315013303586382,5
252,417.9405246404622,338.00577431262076,70425.67150878906,245.6109161376953,286.7367322929033,70924.31287634451,4.840948516178767,0.020479555974214914,1.0209077371474196,4816.916015625,126.0,132.7752793615264,11.612334591097037,False,False,science_V_005.fits,69451.8032939688,264.87275648940715,262.20817955940413,-7.658830690385976,0.004140603095694165,16.455230045650328,0.015801090201315062,5
253,467.6708657087941,346.31518397762693,885913.3298950195,696.8701171875,1271.2746723456582,891746.2376175963,4.989151965449399,0.09604024422321922,1.1062439379734235,54609.73828125,211.0,132.76773430985656,11.613568721646764,False,True,science_V_005.fits,1299368.1204426675,827.7256775039962,1569.8052576560237,-10.838952392270498,0.0006916144500758826,13.275108343765808,0.015264605730302258,5
254,464.9310429613682,352.2164232850455,595635.4622802734,576.7603759765625,1032.7260454946336,628142.5255325476,4.764850086588966,0.1724637521220438,1.2084062813735241,41875.5234375,172.0,132.7681498876693,11.614445757051147,False,False,science_V_005.fits,1183546.1051114376,791.8845839341258,1494.594198603433,-10.73758482544821,0.0007264179139825991,13.376475910588097,0.01526622220917073,5
255,246.58049196605836,348.94630206299723,508749.6389465332,537.8482055664062,945.89818034397,516421.30442748655,5.024173544027658,0.048999661576012654,1.0515243366340077,33055.38671875,188.0,132.8012775032241,11.613961523688138,False,False,science_V_005.fits,553770.9137374896,556.6594292530492,994.8109825078584,-9.912947226855845,0.0010913631022277377,14.20111350918046,0.01528793416308845,5
256,273.24110497483196,354.2903640354677,1386050.3045654297,866.7745361328125,1599.089782620299,1377164.4040507304,5.452265680498144,0.005408754427513096,1.005438168143537,52477.6328125,310.0,132.79723261823486,11.614755700252822,False,True,science_V_005.fits,1367313.0436582481,846.9111712939048,1614.4704309063218,-10.894291766109827,0.0006724805727104685,13.219768969926479,0.015263750773472941,5
257,255.46445136820017,352.9328630052338,695663.2424926758,629.28857421875,1105.4757244819336,702555.8759736406,5.943205919506624,0.2583722752624361,1.3483854050276574,40063.16796875,258.0,132.79992965244276,11.614553973701959,False,False,science_V_005.fits,712441.0700311513,624.3023111254234,1141.17961336206,-10.186494242167774,0.0009513839778484914,13.927566493868532,0.015278579417842799,5
258,234.89762736963934,356.3319819530555,431590.5830078125,506.123291015625,852.7380396617402,430014.8514997971,5.084123336533252,0.00270538779109164,1.002712726768973,28480.0234375,218.0,132.80305000828005,11.615059104511898,False,False,science_V_005.fits,428914.86274507584,496.6527792807817,863.6111195555993,-9.635549613189141,0.0012571630626510278,14.478511122847165,0.015300663924160837,5
259,301.71592037696576,357.3885579900136,518564.57205200195,541.7977905273438,957.118284936658,532648.181594122,4.955380488816891,0.07824125537321802,1.0848825745666213,32995.484375,180.0,132.7929124712177,11.615216052992988,False,False,science_V_005.fits,758722.3163672402,643.0500069030331,1179.8807374581827,-10.254829019526658,0.0009201777480823391,13.859231716509647,0.01527666798232156,5
260,286.6164691996176,362.0194811390406,1432515.5323486328,880.460693359375,1627.006796729229,1423681.0970954602,5.50420599509716,0.015722618986693915,1.0159737684620036,52145.95703125,311.0,132.79520331813356,11.615904306430338,False,True,science_V_005.fits,1412150.8648507118,860.2446865354042,1641.568831465945,-10.92932461489587,0.0006613795164656324,13.184736121140435,0.015263265719328322,5
261,309.04763361383,358.61697824540033,528120.8856201172,546.885986328125,965.6873623074537,537283.5082150344,4.90701823527085,0.09771311948921402,1.1082949576235648,34275.828125,183.0,132.79180011289128,11.615398580610663,False,False,science_V_005.fits,762939.2686496584,644.6093486378012,1183.5684205665243,-10.260846795795509,0.0009173107199669296,13.853213940240797,0.015276495557260149,5
262,18.270013932019467,381.9642307554754,963828.4766235352,725.3842163085938,1328.7144315440994,959349.9859924227,5.137437928457088,0.0057980936024227825,1.0058319075482685,56514.28125,256.0,132.83591678689828,11.618866136365101,False,True,science_V_005.fits,959013.1498870923,713.3591685005763,1344.3622683126944,-10.509183279569864,0.0008075948169555959,13.604877456466442,0.015270300158883464,5
263,12.106923960050432,393.6733331377,795898.5958251953,662.8494873046875,1200.7229560688338,792446.9418557839,5.089923356220627,0.01150712260368525,1.0116410779144862,52960.40234375,239.0,132.83685208029394,11.620606121375031,False,True,science_V_005.fits,793467.4200858409,653.0363276933813,1215.0433083692028,-10.303444622160553,0.0008935483966058759,13.810616113875753,0.015275087112389892,5
264,368.97184092230293,397.03663039420405,1120977.729888916,781.2899169921875,1434.7781860598684,1119528.2447087378,5.189240055357401,0.03102532501894706,1.0320187160924033,53349.3359375,251.0,132.78270817186402,11.621107768091546,False,True,science_V_005.fits,1135830.0317086026,776.1211154865769,1463.4700809505896,-10.69290524250084,0.0007418668916653145,13.421155493535466,0.015266965122085396,5
265,361.3595043495562,404.31627696459515,688392.004119873,622.0271606445312,1106.6912309851164,688824.1299299599,5.056622933580794,0.03780663529452166,1.0392921388582783,43486.59765625,215.0,132.78386306219664,11.622189670738127,False,False,science_V_005.fits,725313.9267140492,630.2693995914309,1150.7998439781948,-10.205936915058402,0.000943430784841653,13.908123820977904,0.015278086241405033,5
266,253.29459301554402,422.16877030403805,431705.52923583984,524.3306884765625,823.3459126532454,437824.09133974975,4.8466054773773966,0.11869582685318725,1.134682020657372,27544.173828125,174.0,132.80025886780373,11.624843197463795,False,False,science_V_005.fits,742213.4587785961,646.2068893561099,1148.5693993732389,-10.230943937230583,0.0009452628640397821,13.883116798805723,0.015278199482797556,5
267,255.03484483434983,429.75284612465356,842595.5589599609,669.6766967773438,1258.212452388962,863411.9828859911,4.966799312441309,0.04740006823188769,1.0497586307232973,51406.23046875,143.0,132.79999483112266,11.62597027529186,False,False,science_V_005.fits,1214067.216898409,801.4552838217338,1514.8283895629686,-10.765228704397941,0.0007167148486788177,13.348832031638365,0.015265763581568382,5
268,264.01317246358957,428.0931134593949,80629.18661499023,256.17034912109375,314.74831842024065,83906.29531820286,4.623601757452159,0.07925550352296062,1.0860776293816674,6188.24072265625,99.0,132.79863260579356,11.625723617405352,False,False,science_V_005.fits,188068.7354150009,366.67863418844274,512.8979926284687,-8.740413384909271,0.0021167951826757407,15.373647351127035,0.01539515116520205,5
269,251.8097769141103,436.1530012184085,345313.87130737305,453.2756652832031,761.81868508565,363610.16453748965,4.752647874807064,0.17011429901784314,1.2049852152127882,24807.4296875,161.0,132.80048415253071,11.626921408845426,False,False,science_V_005.fits,761783.6312822099,646.2469446479809,1178.781017985568,-10.25920096550106,0.0009210362089604776,13.854859770535246,0.015276719715051366,5
270,248.00673921041806,453.7713399075465,551358.633972168,567.4270629882812,971.6819481053813,548577.9732981941,5.1838013553355955,0.09122601207062175,1.1003836083364118,53926.4453125,244.0,132.80106117601701,11.629539687561595,False,True,science_V_005.fits,545746.8499053965,553.523513901176,985.9506167299553,-9.897099968055436,0.0011011707701962577,14.21696076798087,0.015288637435008962,5
271,288.4808913221393,424.8940585651822,364988.99432373047,475.9716796875,766.8292251407995,372036.233433243,4.754628203935213,0.18219856535839507,1.2227907137852383,26903.00390625,152.0,132.79492028095257,11.625248161171447,False,False,science_V_005.fits,779566.5853006891,661.741756262628,1178.052583085447,-10.284254913050784,0.0009216057208214208,13.829805822985522,0.015276754061602012,5
272,293.793317016129,429.40029322214764,746190.7674255371,642.1213989257812,1162.0711732607817,758872.4272625368,5.003437743032556,0.06074844503852039,1.0646775027601756,47417.06640625,202.0,132.7941142471822,11.625917822349878,False,False,science_V_005.fits,960996.8947047426,726.1192491153154,1323.4697962842824,-10.511426834849157,0.0008203436172462456,13.602633901187149,0.015270979706763397,5
273,328.43676854597305,428.42075866465916,484244.20721435547,525.3787841796875,921.704914237147,486173.5275544283,4.897191668112116,0.07401936612149906,1.0799361924141615,28991.046875,172.0,132.78885801585753,11.625772098492122,False,False,science_V_005.fits,693358.3060042114,617.6022901918391,1122.6614878465575,-10.157016180289915,0.0009670769076460836,13.957044555746391,0.015279564630555582,5
274,349.7578161782274,434.5747911284268,839660.0518188477,687.588134765625,1221.1671629631287,834262.8754946007,5.126045906508393,0.004469296320732008,1.00448936060356,53340.32421875,266.0,132.78562305952357,11.626686513677807,False,True,science_V_005.fits,831698.4490349676,671.3488892961237,1238.8468384999676,-10.354536603052402,0.0008763795218742277,13.759524132983904,0.015274092399235488,5
275,330.13557107289006,436.72245183931244,929141.9888916016,715.4068603515625,1298.7602445341468,929690.4336369571,5.0904619010077425,0.059132516911761024,1.0628489324741763,53743.9609375,239.0,132.7886002167788,11.627005812044729,False,True,science_V_005.fits,1032200.6564090475,742.0553430268441,1391.0022562450674,-10.589032201329939,0.0007805163472062125,13.525028534706367,0.015268892013577113,5
276,124.16463164006159,440.59493588442285,149145.24197387695,325.412109375,458.32726465014315,156204.3717868746,4.785931293674598,0.10959305340949077,1.1230819838379942,11045.1005859375,134.0,132.81985107903387,11.627580851075425,False,False,science_V_005.fits,211020.72063647534,379.5017836441156,556.046716329438,-8.865434628591501,0.001952533785590708,15.248626107444805,0.015373426610157412,5
277,119.3511577102598,445.8679022643317,119878.86672973633,288.0909729003906,416.11462352617775,121738.96242719062,4.81490438715265,0.09224987767612658,1.1016247482731962,7720.51171875,129.0,132.8205814597977,11.628364421360084,False,False,science_V_005.fits,198284.061847966,370.3322232025028,535.4221140501228,-8.797841391151938,0.0020277459064725217,15.316219344884368,0.01538315998146151,5
278,434.92633227560003,444.3951623150842,482458.7875366211,537.759765625,897.1641583782184,479774.19557770854,5.0971413437208755,0.007202137515188278,1.0072543845905977,31570.259765625,234.0,132.77270078921694,11.628145001735904,False,False,science_V_005.fits,477761.147478969,524.2031329445286,911.4046014859011,-9.752648946859944,0.0011912382252952617,14.361411789176362,0.015295388392042466,5
279,415.45322910514005,450.9935526291215,1169947.5587768555,804.3651123046875,1454.4981388174479,1161728.8600898185,5.252785794696728,0.0015012271289338575,1.001503484200203,56027.66796875,304.0,132.77565526052544,11.629125858398096,False,True,science_V_005.fits,1157376.0679092836,783.759038856161,1476.6988456023284,-10.713308118612053,0.0007352209986709617,13.400752617424253,0.015266643621664506,5
280,12.343695487010732,451.58853406847453,986949.4614257812,766.989501953125,1286.7835334284657,1009179.052485212,4.958768504755607,0.08400121028586982,1.0917044992080016,59622.32421875,211.0,132.8368172924597,11.629212964872243,False,True,science_V_005.fits,1354718.1542640317,861.4104319866755,1572.6744232010726,-10.88424425084938,0.0006903526782041327,13.229816485186927,0.015264548613513812,5
281,15.902480255713817,459.02087556240195,1367337.5063781738,845.1263427734375,1617.9089884844961,1375016.4628658919,5.038077669869065,0.12279490276843963,1.139984255855304,60220.17578125,175.0,132.83627747740334,11.630317560882965,False,True,science_V_005.fits,1864880.0561160997,981.4747754610676,1900.0794546554034,-11.231249135123766,0.0005713971578082779,12.88281160091254,0.015259631459048222,5
282,20.716916606864025,466.17849280611176,1101865.066619873,768.292724609375,1434.1735009661807,1110686.0033491857,5.095234145076342,0.06784104745381292,1.0727784110944871,60153.97265625,225.0,132.83554713691169,11.631381352227379,False,True,science_V_005.fits,1379409.4212956377,849.262913164179,1624.2430935271173,-10.903854843721144,0.0006684344260577113,13.210205892315162,0.015263573046176374,5
283,24.200775282488863,482.0229246264759,1488168.9170532227,893.9965209960938,1664.6249533444495,1478183.4767414136,5.377242120608526,0.0007600670334985127,1.00076064517482,60460.3984375,315.0,132.83501883781636,11.633736073924167,False,True,science_V_005.fits,1471172.0314722427,875.2300501025419,1680.8975323686386,-10.97378052382487,0.0006459049282261036,13.140280212211437,0.015262603012930972,5
284,92.5986308253577,464.92638514653834,521704.8717956543,550.0940551757812,948.3921283769278,518658.37718557735,5.112009043043879,0.0006105492013727121,1.0006109221994337,33851.29296875,236.0,132.8246407407352,11.631196406406692,False,False,science_V_005.fits,516371.40847487986,537.8840623789508,960.0050356410917,-9.837027342392883,0.0011309315677442975,14.277033393643423,0.015290809781203328,5
285,105.56282684201861,472.4992737135702,276656.7287902832,413.1871032714844,669.567676725152,278300.3299582089,5.061396625484905,0.025018380539016727,1.0256603612208075,16747.208984375,182.0,132.82267381777936,11.63232198173719,False,False,science_V_005.fits,275367.0773491408,415.88936446329825,662.1161801155932,-9.15440191191596,0.0016397424388729738,14.959658824120346,0.015336838423216955,5
286,116.83448986246245,476.4384965900786,947306.1148681641,722.6412353515625,1310.8940765154412,941890.3894933246,5.297097508686974,0.08452859018525649,1.092333402527952,56042.54296875,271.0,132.82096364283402,11.63290752241422,False,True,science_V_005.fits,930033.09258579,707.70164660553,1314.1598540100426,-10.475867878951819,0.0008261552022663625,13.638192857084487,0.015271293002632573,5
287,131.48219525376757,489.09840418760325,1500180.7500305176,917.6228637695312,1634.8554610636868,1488422.8250224823,5.4643285542001605,0.0013644041979484767,1.0013662683402074,57288.9296875,355.0,132.81874130776714,11.634789076676508,False,True,science_V_005.fits,1478732.4560362333,892.2496501807756,1657.3079695090187,-10.97934588682595,0.000655098521201006,13.134714849210356,0.015262994844607088,5
288,105.2339831511488,491.7105165629184,1265682.5322265625,831.8850708007812,1521.4632124702073,1255497.1962015838,5.3352484903533055,0.005214811102522421,1.0052421479136637,57134.828125,332.0,132.8227239447987,11.635176980763474,False,True,science_V_005.fits,1247861.2934389922,809.9789385799879,1540.6095566221468,-10.795037658637074,0.0007047210601370307,13.319023077399232,0.01526520518455692,5
289,400.0403219414383,481.62350513786737,42291.070404052734,202.1981658935547,209.156548068376,43844.69130020603,4.669717984070761,0.06130418061760934,1.0653078232072495,2812.224609375,97.0,132.77799343346044,11.63367799472765,False,False,science_V_005.fits,54386.48172722646,276.1865405145381,196.91937784478543,-7.393349286850443,0.005513423878759986,16.72071144918586,0.01621504549549287,5
290,410.1744112479926,488.1717427242908,1262588.2005615234,843.4102172851562,1497.003681821231,1253635.3827445135,5.2985475732640035,0.003536432063049544,1.0035489827996134,57449.7421875,304.0,132.77645572597677,11.634651014440754,False,True,science_V_005.fits,1248371.8701921764,812.2413162010357,1536.9470196751174,-10.79548180919324,0.000706400406846488,13.318578926843067,0.015265282804089012,5
