id,x,y,flux,flux_err,snr,kron_flux,fwhm,ellipticity,elongation,peak,area,ra,dec,flag_edge,flag_saturated,frame,flux_aper,flux_aper_err,snr_aper,mag_inst,mag_inst_err,mag_calib,mag_calib_err
1,5.000017223734286,1.9976267401118202,61748.63316345215,186.49053955078125,331.10866273534504,61414.47099481644,2.655501075471839,0.0007623737518155371,1.0007629554089932,62185.63671875,25.0,132.83792237823036,11.562398660793496,True,True,science_V_003.fits,61514.3457148567,218.31966290179687,281.76273679263915,-7.52706289674232,0.0038532419593830525,16.588060888091615,0.011278072944896654
2,380.9323397327646,15.716102982030826,71724.92474365234,239.87399291992188,299.01084261183985,72246.10933495607,4.685823498917159,0.008725120409425302,1.0088019182056032,5041.888671875,119.0,132.7808973297205,11.56443921690327,False,False,science_V_003.fits,73312.9172498418,260.0391838626469,281.9302697418317,-7.717573127017719,0.0038509522265707543,16.39755065781622,0.01127729084506514
3,177.8212900835531,23.1429270460875,1081634.2214355469,766.6671142578125,1410.8264216897376,1074842.3560639804,5.180269016523106,0.0006781803729343228,1.0006786406136787,56248.7265625,281.0,132.8117073754632,11.565543315567117,False,True,science_V_003.fits,1073669.1238095504,751.7928892723559,1428.1448243660984,-10.63179803405278,0.0007602170182438626,13.483325750781159,0.010626635670224482
4,479.7549408915484,18.450290971393834,13370.09292602539,137.99136352539062,96.8907950791085,14244.963225903697,4.193820662913461,0.025210597743534402,1.025862609590519,974.5839233398438,66.0,132.76590684158614,11.564844180663712,False,False,science_V_003.fits,13790.630732808957,198.80371080998734,69.3680750556501,-5.903582198203186,0.01565129202632485,18.21154158663075,0.018902655841075866
5,271.6829163298172,21.96492276454253,275180.3778991699,413.9151611328125,664.8231418874582,274686.6944124689,5.108356846316156,0.046467523384146614,1.048731977697354,17692.6875,194.0,132.797469411462,11.565368475061282,False,False,science_V_003.fits,273872.5751230411,408.8535840149265,669.8548963020525,-9.148493237360608,0.0016207987819356535,14.966630547473331,0.010722613694635457
6,499.62450162387114,25.306794582285743,802417.270904541,674.0157470703125,1190.502261100487,796031.9560808392,5.210299019611398,0.02162440690270495,1.0221023572698165,51004.32421875,283.0,132.76289268091548,11.565862764878725,False,False,science_V_003.fits,792810.0124525902,655.2030316186483,1210.0218927467265,-10.302544689658294,0.0008972564930502885,13.812579095175645,0.010637317564460536
7,428.64629492771485,38.70557187724545,733260.810760498,643.0826416015625,1140.227963445494,728906.9694536079,5.111782031182761,0.002143284853335703,1.0021478883899886,46948.41796875,253.0,132.77365925861653,11.567855142146641,False,False,science_V_003.fits,727687.144296107,629.253915679377,1156.4284721382403,-10.209483630327004,0.0009388388699843554,13.905640154506935,0.01064090570283626
8,293.8815293587068,48.31454620235505,46813.53469848633,204.1822967529297,229.27323006427406,47454.175275146554,4.600777532131709,0.012226439663810873,1.0123777757927126,3235.796142578125,104.0,132.7941020006227,11.569284271934073,False,False,science_V_003.fits,46868.71037943241,232.68921236638457,201.42193057766048,-7.231829383572076,0.0053901777074934565,16.88329440126186,0.011891235069210394
9,450.2419545555838,52.50084413523358,1100397.3202514648,779.2115478515625,1412.1932911357305,1092221.0697551055,5.232278651602721,0.001809542564554567,1.0018128229448353,57937.21875,305.0,132.7703831471302,11.56990495773894,False,True,science_V_003.fits,1088805.6402640836,759.5672269645788,1433.455264539551,-10.646997778907355,0.0007574006855029023,13.468126005926583,0.010626434564389883
10,254.46525496115723,51.00352112494633,55004.56640625,215.31268310546875,255.46366155915936,55580.3317510863,4.640354462891635,0.015832519429082037,1.0160872206627856,3690.077880859375,109.0,132.8000811756784,11.569683943006172,False,False,science_V_003.fits,54645.28126798244,240.18999332066582,227.50856733247926,-7.398503538256763,0.00477212798062838,16.716620246577175,0.011624141310925123
11,487.8559255758462,58.382571038700185,44984.757720947266,206.9104461669922,217.4117283795387,45907.09201874508,4.692853091142957,0.018744011337386235,1.0191020605774168,2914.4755859375,108.0,132.76467724758734,11.570778411964918,False,False,science_V_003.fits,44787.619333063725,235.63422097801248,190.07264372369306,-7.182516819838271,0.005712026616403951,16.932606964995667,0.012040544166247924
12,338.4487758684204,75.91317245813262,29130.08203125,174.89108276367188,166.5612767153664,29679.049323448562,4.474345808891963,0.017793468010616653,1.0181158111161992,1978.6016845703125,89.0,132.7873412731783,11.573385518217442,False,False,science_V_003.fits,29940.135006311975,214.29314565592622,139.71578472409246,-6.745256259880462,0.007770775522207571,17.369867524953474,0.013142770178672382
13,205.9865306782152,78.9975728104309,142682.44827270508,309.86297607421875,460.46949551833393,143057.2836134085,4.842580616185926,0.005594696150526546,1.0056261728782707,9936.4677734375,145.0,132.8074351826113,11.573844074310797,False,False,science_V_003.fits,142935.8463955434,317.7394033953468,449.8524415547406,-8.442474768263034,0.002413458058041652,15.672649016570904,0.010870705384232706
14,13.33248670595044,83.16754313229981,240331.31787109375,384.76788330078125,624.6137692402503,240034.46766565225,4.9482780740167795,0.0038208282288046957,1.0038354829503324,15914.521484375,178.0,132.83666001630928,11.574461567618501,False,False,science_V_003.fits,241264.94664350926,383.49010778428715,629.1295179358852,-9.010857443782278,0.001725717787908092,15.10426634105166,0.010738973770168272
15,387.5439885214391,80.34302843021439,16170.04052734375,144.75279235839844,111.70796959348313,16926.867943057638,4.268933829272849,0.024474567301067673,1.0250885999285075,1043.346923828125,70.0,132.77989371431389,11.574043425323685,False,False,science_V_003.fits,16984.913800284907,200.52476185813873,84.70232625086415,-6.129780241877086,0.012817829781728381,17.98534354295685,0.016632625050370817
16,508.002889084602,82.99992395895327,175158.7180480957,306.9265441894531,570.6861181090204,175295.46074955896,2.9899650343130943,0.1900050837240883,1.2345756496814433,58548.6953125,35.0,132.76162057510996,11.574436436225403,True,True,science_V_003.fits,171444.11962121996,337.0993818049708,508.5862771484082,-8.639928358533682,0.0021347410435205018,15.475195426300257,0.010812241907937075
17,27.472647608733784,101.97170969538212,164542.96578979492,326.8843078613281,503.36758857080974,164663.72774603282,4.872102649955584,0.001565234095140644,1.0015676878936823,10676.71875,156.0,132.83451535870142,11.577256336579902,False,False,science_V_003.fits,165418.95259950985,331.0211901101629,499.7231522986758,-8.60108504061667,0.0021726029602708824,15.514038744217268,0.01081978093012227
18,322.4783834613773,105.15490644546917,439306.1537780762,510.2214660644531,861.0107237679047,437124.3948949961,5.0732487705702995,0.00453479896294684,1.0045554570448296,27882.69140625,226.0,132.7897637468879,11.577731259067509,False,False,science_V_003.fits,435125.64676836226,499.3949605166794,871.3056421678276,-9.651158578605262,0.0012460610232004864,14.463965206228677,0.010672400096810426
19,339.03813837654513,122.99400049629965,1580331.8452148438,938.3385620117188,1684.180858800842,1572272.8261528788,6.1483964522196635,0.2293191468205007,1.29755396916172,53422.96875,369.0,132.7872515501374,11.58038224716748,False,True,science_V_003.fits,1549304.029433016,898.1493052426997,1724.9960784798022,-11.029963500022031,0.0006293927351746802,13.085160284811908,0.010618078496976296
20,308.7558188491692,115.46622418410797,7013.0386962890625,113.29463958740234,61.90088711901308,7985.546917563666,3.9513603851269385,0.03702683008245933,1.0384505313742334,490.85546875,52.0,132.79184538276655,11.579263700909197,False,False,science_V_003.fits,6224.210095120702,186.91805279549467,33.29913832309474,-5.039832483099906,0.032604447282259225,19.07529130173403,0.0342840697457942
21,274.4080278143724,127.62204195804107,584662.0230102539,578.8189086914062,1010.0948919102484,581642.2710498669,5.091654714199592,0.0031202287326651534,1.0031299950331005,36498.0234375,241.0,132.79705587118156,11.581070289512947,False,False,science_V_003.fits,580856.7042205153,566.6180082783204,1025.1292682798055,-9.96479438986189,0.001059085945152882,14.150329394972049,0.010652188450833946
22,365.7570559282545,135.3470158972857,151088.3416442871,323.6615295410156,466.80970042545823,151271.68448854613,4.912724742242746,0.002563710301485056,1.0025702998055745,9924.0458984375,158.0,132.78319820461934,11.582217836686915,False,False,science_V_003.fits,150648.64285000088,327.97834717631076,459.32496503806374,-8.499534933025323,0.0023636860232711917,15.615588851808615,0.010859763688472569
23,497.4029127217167,138.8440673778522,174604.0008544922,348.0868225097656,501.6104878534827,174446.35357839696,5.001039742946593,0.0023232451489981765,1.0023286551858623,11468.234375,176.0,132.76322745363035,11.582735700825031,False,False,science_V_003.fits,173064.6726879434,346.9529811555692,498.81304409470823,-8.65014293739646,0.0021765669780557328,15.464980847437479,0.010820577598391983
24,461.56420187613884,139.45187187539403,40404.74432373047,255.79139709472656,157.95974681966135,41144.44151332193,5.01326991525875,0.0039458180423938005,1.0039614492001216,2005.232421875,112.0,132.7686641870137,11.582826662897066,False,False,science_V_003.fits,40574.16342489204,278.1521159955115,145.87041079905634,-7.075245809353195,0.007442907674371365,17.039877975480742,0.012951614972738956
25,352.0401008434845,139.4730393461812,15230.579650878906,143.79803466796875,105.91646600766472,15941.328342044057,4.2512914909326085,0.019305235215605787,1.0196852638647969,1011.503173828125,71.0,132.78527903531753,11.582831122126024,False,False,science_V_003.fits,14720.701833815683,199.67996291070457,73.72147720399305,-5.974443164548543,0.01472705161612245,18.140680620285394,0.018144792780762052
26,399.9421022907568,146.4406428448088,118072.21817016602,293.8833312988281,401.76561783324536,118505.79551467343,4.856879675291265,0.005217573661834285,1.0052449395201324,7804.4208984375,145.0,132.7780122010641,11.583866127379295,False,False,science_V_003.fits,118388.25799945284,303.0517755294618,390.65356998030023,-8.237893449709901,0.0027791887324996145,15.877230335124038,0.010957707139895306
27,28.300942679328934,149.7013820896605,108982.17208862305,276.84063720703125,393.66392588932786,109401.68047886333,4.802125967564811,0.00936937886936584,1.009457994402265,7177.45947265625,138.0,132.8343905824208,11.58434950899882,False,False,science_V_003.fits,110766.9100748147,302.8054673419931,365.80221304165843,-8.165646976325498,0.0029679973529202187,15.949476808508441,0.011007109704177622
28,329.33081871955756,162.17792985799286,472490.0579223633,526.7913818359375,896.9206297105186,470319.80615787127,5.061669336725138,0.0030120130930714195,1.0030211127241522,31282.474609375,225.0,132.78872390633242,11.58620547454898,False,False,science_V_003.fits,470122.8357017732,516.3346329497838,910.5002951593508,-9.735150241739255,0.0011924213597426531,14.379973543094684,0.010666270409661957
29,498.87813297255616,165.03724502764157,69142.55493164062,245.6968536376953,281.4140836886673,69791.2728386471,4.855745330754759,0.009503417426128369,1.0095945989045547,4637.02490234375,133.0,132.7630031463559,11.586628268630749,False,False,science_V_003.fits,68618.23045555281,261.57653082812175,262.32563845967087,-7.64572065945983,0.0041387490996878384,16.469403125374107,0.01137878288144328
30,452.0454729494621,168.88819007947652,255532.91595458984,404.09869384765625,632.352739182386,255050.07761279095,4.991803338275677,0.0031485872119105807,1.0031585321257703,17506.2265625,184.0,132.77010771324365,11.587201377715049,False,False,science_V_003.fits,254603.85777169428,401.0043268941901,634.9154876796994,-9.06928432359447,0.0017099913627366284,15.045839461239469,0.010736457805696141
31,42.198697516598486,174.82657351631784,182367.64279174805,342.9586181640625,531.7482434703189,182325.1915528045,4.89869296896254,0.004107713585188466,1.0041246564926978,12491.33984375,163.0,132.83228270831972,11.588083632114788,False,False,science_V_003.fits,183353.15654513938,345.2439207962583,531.0829402072025,-8.712842851605947,0.0020443134542721584,15.402280933227992,0.010794752116291412
32,17.425381012184406,194.14244913296196,246286.7215270996,390.00738525390625,631.4924558845462,245912.2519639022,4.934666131259246,0.0027125392627379563,1.0027199171447845,16139.244140625,178.0,132.8360412707238,11.59095374425035,False,False,science_V_003.fits,247145.21792785544,388.67000468164656,635.8741733370656,-9.037002403065685,0.0017074132674743652,15.078121381768254,0.010736047495182165
33,427.4352682268047,195.38936272556214,390583.7799987793,486.4533386230469,802.9213677602961,388815.0458605671,5.0536966221280695,0.0036167978819423574,1.0036299265927546,24147.82421875,214.0,132.77384077997326,11.591140105202683,False,False,science_V_003.fits,388501.64134544256,477.04687550220467,814.3888185756435,-9.528104018921596,0.0013331469873307895,14.587019765912343,0.010682917983523457
34,264.44617264541887,197.25933430487393,113257.11410522461,286.9627380371094,394.6753326927709,113658.30380142422,4.837269089666092,0.005780529209129415,1.0058141380036856,7334.17626953125,143.0,132.79856702606875,11.591419175628166,False,False,science_V_003.fits,114171.89892718662,296.5102228406379,385.05215042298676,-8.198519934983704,0.002819618066818583,15.916603849850235,0.010968030898734262
35,186.13389084278649,203.37784958257134,613669.7721252441,591.1128540039062,1038.160087314205,610116.660178479,5.0958334530746985,0.0045697102519948185,1.0045906883676923,40190.98828125,245.0,132.81044743104388,11.592328270994935,False,False,science_V_003.fits,609763.2274109229,578.5095884537715,1054.0244095878954,-10.017524949310827,0.0010300520463510795,14.097598835523112,0.010649340964165425
36,351.8886781773517,203.50449423420756,311515.591217041,438.7572937011719,709.9952426755726,310577.967255164,5.01460907734713,0.006918764312468628,1.0069669671159163,20081.943359375,196.0,132.78530150512938,11.592346908161485,False,False,science_V_003.fits,309833.5667199719,433.09026996390594,715.4018185303347,-9.282443040358416,0.0015176086667355374,14.832680744475523,0.010707501660901602
37,42.35993298066103,205.17332132595493,303878.15283203125,428.9645690917969,708.3991889479395,303002.287943428,5.001481820177942,0.005720159857151685,1.005753068327655,20062.556640625,196.0,132.8322587695701,11.592593497890967,False,False,science_V_003.fits,303219.1270491716,423.89414552903,715.3180345785311,-9.259013356793087,0.0015177864215875669,14.856110428040852,0.010707526856114596
38,302.4877342581201,220.10994370627301,483903.2663269043,533.1826171875,907.5750985271411,481542.6551221894,5.076000464830662,0.0026431485552371736,1.0026501533041141,30760.322265625,230.0,132.79279584027356,11.594814944383979,False,False,science_V_003.fits,480388.02252027,521.8071966819916,920.6236049922402,-9.75860230062347,0.001179309322629362,14.356521484210468,0.010664812526777031
39,328.7720109214206,216.1647194395104,15858.387634277344,144.7786865234375,109.53537440547306,16494.15628518789,4.257416764171761,0.015171815768996955,1.0154055458728,1099.259765625,70.0,132.78880835705309,11.594228514204115,False,False,science_V_003.fits,15772.566059350811,201.06125263113438,78.44657214131185,-6.049377761573313,0.013839992881323676,18.065746023260626,0.017432523016131365
40,280.05780900282343,227.00949872290707,399912.6455383301,498.8695373535156,801.6377341054974,400206.733301896,6.951415498973013,0.4052399960958266,1.6813504496531648,15644.837890625,268.0,132.79619860130325,11.595840359257169,False,False,science_V_003.fits,389536.5187765862,475.90413583103935,818.5188769086127,-9.530992320844804,0.0013264202337036853,14.584131463989134,0.010682080620798473
41,360.47266408809264,226.6655818999942,12734.869720458984,134.6319122314453,94.59027588174273,13516.537591594239,4.1042118047961225,0.027276806601594372,1.02804169447867,878.689453125,62.0,132.78399906930466,11.595788834286925,False,False,science_V_003.fits,12825.091555831841,198.57957770527625,64.58414155188869,-5.824773059387587,0.016810628335560032,18.29035072544635,0.019873215159837466
42,42.790116938632,233.75997731757448,1140896.494293213,787.0370483398438,1449.6096425191056,1133335.5179458165,5.232567022041451,0.001654844461496996,1.001657587511009,55172.03125,297.0,132.83219399820666,11.596841799117867,False,True,science_V_003.fits,1130996.7778866186,770.5178698148355,1467.8397765887123,-10.688275293189067,0.0007396583859603449,13.426848491644872,0.010625184717489914
43,317.85095118023816,232.30527187614754,54571.35791015625,219.38304138183594,248.74920853692998,55205.100324246145,4.672859961648521,0.009635227720465434,1.0097289685479098,3710.036865234375,112.0,132.79046507199033,11.596627238585581,False,False,science_V_003.fits,53957.20780353368,244.53847084042678,220.6491584661269,-7.3847455429372815,0.004920481036716358,16.730378241896656,0.01168582857077516
44,203.86948131626258,237.06438108509116,1096872.064025879,775.3087158203125,1414.7552344556548,1089478.4258880448,5.2558654646770115,0.0014222911419875528,1.001424316935348,51462.1640625,298.0,132.80775698227708,11.597334547919921,False,False,science_V_003.fits,1086728.866654291,757.4256620503398,1434.7663686394417,-10.644924882361714,0.0007567085650533796,13.470198902472225,0.010626385255828291
45,339.66850331932045,238.7481931939224,480451.91104125977,531.9994506835938,903.1060284440184,477965.37268355704,5.069825139352999,0.001017324568002409,1.0010183605712306,31343.53515625,227.0,132.78715513278166,11.597584600962627,False,False,science_V_003.fits,477207.85330322094,520.8453110866242,916.2180078143284,-9.75139082940227,0.0011849799837376884,14.363732955431669,0.010665441074550959
46,87.21644490797648,238.65677026922407,74049.78308105469,241.32815551757812,306.84270106088377,74582.8717670381,4.775854775753263,0.008170262741250434,1.0082375658183347,4924.77197265625,127.0,132.82545423562087,11.597570184570383,False,False,science_V_003.fits,74874.55584758906,257.2671470026114,291.03815516261403,-7.740457522016336,0.0037304387096371554,16.374666262817602,0.011236708980801232
47,441.58113893238135,244.1795180637017,281400.2321166992,422.9975891113281,665.2525672968738,280587.46303757967,5.016839898017666,0.00256237007966309,1.0025689526871646,18305.263671875,195.0,132.77169404685364,11.59839066268276,False,False,science_V_003.fits,280442.60565879144,417.18546288982117,672.2252585604989,-9.174231858020082,0.0016150836139732607,14.940891926813856,0.010721751295053652
48,354.8612216162604,246.0783066648453,11800.271545410156,133.7676544189453,88.21468535624484,12388.347906653995,4.125032950675708,0.02655205906341318,1.027276301019104,874.5233154296875,63.0,132.7848502103221,11.598673826342633,False,False,science_V_003.fits,10918.223833561857,297.4692768644274,36.70370247525721,-5.650001857777875,0.029580122079833633,18.465121927056064,0.03142182486760947
49,265.9958657036844,247.0520136218082,15001.233917236328,141.68643188476562,105.87629117117521,15620.736690744732,4.247819388632603,0.006489181334137117,1.0065315658493292,1092.7723388671875,69.0,132.7983318855349,11.598818919707215,False,False,science_V_003.fits,15521.150720874783,198.25617093409195,78.28836120331718,-6.031931664606649,0.013867961767399949,18.083192120227288,0.01745473630092779
50,233.74958504456478,262.4397510907042,234399.14434814453,386.8504333496094,605.9167164905574,234088.55266972617,4.9647833515324225,0.0112850551970467,1.0114138612512789,14968.3203125,180.0,132.80322396625243,11.60110569538544,False,False,science_V_003.fits,234018.28321033524,384.9032157388537,607.9925384907935,-8.97774634648906,0.0017857127041312204,15.13737743834488,0.010748777866090423
51,415.15083565684637,262.26684420663577,18696.145141601562,158.12921142578125,118.23334204367859,19985.300104006456,4.433887092025047,0.026269040295714197,1.0269777190854565,1328.3643798828125,80.0,132.7757035234965,11.601079002577773,False,False,science_V_003.fits,16286.513894234258,261.6488288079334,62.245697672086955,-6.08419220934865,0.017442169348306048,18.030931575485287,0.020410211349416417
52,368.19351547488213,267.1303867266553,373607.9053039551,476.9494323730469,783.3281265166429,372144.0150273966,5.037530867367379,0.00366221305672787,1.003675674158624,25482.58203125,211.0,132.78282738871152,11.601802286847933,False,False,science_V_003.fits,371222.0448286645,468.19287633053733,792.8827276017485,-9.478706270704059,0.0013693071651137403,14.63641751412988,0.01068749071884002
53,427.26665333101016,273.7162556652638,763879.8930053711,658.5648193359375,1159.9160334371154,758903.9985614633,5.125548060088948,0.0010507041566135689,1.0010518092970138,49888.1796875,263.0,132.77386526981746,11.602780352806237,False,False,science_V_003.fits,757078.3764256757,642.5353301758078,1178.2673121157823,-10.2524739792878,0.0009214377661470031,13.86264980554614,0.010639384536228669
54,404.27177816709894,270.5406781938996,21850.409912109375,162.9901885986328,134.0596639587707,22443.03547038335,4.395724194195031,0.003629375177451988,1.0036425955232255,1464.029296875,80.0,132.7773538888804,11.602308719329436,False,False,science_V_003.fits,18967.942252318244,212.40776777859475,89.29966380556128,-6.24967242095988,0.012157940508756836,17.865451363874058,0.016129568288312312
55,283.21130192039874,274.5927482207093,369822.558013916,473.6534423828125,780.7872273733437,368251.483890943,5.051017832978904,0.006248405470028029,1.0062876935286664,24048.9453125,213.0,132.79572008440076,11.602911752162479,False,False,science_V_003.fits,367252.02844407706,464.6715815329235,790.3475121773852,-9.46703238206277,0.0013736995223897488,14.648091402771168,0.010688054366004767
56,255.15917308216544,277.993289947751,1332218.707611084,852.7259521484375,1562.3058079264124,1322926.4121277342,5.431684363824018,0.002006366618061861,1.0020104002179482,52069.84765625,334.0,132.799975910052,11.603417141938865,False,True,science_V_003.fits,1315849.84922194,830.624538368467,1584.1692466810146,-10.852637711645423,0.0006853434393292541,13.262486073188516,0.010621541855243588
57,318.2831426958642,276.2715307230566,174632.32543945312,344.44085693359375,507.0023544655193,174688.95650910842,4.932097180320093,0.008733316478877873,1.0088102592612676,11517.583984375,166.0,132.79039928038216,11.603161110909358,False,False,science_V_003.fits,173623.76419530946,346.30166562227595,501.36566303636357,-8.65364479297033,0.002165485353394166,15.46147899186361,0.01081835396761561
58,337.51282136610877,280.3146537026117,1017620.0845336914,768.9566650390625,1323.3776762725595,1010583.1053010535,5.1981414751535935,0.001593509096842305,1.001596052420894,54894.578125,292.0,132.78748189085954,11.603761852944137,False,True,science_V_003.fits,1007528.3019931223,732.8701054289967,1374.7706374287845,-10.56276501039585,0.0007897317344735923,13.552358774438089,0.010628787887868231
59,41.209179056262,283.14461455109625,1016290.2822875977,745.7595825195312,1362.7585968846486,1009868.2349519652,5.173763166768991,0.0028924349176049358,1.002900825366184,54881.44140625,287.0,132.8324346919085,11.60418087710576,False,True,science_V_003.fits,1008373.2606635035,729.9455364316048,1381.4362994710732,-10.563675176140721,0.0007859211462849896,13.551448608693217,0.010628505435903848
60,186.05542130034675,281.27416709553074,110230.9739074707,284.2109375,387.84916188340117,110607.72790894753,4.851101717135211,0.005517173913617723,1.0055477819917007,7345.56640625,144.0,132.8104597691009,11.603904528619687,False,False,science_V_003.fits,106904.82150022482,293.44500651757414,364.30956099374754,-8.12711510581218,0.002980157855419648,15.988008679021759,0.011010394933701479
61,67.80333601534184,288.19128492339723,498362.0796508789,536.7386474609375,928.5004573611377,495942.9781357299,5.076487940635505,0.0016585965001407743,1.0016613520127746,33550.30859375,231.0,132.82840011613348,11.604931290340993,False,False,science_V_003.fits,494680.509968877,526.0998439292206,940.2787620583848,-9.790433873623709,0.001154657580081114,14.32468991121023,0.010662114700194259
62,274.54201131245736,292.2688465555682,962426.2072143555,730.7408447265625,1317.0554433350278,955970.9624050464,5.19154887678307,0.0017336490513952807,1.0017366598100277,52358.8125,285.0,132.7970352860792,11.605538633140197,False,True,science_V_003.fits,952481.0481919254,713.3574685097875,1335.2086299477176,-10.501762731898086,0.0008131313531447985,13.613361052935852,0.010630552118790765
63,168.05355952438947,291.72919200880045,232158.02044677734,385.4412841796875,602.3174734405161,231800.60982169106,4.9771556091007225,0.0026171112849843192,1.0026239785288036,15700.8291015625,183.0,132.8131909384733,11.605458150375158,False,False,science_V_003.fits,227862.79891082278,382.7723200301651,595.2959161019419,-8.948805443173061,0.001823798837911192,15.166318341660878,0.010755170754294233
64,202.43268714694278,289.60847958114795,12480.481201171875,132.4960479736328,94.19512047374829,13143.903907901828,4.116431563206855,0.017302398057779556,1.0176070421089691,868.44287109375,63.0,132.80797517897483,11.605143178795347,False,False,science_V_003.fits,12708.384967290538,193.96440389672858,65.51916079435273,-5.814847779465983,0.01657072506480546,18.300276005367955,0.019670698638488457
65,350.3728772251387,295.2359979242198,79393.64993286133,253.65989685058594,312.99251840201924,80058.18414205473,4.774574854959092,0.0031084210359551,1.0031181134453813,5281.4345703125,128.0,132.78553075392705,11.605979239868558,False,False,science_V_003.fits,76113.80844634939,270.7797376950538,281.09122600623493,-7.7582805063761064,0.003862447133002714,16.35684327845783,0.01128122128176292
66,312.93980948436223,297.879336868585,565718.7358093262,572.4302368164062,988.2754254135729,562721.0713951342,5.088548531629316,0.0021508517670076888,1.0021554879019705,38456.890625,237.0,132.79120982413224,11.606372296561211,False,False,science_V_003.fits,561796.7488826197,560.0404983055613,1003.1359349589396,-9.928569928068336,0.0010823059589071943,14.186553856765602,0.010654522135766849
67,108.12595548753254,298.0784357355185,288067.18493652344,421.53790283203125,683.3719648961403,287241.5858411016,5.012242651755154,0.0031624620775376755,1.0031724949725798,19743.080078125,196.0,132.82228279222045,11.606401163838115,False,False,science_V_003.fits,286857.40092737443,416.15803605427004,689.2991990426592,-9.198787021966822,0.0015750779944440478,14.916336762867116,0.010715797984351964
68,236.13670604935422,298.49941243867323,92876.33477783203,267.5470275878906,347.14022284296044,93317.34085675559,4.821976413812757,0.00158109272058371,1.0015835965335353,5952.00732421875,138.0,132.80286187024436,11.606464565479337,False,False,science_V_003.fits,93221.4239166829,279.57485144553635,333.4399479591363,-7.978411204807012,0.0032560585696020283,16.136712580026927,0.011088253837351424
69,426.1268633002616,300.5523879813587,197593.77655029297,363.1292724609375,544.1416915006446,197574.83756281115,4.927586041077577,0.0013897220901529783,1.0013916561053846,12824.9638671875,167.0,132.77403781780427,11.60676851529711,False,False,science_V_003.fits,196515.8652689303,364.6670574292554,538.8911920212424,-8.78811591884254,0.0020146924204268737,15.3270078659914,0.0107891816789683
70,77.10584452731713,306.7673995997184,1177024.20703125,801.2483520507812,1468.987991075023,1168473.0297236308,5.289393153918022,0.0019342914461076832,1.0019380401806512,53644.23828125,315.0,132.82698907726498,11.607692041463867,False,True,science_V_003.fits,1164396.5289777825,782.11804584707,1488.773382944626,-10.719874129423896,0.0007292580673712797,13.395249655410042,0.0106244657786491
71,182.7386591986655,309.47692379905436,1426037.9532165527,890.1431274414062,1602.0322005018477,1416667.373018553,5.449677709526367,0.0009220899574805541,1.0009229409921008,51912.77734375,331.0,132.81096312587542,11.60809575297018,False,True,science_V_003.fits,1409314.6460808432,866.5116770280857,1626.4231440185933,-10.927141787263665,0.0006675384594672174,13.187981997570274,0.01062040787106256
72,439.64601853520355,307.8657918017421,26884.960968017578,175.91697692871094,152.82755216349875,27677.739076581194,4.48723195793135,0.018047176952122324,1.018378863554876,1821.4400634765625,88.0,132.77198667184322,11.607855177820612,False,False,science_V_003.fits,25576.110475062804,219.7263703443424,116.39982235623977,-6.57420812200746,0.009327333822531385,17.540915662826478,0.014119015971015746
73,350.1642692933558,319.76490719724586,1480937.155822754,897.3358764648438,1650.3710535424857,1470942.682542712,5.473556824829332,0.001235892941999328,1.001237422263441,53920.1484375,335.0,132.78556221390107,11.609624509718728,False,True,science_V_003.fits,1463558.1201262388,874.7479936602684,1673.119722175265,-10.968146808062995,0.0006489075381816994,13.146976976770944,0.010619253116202135
74,199.4838522506688,330.61956959270793,820475.3053283691,677.8536376953125,1210.401862145296,814878.9837033935,5.133220817638965,0.001930112462541711,1.0019338450008786,50149.59765625,272.0,132.8084227381128,11.611237869638789,False,False,science_V_003.fits,812560.496107714,661.8503824237497,1227.7102464337206,-10.329261135545709,0.000884329183660204,13.78586264928823,0.010636234947477084
75,499.29428895635107,333.92357965527026,1046875.7821044922,764.9854736328125,1368.4910605335037,1038556.5317721596,5.22440681294067,0.002633989437592854,1.002640945660568,56418.3046875,306.0,132.7629366819601,11.611726640786284,False,True,science_V_003.fits,1034905.0075327865,743.5046541645968,1391.9280824080486,-10.591873094905766,0.0007799971950574695,13.523250689928172,0.010628069033326668
76,17.165870669557517,334.1926659230764,84240.0280456543,251.74978637695312,334.61807160987604,84581.13957808336,4.707985154313839,0.0012945907226131759,1.0012962688602536,5835.5263671875,125.0,132.83608333016647,11.611766753334269,False,False,science_V_003.fits,86244.0892405128,267.7470311661477,322.1103474607526,-7.89394522476091,0.003370584051579674,16.221178560073028,0.011122422964517353
77,172.98321652475403,346.9723581277494,170997.24047851562,341.0684509277344,501.3575427847079,170897.6155343239,4.949127774795808,0.002291167803932903,1.0022964293088295,11788.46484375,172.0,132.8124434128787,11.613667931205255,False,False,science_V_003.fits,170871.81210645393,341.15586443796667,500.8614241116879,-8.636297936982185,0.002167665441445333,15.478825847851754,0.010818790561744698
78,69.37940944245861,349.181431096553,409505.6453552246,492.4491271972656,831.5694408595926,407674.12747288414,5.061651144294985,0.0044506830794106556,1.0044705802151292,26438.693359375,220.0,132.82816192076913,11.613995125625825,False,False,science_V_003.fits,407130.8175038855,482.9706785799377,842.9721214152346,-9.578956817199712,0.0012879429490233422,14.536166967634227,0.010677371061867181
79,372.73090836164397,350.2957278673159,513996.37759399414,548.9771728515625,936.2800550050798,511673.6243595295,5.069136822191912,0.002128565163744822,1.002133105618054,33506.578125,226.0,132.78213822670426,11.614161538253134,False,False,science_V_003.fits,511432.02272486396,538.0228230931452,950.5768171405663,-9.826591667512382,0.0011421486201040527,14.288532117321557,0.010660767290550214
80,46.61336796037306,358.4367991689143,655209.0731506348,608.5623168945312,1076.650747115168,651562.8378621393,5.092449923745028,0.0020664912048760087,1.0020707704337648,40571.02734375,249.0,132.83161607917404,11.615370220549918,False,False,science_V_003.fits,651513.0892683059,595.8543051589888,1093.410056162078,-10.089429737439044,0.0009929486141830994,14.025694047394895,0.0106458162065324
81,195.87561565067142,357.97778224780143,106672.51531982422,281.68658447265625,378.69221042075964,107001.21172719132,4.842648043486273,0.0022709878257997085,1.002276156950524,7359.8818359375,143.0,132.80897029546077,11.615303587368786,False,False,science_V_003.fits,106368.16201220323,291.4403189415518,364.9740790790697,-8.121651011336061,0.0029747318021584456,15.993472773497876,0.011008927515777029
82,425.8607687742932,356.55849663814587,28655.318756103516,178.8170166015625,160.24939516775902,29507.98503835023,4.472948004772719,0.019317754606660853,1.0196982811684459,1921.992919921875,88.0,132.77407741490612,11.615091647766564,False,False,science_V_003.fits,29099.267872458942,222.34749124894327,130.87293096497774,-6.714327030100938,0.008295833156594766,17.400796754732998,0.013459877544573607
83,150.72529142524832,363.45389040946867,143662.45629882812,315.80767822265625,454.9048873901689,143857.34926742807,4.899491269082403,0.0018058811044660006,1.0018091482110354,9275.8916015625,157.0,132.81582046100274,11.616117105530897,False,False,science_V_003.fits,143901.51121108522,320.3699877464651,449.17288358785413,-8.44978526102259,0.0024171094019028133,15.665338523811348,0.010871516619755807
84,189.4080986274026,375.4464086652141,186614.69110107422,352.53192138671875,529.3554421029651,186575.76871415955,4.94286907209164,0.000532394416541293,1.0005326780113404,11568.6953125,170.0,132.80995162715146,11.617899587138663,False,False,science_V_003.fits,185824.75231186172,353.18704347238537,526.1369456957183,-8.727380780537946,0.002063531194458058,15.387743004295993,0.01079840806523634
85,413.73273164763157,378.5348260579408,541457.6908874512,572.5570068359375,945.6834593286226,540947.8554883553,6.72590951688249,0.3710531975330491,1.5899595897103662,23455.826171875,284.0,132.77591717366693,11.61835773228501,False,False,science_V_003.fits,528630.4718853214,547.0809503565958,966.2746830076095,-9.862502358006203,0.0011235935485970402,14.252621426827735,0.010658795345408815
86,168.89868176410675,380.23327076996856,87742.87078857422,260.521728515625,336.7967473903497,88063.10767570892,4.783144724884673,0.006289861888289727,1.0063296746677477,6048.7724609375,133.0,132.81306333826592,11.618610844666444,False,False,science_V_003.fits,87451.8282311314,274.2850657264572,318.83554432506565,-7.909044106759234,0.00340520377769765,16.206079678074705,0.011132963150954292
87,334.40544486497276,382.4189546702453,718337.7028808594,639.3464965820312,1123.5499165493482,714017.916078564,5.104077948310982,0.0022108685233710457,1.0022157672935355,44374.0078125,254.0,132.78795266155262,11.618935705452579,False,False,science_V_003.fits,713237.6108610723,624.6958458513957,1141.7357992656464,-10.187707465482665,0.0009509205200522854,13.927416319351273,0.010641978462124242
88,63.382871582630564,389.9656199962483,137804.24404907227,451.74884033203125,305.04614897912614,138029.63680552194,4.901686917645532,0.015357543391075645,1.0155970761650543,9187.55078125,154.0,132.82907233070821,11.620056018328325,False,False,science_V_003.fits,138334.3860989812,455.46133665494506,303.7236642630383,-8.406947241827481,0.0035746309153564513,15.708176543006457,0.011185948414590596
89,318.16442153679685,387.27576824588635,14213.450775146484,141.1221160888672,100.71738696290532,14951.568862031698,4.173796917791991,0.01757283635914586,1.0178871645751542,987.076416015625,66.0,132.79041672535146,11.619657573580918,False,False,science_V_003.fits,14203.287912053787,202.5800643449446,70.11197255752195,-5.935594100627881,0.01548522970323306,18.179529684206056,0.01876538821113891
90,282.41105422186956,392.952782918716,347763.621673584,461.7945556640625,753.0699905578108,346433.23169585096,5.040189128096348,0.0064955314481058846,1.006537999227697,22804.68359375,206.0,132.79584122895943,11.62050136927275,False,False,science_V_003.fits,346472.63194370037,453.94663079816956,763.2452989782107,-9.403794211920905,0.0014224784632849666,14.711329572913034,0.010694433165501073
91,98.4010533253171,393.0190641320234,91078.63122558594,263.66107177734375,345.4382955042371,91604.08195933173,4.825132641076348,0.0019712307581399857,1.001975124183682,6123.3115234375,137.0,132.82375938927055,11.620510277228313,False,False,science_V_003.fits,91551.42895948017,275.8098673115713,331.9367426983974,-7.958784692231955,0.0032708039223801237,16.156339092601982,0.011092592756047476
92,407.081235638041,398.05207379715785,714526.8072814941,639.612060546875,1117.1252878980522,710103.0787259035,5.111103668280754,0.004983689326144014,1.0050086508861036,49193.546875,257.0,132.77692609684718,11.621258293497197,False,False,science_V_003.fits,707537.9545729804,623.9763661742448,1133.9178740231341,-10.178996228416828,0.0009574767493063168,13.93612755641711,0.010642566301335497
93,242.39143332532902,397.4890040047288,205132.70071411133,367.0313415527344,558.8969591705516,205011.81926026026,4.946690839228186,0.0017442368447622147,1.0017472845228053,12653.91015625,171.0,132.80191304601462,11.621175525517643,False,False,science_V_003.fits,204603.0318915697,367.3612621883114,556.9532037013992,-8.83190203648445,0.0019493558754750955,15.283221748349488,0.010777172360230165
94,40.99888347463644,402.4541287885429,480941.8793029785,532.7950439453125,902.6770890014955,480166.1874599627,5.877208494247443,0.2376422532029423,1.311720126412257,18869.9921875,250.0,132.83246865879545,11.621911589114768,False,False,science_V_003.fits,475113.0011449546,517.5767381564528,917.9566354493653,-9.746614160930083,0.001182735608712627,14.368509623903856,0.010665191947310491
95,221.86794600440447,404.2492905530852,779303.9874572754,662.501220703125,1176.3057381693357,774391.0416263444,5.1225934592849525,0.0028153739731472394,1.0028233226823449,51928.8671875,264.0,132.805026913351,11.62218014185668,False,True,science_V_003.fits,773054.8464446974,647.1516368034434,1194.5497816603593,-10.275147642029765,0.000908877986224179,13.839976142804174,0.010638304138663393
96,469.53600644303026,404.3505923993488,129180.27960205078,309.1000061035156,417.92389858054264,129587.84439655961,4.896106435466264,0.00358059016600909,1.0035934568623124,8097.73193359375,151.0,132.76745027088847,11.622193415505947,False,False,science_V_003.fits,128685.8260779622,316.5539528183664,406.5209893360583,-8.328448660977099,0.0026707108082492776,15.78667512385684,0.010930697689267563
97,121.25145808556158,406.8358677765629,371878.00064086914,473.7671203613281,784.9383898934329,370179.53563536075,5.07161883216955,0.0008974068368211574,1.0008982128992179,24716.578125,217.0,132.82029265523772,11.622563870303114,False,False,science_V_003.fits,369218.135583139,464.2367463957396,795.3229434112875,-9.472829436387153,0.0013651058466177671,14.642294348446786,0.01068695324801834
98,451.033770723153,402.7497816657336,5549.4642333984375,106.54525756835938,52.085511453552066,6466.161236451085,3.6610229474652884,0.04065217402213428,1.0423748018407166,448.0943603515625,42.0,132.7702574880906,11.621955818432339,False,False,science_V_003.fits,6356.755029971865,196.3279366741641,32.3782500731002,-5.062710562448172,0.03353176893590053,19.052413222385766,0.0351671293074013
99,177.24057119848422,410.816113910996,756404.7347412109,652.8038940429688,1158.7013215509755,751605.8479344882,5.11761981758608,0.002860220766113919,1.0028684250951372,50326.109375,262.0,132.81179790013633,11.623155848430631,False,False,science_V_003.fits,750526.5955224381,637.8474496547558,1176.6553208430503,-10.243037090119323,0.0009227001151213233,13.872086694714616,0.010639493937932605
100,307.44955298944444,406.67591239397126,26152.309783935547,236.46463012695312,110.59713146061166,26921.67340236362,4.443297229013687,0.006458841859055542,1.0065008296899758,1735.625,85.0,132.79204230757438,11.62254069923323,False,False,science_V_003.fits,26927.425004388693,270.87414282981933,99.40935935441517,-6.630108936565815,0.01092150685861733,17.485014848268122,0.015219289333463804
101,342.69908442789125,412.85193999958284,21616.582092285156,228.0143280029297,94.80361292035741,22124.454983487773,4.334038647646381,0.02497109823988386,1.0256106236387517,1610.793701171875,77.0,132.78669413469532,11.623458329552564,False,False,science_V_003.fits,19935.63646746529,266.84413333540374,74.70891796750742,-6.303697137931534,0.014532401613314696,17.8114266469024,0.01798716632500882
102,57.37345586687363,415.3803151196357,126722.76300048828,299.7691955566406,422.73443995863926,127043.10898221689,4.871036322635785,0.0103317257460257,1.0104395846717567,8049.9833984375,152.0,132.829984488666,11.623832830631969,False,False,science_V_003.fits,126075.3745691377,306.043247269078,411.9528063244286,-8.306197541838984,0.002635496064918101,15.808926242994955,0.01092214700784871
103,411.81605621832404,418.07415666220237,757417.2828674316,656.091552734375,1154.4384007243564,752794.5558856773,5.114137477146908,0.003760077084325908,1.003774268625294,51116.9375,255.0,132.77620747017866,11.624233738781278,False,False,science_V_003.fits,751105.1924747343,640.9894872307326,1171.7901891335764,-10.24387378483394,0.0009265310548493058,13.871249999999998,0.010639826857071495
104,136.1368883424191,418.43171171117007,66163.09838867188,234.85177612304688,281.7227933333013,66771.37670120604,4.752750914267412,0.010770498745683033,1.010887765409368,4340.05322265625,123.0,132.81803431944067,11.62428729024011,False,False,science_V_003.fits,65896.37335707348,253.780787922706,259.65863648095984,-7.601775658084665,0.004181258958739129,16.51334812674927,0.011394313592002634
105,35.914961913122376,422.407126313496,701365.3187255859,628.1670532226562,1116.5267505314137,697332.404481081,5.099695236663716,0.003973578065230465,1.0039894303782744,45577.62109375,252.0,132.8332403526933,11.624876737977534,False,False,science_V_003.fits,696227.5265827343,615.066275917091,1131.9552930204607,-10.161499848755216,0.0009591368198853199,13.953623936078722,0.01064271578085779
106,474.6177297111759,428.0599822998365,265879.6235046387,416.2999267578125,638.673241130108,265015.1015244238,5.035574933297394,0.003563182341280502,1.0035759240105688,17567.85546875,196.0,132.76667884223468,11.625716805615067,False,False,science_V_003.fits,264168.3265525947,409.79144244853404,644.6409055644733,-9.109323736646344,0.00168419346434325,15.005800048187595,0.010732379203988101
107,168.75729697650874,432.53976307953803,17920.55255126953,151.85494995117188,118.01098717580024,18660.071942732502,4.353121039596006,0.018620125253267505,1.018973412571837,1175.030029296875,77.0,132.81308515357728,11.626384168228205,False,False,science_V_003.fits,17538.192374694314,202.36872850165804,86.66453806646624,-6.164583947791753,0.012527615380207031,17.950539837042182,0.016410015321969066
108,148.81084569941336,442.70172757758,213535.09228515625,373.66302490234375,571.4643356563398,213156.00097574625,4.977682885709963,0.003072757613962973,1.003082228555224,14284.1552734375,181.0,132.81611159766152,11.627894196458191,False,False,science_V_003.fits,212782.2079262918,371.32416691264626,573.0362494190922,-8.874460151584367,0.001894644537933881,15.240663633249572,0.010767410723009614
109,374.4348636411221,448.3069469206133,625861.4673156738,606.743408203125,1031.509298418531,624406.6267609479,6.075376574103394,0.2693081302112522,1.368565932297991,31991.58984375,274.0,132.7818787613166,11.628727075562978,False,False,science_V_003.fits,616467.4917014689,585.6644318147218,1052.5950667540144,-10.029397323544194,0.0010314507775037124,14.085726461289745,0.010649476346716431
110,179.40466962526264,450.773862097422,16611.430114746094,146.28314208984375,113.55669475942577,17197.04920083611,4.2681587719923515,0.039019759107206564,1.040604122173163,1143.253662109375,71.0,132.81146980212213,11.629094025583786,False,False,science_V_003.fits,16866.8069601614,201.17661174841942,83.84079448188598,-6.122204060236077,0.012949543318492388,17.992919724597858,0.01673433978113181
111,123.72671870883435,459.46735627844316,19891.649353027344,157.61279296875,126.20580460731557,21005.992665676986,4.467854878457087,0.017984005376182166,1.018313352811602,1312.508544921875,83.0,132.81991766194503,11.63038551813846,False,False,science_V_003.fits,17774.482478599002,203.70528029825266,87.25587501990476,-6.179114285736583,0.012442715172500772,17.936009499097356,0.016345293408710677
112,264.5075122462528,461.18649875633105,16294.689758300781,148.18746948242188,109.95997040244804,16989.890957092226,4.281781292394016,0.01875020674106198,1.0191084949723033,1109.9627685546875,72.0,132.79855751783953,11.630641681745917,False,False,science_V_003.fits,14817.843781228406,204.12495115184768,72.59202609780651,-5.9815844037221115,0.014956188142995038,18.133539381111827,0.018331257990697885
113,61.38255361341403,466.86739559480014,54147.380798339844,216.2689971923828,250.37051774079694,54866.10473010174,4.67054250155573,0.015680053835520735,1.015929834498041,3622.18408203125,112.0,132.82937702306663,11.631484442254289,False,False,science_V_003.fits,55286.34555437962,240.53735767267108,229.8451520766042,-7.411166583739409,0.004723614965079409,16.70395720109453,0.011604309289707073
114,433.24751517216737,469.36553981701525,92468.58905029297,272.6988525390625,339.08682852652413,93067.76026820493,4.846380440046023,0.00668733673253441,1.0067323582793526,6000.10888671875,137.0,132.7729550887046,11.631855920836118,False,False,science_V_003.fits,91827.01265905918,286.3997385890425,320.6253368506826,-7.9620480139472525,0.003386195272850873,16.153075770886684,0.011127163797605269
115,174.92048071285095,472.2128409609205,67038.51846313477,238.5724334716797,280.99859437906406,67822.64801726022,4.789894301434843,0.015721412664683188,1.0159725232946955,4536.64453125,127.0,132.81215030687048,11.632280067379035,False,False,science_V_003.fits,67410.1993273676,256.5070741296108,262.8005467533648,-7.626435902340615,0.004131269943737662,16.48868788249332,0.011376064657907406
116,277.89597199815756,480.26058861083607,1422237.6372070312,880.948974609375,1614.4381549881152,1412050.8418915025,5.432303573292823,0.001208410183188402,1.0012098722050813,55391.91015625,336.0,132.7965260997462,11.633476285329563,False,True,science_V_003.fits,1404607.8498279427,857.9155484210115,1637.2332363169255,-10.923509602032093,0.0006631309308393719,13.191614182801846,0.01062013174985582
117,243.58382835398444,481.03073891422395,952757.1252441406,729.43603515625,1306.1558235741038,945917.7708861007,5.19205238874767,0.0038367451297049993,1.0038515224396674,55037.48828125,293.0,132.8017322113955,11.63359075381211,False,True,science_V_003.fits,943346.9212824728,710.4595229359122,1327.7982641209082,-10.491300465086466,0.0008176693925103197,13.623823319747473,0.01063090019651713
118,195.75937088988564,481.4690482711097,123566.52362060547,301.014404296875,410.5003676127677,123913.85045329717,4.914149731219079,0.006055587291655451,1.0060924808412122,7861.2822265625,155.0,132.80898852290838,11.633655757347176,False,False,science_V_003.fits,123481.05637729872,306.7345864798296,402.56645914763396,-8.283622714551402,0.002696945995696674,15.831501070282537,0.010937137352002309
119,326.0597986728277,493.1362983153954,19889.574432373047,159.8489532470703,124.42730482964598,20765.70730617381,4.3983822755973945,0.028900469020573305,1.0297605632570175,1432.190185546875,79.0,132.78921822764323,11.635389578570923,False,False,science_V_003.fits,20681.1578496263,211.17812598726866,97.93229176999662,-6.343558997526404,0.011086230908900515,17.771564787307533,0.015337925919703775
120,357.73049654886137,493.4009714355583,2641.911376953125,84.41261291503906,31.29759032115494,3272.1323070370504,3.2250295732155783,0.05472679222314214,1.0578952114297744,211.93484497070312,29.0,132.78441286294435,11.635428693487341,False,False,science_V_003.fits,3156.156935511849,190.40234203592448,16.57625059525978,-4.3025183484485865,0.06549732062511603,19.81260543638535,0.0663494270120105
121,186.99972739766994,508.99890172556445,29987.78497314453,140.0968475341797,214.05039086142432,30069.244167455014,2.6630072065349975,0.0015323731729670609,1.0015347249442996,29841.74609375,25.0,132.81031775765598,11.637746953574691,True,False,science_V_003.fits,29756.31566234938,194.64193460527213,152.87720872017778,-6.738569766950792,0.007101778015761888,17.376554017883144,0.012758632635906507
122,29.081392845819458,14.008947734449043,794225.2768249512,658.0531616210938,1206.9317847640175,792403.7798302772,5.077587572605251,0.01552329979551903,1.0157680723091718,54403.3359375,230.0,132.8342697115161,11.564184127398768,False,True,science_V_003.fits,804647.4733502489,655.1426154310486,1228.2020042625895,-10.31863600380696,0.0008839751085179613,13.796487781026979,0.010636205514436954
123,31.711664448106923,22.44936456249973,88254.2925415039,244.7500457763672,360.5894832891821,94254.08729625877,4.529777828865946,0.11642260779389457,1.1317627734942517,5923.234375,101.0,132.83387087720803,11.565438513024867,False,False,science_V_003.fits,214161.12580697,370.8856646061566,577.4316622196429,-8.881473477025315,0.0018802224939078983,15.233650307808624,0.010764882367190873
124,211.09292974990024,19.488894236434895,1430311.6347351074,877.3162231445312,1630.3262119199114,1420968.2809183707,5.401151309808385,0.0015635333465494616,1.0015659818113316,56075.18359375,321.0,132.80666035370746,11.56500044479148,False,True,science_V_003.fits,1413914.0262394964,858.3592836141243,1647.22867595281,-10.930679380958779,0.000659107029794753,13.18444440387516,0.01061988125308304
125,238.91343647916977,16.955621444085445,1252234.2333984375,816.807861328125,1533.082983998601,1249545.2268817516,5.2189642427630965,0.02530059560620812,1.0259573315548949,56148.80078125,239.0,132.8024402376328,11.56462403827544,False,True,science_V_003.fits,1249834.7730360334,809.5286486417946,1543.9043141128761,-10.796753382757798,0.0007032171554127957,13.318370402076141,0.010622710111855949
126,227.12551292625625,16.74604213293169,261248.19387817383,395.95660400390625,659.789964951807,261581.2969548289,4.824438705780283,0.08978967921624093,1.09864717765332,55367.41796875,153.0,132.80422835340352,11.564592872036048,False,True,science_V_003.fits,267466.9307463139,408.7713543836447,654.319163703648,-9.122797109259276,0.0016592819838175054,14.992326675574663,0.010728498145345466
127,249.443402915258,24.601961710267123,1371694.9514160156,892.7813110351562,1536.4288370077682,1360232.0457300697,5.492834572116004,0.06007745777438489,1.0639174560407172,55698.87109375,329.0,132.80084294498522,11.565760377966736,False,True,science_V_003.fits,1353801.6350015244,840.9996519644199,1609.752907553878,-10.883509459700658,0.0006744513365407057,13.23161432513328,0.010620844616047316
128,341.6380681377243,25.521714878818365,1356781.7065734863,856.2804565429688,1584.5062166327768,1348065.975652057,5.3366231820206025,0.0031298613344238335,1.0031396881228818,56603.359375,306.0,132.78685782518224,11.56589676861627,False,True,science_V_003.fits,1342786.7913623897,838.1065592731815,1602.1671427161655,-10.874639525434207,0.0006776446545766786,13.240484259399732,0.010621047878186789
129,340.515567221167,41.366501717214824,820407.1950683594,672.2842407226562,1220.3278693346758,819596.3703178999,5.109313714767107,0.023424370063974465,1.0239862324493074,50333.80078125,233.0,132.78702798927688,11.568251486777273,False,False,science_V_003.fits,818260.8270897042,663.9389173795737,1232.4338966590578,-10.336851275364978,0.000880939742848009,13.77827250946896,0.010635953675312284
130,351.7622828934299,41.89543780794467,281373.1258239746,415.0085754394531,677.993522244759,281577.87491998123,5.010340806044349,0.018648482786544962,1.0190028572427312,18962.595703125,175.0,132.78532194292876,11.568330011656084,False,False,science_V_003.fits,293268.5286146395,422.3341808052262,694.3992268290741,-9.222785524653375,0.0015635098053864112,14.892338260180564,0.010714103726602576
131,61.60548141895303,25.632090624263377,183043.57904052734,339.9054870605469,538.5131632427048,183540.0188376371,4.926035392454037,0.015615020925952128,1.015862717593111,11512.025390625,153.0,132.82933630640466,11.565911992532088,False,False,science_V_003.fits,190010.81280912386,349.6910421539953,543.3676871981405,-8.751567663392956,0.0019980945234310495,15.363556121440983,0.01078609463510426
132,49.88212091520349,30.462359356844072,1310353.6487731934,837.5701293945312,1564.470368254932,1302488.6010712609,5.288186727482737,0.005366378545639705,1.0053953319392048,59112.1796875,296.0,132.83111471677879,11.566629639509943,False,True,science_V_003.fits,1295051.5685217588,822.2853488910378,1574.9418012473525,-10.835339529598613,0.0006893588062366029,13.279784255235326,0.010621801698233483
133,37.057728132178035,41.122600085372476,98044.6975402832,462.52435302734375,211.97737351245362,98573.41433143351,4.861176068228568,0.030677865959196526,1.0316487830844325,6603.3359375,138.0,132.8330602565795,11.568213654945673,False,False,science_V_003.fits,64815.25400767114,468.7080590281262,138.28491479763892,-7.583814942411258,0.007851181754631543,16.53130884242268,0.013190470450181789
134,13.134547872976704,28.575171485637256,288106.35565185547,413.60809326171875,696.5684674587604,288743.6024492427,4.968971398961172,0.006311366004060126,1.0063514523444634,18390.22265625,173.0,132.83668897649278,11.566348534673535,False,False,science_V_003.fits,287111.5190187199,414.9191212634754,691.9698425669876,-9.199748416288005,0.00156899901298068,14.915375368545934,0.010714906143107092
135,16.434172706765317,41.80985734092868,1365826.2090148926,865.8521118164062,1577.4359043250795,1367684.986956765,5.212348667636786,0.034179670614537194,1.0353892640013957,60001.078125,238.0,132.83618870676344,11.568315417539905,False,True,science_V_003.fits,1425993.9147618194,860.6512923031441,1656.877678003354,-10.939916054606451,0.0006552686504343154,13.175207730227488,0.01061964372081765
136,20.971724633623467,49.55391651422285,461773.3979187012,508.1532287597656,908.7286506980142,464530.2569701391,4.903540658843743,0.0937837634006975,1.1034893876461909,29374.208984375,175.0,132.83550054067152,11.569466354816946,False,False,science_V_003.fits,680657.6959829631,606.839664522621,1121.6433858495589,-10.136943772323772,0.0009679547115393237,13.978180012510167,0.010643514084946331
137,138.58516908127783,36.39201591298027,1219851.0262145996,807.3021240234375,1511.0216979674206,1216138.8421934673,5.208768101768243,0.03877735464155618,1.0403416990109466,55649.53125,256.0,132.81765926680714,11.56751197703042,False,True,science_V_003.fits,1240542.909373378,805.47171375831,1540.144598728411,-10.788651350945955,0.0007049338100438012,13.326472433887984,0.010622823891480204
138,137.9250858780993,46.95771896984919,847107.9778137207,675.9674072265625,1253.178731337556,848606.5784057155,5.099497119458054,0.027997100530400387,1.0288035154480277,54923.96484375,204.0,132.81775949609002,11.569082151265308,False,True,science_V_003.fits,881853.7579057862,687.2054271532796,1283.246207118633,-10.418113298887132,0.0008460574393107322,13.697010485946807,0.010633121317067382
139,128.0144359788833,56.87626624626979,1642133.0065917969,934.501220703125,1757.2293863417801,1634761.1372228367,5.680486289328535,0.12038116932546261,1.1368560621117536,55965.65234375,321.0,132.81926297329042,11.570556061674328,False,True,science_V_003.fits,1620587.953800239,916.038410445442,1769.1266384912785,-11.07880338997386,0.0006136926415431127,13.036320394860079,0.010617159432312576
140,220.38380959691807,40.43248185740288,1527798.824371338,907.8097534179688,1682.9504404629558,1515804.9966379402,5.544247431882032,0.02786616947658016,1.0286649518838125,55180.68359375,353.0,132.80525107197636,11.568112922317056,False,True,science_V_003.fits,1503744.0855610378,884.3525681052059,1700.3897990401342,-10.997556704564415,0.0006385006547397985,13.117567080269524,0.010618622266516636
141,199.34253028919483,44.13306480268784,1342468.9765625,853.5660400390625,1572.7769306532666,1335423.1748370142,5.8598746243673565,0.18457853812717584,1.2263596762626825,55352.6015625,339.0,132.80844289104493,11.56866279495259,False,True,science_V_003.fits,1321783.1063376146,830.8877098345245,1590.8083495432306,-10.85752236621018,0.0006824832169832007,13.257601418623759,0.010621357686017522
142,272.96545627987706,43.56999539177445,346964.1632080078,452.97650146484375,765.9650381112236,350247.7414479821,4.971311422928301,0.02908043517363057,1.0299514359655848,22676.119140625,182.0,132.79727483044778,11.568579226086129,False,False,science_V_003.fits,360052.13505771296,459.33626468080763,783.8530565574065,-9.445535350462833,0.001385081031345685,14.669588434371105,0.010689523151958341
143,272.1013086419213,52.86694165462224,144957.07528686523,309.28472900390625,468.6848773740602,146542.589714191,4.829656106864493,0.03651836124515817,1.0379024983728313,9931.7021484375,133.0,132.79740590246962,11.569960856396767,False,False,science_V_003.fits,181184.77114814735,347.9731406075419,520.6860817815098,-8.699926103470862,0.002085133515160064,15.415197681363077,0.010802556990310373
144,62.87575054281132,51.27738468317911,830561.7142028809,675.6353759765625,1229.304657119808,825120.5760610432,5.132137086039316,0.0052487590438652365,1.0052764538788816,55229.96875,262.0,132.82914401566708,11.569723185795533,False,True,science_V_003.fits,821567.0547699573,662.5921242729601,1239.9287958205587,-10.341229412848152,0.0008756147963169988,13.773894371985786,0.010635513952056525
145,47.050724868576324,59.402372248151764,1375283.05859375,853.747314453125,1610.8783422349024,1372664.8090429762,5.311845250856599,0.02867719501240995,1.0295238563999085,58487.87890625,263.0,132.83154470166636,11.57093039891753,False,True,science_V_003.fits,1401952.3274711226,855.0938448288289,1639.5303696189778,-10.921454988951588,0.0006622018232283881,13.19366879588235,0.01062007377599359
146,38.48901692375607,63.44267394621989,471273.5808105469,512.87890625,918.878852429987,474872.757249582,4.919922810298208,0.08800739701279559,1.096500121519111,29495.267578125,175.0,132.83284353117426,11.571530688990556,False,False,science_V_003.fits,615200.4060443063,580.2922483755917,1060.1561674594702,-10.027163407631704,0.0010240944054513614,14.087960377202235,0.010648766365365357
147,53.06201608283084,74.65396791607878,615491.3739318848,587.39404296875,1047.833871145727,611921.7833883795,5.136022606934499,0.008579640422352708,1.0086538876667892,40483.46875,237.0,132.83063307416418,11.573197051860252,False,False,science_V_003.fits,606279.0237080184,576.6526137653658,1051.376529361761,-10.011303230528643,0.0010326462211012787,14.103820554305296,0.010649592197394907
148,54.67197856123484,89.54049002614269,578454.8572692871,571.388916015625,1012.3662553745947,575185.4584911818,5.103186890311955,0.0017095845686173616,1.001712512253139,35996.24609375,236.0,132.83038909152424,11.575409379255845,False,False,science_V_003.fits,573365.6423737274,560.8576017059936,1022.3016334800266,-9.950701037254552,0.0010620153235050194,14.164422747579387,0.010652480100906981
149,155.42427795691972,57.472838359719205,551907.6622314453,562.9261474609375,980.4264106771541,549186.2049064349,5.2284361012690255,0.049165937243826785,1.0517082203610901,32599.99609375,247.0,132.81510507692857,11.570644963930956,False,False,science_V_003.fits,546457.6016422223,549.9895837281864,993.5780927667356,-9.898513053309031,0.0010927173293210806,14.216610731524908,0.010655584775818657
150,148.35005378178238,72.23903335482146,129068.9712524414,295.5994567871094,436.6346699527152,130176.24224374138,4.870881159938149,0.035697705413863634,1.0370192061289085,8335.755859375,138.0,132.81617831991338,11.572839326388427,False,False,science_V_003.fits,136555.0069385148,315.55045015517095,432.7517418256393,-8.392890945664229,0.0025088287234149164,15.72223283916971,0.0108922760392992
151,144.7271773201132,83.91652461139525,1386969.8460998535,858.2433471679688,1616.0566238894555,1382777.5709362156,5.3522200115003145,0.012727584453652074,1.0128916641984864,55140.99609375,260.0,132.81672799604823,11.574574699883296,False,True,science_V_003.fits,1381903.1560288104,849.0738147939635,1627.541836706086,-10.905815895753557,0.0006670796261663559,13.209307889080382,0.010620379041282189
152,176.95410278415264,87.82605116416227,294621.4442138672,418.8953552246094,703.3294605424612,296607.845416875,4.964967858835136,0.030723793005345668,1.03169766551952,19980.76953125,167.0,132.81183932766115,11.57515593840128,False,False,science_V_003.fits,311950.7529598996,430.3815654796816,724.8236866563162,-9.289836969616687,0.0014978815124108901,14.825286815217252,0.010704723479757993
153,135.9938420438585,88.41884669636472,166454.91339111328,345.2550964355469,482.1215243731747,172165.47818266554,4.735630237629505,0.1607795651743954,1.1915820426939514,10958.9453125,115.0,132.81805285058834,11.575243715770407,False,False,science_V_003.fits,340450.0795863895,467.3829072475357,728.4179081159252,-9.384755474137382,0.0014904905383342315,14.730368310696557,0.010703691783572788
154,187.41002194549043,93.10993290725119,1311288.9502563477,835.7929077148438,1568.9161012882557,1308379.1686052177,5.342403837670019,0.018325023720541123,1.0186670987478899,53538.21875,253.0,132.8102532329105,11.57594124189294,False,True,science_V_003.fits,1326580.8677500698,832.7863203134874,1592.942673758981,-10.861456197826085,0.0006815687832870947,13.253667587007854,0.010621298967603313
155,196.44974670574004,94.05743256451414,176305.05099487305,341.6425476074219,516.0512126770096,190341.85892071738,4.700727748015707,0.12945877538621053,1.1487106775944405,13171.3056640625,127.0,132.80888194128943,11.576082095858546,False,False,science_V_003.fits,373759.4255215613,474.55870308837615,787.5936593074277,-9.48610225797671,0.001378502717955745,14.62902152685723,0.010688672765889652
156,133.12497078977364,100.36774315422757,1545036.6710205078,908.2413940429688,1701.1299871974481,1540439.8398254265,5.8862631996691395,0.11293565931971683,1.1273139434655972,55074.7734375,317.0,132.8184881652798,11.577019426869292,False,True,science_V_003.fits,1524795.9426232213,889.9807662372726,1713.290893992988,-11.012651193211248,0.0006336927393979622,13.102472591622691,0.010618334249816466
157,151.2388943578815,103.2736649399498,110098.29067993164,279.530517578125,393.8685894972475,110794.08885117079,4.88146631385288,0.027271536159388376,1.0280361243380425,7184.2880859375,138.0,132.8157403573817,11.577451440416356,False,False,science_V_003.fits,107870.57054666171,295.4222686771925,365.1402821786997,-8.136879313539948,0.002973377775582313,15.978244471293989,0.011008561720278746
158,199.60152555541183,112.12336402691099,643858.5180358887,604.6123657226562,1064.9112630475624,639716.530422783,5.1156336463691074,0.005974174936580923,1.0060100802071212,41529.01171875,255.0,132.80840390753158,11.578766907738414,False,False,science_V_003.fits,636800.0562503812,590.6919960952087,1078.0577025928428,-10.06462960677113,0.0010070889502377996,14.05049417806281,0.010647144401507422
159,151.61045239879803,113.6502632262998,118078.6774597168,295.41748046875,399.70105111030307,119771.17204106992,6.369718182656184,0.36960240658606713,1.5863004720314313,5583.58203125,168.0,132.81568407960646,11.578993520975517,False,False,science_V_003.fits,117761.85898145205,299.29697229916997,393.4615778997596,-8.232133506024581,0.0027593545621285515,15.882990278809357,0.010952693429125067
160,164.68142696544183,117.44763785947222,390620.10919189453,478.5595397949219,816.2414009326568,389266.37266651273,5.057155841130492,0.0061708183760883495,1.006209133813122,24808.28515625,199.0,132.81370126244406,11.579557952931383,False,False,science_V_003.fits,386956.6810491077,473.10250191453923,817.9129881646815,-9.52377774760663,0.0013274028114362228,14.591346037227309,0.010682202674386427
161,165.39918831319554,132.5684294571193,865409.0941772461,691.8687744140625,1250.828374080263,859599.3555958241,5.1492539545156895,0.00737423244948221,1.007429015738408,52617.4296875,270.0,132.81359248845305,11.581805075352344,False,True,science_V_003.fits,847076.073158619,677.0567413898669,1251.115336980081,-10.374427910698355,0.0008677857012133211,13.740695874135584,0.010634872250106724
162,192.36956840029706,130.85894348524144,1021359.3153381348,745.1923217773438,1370.5982811284348,1017108.8475789292,5.1940916169667215,0.006905599284298791,1.006953618185061,53890.83203125,260.0,132.8095010771918,11.581551188940647,False,True,science_V_003.fits,1009788.1629980995,733.3489459540591,1376.9545433578055,-10.565197562729374,0.0007884791878114149,13.549926222104565,0.010628694895539692
163,185.51724849738304,141.26734259364466,167925.11450195312,320.9964294433594,523.1370167984498,177329.71138776193,4.771085113780921,0.07174050282951272,1.0772849650859393,10619.3359375,111.0,132.81054063056646,11.583097956767492,False,False,science_V_003.fits,245822.79662808808,408.86374617254523,601.2340270549397,-9.031177261941657,0.0018057860186625645,15.083946522892282,0.010752130900340497
164,193.77822685305406,142.65514927490207,366542.1531982422,455.2347412109375,805.1717499047404,369975.6649815337,4.92579760471755,0.06499125724208987,1.0695087160900667,23522.740234375,139.0,132.80928744243326,11.583304242892776,False,False,science_V_003.fits,419250.4485382467,498.95907538018724,840.2501712566192,-9.610805713819868,0.0012921151784786944,14.50431807101407,0.01067787513446916
165,203.79177429334996,148.62788146595818,1380882.2963867188,859.4115600585938,1606.7764975055393,1373735.438513781,5.33429044688482,0.015001398944064492,1.015229868273907,57281.6484375,278.0,132.80776840530427,11.584191901654203,False,True,science_V_003.fits,1367396.0941149709,845.826381023754,1616.6392120093606,-10.894357711614939,0.0006715784152300481,13.220766073219,0.010620662565050386
166,131.10558818239144,150.83191948754737,562055.7958679199,578.2185668945312,972.0472984577137,563405.0002134461,6.560723829910047,0.3471644331735798,1.5317792884067636,21759.7578125,248.0,132.81879500499167,11.584518943331767,False,False,science_V_003.fits,552386.3458757531,564.3499101764553,978.8011584923233,-9.910229211442674,0.0011092140529056344,14.204894573391265,0.010657289128480239
167,175.8550700123108,148.52772864749429,1059103.3762817383,754.23779296875,1404.2035365438385,1064903.7318138087,5.1568563707337,0.05586673181745172,1.0591725063613053,53458.625,229.0,132.81200643479391,11.58417687396596,False,True,science_V_003.fits,1128249.3963199204,775.1198421812671,1455.5805888608274,-10.685634648588493,0.0007458879352394326,13.429489136245445,0.010625620196713013
168,151.98314233431051,150.36113951844266,154075.80294799805,317.0106506347656,486.0272127749799,156231.76710654987,4.859290862547449,0.07867506814825764,1.0853933996881329,10061.873046875,138.0,132.81562784860267,11.584449167366477,False,False,science_V_003.fits,190405.96273130956,360.1449281904566,528.6926118549046,-8.753823235484994,0.0020535562170820756,15.361300549348945,0.010796506327955178
169,142.84120563962523,153.62332901929182,590839.5414733887,572.6166381835938,1031.8239151198961,591055.8571993489,5.0766138661464915,0.022481142536729837,1.0229981676211035,38197.265625,192.0,132.81701472165992,11.584933887201142,False,False,science_V_003.fits,598399.5759707408,575.0758678532624,1040.557619300815,-9.997100066823478,0.0010433828745874906,14.11802371801046,0.01065063864638371
170,167.64784003732552,154.23274061173004,1323023.7765808105,839.8629760742188,1575.2852718487914,1335199.4930719333,5.294458928240408,0.03655284505763279,1.037939647099606,52951.76953125,256.0,132.81325152116796,11.585024648064255,False,True,science_V_003.fits,1373122.058145088,847.7082528016539,1619.804990227422,-10.898894733561757,0.0006702658693794782,13.216229051272181,0.010620579649365414
171,195.9614912429308,163.80748889544043,1368502.303314209,867.8450927734375,1576.8969770178498,1343145.7127248058,6.2336629978094305,0.24506750231154717,1.3246217417609198,58778.953125,397.0,132.80895634062816,11.586447725700136,False,True,science_V_003.fits,1329049.3829199895,834.3294186264583,1592.9551964114844,-10.86347466938343,0.0006815634252901783,13.251649115450508,0.010621298623781982
172,133.14845073981192,165.52978251266504,455710.57498168945,506.9565734863281,898.9144215011926,459855.5622697515,5.001044839724995,0.03014329322259246,1.0310801513377694,28982.30078125,173.0,132.81848524470178,11.58670322866899,False,False,science_V_003.fits,463278.8069424745,521.5275701726929,888.3112484140953,-9.719227957818488,0.0012222067455954246,14.395895827015451,0.010669641281778816
173,122.6321133596288,168.0895306512356,1085529.54196167,776.3148803710938,1398.310877981323,1088767.0377409477,5.088630127419227,0.08593568271869378,1.094014918965759,52721.5546875,201.0,132.82008062675118,11.587083529998477,False,True,science_V_003.fits,1349330.3073645823,840.5438422773212,1605.3062785027182,-10.87991756198351,0.0006763195376103811,13.23520622285043,0.010620963415331646
174,114.42168594498327,169.44003458210807,991212.2519836426,731.0960083007812,1355.789445886082,994096.0874823309,5.062456043442404,0.06920084025928663,1.074345619605591,53917.45703125,234.0,132.82132618613502,11.58728414130745,False,True,science_V_003.fits,1270507.5982563703,816.1824848673008,1556.6464875351203,-10.814565040759412,0.000697460861341201,13.300558744074527,0.010622330601424649
175,134.23999567291605,183.8064376668925,223902.04913330078,378.83294677734375,591.031089133062,223343.9600937875,5.000048845851327,0.006593114981819359,1.0066368726462962,15037.6787109375,187.0,132.81831983286258,11.58941935290606,False,False,science_V_003.fits,222291.64311801898,375.1758331015003,592.4998987284985,-8.921929714144747,0.0018324053764902008,15.193194070689191,0.010756633544778307
176,99.70657074328216,61.226605008322196,626733.665222168,589.3165893554688,1063.4923172748659,625992.5692764341,5.06428852643517,0.02194231595651719,1.0224345826575416,40911.98046875,212.0,132.8235571532908,11.57120225482719,False,False,science_V_003.fits,662057.407652371,599.1368688851767,1105.018639370786,-10.106860996981835,0.000982517363343494,14.008262787852104,0.01064484833720665
177,89.75850960917444,62.19700846989676,683107.0143432617,612.5895385742188,1115.1137447321905,687409.6699156854,5.02856480055505,0.04358127665227507,1.0455671512783948,45469.6875,212.0,132.82506622809615,11.571346341684823,False,False,science_V_003.fits,718008.4379053408,621.8243326131949,1154.680510632216,-10.194945744097183,0.0009402600892653437,13.920178040736756,0.01064103119008327
178,306.76090327939437,65.25182049973492,126254.44921875,292.94189453125,430.98802723583,127519.83035809663,4.760316871374324,0.06231230937987575,1.0664531591948985,8289.666015625,128.0,132.7921482183154,11.571801292337723,False,False,science_V_003.fits,162915.785703199,334.6548340237805,486.81736864324586,-8.584529792173171,0.002230199803728928,15.530593992660767,0.010831493291204693
179,302.3893036969082,71.58016582567834,91949.07110595703,257.5583801269531,357.00283198176044,92994.76076548063,4.727428664200635,0.06755629788959239,1.0724508061309135,5687.16748046875,115.0,132.7928113413472,11.572741771645445,False,False,science_V_003.fits,142436.20382542198,319.05632875694755,446.4296457630458,-8.438672850158458,0.0024319621474606632,15.676450934675481,0.010874828533799567
180,491.2663346265466,81.22692568316015,415427.9521179199,502.3210754394531,827.0167676211571,412786.5218515189,5.129877860026204,0.005855139479014282,1.0058896240493018,27390.587890625,236.0,132.76415947377998,11.574173272311567,False,False,science_V_003.fits,409279.8142432689,488.5068210217845,837.818013241247,-9.584672688262529,0.0012958661461571802,14.53045109657141,0.010678329683130035
181,488.9287035006621,99.75780188284327,1204967.4851074219,804.0604858398438,1498.6030358758762,1224688.204841495,5.096010063482773,0.06363544394744325,1.067960116106607,58156.63671875,232.0,132.7645137321719,11.57692720876784,False,True,science_V_003.fits,1476292.999026065,879.6418661676595,1678.288694304466,-10.977553274587686,0.0006469089636869343,13.137570510246253,0.010619131177274262
182,485.93773338373876,107.21764280126577,889499.8551940918,689.8875732421875,1289.3403065862003,921995.5044079333,4.853143461610485,0.047106697054763336,1.0494354372196386,56734.70703125,164.0,132.76496731468058,11.578035878531303,False,True,science_V_003.fits,1497234.7586372306,885.1272107375046,1691.5475430810748,-10.992846626046404,0.000641838300342684,13.122277158787535,0.010618823482695553
183,492.54808772688074,111.59189049042033,611723.573425293,586.3607177734375,1043.2546978047314,612852.1248687712,4.976996834640739,0.1100550452555441,1.1236650027272146,36596.6015625,199.0,132.7639644548784,11.578685817840467,False,False,science_V_003.fits,923262.2867709808,704.1873998895411,1311.103105388997,-10.467934613917835,0.0008280813275000817,13.647189170916104,0.010631706092524099
184,463.68328315599814,89.82203396846555,1434050.586151123,892.58837890625,1606.6202742952626,1444160.1416349546,5.319026068696345,0.0420405533777346,1.043885525139888,56793.1484375,271.0,132.7683435580461,11.575451084895995,False,True,science_V_003.fits,1627855.7147898052,920.6876640045292,1768.0868099279728,-11.08366164531395,0.0006140535599856823,13.03146213951999,0.010617180300220526
185,461.48201702124345,98.32799570939348,1072682.4148254395,767.7603149414062,1397.1579332116223,1090043.9873315021,5.212829284454469,0.11262188284094143,1.126915325793136,56322.3359375,255.0,132.76867734026177,11.576715200988668,False,True,science_V_003.fits,1344108.856231611,841.9361186559358,1596.4499282645602,-10.875707980631324,0.0006800714389960374,13.239415804202615,0.010621202988126998
186,241.1282716909489,93.19155280605587,26482.258514404297,171.21543884277344,154.67214109542346,27247.430433803467,4.575565407416873,0.04879666694321316,1.051299932672019,1887.329833984375,93.0,132.80210435353095,11.575953544267435,False,False,science_V_003.fits,27261.716825719977,208.74285512360802,130.5995206857587,-6.643504879938893,0.008313200494911088,17.471618904895042,0.013470588636783831
187,249.00172814406068,108.64556761059734,1311986.6907958984,848.253173828125,1546.6923452522633,1301075.3585899575,5.557147214785282,0.07378981082505698,1.0796685371068828,53459.29296875,365.0,132.80090998384452,11.578250188387328,False,True,science_V_003.fits,1293421.8050665513,822.7252563886209,1572.11875413193,-10.833972319535423,0.0006905966849810188,13.281151465298516,0.010621882108843352
188,297.4387748819064,97.80893217311399,943177.0582275391,719.208740234375,1311.4093384351495,940524.3817158572,5.187297639086729,0.02705474134804331,1.0278070540017108,53995.765625,257.0,132.7935622215687,11.576639674519228,False,True,science_V_003.fits,937746.5722604389,707.2027651382871,1325.9939277486721,-10.484835587419845,0.0008187820300529934,13.630288197414094,0.010630985832254572
189,285.897917261684,101.25457761168806,422088.5978088379,496.21685791015625,850.613176639114,422365.68605305307,5.049364309252099,0.017621905672263627,1.0179380075492448,28609.25390625,199.0,132.79531292699824,11.57715176904595,False,False,science_V_003.fits,427712.71432694985,494.6765775177398,864.6310210869271,-9.632502275109408,0.0012556801381416634,14.482621509724531,0.010673527456384006
190,352.04207096425995,101.14502480568021,958862.1201782227,727.4044799804688,1318.1966107824476,952906.2861572402,5.181743100418325,0.005592738159588717,1.005624192797263,53579.6796875,273.0,132.78527903683755,11.57713515417128,False,True,science_V_003.fits,949072.8273307051,711.878632276207,1333.1947108681686,-10.497870722533557,0.0008143596664083663,13.617253062300382,0.01063064614306828
191,366.4013841215449,100.90278979119469,672006.3210754395,615.6616821289062,1091.5188334471266,668922.1959972155,5.126352410236136,0.006517638840930373,1.006560397140143,43410.58203125,235.0,132.78310076988234,11.577099037191115,False,False,science_V_003.fits,665848.9529802954,604.5860084811517,1101.3304040115802,-10.11306117696996,0.0009858077067929419,14.002062607863978,0.010645152539425261
192,374.56053237416467,112.08446781265002,286818.8000793457,421.975341796875,679.7051193986847,286180.46265304915,5.031871795440393,0.005370217031242741,1.0053992119713264,18486.80078125,188.0,132.78186294127906,11.57876068405491,False,False,science_V_003.fits,285561.3805421853,418.5397082288125,682.2802590240041,-9.193870556245269,0.0015912815674208197,14.92125322858867,0.010718191674889613
193,73.42159189104369,103.14643923584578,104819.96862792969,274.52691650390625,381.8203692476115,105222.60131723562,4.869691408823273,0.02346896984741287,1.0240329995901367,6749.9716796875,144.0,132.82754504328037,11.577431656578431,False,False,science_V_003.fits,103989.22427646347,283.19823500938065,367.19587702592474,-8.097092720371196,0.002956732545020781,16.018031064462743,0.011004077566777
194,61.991797098528345,115.5021416821585,905038.5893859863,705.2060546875,1283.3675822409646,898784.4395427057,5.157484753806133,0.004371942931283068,1.0043911407480368,54862.3046875,281.0,132.82927910651648,11.579267681702229,False,True,science_V_003.fits,896944.3571812594,690.0020474186869,1299.915501028944,-10.436535629034951,0.0008352081340214943,13.678588155798987,0.01063226355862172
195,421.58934450784295,115.4053308420017,708158.7197875977,633.7432861328125,1117.4220465653818,703611.9991979428,5.132878045126931,0.0053096779441847985,1.0053380211171763,44186.5546875,253.0,132.77472871139395,11.579253669692166,False,False,science_V_003.fits,701032.3637930775,619.3936789120868,1131.8041944250742,-10.168967044108399,0.0009592648669688896,13.94615674072554,0.010642727321408765
196,429.88248336041516,128.82302317104208,905309.5643310547,720.2374877929688,1256.959794060712,899705.5636579256,5.166887390534289,0.005343911849944205,1.0053726226719057,53617.3984375,257.0,132.77347046566504,11.581247575578727,False,True,science_V_003.fits,895269.1144713056,696.7576174968726,1284.9075374124977,-10.4345058795431,0.0008449635233569765,13.68061790529084,0.0106330343321492
197,421.07240213464604,140.880020260033,806392.1604003906,672.41162109375,1199.2537533612326,801503.0275666935,5.145061810075004,0.0032514722863219436,1.003262078845283,53637.2578125,258.0,132.77480678906846,11.583039497605357,False,True,science_V_003.fits,798519.5433749439,657.8144262509535,1213.8978889926502,-10.310335748414467,0.0008943915380732438,13.804788036419472,0.010637076288916835
198,116.22868319467922,118.13259868580599,29701.177612304688,165.8216094970703,179.11524138733824,31784.789580556262,4.361812684568831,0.18131384977579812,1.2214693014241713,2161.311767578125,77.0,132.8210514845295,11.579659307358762,False,False,science_V_003.fits,80902.96450153757,262.9645095030671,307.6573513833583,-7.824532963086125,0.003528925914229682,16.290590821747813,0.011171426670796418
199,109.58464349200096,124.093190295334,329735.6340942383,442.6872253417969,744.8501226563536,330025.79331320693,5.044144112002848,0.011553821261261255,1.01168887240376,21266.6875,190.0,132.82205944650985,11.58054504276428,False,False,science_V_003.fits,332795.84321485984,441.2273790769093,754.2502097469591,-9.360066606788605,0.0014394427551624256,14.755057178045334,0.010696702819011536
200,94.32895541821738,142.7851026660617,42987.1282043457,184.98654174804688,232.37976016057704,47581.863266841785,4.386792904606877,0.15477206273138733,1.1831128100563493,3047.83203125,78.0,132.8243739639265,11.583322683684562,False,False,science_V_003.fits,145892.63693270436,319.2476007151702,456.98898474375204,-8.464705309048878,0.0023757684238467714,15.650418475785061,0.010862399889371
201,86.37166693518576,146.9181755099942,444552.2658996582,500.39886474609375,888.3958322431995,446711.42187464767,4.984366611295623,0.04930287654361187,1.0518597093934234,28864.650390625,173.0,132.8255811460706,11.583936800608955,False,False,science_V_003.fits,509399.38735092874,532.2824364830274,957.0095731820595,-9.82226791980761,0.00113447141013443,14.292855865026329,0.010659947520193152
202,93.83586971446279,153.0141774308047,721688.8497924805,625.9388427734375,1152.9702272426323,722863.4788206422,5.050049388748883,0.03383464073754283,1.0350195133919635,48705.515625,189.0,132.82444889849484,11.584842831326297,False,False,science_V_003.fits,756478.8297279897,638.7964202013816,1184.2252176202062,-10.251613820732153,0.0009168019594970286,13.863509964101786,0.01063898404857331
203,92.06308810668963,166.16949867551955,1187450.2495117188,802.8740234375,1478.9994629887988,1182145.334709642,5.72506857585938,0.16345082451992654,1.195386988967058,54258.046875,310.0,132.82471800520705,11.586797835231495,False,True,science_V_003.fits,1168301.8689845556,783.2802982931429,1491.5501788190238,-10.723509552676623,0.0007279004189182782,13.391614232157316,0.010624372676667604
204,276.2780963934978,152.78353255870354,221466.31356811523,371.3262634277344,596.4197402137592,224710.91631275666,4.880164455643868,0.06426363874000429,1.0686770776476735,14818.12109375,152.0,132.79677213955492,11.584809563244502,False,False,science_V_003.fits,264565.2561343571,404.75290875565787,653.6463368421905,-9.110953899407818,0.001660989955585294,15.004169885426121,0.010728762434941646
205,296.3325497266003,160.60435342899348,241406.30783081055,393.7635192871094,613.0743352453409,240749.97273465566,5.025687926086163,0.011832281927345978,1.0119739612121956,15292.4853515625,190.0,132.7937298230392,11.585971774433395,False,False,science_V_003.fits,240075.4148979049,389.21179551473443,616.8246123692219,-9.00549109424947,0.0017601437721977873,15.10963269058447,0.010744559639727744
206,280.1174603440032,161.7236091532149,575480.1117248535,571.2730102539062,1007.3644324087311,574287.1878638181,5.078801139989479,0.018117738743747003,1.0184520481310728,38216.16015625,215.0,132.79618968419345,11.586138150834572,False,False,science_V_003.fits,587352.2644548494,570.1351682039199,1030.198270885776,-9.976868492674903,0.0010538748032128836,14.138255292159036,0.01065167159903584
207,469.47667410390227,167.17775645677273,20117.746337890625,157.38392639160156,127.82592733030305,20933.451705380405,4.399442906917495,0.011674214989825571,1.0118121121262715,1401.634033203125,76.0,132.76746338181664,11.586946904859762,False,False,science_V_003.fits,24218.44442547532,214.96366815693762,112.66296594731656,-6.5149874853928775,0.009636707065813401,17.600136299441058,0.014325277617734243
208,475.6101415550476,175.04489570020658,76636.71646118164,252.1009979248047,303.99211860335606,77232.34411415705,4.845147234030202,0.005099069001380796,1.0051252027639201,5124.6572265625,130.0,132.76653277867496,11.588115943456915,False,False,science_V_003.fits,77391.12737046728,269.4784488750816,287.1885588384933,-7.776349806919846,0.003780443080291952,16.33877397791409,0.011253408622998947
209,366.0885466909773,179.15771703032553,1841794.7803344727,1000.3622436523438,1841.1278434600258,1835455.8897746243,7.474485285845189,0.4189549123495836,1.721036837336875,53004.2578125,426.0,132.78314752437547,11.5887285900489,False,True,science_V_003.fits,1752242.024087995,953.5325551375189,1837.6320920005567,-11.163607103601867,0.0005908146710792594,12.951516681232071,0.010615861610270842
210,399.14667680364585,185.39183795969487,1381995.8697509766,866.4241333007812,1595.0569895670408,1372922.5869277369,5.410153618380679,0.0011271384508293458,1.0011284103254956,53711.49609375,313.0,132.77813241439512,11.589654716112998,False,True,science_V_003.fits,1365507.0742093741,846.3025167134385,1613.4975936409041,-10.892856760060255,0.0006728860360740214,13.222267024773684,0.0106207453302677
211,354.76446729277626,188.92803872918546,23847.12435913086,169.552978515625,140.64703886598636,24862.79824407863,4.600198930418255,0.05368746595531115,1.0567333349436285,1601.0771484375,90.0,132.7848653493419,11.59018066268066,False,False,science_V_003.fits,21589.832381015687,213.32209291988303,101.20767186136759,-6.390245050478304,0.01072744763348743,17.72487873435563,0.015080636209459958
212,376.163595657388,197.2226104076245,368197.6018676758,473.33428955078125,777.8806860097002,366754.5134497116,5.074616527207915,0.008239389204223069,1.0083078407375061,24751.021484375,211.0,132.78161892634498,11.591413141226209,False,False,science_V_003.fits,361524.5404470565,464.59549291594544,778.149047848089,-9.449966330876633,0.0013952339889156447,14.665157453957306,0.010690843448329285
213,391.32996508650456,200.30682357470056,776524.7073059082,681.839111328125,1138.867944658307,772289.9510332651,5.450834068415031,0.10535795503658996,1.1177654857937054,44217.92578125,266.0,132.7793180773932,11.591871335151229,False,False,science_V_003.fits,765827.4780721514,645.6334172116522,1186.1645597273928,-10.264949236242355,0.0009153030168508139,13.850174548591584,0.010638854983761924
214,71.79554972161807,194.80954782046544,274283.27478027344,407.8789367675781,672.4624638721377,274750.74288301746,4.99219692532111,0.011068682515042227,1.0111925695135149,18429.08984375,178.0,132.82779306600503,11.591053786876765,False,False,science_V_003.fits,278203.5160799065,409.15640988056634,679.9441713771873,-9.165528410363308,0.0015967487415929722,14.949595374470631,0.010719004725096378
215,82.3392236225606,195.84160763264595,144117.01092529297,350.49798583984375,411.1778576415149,146075.4640706747,4.9076376381964515,0.02715575868043074,1.0279137785136052,9451.439453125,147.0,132.8261935539352,11.59120731073584,False,False,science_V_003.fits,153555.46060237344,363.13314121271765,422.8627001368159,-8.520285036657958,0.0025675000411450937,15.594838748175981,0.010905939309116836
216,230.5131997556077,201.1086903996246,936186.7262878418,712.2152099609375,1314.4716838316165,941419.9618843986,5.034222168417174,0.04551594362943279,1.0476864367986485,58956.171875,221.0,132.80371483807912,11.591991212525329,False,True,science_V_003.fits,1156872.9393428995,780.5966093339721,1482.0368491351473,-10.712836030338867,0.0007325728780857019,13.402287754495072,0.010624693820273905
217,231.23422201810223,210.28598224703072,1303956.2254943848,849.8818359375,1534.2794378656156,1322218.7423922983,5.379225292513777,0.05953458950480828,1.0633033270978685,55414.09765625,251.0,132.80360547273085,11.593355061414101,False,True,science_V_003.fits,1412139.0073176506,858.8308645090103,1644.2574034934853,-10.929315498159609,0.000660298076014898,13.18580828667433,0.010619955240115126
218,241.2557491678411,222.27523892574874,780691.4941711426,698.4840087890625,1117.6941552672056,775853.9372978637,5.147379308936304,0.0024074782001679562,1.0024132881387529,50952.70703125,258.0,132.80208515891152,11.595136813014092,False,False,science_V_003.fits,772836.9403217889,655.3331745598214,1179.303856913536,-10.274841555186596,0.0009206278718035273,13.840282229647343,0.010639314424867855
219,256.0150727982459,224.5631273837227,38955.89260864258,196.0089569091797,198.74547175256234,39591.8885453838,4.681981669607861,0.02872920858231398,1.0295789895425356,2561.3779296875,105.0,132.7998460645156,11.595476826087081,False,False,science_V_003.fits,38893.62661154389,226.42520835626942,171.77251108165748,-7.029317975413557,0.006320568949963585,17.085805809420382,0.01234086899712105
220,483.6185559807147,221.66281917830685,1266961.0078735352,860.6138305664062,1472.159710749355,1258458.4912780179,5.3283824689191,0.00666776983410533,1.0067125274219602,55410.35546875,307.0,132.7653170155049,11.595043741257207,False,True,science_V_003.fits,1252218.474395839,812.8990087420467,1540.435479597441,-10.798822141009314,0.0007048006971922797,13.316301643824625,0.010622815058901405
221,471.19607803129327,226.4539508655424,306901.41748046875,464.72412109375,660.3948526669153,306722.2130624952,5.057332072004543,0.010623026498540189,1.0107370868567365,19394.53125,186.0,132.7672015086966,11.595755975050267,False,False,science_V_003.fits,308082.6887827016,463.2396638919056,665.0611180276459,-9.276290113850061,0.001632481542778853,14.838833670983878,0.01072438584443759
222,129.5729862764681,243.88627934132597,806104.2131958008,673.66748046875,1196.5906572110307,805098.4784856474,5.892644932304597,0.25750600892997366,1.3468122463306071,50411.75,298.0,132.81902844540778,11.598347838908236,False,False,science_V_003.fits,868299.4661100004,681.4548706604571,1274.1848411303538,-10.401295709012789,0.0008520741771161355,13.71382807582115,0.010633601748992102
223,140.52355753798594,250.1537931911436,2338705.5974731445,1112.013427734375,2103.1271198208838,2337007.8744850364,7.215865807196113,0.383662969519287,1.6224889152288133,52365.14453125,390.0,132.81736720498694,11.599279364979049,False,True,science_V_003.fits,2268764.4883136875,1079.354054362756,2101.9650402417324,-11.444095413517086,0.000516516678067653,12.671028371316853,0.010611985923076876
224,412.2889120428855,237.8585727294472,63229.89236450195,235.61460876464844,268.361510757006,63941.9210617937,4.8130518503974065,0.010968027072965736,1.0110896587503697,4208.75341796875,123.0,132.7761380169007,11.59745169849454,False,False,science_V_003.fits,63308.288941467355,256.4896185944686,246.82593115615734,-7.558273313612974,0.004398646426307288,16.556850471220965,0.011475867990549806
225,400.47157131557424,242.85991820258292,169197.72442626953,335.7003173828125,504.0141926149167,171177.45973267625,4.92630447802206,0.0345172351576466,1.0357512701568345,10835.9853515625,145.0,132.77793074723087,11.598195095459454,False,False,science_V_003.fits,195001.8025249886,375.5789297039873,519.2032542365446,-8.77971843863998,0.0020910885884112052,15.335405346193959,0.010803708031849218
226,400.87434285350236,253.7979860007893,1054573.052734375,778.4406127929688,1354.7251201998185,1048920.4090275797,5.198823422245405,0.01653321987781131,1.016811162524226,52602.08984375,271.0,132.77786951438782,11.599820609104832,False,True,science_V_003.fits,1045355.3338024492,747.0943767590473,1399.2279507406824,-10.602781722835058,0.000775927896112484,13.512342061998881,0.010627771161105479
227,386.70535694123964,261.3217316774747,88803.44818115234,266.3895263671875,333.3593831265984,89349.06437533672,4.851732263742204,0.01856333604424054,1.0189144513609463,5789.12548828125,137.0,132.78001900591872,11.600938876836628,False,False,science_V_003.fits,86687.34195434584,279.67134951905365,309.9614676420044,-7.89951109060576,0.0035026934420569625,16.215612694228177,0.011163167879320304
228,171.69281161605318,250.3484556946837,56456.908203125,219.88714599609375,256.7540178275266,57148.940980029685,4.799070006594484,0.010570118776849546,1.0106830397761817,3715.176513671875,115.0,132.81263853924213,11.599308537863292,False,False,science_V_003.fits,58463.54238736465,245.34928022862803,238.28699368054214,-7.471834689854622,0.00455627050067003,16.643289094979316,0.011537203154497007
229,178.40293803226294,262.4720154635015,1193153.3071899414,797.3427124023438,1496.4121307323987,1221309.3574305288,5.200928862769768,0.1154808890197433,1.1305578224214548,52460.26171875,222.0,132.8116206252512,11.601110275960304,False,True,science_V_003.fits,1619878.9738648972,917.4040323946641,1765.720355116153,-11.078328294739922,0.0006148765272225568,13.036795490094017,0.010617227929011838
230,171.3033445614789,267.40254860340275,1494818.1899719238,892.5187377929688,1674.8311566750167,1514691.0512699424,5.910393938150326,0.16898035021215818,1.2033409802708017,52152.32421875,279.0,132.8126977403345,11.601842962923502,False,True,science_V_003.fits,1753363.6127309033,953.9939609740478,1837.9189852949198,-11.164301847714103,0.0005907224467926067,12.950821937119835,0.010615856478024013
231,153.4161674363515,273.93000174749267,930300.1999511719,718.0653686523438,1295.56477803288,923394.7384455157,5.2032750381075905,0.0069343442729341565,1.006982765170604,51453.703125,288.0,132.8154114707279,11.602812883816167,False,False,science_V_003.fits,915250.9577067423,700.6038849184664,1306.374368468219,-10.458472354025703,0.0008310787674692598,13.656651430808235,0.010631939976815049
232,137.42719640882345,280.30287581306754,429469.01025390625,503.8800964355469,852.3238232507586,427196.18428708054,5.086554832972094,0.004010144894336154,1.004026290904249,27079.140625,225.0,132.8178372382091,11.603759825000228,False,False,science_V_003.fits,425724.70344278537,493.3259255169469,862.9684381510591,-9.627444003110742,0.0012580993139519115,14.487679781723196,0.01067381232908964
233,101.93754982581714,273.89079293060615,684012.1212768555,615.6688232421875,1111.0065922694669,687428.8593295038,5.029068190317532,0.05307004029225315,1.0560443143108833,46988.859375,218.0,132.8232213559989,11.60280653821181,False,False,science_V_003.fits,747792.718907953,635.2013144385978,1177.253103716993,-10.239074954564956,0.0009222315885785917,13.876048830268983,0.010639453315647
234,110.30874336686942,273.52602609320445,270572.48306274414,401.58270263671875,673.7652824342647,279843.025733016,4.86035974830993,0.07224524956486134,1.0778710640187794,17013.95703125,152.0,132.82195134752357,11.60275242844545,False,False,science_V_003.fits,440666.09148314863,500.21941072931077,880.9456051308875,-9.664895957949426,0.0012324256953852343,14.450227826884513,0.010670816690746099
235,465.14985494142,283.841453110689,1697845.3945617676,965.4462890625,1758.611964017663,1688302.697979302,6.841488323419096,0.3144623704080094,1.458709131102208,55842.96875,419.0,132.76811779129966,11.604284496130196,False,True,science_V_003.fits,1589512.7076688046,911.1116447508742,1744.5860963652,-11.057781884832039,0.0006223252622854371,13.0573419000019,0.010617661912348612
236,497.7141051920805,284.02293065543756,506282.90704345703,550.53125,919.6261012312326,502587.9015707618,5.1538558948856625,0.00393904576129811,1.0039546232030636,33749.16015625,251.0,132.7631773995611,11.604310882057327,False,False,science_V_003.fits,499347.7785553942,533.9757669151112,935.1506369665985,-9.800629679476238,0.0011609894246789449,14.314494105357701,0.01066280226755969
237,481.89897575894224,289.00023777344325,229617.84716796875,391.43988037109375,586.5979903485713,229127.97041609482,5.129143128907587,0.01911589380816403,1.0194884326165496,15681.03125,193.0,132.76557665373548,11.605050858997638,False,False,science_V_003.fits,216687.62880853124,385.8145452359129,561.636753938434,-8.894207166950986,0.0019330999839070597,15.220916617882953,0.010774243885333263
238,476.964352677925,300.316928606387,187065.34744262695,363.70440673828125,514.3334641453428,191047.95420489367,4.888838340406522,0.1958869097186665,1.243606169438346,13608.75390625,138.0,132.76632509452827,11.606732732355587,False,False,science_V_003.fits,428217.64284311223,513.1281123390148,834.5238402377695,-9.633783265390484,0.0013009814071826473,14.481340519443455,0.010678951651482213
239,473.0942553875102,308.2226229893047,1308566.1413574219,841.59228515625,1554.8694592827376,1307656.39487592,5.370318535356671,0.016761410651694786,1.0170471448469127,55294.26953125,270.0,132.76691210069202,11.607907673583556,False,True,science_V_003.fits,1329581.259080249,838.2909602394767,1586.0617877835925,-10.863909086411672,0.0006845256649913922,13.251214698422267,0.010621489120593762
240,462.84295556805404,320.27251381060876,843838.5948791504,689.5040893554688,1223.8340684359823,838053.5528510804,5.173549092343692,0.004402510691792871,1.0044219784994155,54379.421875,267.0,132.7684671640398,11.609698593797884,False,True,science_V_003.fits,832330.5344898506,672.7821812587373,1237.147114884356,-10.355361442165986,0.0008775835847958046,13.759762342667953,0.010635676222091512
241,446.99372513646347,325.50459415221985,344705.4028015137,462.1339111328125,745.899390842255,343351.8348415898,5.061057001132635,0.004226680727308696,1.0042446213867187,22062.5859375,206.0,132.77087164848976,11.61047638986917,False,False,science_V_003.fits,341161.9881587709,453.8921884896681,751.6366150604874,-9.387023465650886,0.0014444479928810137,14.728100319183053,0.010697377517737593
242,371.4056252222365,287.0375851513601,131061.67861938477,306.992919921875,426.92085098489554,131629.9969495204,4.912985560507774,0.009729988672680823,1.0098255915673333,8593.8095703125,148.0,132.7823398900776,11.604760688392629,False,False,science_V_003.fits,131779.48266443066,316.23953324246344,416.70780788622733,-8.354241369730481,0.002605422743354082,15.760882415103458,0.010914929382476391
243,366.82128532826664,298.13100157045125,218185.25244140625,377.451171875,578.0489469871413,218376.74118738482,4.9709901086230985,0.005718367498789068,1.0057512552901173,14740.162109375,172.0,132.78303529071124,11.606409334654453,False,False,science_V_003.fits,217696.87887432225,378.04162034770525,575.854263544037,-8.899252380527688,0.0018853728603452006,15.21587140430625,0.010765783138043697
244,35.607485946348916,313.1803839110643,397107.87384033203,489.5037536621094,811.2458196070227,396705.64927670616,5.964853038235563,0.2579885088315438,1.3476880235712867,21508.1796875,243.0,132.83328506808695,11.608644429317335,False,False,science_V_003.fits,390549.10168126965,473.6592173566664,824.5360532848775,-9.533810982049587,0.0013167404817226232,14.581312802784351,0.010680882980777706
245,49.42107843392858,314.2272384002939,320476.1418762207,441.31732177734375,726.180745830569,319427.1410793745,5.085361740990928,0.019458537384536623,1.019844685947939,20631.068359375,204.0,132.83118936462557,11.608800235920462,False,False,science_V_003.fits,318311.8043951715,434.3868758593001,732.7841196064915,-9.311753735191466,0.0014816096186459748,14.803370049642472,0.0107024587275506
246,216.4999531584891,321.87394555002237,62266.954345703125,237.9176788330078,261.71638295701314,62826.96265622464,5.08101539598314,0.13008646781290667,1.149539538126105,3968.837158203125,140.0,132.80584109868803,11.609938236137273,False,False,science_V_003.fits,61663.38804289439,250.27138833394545,246.3860869330172,-7.529690331516875,0.004406498814582658,16.585433453317062,0.011478880065397412
247,223.07847885168306,333.51656831672426,27367.055755615234,172.07705688476562,159.03953874537763,27965.660686500516,4.458178129546161,0.02287739031894065,1.0234130190953292,1868.49365234375,87.0,132.80484306672818,11.611668477519004,False,False,science_V_003.fits,26935.2169121709,213.722654617788,126.02883377216436,-6.63042306733034,0.008614695284435741,17.484700717503596,0.013658712625886055
248,414.58711858356287,323.6560933238137,860440.6836547852,693.8240966796875,1240.1424046418183,854978.764290883,5.146786763563413,0.008549585145850247,1.0086233108764273,52965.1875,258.0,132.77578825382133,11.610202133308501,False,True,science_V_003.fits,851984.3119640755,678.990867543723,1254.7802226650904,-10.380700868909045,0.0008652511255668563,13.734422915924894,0.01063466573349414
249,403.75577685173033,331.7300422853858,350964.59536743164,463.1175537109375,757.8304742611679,350313.15986982256,5.05750748171925,0.006262234987835624,1.0063016976996533,23111.89453125,197.0,132.77743143668582,11.611402143945734,False,False,science_V_003.fits,349642.3182978071,457.99052162384356,763.4269745542356,-9.413681851931404,0.001422139950758145,14.701441932902535,0.01069438814483569
250,417.9403992107869,338.0119755188559,70184.9167175293,245.32489013671875,286.08966941110407,70843.56788737695,4.8199250107244325,0.01507638916924936,1.0153071659603459,4981.7412109375,126.0,132.77527932101245,11.612335533805343,False,False,science_V_003.fits,69518.581049001,265.09362743970644,262.24161523766725,-7.659874121793812,0.004140075170815432,16.455249663040124,0.011379265273859388
251,317.23888339174243,339.0123927207318,1469125.1274414062,894.3594970703125,1642.6561491814819,1460938.5584942987,5.683786393247987,0.08570984199487319,1.0937446840529073,52285.4609375,342.0,132.79055739105291,11.612485104989002,False,True,science_V_003.fits,1450813.9450998676,871.0565116283854,1665.579587239021,-10.95865117736581,0.0006518451644809906,13.156472607468128,0.010619433029654502
252,246.5789774378987,348.942023303991,509475.3667297363,570.1284790039062,893.6150104619588,517180.01897479687,5.03030903920286,0.04808891772176127,1.050518287492429,33170.4140625,189.0,132.80127767354128,11.6139609089547,False,False,science_V_003.fits,554842.4711036616,566.4955307934239,979.4295646543915,-9.915046117246588,0.001108502376465538,14.200077667587351,0.01065721508047433
253,273.23880208684284,354.2884116991353,1386206.0019226074,866.83349609375,1599.1606325428454,1377228.4758924004,5.455118136905365,0.005335703005406756,1.0053643254528475,52477.4375,310.0,132.79723290816636,11.614755431255954,False,True,science_V_003.fits,1367398.6114511658,847.050676844808,1614.3055531749408,-10.894359710421682,0.0006725492567777495,13.220764074412257,0.010620723998657156
254,255.52018902351338,352.8409707700813,684400.5439453125,629.5245971679688,1087.1704569197348,682338.7052195512,5.814245087796471,0.2279491022706539,1.2952513920274784,40021.53125,259.0,132.79992113660003,11.614540338632164,False,False,science_V_003.fits,702478.3483991822,623.9649612857536,1125.8298013267324,-10.171204231726856,0.0009643553570180489,13.943919553107083,0.01064318735189178
255,234.89886598353505,356.3316872452525,431946.1366882324,506.1351318359375,853.4205778630809,430232.6263740437,5.080372558648802,0.0008395953376222343,1.0008403008502984,28616.62109375,217.0,132.80304976089968,11.6150590818557,False,False,science_V_003.fits,428932.1094761553,496.9102170351227,863.1984104400846,-9.635593269927359,0.0012577641326360616,14.47953051490658,0.010673772827178097
256,301.7210638176697,357.3914672420537,518098.4477844238,541.4228515625,956.920171155015,532373.8605819739,4.953850193956192,0.08103872136119705,1.0881851316752262,33063.83984375,179.0,132.7929116313934,11.615216506459774,False,False,science_V_003.fits,759795.5189574254,643.7951431144818,1180.1821232787959,-10.256363693765053,0.0009199427601764511,13.858760091068886,0.010639255163537567
257,286.61685838174054,362.01666299797944,1432066.384185791,880.67333984375,1626.1039359268782,1422977.243327206,5.508772900803873,0.017062594434628653,1.0173587802621211,52145.75390625,314.0,132.79520319963413,11.61590390876101,False,True,science_V_003.fits,1411570.7964342495,860.1558861999537,1641.063926993941,-10.928878536021678,0.0006615830024298673,13.186245248812261,0.010620035208132027
258,309.0463992562478,358.6109865727331,527374.5615539551,546.5582885742188,964.9008579298882,536347.7178752442,4.9056836298147894,0.09962552421819704,1.1106489876133943,34417.30078125,183.0,132.79180024073105,11.615397711325562,False,False,science_V_003.fits,764578.832018619,645.3145155340469,1184.8157969697486,-10.26317754918235,0.0009163449734353271,13.851946235651589,0.0106389446780778
259,467.6678212669108,346.31103757135674,886852.7521362305,697.013427734375,1272.3610720369097,892543.7082513758,4.984194073797698,0.09470310756991673,1.1046099996164858,54578.01953125,210.0,132.76773471235902,11.613568126634801,False,True,science_V_003.fits,1301123.1510020234,828.2618323941974,1570.9080149702895,-10.840417884986412,0.0006911289455866287,13.274705899847527,0.010621916727798587
260,464.92444398968973,352.2118397780263,594393.8922729492,576.7020874023438,1030.6775460971455,626605.3399559803,4.768131164149762,0.1718782572339499,1.207551919431376,41881.21875,175.0,132.76815082946425,11.614445097139638,False,False,science_V_003.fits,1185393.2679482643,792.4290341910622,1495.8983288116808,-10.739278015233722,0.0007257846199096057,13.375845769600216,0.010624227928059388
261,18.270416010637195,381.96005952920876,962854.9951477051,724.5103759765625,1328.9733688767114,958557.2201531831,5.128624159851439,0.00844974585836522,1.0085217525012689,56821.09375,252.0,132.8359166663577,11.618865537620922,False,True,science_V_003.fits,958485.617181999,713.2222539063245,1343.8806934757924,-10.508585874886847,0.0008078842156679565,13.606537909947091,0.010630152052477197
262,12.107285875443193,393.67165082862635,797597.3573608398,663.7095336914062,1201.7265337816966,793779.8519891673,5.1037268617340255,0.009414802605144046,1.009504283558753,52682.921875,241.0,132.83685196589343,11.620605892510923,False,True,science_V_003.fits,794806.4937470369,653.5908025399995,1216.0613194956873,-10.305275390879498,0.0008928003732988158,13.809848393954441,0.01063694261803749
263,368.9726282108404,397.03830908365217,1122416.4409179688,781.9273071289062,1435.4485777447474,1120789.6060041534,5.186060109397124,0.02963837069757458,1.030543634251986,53348.69140625,252.0,132.78270799293873,11.621108038694938,False,True,science_V_003.fits,1138252.399462454,776.9098166036721,1465.1023518256238,-10.695218310250969,0.0007410403775866848,13.41990547458297,0.010625281012475556
264,361.36024184459563,404.31976158768725,688206.326385498,621.5391235351562,1107.2614745008418,688922.7613352169,5.054909867910671,0.03728161826263543,1.0387253624422912,43293.640625,212.0,132.7838628908112,11.622190209724186,False,False,science_V_003.fits,725915.0962612337,630.6442410450105,1151.0690957208367,-10.206836444449806,0.0009432101027089947,13.908287340384133,0.010641292264133715
265,253.29484177970798,422.17343447850783,430720.27783203125,497.2322082519531,866.2356755734947,436595.5132763525,4.822112904873237,0.11740348583215254,1.1330205636976098,27481.876953125,168.0,132.8002587706009,11.6248439117505,False,False,science_V_003.fits,744320.0205356939,636.8444661591359,1168.7626415673396,-10.234021125777053,0.0009289311288595343,13.881102659056886,0.010640036127524378
266,255.02703586099074,429.75436417002277,841752.0501098633,668.9822998046875,1258.2575807396051,862852.4899668826,4.952446516402086,0.04088752719011968,1.042630586452841,51405.234375,140.0,132.79999595647007,11.625970522028926,False,False,science_V_003.fits,1210454.2236016772,802.1975373740078,1508.9228864552451,-10.76199279939171,0.000719519870594926,13.35313098544223,0.010623801795828116
267,263.9956502522435,428.3417194378025,94837.73156738281,259.4197692871094,365.57634689136745,97852.52074168617,4.598773965295572,0.10516895707776253,1.117529401678236,6140.45166015625,104.0,132.79863520468783,11.625760584159746,False,False,science_V_003.fits,206962.3420718982,371.04677102844784,557.7796607641967,-8.844350200023868,0.0019464675325602874,15.27077358481007,0.01077665029627347
268,251.77046528958385,436.1291194972502,333949.6890563965,453.0002746582031,737.1953346129151,352533.29094533273,4.774774006730824,0.1678009854946868,1.2016356455245665,24929.1328125,161.0,132.80049005759616,11.626917880885744,False,False,science_V_003.fits,754436.1872905161,647.5758785948191,1165.0158880648462,-10.248678153042174,0.0009319186211300568,13.866445631791764,0.010640297367520734
269,248.20850625534072,453.5505438736671,501251.569732666,544.4848022460938,920.5979077192179,498384.7974599593,5.102797854718763,0.007203291150962077,1.0072555550262783,32084.654296875,241.0,132.80103050316907,11.629506896075368,False,False,science_V_003.fits,495970.2402888179,530.739753284143,934.4885835662841,-9.793260919771951,0.001161811946226939,14.321862865061988,0.010662891856867694
270,288.20398543765145,425.33739481203884,454832.17501831055,508.240966796875,894.9144298320408,459751.7117352839,4.872911850245221,0.22168768492069602,1.284831269691663,53530.30078125,160.0,132.7949622334238,11.62531406772144,False,True,science_V_003.fits,870447.706517295,684.7110879809126,1271.2627585513267,-10.40397858736365,0.0008540327266703026,13.71114519747029,0.010633758867450572
271,293.8813795795677,429.4203612903488,736903.1602478027,638.3319702148438,1154.4199486041452,752317.5220752417,4.9494386320871255,0.06837813308909124,1.073396874330377,47505.453125,201.0,132.794100826469,11.6259208255546,False,False,science_V_003.fits,982237.7575855884,724.2849455672596,1356.1482446888363,-10.535163435436532,0.0008005761938283602,13.579960349397407,0.010629599145545633
272,328.58082787604377,428.4822639883642,510356.3896179199,538.599365234375,947.5621817634988,513111.2570198821,4.95102798966439,0.08490803391319379,1.0927863395810202,29732.9375,177.0,132.78883609880936,11.625781259163464,False,False,science_V_003.fits,734439.1394370275,634.0079165707987,1158.4068908941042,-10.219511406685456,0.0009372354468316517,13.895612378148483,0.010640764353920138
273,349.7572189220173,434.57247440480666,839789.2151489258,687.6976928710938,1221.1604369979193,834388.9331321857,5.126512053004287,0.004262953290002924,1.004281203862092,53716.43359375,266.0,132.7856230906983,11.626686190530162,False,True,science_V_003.fits,832066.7720589574,671.5469972137379,1239.0298452844243,-10.355017321898615,0.0008762500791502511,13.760106462935324,0.010635566273314767
274,330.12833063970373,436.7498020141176,926476.4822998047,791.6395263671875,1170.3262045938766,927877.2947098603,5.053132412411601,0.06942843099641094,1.0746083732933638,53743.67578125,230.0,132.78860125570228,11.62700989776542,False,True,science_V_003.fits,1034296.9965561792,742.8663141059582,1392.305690696123,-10.59123503293996,0.0007797856514234121,13.52388875189398,0.01062805351016947
275,123.88681564472223,440.73673507818205,169433.72198486328,332.16302490234375,510.09206107355556,173075.45001869078,4.8880386489477035,0.05118231620757108,1.0539432570470177,11160.7099609375,143.0,132.8198931726311,11.627601942257579,False,False,science_V_003.fits,233266.74492196259,384.72180114173483,606.3257767812984,-8.974253946846995,0.0017906215463302196,15.140869837986944,0.010749594470259879
276,119.19628702800182,446.05649333337647,113326.62561035156,278.5227355957031,406.8846493553537,116318.8681141834,4.618431399773318,0.15290687951122495,1.1805077574269487,7527.73681640625,117.0,132.82060490018475,11.628392467551004,False,False,science_V_003.fits,201981.6504424717,363.7269680694423,555.3111761674752,-8.81790166555898,0.0019551200238630997,15.29722211927496,0.010778216460090704
277,434.9263015105724,444.3882794379036,482121.56915283203,537.2178955078125,897.441379344037,479592.1511715374,5.0931468930688695,0.004237198115157992,1.0042552283607478,31631.916015625,232.0,132.77270073452254,11.628144000003347,False,False,science_V_003.fits,477884.24291056464,524.262874653218,911.5355406897137,-9.752928651379648,0.0011910671076834863,14.362195133454291,0.010666119097772406
278,415.4507566692225,450.99712194343465,1171283.3606262207,805.5537109375,1454.0102599280265,1162644.769874666,5.260789515614856,0.003114623885721368,1.0031243550766706,56027.515625,310.0,132.77565557614884,11.629126410007814,False,True,science_V_003.fits,1158439.6899446175,784.158816142837,1477.3023858136462,-10.714305445821026,0.0007349206299440414,13.400818339012913,0.010624855955973102
279,12.346099812689467,451.5851899346696,987601.348236084,728.7281494140625,1355.2397406771918,1009985.1990522079,4.964517064815522,0.08342146032818654,1.0910139794000153,59631.5703125,213.0,132.8368168681391,11.629212489081983,False,True,science_V_003.fits,1357942.3203323025,842.2727453532735,1612.2358556939205,-10.886825182382584,0.0006734126375899916,13.228298602451355,0.010620778706541515
280,15.900583078160171,459.02420471550977,1367778.2036743164,845.607666015625,1617.5092287408884,1375194.429202891,5.039341431147315,0.12312592559749602,1.1404146036378064,60219.39453125,178.0,132.8362777058617,11.630318076734543,False,True,science_V_003.fits,1869867.6169429119,982.8199413002287,1902.553599461115,-11.234149025052796,0.0005706540936915086,12.880974759781143,0.010614758680606292
281,20.714417288000856,466.1792280731226,1100863.8165893555,767.6851196289062,1434.0043703354645,1109628.2609196631,5.08766558889333,0.06619519871638502,1.0708876187243763,60106.6171875,222.0,132.83554745668167,11.631381482588383,False,True,science_V_003.fits,1382971.3965858787,850.3314985884759,1626.3908827105295,-10.906654868722377,0.0006675517008497868,13.208468916111562,0.010620408703348811
282,24.20149589819715,482.02461145271104,1487328.8327331543,893.6433715820312,1664.342712127,1477322.591504415,5.373997547641963,0.00333938656735977,1.003350575433957,60459.515625,313.0,132.8350186690527,11.633736345757013,False,True,science_V_003.fits,1470650.3157866583,875.1302461751058,1680.4930719905599,-10.973395425373976,0.0006460603843572995,13.141728359459963,0.010619079516280855
283,92.59435417940603,464.92215238259297,521610.83587646484,549.7825927734375,948.7583687310703,518642.021571215,5.110531131012814,0.002914726037644866,1.002923246500334,33858.08203125,234.0,132.82464133010262,11.631195798454739,False,False,science_V_003.fits,516847.9614299005,538.0424255263157,960.6081916761811,-9.838028893173892,0.001130221467407585,14.277094891660047,0.010659496063053294
284,105.56888095819838,472.50343278920764,277612.94512939453,414.64910888671875,669.5129428223077,280341.08671184443,5.081830489614047,0.030529852487362175,1.0314912765139725,16723.009765625,186.0,132.82267283979647,11.632322621032245,False,False,science_V_003.fits,277286.5395415085,416.5208104688114,665.7207336877382,-9.16194384383181,0.0016308640321081793,14.953179941002128,0.010724139743778234
285,116.88315471990119,476.23172887317077,893047.1541748047,703.49072265625,1269.451217214102,887463.4243223595,5.189231860736628,0.008391939649110558,1.0084629603012112,56042.5546875,270.0,132.82095619726547,11.63287681611839,False,True,science_V_003.fits,876509.4274032052,688.6009199841285,1272.8844849980853,-10.411513352945352,0.0008529446409283818,13.703610431888587,0.01063367153495669
286,131.48339384477867,489.0975784217314,1502727.6962280273,902.61181640625,1664.8659688626053,1491184.7436809505,5.46516351647468,0.0028447903998954915,1.0028529063204075,57289.140625,351.0,132.81874106643954,11.634788975108982,False,True,science_V_003.fits,1481554.2995057171,879.1756505464007,1685.163025824183,-10.981415806938395,0.0006442700102970772,13.133707977895543,0.010618970741038321
287,105.23365864883242,491.7114975725149,1264888.910003662,831.0159912109375,1522.0993619635344,1255043.6394453913,5.324395660349132,0.004396482696056525,1.004415897111294,57134.71875,326.0,132.82272393458848,11.635177147687134,False,True,science_V_003.fits,1247734.3660162454,809.9960565600902,1540.4202970013857,-10.794927216308125,0.000704807643805685,13.320196568525814,0.010622815519796372
288,400.05422284681913,481.61690929363664,41963.30294799805,202.2989501953125,207.43213401495143,43479.68500831077,4.675432034598327,0.058517116421859194,1.0621542010402385,2727.68701171875,98.0,132.7779912649189,11.633677035490958,False,False,science_V_003.fits,54747.12517541969,250.89741530181146,218.20521789577967,-7.400525171258194,0.004975591374348151,16.714598613575742,0.011709140245011478
289,410.1735256749732,488.1724409192117,1261496.9261779785,832.4970703125,1515.316955655402,1252655.481435685,5.2982151143052665,0.0025452744748071243,1.0025517694283987,57449.765625,305.0,132.77645580087278,11.634651139349796,False,True,science_V_003.fits,1247491.0009637536,812.0362463279272,1536.2503910447062,-10.794715427623387,0.0007067207314178026,13.320408357210551,0.010622942621753891
