id,x,y,flux,flux_err,snr,kron_flux,fwhm,ellipticity,elongation,peak,area,ra,dec,flag_edge,flag_saturated,frame,flux_aper,flux_aper_err,snr_aper,mag_inst,mag_inst_err,mag_calib,mag_calib_err
1,29.143297078399083,14.21993938694398,817134.0640258789,746.8070678710938,1094.1702337596573,807491.911392221,5.559388099046109,0.1409344350811691,1.1640555050003492,54557.515625,321.0,132.83426042990376,11.564215395893063,False,True,science_V_004.fits,798622.8203516874,657.9980989944594,1213.7159994415306,-10.310476163640399,0.0008945255731155931,13.804102639784206,0.01366835907862355
2,380.9328123289978,15.725594855336103,71665.68579101562,240.60557556152344,297.8554658335028,72205.97430949738,4.715677755537557,0.004170362104015446,1.004187826858444,4935.9912109375,121.0,132.78089736275908,11.564440539201101,False,False,science_V_004.fits,73299.73342292616,259.94164130367056,281.98534507711105,-7.717377862036525,0.003850200086472959,16.39720094138808,0.014172081872721079
3,177.81947211748647,23.143890687104868,1082089.6719055176,784.6416625976562,1379.0877077864077,1075489.6715854825,5.17829674985471,0.001393699588360997,1.0013956446978018,56249.0546875,282.0,132.81170775605204,11.565543370469081,False,True,science_V_004.fits,1074151.6038832783,759.1815300216681,1414.881107358632,-10.63228582717832,0.0007673436265092528,13.482292976246285,0.013660625173921486
4,479.8559672287492,18.438175214164232,13496.136932373047,139.5749053955078,96.69458054891447,14456.773565499096,4.241518572017421,0.012620937211043515,1.012782261328688,921.6380004882812,68.0,132.76589162188998,11.564842290042483,False,False,science_V_004.fits,13693.320457745838,198.90089633720058,68.84494092239426,-5.89589380365673,0.015770221972067053,18.218684999767873,0.020850030334498306
5,271.68329666783217,21.962464580776455,275024.3908691406,413.3834228515625,665.3009667683173,274556.83622147655,5.096371153979118,0.04782077448762179,1.050222450990662,17841.470703125,192.0,132.79746945858972,11.565368021452796,False,False,science_V_004.fits,273598.0527374527,408.70739250864705,669.4228138573836,-9.147404379245256,0.0016218449349581052,14.96717442417935,0.013735146336835377
6,499.6238106116423,25.30457430239814,801526.8500976562,673.412353515625,1190.2467276003997,795249.1691914424,5.213788383498649,0.025102916732132385,1.0257492992470416,50891.640625,281.0,132.7628928906089,11.565862346639312,False,False,science_V_004.fits,792081.0745739387,654.8087436756095,1209.6372906198294,-10.30154596576092,0.0008975417742319083,13.813032837663686,0.013668556805227258
7,428.6483773366117,38.70397599176026,731555.7126159668,643.4335327148438,1136.9561507453745,727075.5825529685,5.118785035404664,0.0019354682840244664,1.0019392215858998,46750.85546875,260.0,132.77365904757937,11.567854816657212,False,False,science_V_004.fits,725953.8686864838,628.4571544456362,1155.1366128162701,-10.206894434016174,0.0009398888304241515,13.90768436940843,0.013671402814444065
8,293.8614480884341,48.3272207260614,46605.74725341797,205.239990234375,227.0792704686658,47327.20611724765,4.6274676692480465,0.00619738075924281,1.0062360277979319,3184.033203125,107.0,132.79410515159134,11.569286067275463,False,False,science_V_004.fits,46756.1192958195,263.57423782536426,177.39259982911756,-7.229218019147381,0.006120322950595774,16.88536078427722,0.014949321620756656
9,450.2398257524494,52.49884119665577,1102171.1018676758,779.41650390625,1414.097720979549,1094055.745805555,5.228005987394055,0.0009127021755319653,1.0009135359617918,57937.25,302.0,132.7703835749138,11.569904571818252,False,True,science_V_004.fits,1090795.3377207334,760.1302433736387,1435.0111013601095,-10.648980056569277,0.0007565795128490429,13.465598746855328,0.013660024760610645
10,254.4359922335002,51.00721654976696,55116.441955566406,214.97622680664062,256.38389311363545,55753.46178158645,4.637783735553547,0.019016234318053993,1.0193848613843621,3710.6767578125,108.0,132.80008571945478,11.569684403891252,False,False,science_V_004.fits,54453.22662908865,240.14872820190578,226.7479284058791,-7.394680921538064,0.004788136357552937,16.71989788188654,0.014455106837369046
11,487.8443706797305,58.3567061619046,44793.428955078125,207.58360290527344,215.78500579122667,45567.40605430601,4.703461965716628,0.005743009451583014,1.0057761821200928,2890.820068359375,110.0,132.76467910570844,11.570774480076233,False,False,science_V_004.fits,44559.976805703365,235.09034467408725,189.54405323399473,-7.176984264309333,0.005727956015901425,16.93759453911527,0.014793016731597865
12,338.46140155986166,75.90878225007089,29420.28482055664,175.9348602294922,167.22260035436048,30059.196014307643,4.493692969797983,0.024385168082208808,1.0249946672441155,1949.542236328125,90.0,132.7873394627716,11.573384777406051,False,False,science_V_004.fits,30516.99315721044,214.8862422288145,142.01464384451114,-6.765976224806781,0.0076449862535916385,17.34860257861782,0.01563552617339238
13,205.98298840205211,79.01197745861026,142214.76791381836,310.2378234863281,458.40563963370386,142464.81023219167,4.854723082930375,0.001739942272667494,1.0017429749484605,9958.5322265625,148.0,132.80743582483086,11.573846126692693,False,False,science_V_004.fits,142289.93716321661,317.09196634231944,448.73397079258154,-8.437557342996918,0.002419473609458116,15.677021460427687,0.013851993230149129
14,13.333651001922975,83.17527309016384,239599.26040649414,384.20123291015625,623.6295979365672,239309.61953352945,4.933548772549196,0.001140524263337328,1.0011418265442156,15867.2490234375,177.0,132.83665994464715,11.57446262810321,False,False,science_V_004.fits,240614.7590698226,383.07076729146047,628.1209103245151,-9.007927531571166,0.001728488866003648,15.106651271853439,0.013748146699142092
15,387.4873224966198,80.36556852139448,16100.549194335938,145.33340454101562,110.78354109424363,16710.83074636911,4.261086762339696,0.008749081089309718,1.0088263031311226,1082.585205078125,71.0,132.77990241488422,11.574046687328886,False,False,science_V_004.fits,17109.975795115915,200.3899958249311,85.38338316082351,-6.137745361941709,0.012715588909788623,17.976833441482892,0.018646985419203087
16,241.10950938378852,93.16831898770964,26350.701080322266,169.90682983398438,155.08912211515855,27051.505130138496,4.521619295122741,0.026481231621437673,1.0272015624984234,1894.824951171875,91.0,132.80210730450125,11.575950003149226,False,False,science_V_004.fits,26452.33482914463,208.09081953067383,127.11918233012389,-6.610781902271512,0.008540803835415466,17.50379690115309,0.01609251981686773
17,27.486369090992323,101.96343195873679,164206.38522338867,326.9766540527344,502.19605341274814,164345.19860883724,4.882283378066668,0.004936050291737493,1.004960535745652,10738.1083984375,157.0,132.83451338184364,11.57725501836852,False,False,science_V_004.fits,165246.21382429177,330.8450696073504,499.467058766834,-8.599950667974344,0.0021737169267590016,15.51462813545026,0.013811187826501804
18,322.4789260245182,105.16003106676212,439137.0447998047,509.3175964355469,862.2067014238269,437067.52500465827,5.060585544465586,0.0010728624862655911,1.0010740147564074,27885.015625,221.0,132.7897637693751,11.577731932345474,False,False,science_V_004.fits,435048.42810471973,499.3741126271182,871.1873865787866,-9.65096588359988,0.001246230164400818,14.463612919824724,0.013695873594769174
19,248.65888508525742,108.66811074714552,1399865.1873779297,911.0292358398438,1536.5754822208821,1390571.093004938,5.866637518516806,0.18881881678608192,1.2327702129849432,53460.20703125,363.0,132.80096209725352,11.5782534500857,False,True,science_V_004.fits,1380673.4296978228,873.1287570238504,1581.2941889624512,-10.904849291971724,0.000686589508504025,13.209729511452881,0.013656327070424933
20,308.82079883621236,115.45669414880838,6957.832794189453,109.1427001953125,63.74986858249161,7726.924029998908,3.8030952673934357,0.06854077980068118,1.0735843054793257,483.32818603515625,47.0,132.79183563026322,11.579262196069527,False,False,science_V_004.fits,6072.042678590724,186.50989661750296,32.556141999495885,-5.012958912604686,0.0333485460290968,19.101619890819915,0.036029840218297124
21,339.0349637799612,122.99143689615954,1578051.529510498,925.10009765625,1705.8170607791599,1570323.3471525237,6.1399817829387615,0.22667361285298449,1.2931150632131374,53422.14453125,366.0,132.7872521365596,11.580381777914454,False,True,science_V_004.fits,1547648.7154998777,897.6774141894307,1724.0588779849684,-11.028802853033445,0.0006297348738280538,13.08577595039116,0.013653586705058429
22,274.40633537206196,127.62047516337533,584857.6905822754,579.8635864257812,1008.6125500434978,581527.2688879676,5.1051577367408845,0.001713437311545829,1.0017163782180254,36346.10546875,248.0,132.79705623274495,11.581069968377786,False,False,science_V_004.fits,580446.4319259707,566.4061072498591,1024.7884415376157,-9.964027238738872,0.0010594381786459177,14.150551564685733,0.013680141561972434
23,365.77038840669206,135.34810788323347,150385.7692565918,323.50128173828125,464.8691604822041,150534.96166838528,4.906913687575868,0.004988639228689862,1.0050136505223646,9864.029296875,159.0,132.7831962868944,11.582217910556793,False,False,science_V_004.fits,149955.3633837505,327.43949965641485,457.9635735490067,-8.494526882996183,0.002370712569094361,15.620051920428422,0.013843559585110146
24,497.4077125426916,138.8488560018834,175514.28381347656,349.0686340332031,502.80737568870705,175308.38616791877,5.008914341032286,0.011384272089041803,1.011515366150504,11548.998046875,177.0,132.76322683023133,11.582736324080962,False,False,science_V_004.fits,174147.4848014283,347.5164235921336,501.12015714635226,-8.65691488993625,0.002166546255458092,15.457663913488355,0.013810061063524394
25,461.6341634709987,139.51368717799588,52566.958435058594,219.8284454345703,239.12718998281144,53302.0889784211,4.717890467895516,0.00915419986019228,1.0092387734387134,3263.353515625,115.0,132.76865367760985,11.582835759899089,False,False,science_V_004.fits,53245.35459417767,263.70703563796303,201.91101259534432,-7.370326183091547,0.005377121267654096,16.744252620333057,0.014660739989110065
26,351.978896549905,139.48230115568398,15379.10482788086,144.79071044921875,106.21610171099096,16314.360432715708,4.29617811009615,0.006300845101043673,1.0063407974838063,1041.5257568359375,72.0,132.78528842478312,11.582832410708045,False,False,science_V_004.fits,15140.300935304604,200.00558856736862,75.69938942083532,-6.004958142737571,0.014342255707827078,18.109620660687032,0.019792022703350242
27,399.94265403185506,146.4344622385262,118348.73931884766,295.40081787109375,400.63781871617016,118693.4940507345,4.876503287281145,0.004433564894189113,1.0044533089283167,7732.18310546875,149.0,132.77801222226114,11.583865120571668,False,False,science_V_004.fits,118407.42800579667,303.0777777772875,390.6833053685867,-8.238069243199465,0.0027789772050170053,15.87650956022514,0.013919287992107827
28,28.308057831213674,149.69589200543223,138283.32391357422,305.06927490234375,453.28499226229957,138507.59098541737,4.838267980308161,0.004811128937337372,1.004834387800378,9126.3232421875,149.0,132.83438960774984,11.584348604944296,False,False,science_V_004.fits,139895.43731095913,311.40889741373167,449.2339123024376,-8.41913074956662,0.002416781036043144,15.695448053857985,0.013851523182574934
29,329.33627020962666,162.1806613569263,472512.2932128906,526.6453857421875,897.211493739742,470277.7163076737,5.069864462962477,0.004648868438900222,1.0046705813571628,31158.8828125,224.0,132.78872318413372,11.586205792153324,False,False,science_V_004.fits,470064.3025719212,516.2330212773476,910.5661265310223,-9.735015052614125,0.001192335151029815,14.37956375081048,0.013691074720912683
30,498.8703018868263,165.06534016331236,68980.07827758789,244.79672241210938,281.78513828899065,69539.98983657823,4.838994217333058,0.010091649351020249,1.0101945289626098,4758.72998046875,131.0,132.7630044386263,11.586632355735244,False,False,science_V_004.fits,68416.50321111517,261.2562646162458,261.87507239916647,-7.642524057764444,0.004145869975532104,16.47205474566016,0.014255248217945963
31,452.0482415068973,168.87998070940685,255878.49716186523,405.28460693359375,631.3550842649969,255297.40495470332,5.001859819577222,0.0018349007852290766,1.001838273835333,17555.5703125,188.0,132.77010739820338,11.587200069373871,False,False,science_V_004.fits,255017.78355161316,401.08057923221565,635.8268057750166,-9.071048041096736,0.0017075404656408404,15.043530762327869,0.013745528667280644
32,42.19593374600215,174.82998802453832,181656.7401123047,343.3791198730469,529.0267508969861,181568.61334621595,4.910129271894627,0.005225634817314639,1.0052530855239268,12413.9228515625,167.0,132.83228323245854,11.588084051207378,False,False,science_V_004.fits,182278.9172365412,344.6081112622755,528.9455218243884,-8.706462974404038,0.0020525743298767467,15.408115829020566,0.013792640257793358
33,17.42260324205482,194.15556499765242,246620.3787536621,390.42596435546875,631.6700252269164,246284.8090386716,4.9362685866918445,0.0039695485324824364,1.0039853686467455,16175.216796875,179.0,132.83604179718247,11.590955605066293,False,False,science_V_004.fits,247730.42088986703,388.8344378890551,637.1102884682019,-9.03957022531965,0.0017041005610038697,15.075008578104955,0.013745101768384501
34,427.44329327216974,195.39443684196996,391784.7548828125,486.7550048828125,804.891066250332,390153.83342939615,5.049613540823577,0.0021771461414431537,1.0021818964488778,24265.2578125,212.0,132.7738396672896,11.591140770868574,False,False,science_V_004.fits,390075.47176192666,477.75991679908225,816.4675562893015,-9.532493480060328,0.0013297527766250893,14.582085323364277,0.013703726002375237
35,264.45864903219876,197.258479797597,113385.75988769531,287.4327392578125,394.4775399645552,113825.33377715194,4.842431049766968,0.0014979657471849706,1.0015002130148947,7262.552734375,144.0,132.79856523815602,11.591418960334888,False,False,science_V_004.fits,114294.22269487151,296.60666269100255,385.33936378206175,-8.199682569995197,0.0028175164596317874,15.914896233429408,0.013927033528412612
36,186.1343167297567,203.3792071251233,612488.2381286621,612.232177734375,1000.4182406668573,608801.267863211,5.100294185106126,0.003211443588649665,1.0032217901860867,39955.390625,248.0,132.8104474712561,11.59232838444846,False,False,science_V_004.fits,608266.9686978384,599.5376292028626,1014.5601194483526,-10.014857457028894,0.0010701189404037767,14.099721346395711,0.013680972861892677
37,351.88081304730633,203.50974307905017,311198.00942993164,468.04412841796875,664.8903181027159,310216.65928883286,5.021853973959571,0.004421235376592891,1.0044408695059555,19953.0546875,199.0,132.78530280309445,11.592347599963677,False,False,science_V_004.fits,309158.2965113166,432.77560735821686,714.3616489813397,-9.280074138122602,0.0015198184302701282,14.834504665302003,0.013723473028436416
38,42.365380084179336,205.17935116063765,303983.17614746094,429.2152099609375,708.2302050179586,303060.3071701689,4.997165590602446,0.003125048377229822,1.0031348449192576,20040.30078125,197.0,132.83225804812437,11.59259430578815,False,False,science_V_004.fits,303593.10687336704,423.87134900210464,716.2388012025309,-9.260351640577388,0.0015158352188923043,14.854227162847216,0.013723032475078797
39,302.49613169822237,220.11695203188285,483251.1489868164,532.5946655273438,907.352589625226,480978.57996544,5.067135218328805,0.0036219430614370385,1.0036351092200542,30964.39453125,228.0,132.79279467111655,11.594815897572786,False,False,science_V_004.fits,479920.9381969205,521.5462879750968,920.1885801166629,-9.757546118870989,0.0011798668484479056,14.357032684553616,0.01368999450990757
40,328.764534756017,216.1354607446557,15951.045806884766,143.63436889648438,111.05312697395217,16648.677934813873,4.20261876234036,0.008488859053899511,1.0085615367325065,1137.2708740234375,68.0,132.788809596232,11.594224077786015,False,False,science_V_004.fits,15932.396477268281,201.03658117525745,79.2512307169555,-6.060324637237267,0.013699471795934125,18.054254166187338,0.01933130599284041
41,280.06631907947343,227.01474662890163,399178.03048706055,498.45697021484375,800.8274622280992,399358.7518788958,6.945842600795698,0.40411811640087136,1.6781849348397646,15696.220703125,267.0,132.79619741506892,11.595841050842745,False,False,science_V_004.fits,388980.71041842265,475.57918364797024,817.909453972971,-9.529442036953164,0.0013274085471518204,14.585136766471441,0.013703498726685996
42,360.4007837139642,226.67423883338168,12825.37094116211,136.86163330078125,93.71049162460126,13385.295952684553,4.156412821655705,0.027837557467517815,1.0286346769321812,866.678955078125,65.0,132.78401007884128,11.595790033108113,False,False,science_V_004.fits,12720.704889452136,198.18410205114262,64.18630333006973,-5.815899817635856,0.016914823625484843,18.298678985788747,0.021728670511158597
43,42.78929189763958,233.75817208740906,1139794.0010681152,786.5936279296875,1449.0252153046933,1132401.912058655,5.229303486299972,0.0007197050600461496,1.0007202234084775,55171.90625,296.0,132.83219422814824,11.596841442532124,False,True,science_V_004.fits,1130176.295076602,770.1764224143384,1467.4252056869527,-10.687487358871287,0.0007398673511892868,13.427091444553318,0.01365910932669436
44,317.8435080738925,232.3261455234304,54264.84161376953,219.48834228515625,247.23336578518322,54967.09760559507,4.684568139961041,0.004466062372596391,1.0044860975641274,3717.380859375,113.0,132.7904663058829,11.596630252383756,False,False,science_V_004.fits,53747.04438241367,244.14966377182455,220.13974359859924,-7.380508341151797,0.004931867286897796,16.734070462272808,0.014503350607249542
45,203.87073604344332,237.0658310952366,1096295.8225097656,775.0997924804688,1414.3931312397951,1088687.8691428096,5.257244829759763,0.00025974068982759224,1.0002598081725815,51462.4296875,298.0,132.80775689674553,11.59733467511792,False,False,science_V_004.fits,1085704.944886182,757.0935399544458,1434.0433349246498,-10.643901413650363,0.0007570900917419257,13.470677389774242,0.013660053049247167
46,339.67194586748747,238.74535564324822,480929.57608032227,531.6738891601562,904.5574474985206,478650.47230950935,5.05624849038352,0.0017272085827775285,1.0017301969938752,31478.58984375,224.0,132.787154715359,11.597584090953337,False,False,science_V_004.fits,477980.8878989685,521.1279521008627,917.2044715161561,-9.753148203196936,0.0011837055244675353,14.361430600227669,0.013690325878878412
47,87.2355477675445,238.66901033171806,74246.67990112305,290.94720458984375,255.18952830562722,74769.11102688042,4.765390670526969,0.015820188464897078,1.0160744899249874,4956.27392578125,126.0,132.82545144253194,11.597571915538339,False,False,science_V_004.fits,75077.32776798887,330.04892984246527,227.47332586057414,-7.743393889925415,0.004772867306057069,16.37118491349919,0.014450056270563845
48,441.58067098436635,244.17206355540475,281503.65368652344,422.91741943359375,665.6232180351818,280793.1986313239,5.010863558084842,0.0008927006087442457,1.0008934982351627,18247.9609375,194.0,132.77169422278422,11.598389466572364,False,False,science_V_004.fits,280847.3701331927,417.3272403558923,672.9667823593039,-9.175797777738554,0.0016133039972548507,14.938781025686051,0.013734140442298946
49,354.8801961553602,246.0785244834538,12213.908111572266,135.2250518798828,90.32282067395019,12684.282155516134,4.130099423179563,0.02019471751998314,1.0206109498296105,930.94775390625,64.0,132.78484743653397,11.598673770268288,False,False,science_V_004.fits,11753.399892575644,197.87625216581574,59.39772844861932,-5.730030655667394,0.018278476776080094,18.384548147757208,0.022806283720828616
50,266.0427174350275,247.06188660671052,14873.964599609375,141.5628662109375,105.06967679960817,15493.341357909863,4.228350627708358,0.004704149040923089,1.00472638264933,1106.2493896484375,69.0,132.79832488250992,11.598820298606933,False,False,science_V_004.fits,15429.41593892014,198.0399229540471,77.91063392051691,-6.025495590801986,0.013935196588281037,18.089083212622615,0.019499065820066164
51,233.74919274599281,262.43796363725886,234439.4849243164,387.0975341796875,605.6341470144615,234076.47582243133,4.969289563960944,0.006249876335400861,1.006289182951096,15086.458984375,181.0,132.8032241305815,11.601105341454645,False,False,science_V_004.fits,233964.0331783249,384.80508949149527,608.006597541366,-8.977494622344517,0.001785671412761494,15.137084181080088,0.01375545296584546
52,415.13432341216276,262.21979147853904,18710.939544677734,154.4499969482422,121.14561291281842,19612.67686396794,4.321541966866105,0.038924382366068544,1.0405008530565953,1301.372802734375,74.0,132.7757061340079,11.601071921934768,False,False,science_V_004.fits,15843.247401019677,209.22942539398687,75.72188936229331,-6.054232384061498,0.014337994061471983,18.060346419363103,0.019788934726458596
53,368.19133376534603,267.1294703510206,374111.3406677246,476.61865234375,784.9280317252578,372682.0459843166,5.027927836054512,0.0026797941539145054,1.0026869947467283,25507.251953125,208.0,132.78282782453147,11.601802062389197,False,False,science_V_004.fits,371693.52086861426,468.4369631367862,793.4760706748021,-9.480084351063681,0.001368283228852358,14.634494452360924,0.01370751848058545
54,427.26605473655434,273.71393798903887,763556.3636474609,658.1668701171875,1160.1257953192155,758840.4571183992,5.121358002331587,0.0026257311537771777,1.0026326437685371,49789.6484375,261.0,132.7738654654889,11.602779920087313,False,False,science_V_004.fits,757132.5826877322,642.4727641509395,1178.4664268038218,-10.252551714428877,0.0009212820792396961,13.862027088995728,0.013670136230877922
55,404.3220293765408,270.52292301184474,21673.556243896484,163.34739685058594,132.68381781266655,22420.557235220367,4.398650011179226,0.018246219100788497,1.0185853311245476,1455.103515625,81.0,132.77734637025907,11.602305991823897,False,False,science_V_004.fits,19224.781396108363,212.11607558429554,90.63330699076779,-6.264275399450359,0.011979039892151272,17.850303403974245,0.01815272047487606
56,283.20311076723533,274.59138200084175,370182.5278930664,473.90252685546875,781.1364297830913,368604.3451290006,5.049835094919586,0.004464743825563611,1.0044847671620596,24141.677734375,213.0,132.79572143191336,11.602911460850613,False,False,science_V_004.fits,367588.691491984,464.84169795433246,790.7825246953149,-9.468027229723154,0.0013729438449823048,14.646551573701451,0.013707984487250772
57,255.1608346768121,277.9909643282278,1333379.726715088,852.748046875,1563.6268316314786,1324201.38544591,5.431552966090309,0.0005869167027205968,1.0005872613762312,52069.8046875,331.0,132.79997576278626,11.603416708031258,False,True,science_V_004.fits,1317239.1383964731,830.9621140033775,1585.1975874692155,-10.853783439497946,0.0006848988470474091,13.26079536392666,0.013656242174621826
58,318.28755915359545,276.2682777151145,173925.03326416016,343.4429626464844,506.4160637444365,173989.00126126746,4.92018483007916,0.002700505266546971,1.0027078177426219,11598.2509765625,164.0,132.790398715192,11.603160539159433,False,False,science_V_004.fits,172952.98151115232,345.80352964431023,500.14810921406695,-8.649442006925806,0.002170756981778997,15.465136796498799,0.013810722275651454
59,337.5086461513655,280.3163402005916,1018644.7344665527,750.9534912109375,1356.4684716012894,1011744.7764705056,5.19309286695891,0.0015682631791844592,1.001570726491706,54894.16796875,286.0,132.78748262909895,11.603762015309053,False,True,science_V_004.fits,1008852.5570310482,733.2572163955754,1375.8508398869892,-10.564191121776831,0.0007891117034817366,13.550387681647774,0.01366186521606054
60,41.208161545021234,283.1413380594884,1016407.8756103516,745.3739624023438,1363.6213858805374,1009878.3363345742,5.174152926641661,0.0016443332001613298,1.0016470414851575,54881.1796875,283.0,132.8324349510277,11.604180301870885,False,True,science_V_004.fits,1008325.6579629986,729.9108979829755,1381.436639388986,-10.563623920125343,0.0007859209529003146,13.550954883299262,0.013661681289118143
61,186.04687576738803,281.2669273964531,110602.10485839844,285.1318359375,387.89812612381195,111031.87371493866,4.870629533183946,0.013293075142749133,1.0134721615992228,7432.77978515625,146.0,132.8104611703334,11.60390336437866,False,False,science_V_004.fits,107424.0621630991,293.66483082857417,365.8049956475977,-8.132375801244011,0.002967974775953911,15.982203002180595,0.013958249824814417
62,67.80513130487849,288.189211611498,498432.85467529297,629.3861083984375,791.9349474420818,495701.8805655488,5.091182567817063,0.008727519017664442,1.008804359230285,33449.7578125,238.0,132.82839994854288,11.604930893955768,False,False,science_V_004.fits,494567.48624480213,549.9578196495817,899.2825787256326,-9.79018577820127,0.0012072957106970075,14.324393025223335,0.013692385724712127
63,274.5456564658338,292.2649916934007,964502.7463989258,732.003662109375,1317.6201108332857,957867.5937942567,5.194476541385627,0.0037860411474337496,1.0038004297307725,52358.3203125,289.0,132.79703483788737,11.605537971964523,False,True,science_V_004.fits,954448.816865412,714.0116022999275,1336.741327159116,-10.50400348389308,0.0008121990230580835,13.610575319531526,0.01366321818439161
64,168.04957352243164,291.71873629367303,231555.88772583008,384.8471374511719,601.6827597040633,231100.7866548201,4.964682989102744,0.0019004129760532562,1.0019040314220746,15639.5556640625,182.0,132.81319164794024,11.605456508217655,False,False,science_V_004.fits,227228.24598830403,382.2868021283397,594.3920761146757,-8.945777664287826,0.0018265721291185865,15.168801139136779,0.013760822273545496
65,202.4360608915563,289.62770542247824,12638.696319580078,130.0246124267578,97.20233795504979,13219.860488014663,4.041609072156049,0.03284711490262304,1.0339626913270448,866.13720703125,59.0,132.807974772032,11.60514594768828,False,False,science_V_004.fits,12879.728664617238,193.76267930543472,66.47166890335204,-5.829388658793557,0.016333274279280965,18.285190144631045,0.021279090971736886
66,312.9449944425213,297.8828170059135,564329.9075317383,572.2412719726562,986.1747748224354,561429.6027938386,5.084324458239774,0.0021249008140290515,1.0021294256322886,38319.5390625,239.0,132.79120914230953,11.606372725429809,False,False,science_V_004.fits,560917.2957045753,559.4940470213235,1002.5438138096893,-9.926868952907839,0.0010829451890729,14.187709850516766,0.013681982099965236
67,350.36682169767306,295.24176510815624,79389.61206054688,251.80177307128906,315.28615184957584,79995.61319366175,4.727334107204844,0.016392382184137966,1.0166655705865086,5301.76025390625,123.0,132.7855317774068,11.60598000868716,False,False,science_V_004.fits,76863.2266751409,270.7089101480793,283.9331244512649,-7.768918403915278,0.003823787739096122,16.345660399509324,0.014164929105890182
68,108.13192483235386,298.0889170589213,288874.11444091797,421.8694763183594,684.7476071554466,288022.36845679337,5.009259217953731,0.002607328746822679,1.0026141446813988,19772.783203125,195.0,132.82228199152675,11.606402633253818,False,False,science_V_004.fits,287764.69983309874,416.6104411336518,690.7284873851293,-9.20221566868199,0.0015718187679070585,14.912363134742614,0.013729329122006577
69,236.12789310203135,298.520911371746,93644.27416992188,351.0783386230469,266.73327251462194,94053.36643090557,4.8654065448980095,0.022609999238692224,1.0231330371919918,6102.4423828125,140.0,132.80286331213458,11.606467672151767,False,False,science_V_004.fits,94012.94244085916,359.6786360031514,261.3803907998457,-7.987590987926559,0.0041537163391548535,16.126987815498044,0.014257532161190975
70,426.12714583515555,300.5540530562117,198022.3586730957,364.77423095703125,542.8627953064531,197894.13774339866,4.950707885604855,0.007427529046618142,1.0074831100639774,12715.7392578125,172.0,132.77403787974256,11.606768674447192,False,False,science_V_004.fits,196834.64484167483,364.7606617836723,539.6268442960856,-8.789875726395055,0.0020119458686608483,15.32470307702955,0.013786652606040905
71,77.1025045087023,306.7655556451571,1177275.8535766602,801.1416625976562,1469.4977287280383,1168694.024553928,5.286935408711786,0.0035440007022199405,1.00355660531395,53643.95703125,313.0,132.8269896887746,11.607691679090042,False,True,science_V_004.fits,1164457.5208526934,782.1242757024796,1488.839506748226,-10.719930999528577,0.0007292256788451814,13.394647803896028,0.01365853703703
72,182.73752943883574,309.47666905072356,1425986.5161437988,893.0735473632812,1596.7178966994318,1416659.0109239137,5.45050199252685,0.0015154944956855543,1.0015177947052067,51912.46875,328.0,132.81096340208842,11.608095626810595,False,True,science_V_004.fits,1409380.6998421415,857.7935062514974,1643.0302742685062,-10.927192673898304,0.0006607912325190507,13.1873861295263,0.013655054337285043
73,1.2160745221575244,303.9981840336243,24756.618774414062,125.47307586669922,197.30622369308247,24564.5739889704,2.4635771912000854,0.14758833882977584,1.1731420926681841,25023.6640625,20.0,132.83850265648067,11.607279120140076,True,False,science_V_004.fits,25353.46626511392,174.75431426986174,145.0806314627644,-6.564715232612812,0.007483424831099181,17.54986357081179,0.015557169122431781
74,439.66256530135615,307.8967763346397,26885.233947753906,175.3514862060547,153.32196224536813,27602.064125910812,4.477851140048297,0.022218672973603915,1.0227235603293579,1812.7012939453125,87.0,132.77198426583158,11.607859693929234,False,False,science_V_004.fits,25573.674257508053,219.52200506297262,116.4970876162138,-6.574104696758743,0.009319546284081482,17.540474106665858,0.01651901349482983
75,350.16264522443186,319.7633114605845,1478345.3011169434,896.3331298828125,1649.3257381998405,1468789.1664148457,5.46677563592055,0.0010932953643969512,1.0010944919673914,53919.66015625,332.0,132.7855625651309,11.609624184292091,False,True,science_V_004.fits,1461389.5103863413,874.086080132025,1671.9057122676154,-10.96653683835587,0.0006493787251479982,13.148041965068735,0.013654506824851195
76,199.48547497697632,330.619646645702,819736.4137878418,677.1195678710938,1210.6228392795447,814439.907701507,5.125518125075371,0.0019179776113330549,1.0019216633185546,50072.48828125,268.0,132.80842259673457,11.611237792802164,False,False,science_V_004.fits,812162.3607729581,661.7033571192497,1227.3813515299926,-10.32872902023243,0.0008845661526848363,13.785849783192175,0.013667710897575668
77,499.2988877955535,333.924337183632,1046696.9912109375,764.6771240234375,1368.8090807576664,1038468.2777171071,5.2267113576992905,0.0023016784617688746,1.0023069884072975,56418.1953125,304.0,132.76293608905655,11.611726664979734,False,True,science_V_004.fits,1034640.3820161504,743.382024229879,1391.8017227925388,-10.591595436336759,0.0007800680098467114,13.522983367087846,0.013661345834185563
78,17.171748100309927,334.1943863104679,84153.4462890625,252.4004364013672,333.41244369023866,84659.09771089623,4.7237253862415445,0.002277733326519371,1.0022829332396415,5826.72265625,127.0,132.83608254330474,11.611766920818937,False,False,science_V_004.fits,86225.31112985041,267.8109455913091,321.96335717149475,-7.893708799347012,0.0033721228699379563,16.220870004077593,0.014049735817843396
79,2.998875274845524,332.3348067158685,131235.9192199707,268.8030090332031,488.2234008167675,130946.99488836924,3.0860343810483934,0.21159216527554314,1.268379074834401,44034.3203125,39.0,132.83823275812932,11.611490291766076,True,False,science_V_004.fits,130986.74978187394,297.0732522091791,440.9240778420598,-8.347690288988318,0.0024623286741644007,15.766888514436287,0.013859542791912195
80,172.98895183651408,346.97679553088165,170687.8154296875,414.8421630859375,411.45242846091395,170593.2871393311,4.966765378533573,0.012042044102205551,1.012188822439577,11682.890625,172.0,132.81244264757632,11.613668502395193,False,False,science_V_004.fits,170526.65250242568,398.38422389108166,428.0456962800006,-8.634102541015025,0.002536411437926953,15.48047626240958,0.013872896124590558
81,69.38323593102446,349.1744506306625,409467.5439453125,492.23626708984375,831.8516357320251,407712.12125379907,5.054530150273382,0.0026145539549208285,1.0026214077669655,26575.443359375,219.0,132.82816144492838,11.613994000012811,False,False,science_V_004.fits,407337.2950487364,482.9324867997362,843.4663357357696,-9.579507311804134,0.0012871883014191979,14.53507149162047,0.013699661222984438
82,372.7266529937643,350.2837052571287,514837.9847717285,550.6027221679688,935.0443868940232,512142.20336129953,5.0838834448782775,0.00362423461767325,1.0036374174719942,33696.3046875,233.0,132.78213897725516,11.614159663304873,False,False,science_V_004.fits,511834.4927719717,538.125557104794,951.1432527489075,-9.827445748667959,0.0011414684348148494,14.287133054756646,0.01368673862134116
83,46.61383443486255,358.4395008636897,655045.4968566895,608.2201538085938,1076.9874900640527,651484.26674952,5.084267438039314,0.002945498042831174,1.0029541996320654,40804.0234375,247.0,132.8316161132543,11.615370533764718,False,False,science_V_004.fits,651506.1920474198,595.7917143561457,1093.513347615925,-10.089418243269257,0.000992854821906875,14.025160560155348,0.013675146236827479
84,195.88343141431113,357.97978958520986,106058.98052978516,280.58563232421875,377.99148748726105,106540.63055678405,4.8367842946103305,0.0038829525123466047,1.00389808860529,7342.7919921875,141.0,132.80896921449244,11.615303797423323,False,False,science_V_004.fits,105869.8024766218,291.08633427377185,363.7058494716189,-8.116552131062413,0.00298510458816451,15.998026672362192,0.0139619022093522
85,425.8495883062102,356.57835317564883,28536.200439453125,179.24900817871094,159.19865180510558,29345.90991520852,4.502177347718512,0.007629269958008833,1.0076879231995144,1895.94775390625,89.0,132.77407921573504,11.615094510524827,False,False,science_V_004.fits,28823.489508537674,221.98049429129037,129.8469471408353,-6.7039882675747755,0.008361382565447783,17.410590535849828,0.01599801807434306
86,150.7234543267415,363.4564980727004,143433.62606811523,316.1726989746094,453.655949844151,143642.06347109348,4.921541420336873,0.005685628072656157,1.0057181392859034,9312.7861328125,159.0,132.8158208445589,11.616117404748712,False,False,science_V_004.fits,143466.045469761,320.0791937951002,448.22046621874864,-8.446494692743764,0.0024222454836993926,15.66808411068084,0.01385247765147214
87,189.4128159640631,375.44839273503317,186887.4103088379,352.2342834472656,530.5770025557933,186894.32684610336,4.940199346692759,0.00547499923063588,1.0055051398671733,11580.455078125,168.0,132.8099510162644,11.617899793723266,False,False,science_V_004.fits,186148.58826322132,353.3540927667469,526.8046757451884,-8.729271241317091,0.0020609156486020735,15.385307562107513,0.0137938840509802
88,413.7347126444358,378.53685818033443,540934.9089660645,572.5415649414062,944.7958752504259,540243.930758715,6.7286864531815915,0.3689025188056353,1.5845412631143445,23413.24609375,285.0,132.77591697790967,11.618357945961312,False,False,science_V_004.fits,528224.5951968138,546.7806702646755,966.0630375633444,-9.861668421450908,0.0011238397058833866,14.252910381973697,0.013685279667794628
89,168.90073655143382,380.2070280310973,88252.58129882812,262.3686218261719,336.3686582814711,88644.02374173031,4.816473833183795,0.009954046996172528,1.0100541262412837,6031.79248046875,137.0,132.81306313114465,11.61860685642371,False,False,science_V_004.fits,88218.31228092908,274.6900786329547,321.1558011849704,-7.918518736447284,0.0033806021750006896,16.19606006697732,0.014051773374448238
90,334.4027036131589,382.41798659201874,720102.0774230957,661.0858764648438,1089.2716106322541,715549.4179976839,5.118100664318418,0.0033664882705826127,1.0033778597959655,44633.828125,259.0,132.7879531822829,11.618935473307971,False,False,science_V_004.fits,714692.5900381919,625.2008446543156,1143.1407941129028,-10.189920072395084,0.0009497517765014433,13.92465873102952,0.013672084418193177
91,318.20969031001914,387.3637491310968,14292.560791015625,141.3246612548828,101.13281478339162,14960.61675354487,4.181762980654599,0.019599907919748416,1.0199917442665276,1012.6250610351562,66.0,132.7904099615251,11.619670559994903,False,False,science_V_004.fits,14699.591467267846,202.56419607303306,72.56756994690224,-5.972885036425495,0.014961228559732783,18.141693766999108,0.020245054307603053
92,63.34958933144279,389.968286608099,136322.14901733398,307.7009582519531,443.0345286923353,136562.49562447204,4.884997747329011,0.010569201464657008,1.0106821027608022,9070.458984375,153.0,132.8290774851611,11.620056325816153,False,False,science_V_004.fits,136813.94959963602,313.33327275818414,436.6403490931606,-8.39494782520008,0.002486485736498799,15.719630978224524,0.01386385499127299
93,282.41194838095834,392.953000197792,347366.81951904297,461.117919921875,753.3145091778165,346102.95613046363,5.0250051500807436,0.004068071037249266,1.0040846878375373,22821.35546875,203.0,132.79584119811508,11.620501313266214,False,False,science_V_004.fits,346283.4629671751,453.85998626068795,762.9742066935087,-9.403201253985943,0.001422983883957341,14.711377549438662,0.013713086707055977
94,98.3938985729145,393.02322381330373,90893.73516845703,262.1232604980469,346.759516861474,91375.10407705844,4.800685140009976,0.004960614113580064,1.0049853444837873,6059.14501953125,133.0,132.82376057965828,11.62051080701954,False,False,science_V_004.fits,91317.98656680596,275.463946028161,331.50612950803526,-7.95601269239372,0.003275052565728454,16.158566111030883,0.014026754193665673
95,407.08677935541965,398.04640362349585,715987.6474609375,656.0296020507812,1091.3953352451238,711451.9063421346,5.120450738356482,0.009072694874914466,1.009155762312725,49142.16796875,260.0,132.7769253606417,11.62125736248505,False,False,science_V_004.fits,708831.9891431824,624.429209088997,1135.1678922536692,-10.180980145938136,0.0009564224000773494,13.933598657486469,0.013672549422423118
96,242.39402241601022,397.47952362082776,204678.85314941406,366.01873779296875,559.2032101514611,204686.15223161835,4.934555268102703,0.00459763223498777,1.0046188680918158,12686.5859375,168.0,132.8019127580017,11.62117402833535,False,False,science_V_004.fits,204127.06238123754,367.1426044771511,555.988490281414,-8.829373338105903,0.001952738265230045,15.285205465318702,0.013778136689470265
97,41.00006203266619,402.4530557368243,479770.4643859863,532.5281372070312,900.9297929349895,478987.13004267454,5.88368315353312,0.23772558588354498,1.3118635251047885,18867.15234375,252.0,132.8324685847713,11.621911341372732,False,False,science_V_004.fits,473543.614405035,516.8914852608386,916.1373864885218,-9.743021835679167,0.0011850842635747,14.371556967745438,0.013690445157590946
98,221.87506897520362,404.25368215642516,777674.7134399414,662.0059204101562,1174.724710857753,772482.9066434011,5.12897865164257,0.001927032653783689,1.0019307532783976,51773.35546875,265.0,132.80502593746863,11.622180706221647,False,False,science_V_004.fits,771131.3439947676,646.3274827523483,1193.0969432259778,-10.27244276441474,0.0009099847302134641,13.842136039009866,0.013669379507148622
99,469.53523127473045,404.3360779468834,128867.38311767578,309.1946716308594,416.7839712048068,129168.23374855543,4.897797621907904,0.009005758077968884,1.0090875987942192,8019.08349609375,152.0,132.76745049357768,11.622191170216217,False,False,science_V_004.fits,128403.76828692756,316.1405170058175,406.16042987164695,-8.326066297123067,0.002673081669583367,15.788512506301538,0.013898533358361796
100,121.25833079197834,406.8344907045862,371507.2631225586,473.37042236328125,784.8130038793398,369770.16701338306,5.0647404788295525,0.0050335134277721405,1.005058977860765,24611.421875,216.0,132.82029171729314,11.622563577433155,False,False,science_V_004.fits,368918.4093748013,463.94722873073584,795.1732148160173,-9.471947692715156,0.0013653628917206463,14.642631110709448,0.01370722728079318
101,451.0380230489555,402.85605471271845,5750.558776855469,107.99913787841797,53.24633964513001,6352.043045462214,3.6844587724551356,0.03689027934899558,1.0383032987394831,493.7832336425781,43.0,132.77025694606456,11.621971523422712,False,False,science_V_004.fits,5995.251449645815,196.0498979491923,30.580232442658684,-4.999140380953143,0.03550332725677634,19.11543842247146,0.03803301342522034
102,176.80452165004883,411.3383319082267,938842.8269042969,756.5794067382812,1240.9045482109782,934288.4079341867,5.344781017978298,0.17946046608372068,1.2187103224962117,53664.7578125,264.0,132.81186416670033,11.623233364822488,False,True,science_V_004.fits,932105.3006684328,706.1425479085657,1319.9959461855367,-10.478284318327084,0.0008225025259641182,13.63629448509752,0.013663834538900506
103,307.43765008465965,406.6905354835058,25746.887969970703,170.91879272460938,150.6381338151331,26401.980774107575,4.410209605092385,0.020363056224641296,1.0207863294193107,1751.9013671875,84.0,132.79204421826483,11.622542784141244,False,False,science_V_004.fits,26266.808806822686,216.2138354627097,121.48532840467978,-6.603140156332222,0.008936881632187097,17.51143864709238,0.016306186470446
104,342.7482593146898,412.8668385132036,22315.512451171875,164.20556640625,135.8998536990065,23088.55489952489,4.385487187297138,0.017104931143849922,1.0174026014432607,1615.7564697265625,80.0,132.78668677847517,11.623460455000057,False,False,science_V_004.fits,20220.805687350312,213.4411745359477,94.73713650289498,-6.319118013627331,0.011460131053959217,17.79546078979727,0.017814557745707678
105,57.366851811847624,415.39250372548406,126831.78744506836,298.95147705078125,424.25542999917724,127162.47368257627,4.858492907830248,0.0024353041689375576,1.0024412493536659,8067.2021484375,149.0,132.82998559565334,11.62383455359551,False,False,science_V_004.fits,126102.97746508635,305.99761523568736,412.1044452191516,-8.306435226504345,0.002634526301754982,15.80814357692026,0.013891169595677386
106,411.8069769761827,418.0732713114016,757263.9684143066,656.8154907226562,1152.9325649447346,752576.3221274306,5.116626356767742,0.001793913233108957,1.0017971371412082,51304.875,260.0,132.7762089525437,11.624233519026568,False,False,science_V_004.fits,750995.5149158121,640.8547217677599,1171.865462493957,-10.243715232353143,0.0009264715402478199,13.870863571071462,0.013670486948756513
107,136.14741339045005,418.4117661671696,66520.06661987305,234.83871459960938,283.2585195047039,67000.47974062445,4.747318575018729,0.0014358440001640549,1.0014379086126182,4317.291015625,122.0,132.81803282716973,11.624284237915864,False,False,science_V_004.fits,66271.17304603208,253.91263468986858,260.99990308468244,-7.607933518977587,0.004159771659561653,16.506645284447014,0.014259297463792715
108,35.91729398050801,422.3990649330121,701655.4662780762,628.0900268554688,1117.1256289339804,697386.6335575375,5.102312933646976,0.0030731875612624027,1.0030826611571861,45750.66015625,251.0,132.83324010352874,11.624875451713086,False,False,science_V_004.fits,696189.4679674092,614.9877055328438,1132.0380256450976,-10.161440496396356,0.0009590667233826429,13.953138307028249,0.01367273465262648
109,474.6242199489449,428.06073607741894,265649.5010070801,415.44073486328125,639.4401865635625,265037.73136514693,5.0319501433680225,0.0018563199770619265,1.001859772309553,17364.171875,193.0,132.76667796232658,11.625716829227027,False,False,science_V_004.fits,263985.500170475,409.7703499806905,644.2279198163427,-9.108572057040375,0.0016852731255570432,15.00600674638423,0.013742780264886645
110,168.74201889222127,432.5611422404111,17895.94940185547,149.9622802734375,119.33633823935219,18406.85421531918,4.297764592337423,0.018264039612108873,1.0186038205271535,1228.873046875,74.0,132.81308757659278,11.626387257009114,False,False,science_V_004.fits,17085.471630086602,201.7995249674955,84.6655691228144,-6.136189303127049,0.012823394577612801,17.978389500297556,0.018720665383323915
111,148.81320500851317,442.70008993121405,214064.84606933594,374.038818359375,572.3064975134835,213672.29597887368,4.983217268095069,0.002668908669720804,1.0026760508049146,14146.0849609375,181.0,132.81611134449386,11.627893864811018,False,False,science_V_004.fits,213005.88268444993,371.60609190314733,573.2034197651587,-8.875600868343325,0.0018940919795014674,15.23897793508128,0.01376994728849914
112,434.9271115509189,444.39329830455097,483342.9874572754,537.4342041015625,899.3528580215465,480701.9748156393,5.092061550417636,0.003169066926963504,1.0031791418402254,31557.49609375,230.0,132.7727007163723,11.628144657556195,False,False,science_V_004.fits,478967.25555948063,524.740077248356,912.7704864303487,-9.755386434112177,0.0011894556365926576,14.359192369312428,0.013690824248841086
113,374.4333218985859,448.3089196488489,626579.9871520996,607.46533203125,1031.466248546125,624971.833556437,6.08657430712527,0.268420561074056,1.366905556378311,31832.625,277.0,132.78187910004215,11.628727280452132,False,False,science_V_004.fits,616867.5024602724,585.7050933979874,1053.2049480421883,-10.030101602885022,0.0010308534934422946,14.084477200539583,0.013677957553164699
114,415.4515928680767,450.99517230944065,1170913.7377929688,804.935302734375,1454.6681376942477,1162622.257727021,5.258442710460146,0.0023475423519963012,1.0023530662747333,56027.47265625,306.0,132.77565555412653,11.6291260319653,False,True,science_V_004.fits,1158340.3595834516,784.089573768769,1477.3061628862451,-10.714212345425555,0.0007349187509506117,13.40036645799905,0.013658842171711767
115,179.41157359550232,450.7560607865716,16635.193908691406,147.58126831054688,112.71887075592082,17241.13001669212,4.29435365201924,0.04222613136295672,1.044087788094539,1174.7767333984375,73.0,132.8114688593185,11.62909129185864,False,False,science_V_004.fits,16764.947886474147,201.16327587854096,83.34000236005573,-6.115627393467618,0.013027357442461128,17.998951409956984,0.018860962484318778
116,123.63868612181177,459.4715014993775,19814.17706298828,156.40213012695312,126.68738620698402,20923.97186234773,4.441603177815712,0.011755434887406935,1.0118952689469813,1294.619140625,81.0,132.8199311236539,11.630386044952315,False,False,science_V_004.fits,17501.06665057256,203.74355665325314,85.89752205198448,-6.162283170948165,0.012639479860000424,17.95229563247644,0.01859516913159408
117,264.4428109947422,461.2521818411541,16586.134063720703,147.99485778808594,112.07236732150798,17333.390224815434,4.273513277070148,0.03932349130511703,1.0409331246774625,1128.015869140625,71.0,132.79856743949532,11.630651354733285,False,False,science_V_004.fits,15046.135236721668,204.47543686057546,73.58407184615086,-5.998184276538195,0.01475455180395528,18.116394526886406,0.020092801269032474
118,61.38290677588459,466.8429760196737,54163.027282714844,217.4791259765625,249.04931468481226,54868.75075575228,4.714729013613878,0.009850710192176315,1.0099487120715789,3624.47998046875,115.0,132.82937707390852,11.631480724946416,False,False,science_V_004.fits,55320.78996507125,240.34208304032825,230.17521220280298,-7.4118428067474955,0.004716841529588384,16.70273599667711,0.014431647789371895
119,433.2482349873183,469.3810351382524,92037.28469848633,272.6954345703125,337.5094447162635,92638.16688882638,4.84994569118305,0.0072378051443775515,1.0072905728903487,5967.10498046875,138.0,132.77295508409205,11.631858135307183,False,False,science_V_004.fits,91341.7567682173,285.92097199290725,319.4650470427303,-7.95629527429098,0.003398493857310097,16.158283529133623,0.014056088517059341
120,174.93076737882697,472.2415748474562,66987.28729248047,237.83563232421875,281.65370612408094,67680.74419599597,4.776488277469321,0.01195325901938249,1.0120978679687958,4598.85986328125,125.0,132.81214885110202,11.632284249323039,False,False,science_V_004.fits,67018.66808365316,256.3412185648551,261.44319847920684,-7.620111355287244,0.0041527184731346084,16.49446744813736,0.014257241479975938
121,277.9013741957217,480.2630659565952,1420995.184967041,891.7077026367188,1593.5661212359782,1410740.1727384715,5.43151238794541,0.0027483098307136133,1.0027558838534003,55392.36328125,337.0,132.7965253848958,11.633476565186022,False,True,science_V_004.fits,1403524.1415062365,857.4915325723313,1636.779009695756,-10.922671591979633,0.0006633149579562421,13.191907211444972,0.013655176697307198
122,243.58319214193065,481.0311901258846,951560.4127807617,728.748291015625,1305.7463386358177,944549.4019780364,5.192935753286551,0.004569609606536962,1.0045905867960598,55037.65625,291.0,132.80173241274397,11.633590732571882,False,True,science_V_004.fits,941426.4284224061,709.8665517700763,1326.2019827176352,-10.489087838988878,0.0008186535792799814,13.625490964435727,0.01366360338944676
123,195.75220723409433,481.47327168658745,123079.97946166992,300.0681457519531,410.1734262836821,123456.27420416928,4.907595279037722,0.0011652938463426743,1.001166653340301,7754.19775390625,153.0,132.8089897146706,11.63365629666505,False,False,science_V_004.fits,123017.66438026015,306.3475639610606,401.56240444561445,-8.279540567112148,0.00270368935931362,15.835038236312457,0.013904452526183789
124,326.04065704746597,493.1480562263683,19907.70428466797,158.5954132080078,125.52509484342885,20860.53360971169,4.373228531533016,0.026710839593884206,1.0274438889083475,1431.509765625,77.0,132.7892212367358,11.635391237739707,False,False,science_V_004.fits,20779.470252179486,210.89407405252962,98.53036575605118,-6.348708052896499,0.011018938087452725,17.765870750528105,0.017533991572837866
125,357.606356545512,493.3250985663834,2306.671112060547,80.96662902832031,28.48915830809413,3306.8026687503443,3.1397139207530396,0.04458469799735465,1.0466652542657635,198.10934448242188,27.0,132.78443180403335,11.635417330657608,False,False,science_V_004.fits,3123.489987666313,190.14276387618477,16.427077865031116,-4.291222169428847,0.06609209555834437,19.823356633995754,0.06748473130415915
126,394.9731293047267,508.8962893424231,25952.29901123047,229.80148315429688,112.93355749930114,25994.900336779654,2.731470083066823,0.05536403908957732,1.0586088624407421,23723.865234375,29.0,132.77876200555406,11.637731021787737,True,False,science_V_004.fits,25043.28337996691,268.7251140876578,93.19293980017744,-6.551350043645698,0.011650024157709132,17.563228759778905,0.017937305449159283
127,491.00005131706723,509.3655036103745,122964.01840209961,258.1868591308594,476.259786481916,123231.50072230778,2.655476371772015,0.005218703741139197,1.0052460814862176,61561.171875,25.0,132.76419181087192,11.637799319099786,True,True,science_V_004.fits,122562.268172258,293.8078495332376,417.15110187480855,-8.275513847891716,0.0026026540385978175,15.839064955532889,0.01388516013396542
128,211.09032311930778,19.4904991578241,1430295.2692260742,877.140625,1630.6339353807427,1420867.7239956614,5.398439061399895,0.0034124129059164288,1.00342409733987,56076.0078125,320.0,132.80666085393014,11.56500059499682,False,True,science_V_004.fits,1413137.7652052522,858.2364180457178,1646.5600101462662,-10.930083131018854,0.0006593746922734725,13.18449567240575,0.013654985861803144
129,238.90835519927728,16.956257889966338,1252300.6604919434,817.0882568359375,1532.6381820016682,1249242.756868044,5.226636639013633,0.025534421451926193,1.0262035129962945,56149.54296875,242.0,132.80244111323225,11.564624044557192,False,True,science_V_004.fits,1248647.8646132885,809.3023507201839,1542.8694399591684,-10.795721821022024,0.0007036888358024207,13.31885698240258,0.013657197438671888
130,227.26316730539565,16.46236873843057,188829.177734375,398.4906921386719,473.8609494764907,189809.4820320353,5.115085019231581,0.02294148873630264,1.0234801585287157,13007.666015625,153.0,132.80420757672238,11.564550627041141,False,False,science_V_004.fits,197124.77878452514,412.5631722488458,477.80507821387744,-8.791474921459523,0.002272265510568755,15.323103881965082,0.013827040697551782
131,249.43828226867268,24.603295341455585,1373094.3191833496,861.802490234375,1593.2819117405013,1361809.51532669,5.493836982413344,0.06112843857677319,1.065108414279914,55699.453125,326.0,132.80084382655969,11.565760487862145,False,True,science_V_004.fits,1354826.2917983374,841.3639928006526,1610.2736786827782,-10.884330914005115,0.0006742332153675361,13.23024788941949,0.013655711417935642
132,220.38405189969177,40.43203608600688,1527309.4221191406,920.0533447265625,1660.0226833293596,1515118.8771275347,5.548707574423404,0.032262172789981225,1.0333377200754803,55181.47265625,357.0,132.80525114003538,11.568112767776482,False,True,science_V_004.fits,1502351.674094999,894.2379550198214,1680.0356836360165,-10.996550887205563,0.000646236273773825,13.118027916219042,0.0136543577374688
133,199.344829611356,44.124634632203,1340967.9313354492,863.4682006835938,1553.00210276861,1333777.2387886993,5.858565566593482,0.18465184635821918,1.2264699386801396,55353.22265625,343.0,132.80844264703137,11.568661453851384,False,True,science_V_004.fits,1319963.6260529931,830.3410869299405,1589.66435219213,-10.856026783074217,0.0006829743640554256,13.258552020350388,0.013656145791664277
134,341.6385128361985,25.52029083720424,1358779.4396972656,857.3294677734375,1584.8976277767977,1349796.9302201401,5.346553752672881,0.004437010226387872,1.00445678502713,56602.83984375,310.0,132.78685786255693,11.565896468690223,False,True,science_V_004.fits,1344055.0623209558,838.5486923115466,1602.8348438728447,-10.87566452643867,0.0006773623646567858,13.238914276985934,0.013655866273301245
135,340.6813989385412,41.489332272069596,850147.8051452637,684.36376953125,1242.2454884301753,849961.6765221693,5.362226294766366,0.10839480553495773,1.1215726492037699,50509.00390625,241.0,132.78700293782353,11.56826965134175,False,False,science_V_004.fits,846692.766087815,674.5462186460501,1255.2034874456754,-10.37393649727549,0.000864959355880525,13.740642306149114,0.013666455962997806
136,351.8261875997153,41.85749975725361,279794.9810180664,412.5990905761719,678.1279634604821,280828.26775446255,4.9452870986942,0.05052925930636454,1.0532183427468764,18797.744140625,168.0,132.7853123541813,11.568324284859376,False,False,science_V_004.fits,302201.5454265403,427.68472776118693,706.5988701735578,-9.255363576402,0.0015365153354028516,14.859215227022604,0.013725332173654712
137,61.61720464449353,25.643236818574692,182435.70162963867,339.25787353515625,537.7493519269301,183043.13402182385,4.930000964999787,0.019468859106241188,1.0198554215101168,11577.255859375,152.0,132.82933463307697,11.565913560863772,False,False,science_V_004.fits,189246.01221347452,349.0987214522616,542.0988407697547,-8.747188716110138,0.002002771299894974,15.367390087314467,0.013785316709488979
138,49.88099984330153,30.469263248417718,1309305.0305786133,837.1898803710938,1563.9284005657703,1301458.0901583894,5.2872206276997415,0.0041334229831991864,1.004150579082171,59111.8828125,295.0,132.8311149917579,11.566630577191635,False,True,science_V_004.fits,1293665.4562448468,821.9191261578867,1573.9571146034384,-10.834176828220032,0.0006897900774593495,13.280401975204573,0.013656488357267925
139,37.10907126449895,41.14484213277105,96538.24963378906,265.51458740234375,363.5892497593784,96842.93833583186,4.853169956159296,0.011253457932325572,1.0113815396095265,6576.58203125,142.0,132.83305257341382,11.568216872947598,False,False,science_V_004.fits,68430.35242136629,274.75314535606014,249.06121577856922,-7.642743815667668,0.004359169277344467,16.471834987756935,0.014318736700204279
140,13.138498247242905,28.567106109678967,288261.86013793945,414.2989196777344,695.7823118683635,288812.8054123209,4.985822845887601,0.004076451493980282,1.0040931369682897,18578.033203125,176.0,132.8366884819033,11.566347247850414,False,False,science_V_004.fits,287238.8718501554,414.9105343450802,692.2911039208743,-9.20022990488567,0.0015682709106776137,14.914348898538934,0.01372892339371557
141,16.43261048909416,41.81074806236508,1366589.506652832,848.9144897460938,1609.8081999537696,1368381.6061179084,5.214429612333172,0.033332332327165926,1.0344816873904665,60000.78515625,239.0,132.83618904856326,11.568315461586858,False,True,science_V_004.fits,1426085.4673582837,860.6635261844158,1656.9605007900777,-10.939985759516686,0.0006552358969826455,13.174593043907919,0.013654786632603517
142,20.969902703290302,49.55485109880435,461422.31228637695,508.0229797363281,908.2705521034941,463971.01196961687,4.899291505679827,0.09067141904878906,1.099712492214796,29540.16796875,175.0,132.83550092186965,11.569466405378218,False,False,science_V_004.fits,679148.6302411065,606.2822814260772,1120.1855159673073,-10.134533946818003,0.0009692144600374268,13.980044856606602,0.01367345020727317
143,138.58701316450086,36.3921411232763,1220239.2903747559,807.5369873046875,1511.0630343354835,1216468.5820149838,5.209244114450272,0.03919159957782614,1.0407902340993331,55649.3671875,257.0,132.81765909188735,11.56751190736031,False,True,science_V_004.fits,1240800.9489840928,805.4769446217958,1540.4549531417058,-10.788877166443216,0.0007047917875078084,13.325701636981389,0.013657254312817474
144,137.92269229910806,46.96046546277511,848043.0867614746,676.44384765625,1253.6784682125258,849279.4994173751,5.101832485348034,0.02857818851859062,1.0294189281945494,54923.828125,205.0,132.81775996401683,11.569082471107714,False,True,science_V_004.fits,882603.773736902,687.1768134815319,1284.3910859932155,-10.419036324096213,0.0008453032817184587,13.695542479328392,0.01366522599664261
145,128.0165989611656,56.87799065648957,1641430.9292907715,934.7637329101562,1755.9848242941362,1633905.6289220233,5.680412928751011,0.12028139241048885,1.1367271208916088,55965.4765625,326.0,132.81926275000862,11.570556229667758,False,True,science_V_004.fits,1619978.0354035464,915.8290691445094,1768.865053515711,-11.078394689459651,0.0006137833962190135,13.036184113964953,0.013652860284889287
146,272.9701077393241,43.56288869880678,347149.90939331055,453.44647216796875,765.5807922235127,350379.41269404674,4.981718288245866,0.02937921569905233,1.0302684798988841,22910.5078125,184.0,132.7972742296841,11.568578081651633,False,False,science_V_004.fits,360052.6488378269,459.196710335634,784.0923959900733,-9.445536899764221,0.001384658243789097,14.669041903660384,0.013709162715254573
147,272.1149333878991,52.867232245449046,144913.0440979004,308.94818115234375,469.0529122307508,146556.84254933946,4.830848980031484,0.037410174919128014,1.0388640872201043,9823.109375,132.0,132.79740394050316,11.569960811268688,False,False,science_V_004.fits,180784.7854108418,347.59597230036934,520.1003458538916,-8.697526569226758,0.002087481788187464,15.417052234197847,0.013797878246935192
148,62.87431789826407,51.27478695693458,827900.9047241211,675.279296875,1226.012567770714,822160.4930362683,5.139084370555761,0.004613576097076799,1.0046349598369917,54855.33984375,267.0,132.82914433775753,11.569722711428307,False,True,science_V_004.fits,818699.8462326927,661.4461333843878,1237.7422815123173,-10.337433646093023,0.0008771615999684955,13.777145157331582,0.01366723367670621
149,47.080024027923194,59.41165416171018,1396630.6022033691,859.929443359375,1624.1223195560478,1393763.9435699517,5.289491257254591,0.03164471946195335,1.032678831930746,58487.265625,262.0,132.8315403621259,11.570931690498583,False,True,science_V_004.fits,1422624.3990717425,861.014205491425,1652.2658859731332,-10.93734750629257,0.0006570976313298126,13.177231297132035,0.013654876096044676
150,38.493206848647404,63.44633276206458,472251.72567749023,513.7219848632812,919.2748988602704,475592.4227589859,4.932352905362036,0.0917923894169903,1.1010698306723785,29574.732421875,177.0,132.8328430004579,11.57153114450794,False,False,science_V_004.fits,615172.3238687009,580.2697891079506,1060.1488056347134,-10.02711384568348,0.0010241015169092126,14.087464957741124,0.013677450340548444
151,53.05749231334117,74.65466263073691,615336.6979675293,586.9961547851562,1048.2806283334953,611919.0296954901,5.126780344599679,0.003731370635138509,1.0037453459088814,40382.32421875,234.0,132.83063386521707,11.573197066735743,False,False,science_V_004.fits,606335.8633723292,576.6960251015256,1051.3959468778817,-10.011405015327941,0.0010326271498610816,14.103173788096663,0.013678091340967981
152,54.67046966862673,89.53384661896747,576394.9069213867,570.4248046875,1010.4660635106101,573359.6595907039,5.096730352848297,0.0027087398509451077,1.002716097051267,35861.578125,235.0,132.83038942511806,11.575408303653512,False,False,science_V_004.fits,571570.2798826525,560.0597087492357,1020.5523999559314,-9.947295970443315,0.0010638356247527141,14.16728283298129,0.013680482818151048
153,155.42679515258817,57.46989005945326,552353.7728881836,563.1172485351562,980.8859066651362,549569.5789596215,5.2253405738204295,0.046933225201662765,1.0492444248847028,32529.953125,247.0,132.81510479987458,11.570644437506006,False,False,science_V_004.fits,547174.0323714892,550.1311268967878,994.6247460274078,-9.899935570485832,0.0010915674522842434,14.214643232938773,0.013682667262055281
154,148.35873770801504,72.2411138656379,129352.67178344727,296.114013671875,436.83400923667,130408.75110275476,4.876335634414753,0.031626424846845635,1.0326593224539855,8444.23046875,139.0,132.81617710743566,11.572839547353793,False,False,science_V_004.fits,136394.06327533835,315.6020742781035,432.1709975681278,-8.391610542824594,0.002512200046068222,15.72296826060001,0.013868489931232535
155,144.7239118271082,83.9199046352747,1386790.5744934082,858.8634033203125,1614.6811811193284,1382023.626375853,5.360774865525467,0.013992208335534162,1.0141907685251799,55141.0390625,267.0,132.81672859625243,11.574575113869153,False,True,science_V_004.fits,1380884.2505003056,848.7305044354438,1626.999669840827,-10.905015064919404,0.0006673019178339578,13.209563738505201,0.013655370948852979
156,135.93719305671985,88.52453699072686,168084.61688232422,322.2174072265625,521.6497095209321,172934.34686009138,4.821199692767502,0.10626244204841384,1.1188966952356387,10852.609375,120.0,132.81806154985668,11.575259333691704,False,False,science_V_004.fits,273878.62891106197,409.97726478365286,668.0336995164577,-9.148517236639046,0.0016252174116154043,14.966061566785559,0.013735544966846088
157,132.95210449661522,100.76768417186655,1410238.2272644043,869.6790161132812,1621.5617499511013,1401986.7277763453,5.4152941536270145,0.007201211753273262,1.0072534453491735,54789.37890625,310.0,132.81851449737297,11.577078772576208,False,True,science_V_004.fits,1393248.6687657943,852.139307698081,1635.001056962663,-10.914693465952647,0.0006640362679745921,13.199885337471958,0.013655211754726422
158,151.24942426438074,103.28274744680418,110121.85632324219,280.1293029785156,393.11080687509485,110730.11358284461,4.8869558579541925,0.03135166244394427,1.03236640298485,7197.8095703125,140.0,132.81573886491,11.577452701969106,False,False,science_V_004.fits,107540.4955170972,295.3235668420938,364.14464536993046,-8.133551957179703,0.0029815075240143918,15.9810268462449,0.013961133586388588
159,199.60365656396513,112.11869330305967,645748.5097045898,606.1653442382812,1065.3009378423794,641614.2211985155,5.128960076142302,0.00550458007011978,1.0055350481860519,41679.015625,261.0,132.80840368905527,11.578766125331692,False,False,science_V_004.fits,638626.8211725937,591.359981191093,1079.9290474243758,-10.06773975946587,0.0010053438256794629,14.046839043958736,0.013676058646739741
160,151.6211184493052,113.64205229663746,118566.12683105469,296.93328857421875,399.3022385613022,120365.5836907689,6.40924737349542,0.3719860275786855,1.5923212602173313,5714.96630859375,172.0,132.81568256632846,11.578992212532738,False,False,science_V_004.fits,118202.81618359154,299.41297781484866,394.7818730044692,-8.236191433390957,0.0027501262703308296,15.878387370033648,0.01391355664106043
161,164.93578168452532,117.62109381290894,437771.9643249512,503.22747802734375,869.9285779087844,436571.88160744007,5.074583297584534,0.07829978345079303,1.0849514647440823,51920.2734375,203.0,132.8136627832573,11.579583643926519,False,True,science_V_004.fits,434091.0698924855,497.2842572097208,872.9234107031369,-9.648574003137133,0.0012437517274573634,14.466004800287472,0.013695648296476738
162,165.40325118390473,132.57077797941665,864640.4434204102,692.2850952148438,1248.9658514922637,858276.6836645447,5.161215465665069,0.008439055294775843,1.0085108790738875,52617.8828125,276.0,132.8135919769463,11.581805336102876,False,True,science_V_004.fits,845689.516170489,676.4549220798447,1250.1786720249024,-10.372649240966235,0.0008684358678439956,13.74192956245837,0.013666676434224635
163,192.37082623796917,130.85606687940046,1021838.7485961914,745.1748657226562,1371.273771566667,1017608.7335418157,5.194243137298159,0.0073372155953072005,1.0073914482446398,53891.57421875,259.0,132.80950099117806,11.581550673156636,False,True,science_V_004.fits,1010043.9761045489,733.3892006455756,1377.2277737597503,-10.565472581180098,0.0007883227601750315,13.549106222244507,0.013661819669262328
164,185.50796064800278,141.25436036154477,168739.0366821289,321.299560546875,525.1766805871845,178235.93485055637,4.767173620831355,0.061067191693019884,1.0650389369215163,10732.3779296875,110.0,132.8105421442796,11.58309593911808,False,False,science_V_004.fits,245516.93275822027,408.83867966791365,600.5227610989392,-9.029825498588206,0.0018079248120640766,15.084753304836399,0.013758359496223014
165,193.77029788370822,142.65782530415535,367426.6174316406,455.8457946777344,806.0327016757876,370907.28183221305,4.936929641727794,0.06807097910466908,1.0730430940322808,23517.0546875,140.0,132.8092887500909,11.583304552247377,False,False,science_V_004.fits,420002.5847775389,499.26099035909994,841.248551134441,-9.612751781887832,0.0012905817175386648,14.501827021536773,0.013699980477025435
166,203.79300188783358,148.630200545046,1384136.1607666016,860.6840209960938,1608.1815474681428,1376646.2196720038,5.345608811650525,0.014678728460009949,1.014897403399267,57282.5703125,282.0,132.8077683239013,11.58419215800538,False,True,science_V_004.fits,1369578.6379589844,846.4978792616448,1617.9351083000884,-10.89608930770491,0.0006710405098636556,13.218489495719695,0.013655554154523027
167,131.11187543533902,150.82980409544723,560657.7903442383,577.485107421875,970.8610371741695,561890.2862332817,6.552283216784024,0.34564822585323285,1.5282299819602936,21705.951171875,247.0,132.81879415599744,11.584518540727904,False,False,science_V_004.fits,550841.3557965897,563.7440036122314,977.1125763946633,-9.907188220432383,0.0011111309241418233,14.207390582992222,0.01368424188005376
168,175.85411975221558,148.52586981415496,1058709.3340148926,754.1702270507812,1403.8068542628978,1064877.8024133248,5.158259042035893,0.05507710404902966,1.0582874055492115,53459.29296875,230.0,132.8120066837512,11.584176509422049,False,True,science_V_004.fits,1126428.060992429,774.7915673302048,1453.8465678890927,-10.683880526170865,0.0007467775651019201,13.43069827725374,0.01365948537218634
169,151.98068515827316,150.35358131871868,154144.8335571289,316.4770812988281,487.06475971187393,156531.91677550774,4.846152955717593,0.07016266939483462,1.0754569289546276,10112.73828125,136.0,132.81562832610902,11.58444795581947,False,False,science_V_004.fits,189461.18745881037,360.0094341074247,526.2672849908602,-8.7484225113988,0.0020630201248760045,15.366156292025805,0.01379419863337035
170,142.84177487397278,153.61776144803883,589177.4139709473,571.5572509765625,1030.828343029992,589581.5066147354,5.068138831526294,0.02300928034350591,1.023551175953438,38114.5625,190.0,132.8170147400678,11.584932971508644,False,False,science_V_004.fits,597173.3525494499,574.4567636106531,1039.544471190513,-9.994872924340255,0.0010443997636355362,14.11970587908435,0.01367898515122796
171,167.64815192000177,154.23231442380333,1323205.633392334,840.5802612304688,1574.1573939118944,1335012.918914894,5.301708964088689,0.038354596380044126,1.0398843443078547,52952.4375,263.0,132.81325157866507,11.585024496435471,False,True,science_V_004.fits,1373198.3960199421,847.5886896316001,1620.123549096432,-10.89895509271935,0.0006701340774939737,13.215623710705255,0.013655509642010866
172,195.9694548565664,163.81304360974696,1368335.8373413086,867.8060913085938,1576.776022945344,1342926.3168460415,6.244806103883861,0.24683800174508608,1.32773560311993,58779.80078125,398.0,132.80895523737013,11.58644846293482,False,True,science_V_004.fits,1328417.0221916037,834.1526398730765,1592.5346977187937,-10.862957953951835,0.0006817433877925532,13.25162084947277,0.013656084283132992
173,133.1458084701359,165.529247216239,455409.3835449219,506.9269104003906,898.372870331981,459488.7249314962,5.009953982976179,0.032190642256548996,1.0332613463581348,29192.98046875,174.0,132.81848575034704,11.586703060797857,False,False,science_V_004.fits,462024.99960442074,521.1557963226611,886.5391172170117,-9.716285562371192,0.0012246498534753732,14.398293241053413,0.013693926798579371
174,122.63523819847015,168.0916440217945,1084414.960571289,758.6968994140625,1429.3124980592077,1087870.8207953922,5.0840524545772805,0.08434684924231173,1.0921165936823525,52722.0078125,200.0,132.82008025753834,11.587083755806797,False,True,science_V_004.fits,1346216.5999701673,839.5133265654421,1603.567873636639,-10.877409227705536,0.0006770527258929201,13.237169575719069,0.013655850918008444
175,114.42223531399014,169.44146014989207,990673.5021057129,730.9942016601562,1355.2412588989087,993034.199901466,5.069044250709561,0.06896373451899795,1.0740720174668696,53917.859375,235.0,132.82132620762107,11.587284264874064,False,True,science_V_004.fits,1268106.7115198057,815.3319407589829,1555.325687767537,-10.812511376742346,0.0006980531528148153,13.302067426682258,0.013656908219117083
176,134.2483728081924,183.78834595620467,224159.1456298828,380.2355651855469,589.5270357482154,223517.33718256588,5.021293535431321,0.013148101675747426,1.0133232774827448,14952.6376953125,193.0,132.818318666653,11.58941657606234,False,False,science_V_004.fits,222416.67872269228,375.083347511361,592.9793476527385,-8.922540252242587,0.0018309237991131681,15.192038551182018,0.013761400577680749
177,99.70548173360726,61.228026334955686,627986.1476745605,589.8759765625,1064.6070913654553,627218.7085154545,5.0609993983465955,0.023215513027897927,1.0237672826887976,41136.11328125,212.0,132.82355742331492,11.571202377744003,False,False,science_V_004.fits,662988.5280479754,599.5106935373301,1105.8827393655033,-10.108386908293527,0.000981749656950896,14.006191895131078,0.013674344455591143
178,89.75600945887045,62.1962757939116,682763.6234741211,613.0030517578125,1113.8013448974964,687038.3173484539,5.036587828306563,0.04524992163026742,1.047394519943411,45688.66796875,216.0,132.82506671215404,11.571346144473775,False,False,science_V_004.fits,717371.9351000278,621.5098326506208,1154.2406852045663,-10.193982829738799,0.00094061837701344,13.920595973685806,0.013671452989072099
179,306.75715679694383,65.24956177509749,126125.57144165039,292.5699462890625,431.0954458631813,127407.97662740108,4.754070578403333,0.06112263163305742,1.0651018265989012,8302.9130859375,127.0,132.7921488914652,11.571800868386848,False,False,science_V_004.fits,162842.55688910326,334.51381090259946,486.8036881637697,-8.584041656241476,0.002230262478280055,15.530537147183129,0.013820200238175167
180,302.36185976748317,71.57035452216684,92557.86022949219,259.1991882324219,357.0916284911212,93654.87199101632,4.752957687815917,0.06908286285627074,1.0742094651605976,5782.8134765625,118.0,132.79281560930932,11.572740225385012,False,False,science_V_004.fits,142757.90990445207,319.10437677787354,447.3705793256008,-8.441122326277547,0.002426847115509169,15.673456477147058,0.013853283034114629
181,491.2703401176337,81.23628511360644,414522.5714416504,500.9272155761719,827.5105814821063,412139.1587003076,5.122782196244596,0.013980026854603755,1.0141782390168097,27279.53125,231.0,132.76415897081455,11.57417457485698,False,False,science_V_004.fits,408570.93872050295,488.1140896376479,837.039838419346,-9.582790555099036,0.0012970708802226432,14.531788248325569,0.013700593299910576
182,488.92576798871016,99.75903035855762,1205013.286315918,803.9586181640625,1498.849889895717,1224444.6141919068,5.092235401550529,0.06418451067913211,1.0685867154493367,58156.578125,231.0,132.76451428228611,11.576927303092464,False,True,science_V_004.fits,1477290.4037778939,879.8476393248891,1679.02979760385,-10.978286565877172,0.0006466234259507525,13.136292237547433,0.013654376066163598
183,485.93874986481086,107.2123398962363,892506.4920654297,691.11767578125,1291.3958408841543,924633.3177526436,4.856490558764618,0.0485918530574182,1.051073614634867,56734.6171875,165.0,132.76496726541006,11.578035002147738,False,True,science_V_004.fits,1499211.6321681307,885.5949720940787,1692.886341284316,-10.994279232004393,0.0006413307104695102,13.120299571420212,0.013654126445196865
184,492.5482232476519,111.58790073075099,611580.5876464844,585.8257446289062,1043.9633171701812,612915.4860073975,4.971015011984402,0.10943932912036958,1.122888122840944,36607.1171875,196.0,132.76396453922547,11.57868513662083,False,False,science_V_004.fits,923399.767258885,704.1934824544751,1311.2870116894062,-10.468096275921033,0.0008279651901693365,13.646482527503572,0.013664164455149286
185,176.95257174035646,87.8176590755466,294942.5810241699,419.85418701171875,702.4881259929834,296820.5901521435,4.981207886273884,0.03119049260746476,1.0321946599093679,19864.990234375,171.0,132.81183966467552,11.575154602939797,False,False,science_V_004.fits,311889.60727285116,430.31244328042186,724.798020933831,-9.2896241328378,0.0014979345536859806,14.824954670586806,0.013721066716125224
186,187.41051727370223,93.11253858301056,1311773.7141723633,836.2059936523438,1568.7207747015252,1308723.7338811965,5.3483394874716925,0.01856468038288539,1.0189158470373045,53538.6875,256.0,132.81025326259928,11.575941540833186,False,True,science_V_004.fits,1326690.7757944227,832.8059678497625,1593.0370662686662,-10.86154614801517,0.0006815283981703012,13.253032655409434,0.013656073552040704
187,196.45115984785602,94.05307368545219,176799.5933227539,341.2176818847656,518.1431171625561,190815.21577389335,4.692447295228344,0.1256818473092307,1.1437484134607487,13083.1572265625,126.0,132.80888183171436,11.576081359792662,False,False,science_V_004.fits,373087.32763903035,473.93826418123257,787.2065959552126,-9.48414811892983,0.0013791805170059448,14.630430684494774,0.013708610534978438
188,463.6797487536058,89.82377254663054,1433539.849395752,875.7447509765625,1636.93798655051,1444286.1665728465,5.307510365807715,0.04204242511268852,1.0438875647678179,56793.2421875,266.0,132.76834419900018,11.575451255031497,False,True,science_V_004.fits,1628090.20767895,920.7156506709824,1768.2877514816435,-11.08381803453294,0.0006139837812540945,13.030760768891666,0.013652869294945883
189,461.48416332964297,98.33197275811433,1073252.391571045,767.8189697265625,1397.7935345270957,1090467.5159286812,5.219301615253091,0.11156165682762087,1.1255705110939536,56322.4375,256.0,132.76867711943413,11.576715703692438,False,True,science_V_004.fits,1342381.3963173046,841.1901780346861,1595.8120189343817,-10.874311685946875,0.0006803432905117398,13.24026711747773,0.013656014458625085
190,297.4362237122044,97.81012940290128,943252.1953430176,719.598876953125,1310.8027618620943,940353.7969694211,5.18950370369972,0.02830562676914683,1.0291301746196506,53995.86328125,260.0,132.79356271338895,11.576639764154708,False,True,science_V_004.fits,937651.0203453489,707.0903304266053,1326.0696406067957,-10.484724950428365,0.0008187352811298772,13.62985385299624,0.013663608284849206
191,285.9011098513839,101.25591438459507,421505.6064453125,496.2349548339844,849.4073267900432,421686.37845778244,5.056493955889366,0.01871200811510343,1.0190688241065304,28287.2421875,201.0,132.79531254750648,11.577151879402765,False,False,science_V_004.fits,426656.41089154244,494.2187661979405,863.2946380685622,-9.629817563235964,0.0012576239352407221,14.484761240188641,0.013696915049153345
192,352.0399313546077,101.14811590345516,958373.4117736816,727.0848999023438,1318.1038581634728,952367.5775494665,5.174695644832549,0.0026791093252866993,1.002686306233367,53578.609375,271.0,132.7852794662084,11.57713552526437,False,True,science_V_004.fits,948384.8243512067,711.7453453893022,1332.4777330752618,-10.497083363958364,0.000814797855941865,13.617495439466241,0.013663372916204859
193,366.40278299318567,100.90399716368046,672037.8655090332,614.8709716796875,1092.9738050133979,669251.4444323832,5.113774701899704,0.003765013635480652,1.0037792425351573,43396.84375,229.0,132.7831006624892,11.577099128313055,False,False,science_V_004.fits,666411.2125220662,604.7904534079311,1101.8877840529865,-10.113977612952993,0.0009853090448163023,14.000601190471611,0.013674600462720284
194,374.5580283691785,112.0828747877814,285881.81924438477,421.5085754394531,678.2348827573254,285292.914590486,5.028251694239048,0.004261147279119526,1.004279382357609,18511.77734375,188.0,132.78186342597058,11.578760359042713,False,False,science_V_004.fits,284805.90289200767,418.067409045483,681.2439734115286,-9.190994339673264,0.0015937021718710252,14.923584463751341,0.01373185167826464
195,73.41456559080761,103.14938499731402,104670.08572387695,274.16436767578125,381.7785900159598,105041.27015494372,4.864385821370489,0.01679465706297345,1.0170815355954073,6836.466796875,143.0,132.8275462140041,11.577432005955771,False,False,science_V_004.fits,104073.04981204646,282.98991492135747,367.76239832069007,-8.097967577903043,0.002952177832637653,16.01661122552156,0.013954899421233754
196,61.99494403289215,115.50566052233316,904604.6047973633,705.103515625,1282.9387242460798,898486.3389455709,5.1560728294503395,0.0054392920349483065,1.0054690397392407,54861.796875,281.0,132.82927873399447,11.579268116394136,False,True,science_V_004.fits,896351.1837345092,689.8785256995745,1299.288425923332,-10.435817364927743,0.0008356112302227687,13.678761438496862,0.013664629889949724
197,421.59448705950393,115.40830618053704,708051.8302001953,653.60498046875,1083.302378896191,703520.8634737937,5.13803594267442,0.004380209774472177,1.0043994804216174,43728.28515625,256.0,132.77472803606227,11.579254023498104,False,False,science_V_004.fits,701098.1252297029,628.8981472708795,1114.8039285409525,-10.16906888851337,0.0009738932310912796,13.945509914911234,0.01367378264880638
198,429.889386226789,128.8215865280092,904960.6751403809,708.7046508789062,1276.9221621702156,899292.3664432319,5.176242375769445,0.00349557669090661,1.0035078386097864,53617.6875,263.0,132.7734695233496,11.58124727368761,False,True,science_V_004.fits,894478.2685824886,693.6770898900521,1289.4735628709657,-10.433546358576189,0.0008419715078010043,13.681032444848416,0.013665020304455523
199,421.0734747742176,140.88040591584448,806344.179473877,672.7908325195312,1198.5064904261587,801257.8360319664,5.148585814639128,0.0025899381686874667,1.002596663366251,53637.53125,261.0,132.7748067311687,11.58303946660933,False,True,science_V_004.fits,798001.9340791444,657.6369658864111,1213.4383793397915,-10.309631733867846,0.0008947302298042598,13.804947069556759,0.013668372473903343
200,116.23966957032387,118.10745738708471,29873.722930908203,166.5783233642578,179.337397132898,31928.298967696574,4.382805429035741,0.17723607896100646,1.2154154726877076,2105.137451171875,78.0,132.82104992243993,11.579655482908887,False,False,science_V_004.fits,79501.15585394148,261.5838790837641,303.92222996465205,-7.805555481132995,0.0035722954524460863,16.30902332229161,0.014099119075346517
201,109.58177395391316,124.09236667976512,329783.4406738281,443.08843994140625,744.2835581931193,330104.09328049934,5.050375818034505,0.009058090844305422,1.0091408898550098,21312.580078125,192.0,132.82205998661712,11.580544832038244,False,False,science_V_004.fits,332753.81609009695,441.0639887002352,754.4343329200013,-9.359929485928095,0.0014390914525295412,14.75464931749651,0.013714767519355792
202,94.29902016519098,142.78419738295315,42691.509521484375,183.69586181640625,232.4032185556371,47270.07714157869,4.373900406903392,0.16312524972977638,1.1949219398447664,3030.45458984375,76.0,132.82437860992192,11.583322460474736,False,False,science_V_004.fits,146612.47368945286,319.8853858676401,458.32813928585387,-8.470049177430601,0.002368826844652586,15.644529625994004,0.013843236779062178
203,86.37256845425915,146.91620071021794,444501.3232727051,500.37542724609375,888.3356357427425,446536.12144472124,4.991061555882273,0.050880640146010014,1.0536082628783774,29013.041015625,173.0,132.8255811140917,11.583936418849145,False,False,science_V_004.fits,508952.37186246447,532.0198808378509,956.6416410246576,-9.821314730643461,0.001134907737067674,14.293264072781144,0.01368619302336808
204,93.83058384696446,153.0137817275678,720726.388885498,625.152099609375,1152.8816576571405,722063.1821630652,5.040717127493178,0.03296449704756055,1.0340881973277272,48516.05859375,186.0,132.82444980517332,11.58484268415841,False,False,science_V_004.fits,755855.9284524379,638.43502406501,1183.9198978148029,-10.25071943342611,0.0009170383925499603,13.863859369998496,0.01366985088852997
205,92.06366278763241,166.16735150352017,1187990.368774414,803.229248046875,1479.0178167230847,1182818.2658635427,5.722228747445031,0.16326448063231835,1.1951207721595192,54258.24609375,312.0,132.82471802280784,11.586797427850646,False,True,science_V_004.fits,1169106.3724100403,783.4635555752667,1492.2281503593504,-10.724256943324884,0.0007275697082504091,13.390321860099721,0.013658448725298075
206,276.27731503223987,152.77337953318556,222070.67236328125,372.34259033203125,596.4149096273217,225508.01219194924,4.90267698650532,0.060431429987090834,1.0643182753402027,14812.46875,155.0,132.79677236292446,11.584807966098829,False,False,science_V_004.fits,263758.58740583906,404.1587122186893,652.611410893253,-9.107638394589694,0.0016636239910576538,15.006940408834911,0.013740142236703943
207,296.33675923013095,160.60856757543584,241033.72512817383,393.2262878417969,612.9644242532095,240446.7666357461,5.018954460169376,0.011851803883961565,1.0119939538730585,15231.234375,189.0,132.79372928925395,11.5859723123939,False,False,science_V_004.fits,239571.02022250972,388.8923602373863,616.0342673645521,-9.003207579884158,0.0017624019596259128,15.111371223540447,0.013752451583936818
208,280.11830344281384,161.73201068357858,575545.529083252,571.8533325195312,1006.4565446308641,574147.1224288106,5.0907763651881055,0.016321192045653188,1.0165919931523122,38099.6875,219.0,132.79618966109507,11.586139311098911,False,False,science_V_004.fits,586313.1309074364,569.8073087627814,1028.9673752702363,-9.974945925624255,0.001055135494179166,14.13963287780035,0.013679809019584658
209,469.4890530129026,167.1647582039352,20319.244995117188,158.95799255371094,127.82776549125983,21189.38801026645,4.441116517950094,0.011117427678160152,1.0112424144072607,1379.0501708984375,78.0,132.7674616089568,11.586944884670865,False,False,science_V_004.fits,24629.372158970134,215.16116353094773,114.46941332155218,-6.533255226885694,0.009484629723314793,17.58132357653891,0.01661270793367594
210,475.6084459609929,175.05306916425147,75782.31484985352,249.7371063232422,303.4483580175955,76635.28617292209,4.81920750177043,0.021218683899512647,1.0216786768918402,5033.07177734375,126.0,132.76653314058441,11.588117069859116,False,False,science_V_004.fits,76994.1083649184,268.8606194311547,286.37183283970586,-7.770765608968862,0.003791224818565558,16.34381319445574,0.01415617354817821
211,366.0830260250991,179.1554243544504,1843195.9083251953,1022.7597045898438,1802.1788500793255,1836686.438573232,7.4771068770486515,0.41938539305985223,1.7223128527027984,53004.04296875,428.0,132.78314846672367,11.588728161085605,False,True,science_V_004.fits,1753399.8722005147,953.7408279665907,1838.4448067918256,-11.16432430045099,0.0005905534917279343,12.950254502973616,0.013651835676121549
212,399.0868127705657,185.46728552887595,1421964.4484863281,877.5923461914062,1620.3017889312725,1413539.480913681,5.425966830407576,0.03076444164696457,1.0317409337511727,53711.0703125,310.0,132.77814159996072,11.58966584084623,False,True,science_V_004.fits,1406071.5701284811,858.1533721470057,1638.4851656652518,-10.92464044196803,0.0006626242475373209,13.189938361456575,0.013655143162730204
213,354.7436415718291,188.94553017836023,24005.810119628906,170.33856201171875,140.92997989484837,24976.5078436799,4.625423981753934,0.04030998012548448,1.0420031252703401,1582.5543212890625,91.0,132.78486861337666,11.590183173973738,False,False,science_V_004.fits,21544.60073343045,213.38563457558507,100.96556301122023,-6.387967999322711,0.010753171354864302,17.72661080410189,0.017368205379034045
214,376.16648605211674,197.2132037753934,367647.2190246582,474.0628356933594,775.5242371761566,365879.9912895541,5.09204756387494,0.009382917419623493,1.0094717904472057,24745.892578125,216.0,132.78161859277273,11.591411654973859,False,False,science_V_004.fits,360633.27041880036,464.02438360973525,777.1860340902014,-9.447286349812503,0.001396962827916684,14.667292453612102,0.013710410972826964
215,391.3286973534194,200.30664032510688,776575.5772094727,662.6591796875,1171.9079747385283,772463.8960995777,5.4431736214662205,0.10553091939408721,1.1179816291946063,44418.67578125,266.0,132.779318374541,11.591871219637277,False,False,science_V_004.fits,765947.113038464,645.7080838633707,1186.2126743956567,-10.265118833016317,0.0009152658907081185,13.849459970408288,0.01366973209510438
216,71.80312820071298,194.8177443736262,274901.7649536133,407.840576171875,674.0422140776946,275409.52672024554,4.989173286603764,0.009615167413810743,1.0097085164245727,18388.353515625,176.0,132.82779202124294,11.591054916790549,False,False,science_V_004.fits,278837.15434555407,409.52743931854,680.875388495441,-9.167998478848371,0.0015945649062145087,14.946580324576233,0.01373195183291013
217,82.33141082624506,195.8358611118656,144032.7520751953,311.0067138671875,463.117822391137,145872.52542557244,4.905611103640336,0.03302669926314372,1.0341547168241114,9495.681640625,150.0,132.82619484390398,11.591206368337774,False,False,science_V_004.fits,153553.7731412807,324.5172430042867,473.17600667294073,-8.520273105153457,0.002294495039243264,15.594305698271148,0.0138307111670494
218,230.51491836781113,201.11613131589473,938457.8231811523,713.269287109375,1315.7132097813799,943061.7209870062,5.049928923082288,0.04655555282863599,1.0488288048315295,58996.07421875,223.0,132.80371468218735,11.591992230036773,False,True,science_V_004.fits,1157102.826429255,780.6637900721037,1482.2037875259755,-10.713051760111991,0.0007324903695005389,13.401527043312614,0.013658711727049666
219,231.23290052429195,210.29344891970186,1303271.7245483398,834.2454833984375,1562.216098838493,1322010.8676295513,5.3712502220727085,0.06114757195855969,1.0651301207007804,55413.68359375,249.0,132.80360577804018,11.593356082747441,False,True,science_V_004.fits,1411368.1847196205,858.5764678105858,1643.8468064687145,-10.928722682228218,0.0006604630040510183,13.185856121196387,0.013655038457688545
220,241.25300550305587,222.27267880376382,779829.9022216797,660.7523193359375,1180.215156876659,774920.0386678042,5.146771411280122,0.003982865150486514,1.0039987917989868,51187.85546875,260.0,132.80208567995888,11.595136344253834,False,False,science_V_004.fits,772090.3226940016,646.2510676011026,1194.721929914974,-10.273792146748912,0.0009087470254080523,13.840786656675693,0.01366929716764622
221,256.0077915703717,224.55774050516706,38814.60678100586,196.42262268066406,197.60761897629823,39615.22108776549,4.688953209570192,0.020548332066556374,1.0209794242424555,2543.42724609375,106.0,132.79984727394884,11.595475937242984,False,False,science_V_004.fits,38905.60649610969,226.39963445449388,171.8448291219732,-7.029652348748233,0.0063179090435673485,17.08492645467637,0.015031295306260972
222,483.6151698013744,221.6643298708918,1267365.244140625,842.96728515625,1503.4572117537275,1259001.956771024,5.322812774652926,0.005157236522156938,1.0051839714892512,55410.3671875,302.0,132.7653176340125,11.595043877529417,False,True,science_V_004.fits,1252527.3514020324,813.0033060318909,1540.617783604561,-10.79908991983676,0.0007047172968883973,13.315488883587845,0.013657250468881601
223,471.1778834610462,226.4747835126846,304768.1671447754,435.3064270019531,700.1232884241517,304524.4705706332,5.053053035029401,0.013840010481470988,1.0140342445734674,19285.41796875,189.0,132.76720437341137,11.59575898302902,False,False,science_V_004.fits,305809.6649222098,432.9068479919069,706.4098577805978,-9.268249891284086,0.0015369264571293755,14.84632891214052,0.01372537820374569
224,412.287948500296,237.85811337628675,62909.0588684082,234.155517578125,268.6635767505195,63718.75575638194,4.765123252749574,0.021021548979356264,1.0214729435131489,4218.41943359375,120.0,132.77613826790892,11.597451541946867,False,False,science_V_004.fits,63503.467238268044,256.3648423696362,247.70739486464535,-7.561615469213299,0.004382993897268423,16.552963334211302,0.014326007797175222
225,400.45597452044376,242.85926263257556,170105.62200927734,336.16375732421875,506.02011163629436,172229.40928902576,4.933930766436771,0.03536275444695636,1.0366591219756214,10949.9404296875,144.0,132.77793321823313,11.598194909919279,False,False,science_V_004.fits,195566.69735445536,363.35531772994517,538.2243985756263,-8.78285912815332,0.0020171883750963915,15.331719675271286,0.013787418643163667
226,400.87377095100123,253.80019422877635,1053447.355895996,760.8630981445312,1384.5425786386165,1048320.730879854,5.192715109855253,0.015879347954065648,1.016135570289124,52601.55859375,268.0,132.7778697059493,11.599820848983937,False,True,science_V_004.fits,1045002.0977389964,746.9182481750611,1399.0849738806637,-10.602414779669473,0.0007760071906058552,13.512164023755131,0.013661114561451602
227,386.71278095725245,261.3244744752274,89227.93112182617,267.1805725097656,333.9611495089705,89810.39796427514,4.86432803852521,0.023841155782958756,1.0244234387919533,5667.939453125,138.0,132.78001798441403,11.600939196074764,False,False,science_V_004.fits,87059.2076346738,279.9706297080249,310.9583591874116,-7.904158649361776,0.003491464268196949,16.210420154062827,0.014078856013090306
228,129.5377457568189,244.13161090776663,793697.588470459,659.4129028320312,1203.6427935542436,802687.8520485347,5.066854937242656,0.0467681902216055,1.049062767043494,50365.66015625,223.0,132.81903389900336,11.598384209258453,False,False,science_V_004.fits,876209.6281609373,684.1022544152079,1280.816752913567,-10.41114192673916,0.0008476622417143432,13.703436876685444,0.013665372119970287
229,140.5206973889174,250.1509524580046,2338931.7549438477,1118.5633544921875,2091.0141080079375,2336774.690299643,7.219219698584596,0.3833664113634596,1.6217086101506961,52365.53125,392.0,132.81736774368392,11.59927885449397,False,True,science_V_004.fits,2268892.1565858303,1079.2511063026657,2102.283836760359,-11.444156508516619,0.0005164383519558781,12.670422294907986,0.013648830443397117
230,171.60532370196952,250.50653474765255,71091.84420776367,238.44322204589844,298.14998974505994,72875.13835275531,4.871868819660991,0.01632212260076904,1.0165929548440424,4297.3623046875,122.0,132.81265191785593,11.599331941294784,False,False,science_V_004.fits,73157.2837714091,260.00886697000425,281.3645727699311,-7.71526580491913,0.0038586947507700826,16.399312998505472,0.014174392018032153
231,178.40263608274984,262.47000131568484,1193439.6221313477,797.4010620117188,1496.6616913206578,1221558.5738849575,5.207290056226269,0.11516278492835907,1.1301513803519612,52460.67578125,222.0,132.81162077586137,11.60110988833905,False,True,science_V_004.fits,1619538.5708336101,917.3215783710826,1765.5079843531826,-11.078100113042728,0.0006149504899564421,13.036478690381877,0.013652912803000343
232,171.30400253891153,267.4039796470799,1495549.643951416,892.9993896484375,1674.7487862675862,1515729.4755781274,5.917078097682471,0.16971802578669648,1.2044101053109157,52152.5703125,282.0,132.8126977453353,11.601843087302157,False,True,science_V_004.fits,1751788.1264881943,953.6798453589894,1836.8723372032432,-11.163325820028989,0.0005910590398748388,12.951252983395616,0.013651857554554647
233,153.41390816756385,273.9298791064456,930913.5564880371,718.2853393554688,1296.0219365236715,924001.450291441,5.208432005165585,0.008405832865815976,1.0084770898664217,51453.61328125,288.0,132.81541191829598,11.602812777277496,False,False,science_V_004.fits,915565.7091029723,700.7575821751685,1306.5369999437382,-10.458845670476167,0.0008309753187600139,13.655733132948438,0.013664347180953114
234,137.42487857861468,280.3079279767976,429791.9344482422,503.5643615722656,853.4995072056216,427592.61916827643,5.0772056817926465,0.009116954298932556,1.0092008379177404,27249.53515625,222.0,132.81783769471102,11.603760487491602,False,False,science_V_004.fits,426243.34957340325,493.5137879924714,863.6908632427219,-9.628765914065122,0.0012570469900813196,14.485812889359483,0.013696862087226603
235,101.93425031863953,273.89022853511443,683858.1957092285,615.6475219726562,1110.7950106223311,687110.7898103076,5.025901274308033,0.050671879506138606,1.053376570663237,46913.234375,218.0,132.82322196137434,11.602806366001724,False,False,science_V_004.fits,747096.1374663373,634.7749285284631,1176.9465111015925,-10.238063101754307,0.0009224718283788548,13.876515701670298,0.013670216464101279
236,110.30157129717152,273.5156837983856,270357.205657959,400.8453674316406,674.4675818264637,279522.91277040634,4.845809355624148,0.07782871167605099,1.084397240145597,16992.107421875,149.0,132.8219525402966,11.602750803088828,False,False,science_V_004.fits,440325.5671017934,499.96612425832046,880.7108036669456,-9.664056631800875,0.0012327542656222193,14.45052217162373,0.01369465395622112
237,465.1392236748519,283.90516152899585,1684176.4584960938,965.84716796875,1743.7297683835889,1673672.9116392145,6.771113820711746,0.30210816323462575,1.4328867989556269,55842.67578125,422.0,132.76811950793677,11.60429387578967,False,True,science_V_004.fits,1579492.7743019909,910.30858377861,1735.117961587989,-11.050915982742971,0.000625721146363076,13.063662820681634,0.013653402171409108
238,497.7167383028219,284.02114704359263,505292.4491882324,549.04345703125,920.3141258078458,501946.2297018127,5.13857592215685,0.010614607550358035,1.0107284862212056,33457.0234375,245.0,132.76317710495056,11.604310528647586,False,False,science_V_004.fits,498907.21281013207,533.6538809362215,934.8891306381371,-9.799671330726868,0.0011613141755738698,14.314907472697737,0.013688408034377915
239,481.9091352464172,289.01837752085555,230036.1897277832,392.5202331542969,586.0492537651113,229504.24196833963,5.135904606283354,0.012243054808737663,1.0123948050867584,15701.912109375,196.0,132.7655752169107,11.605053466287995,False,False,science_V_004.fits,217672.19392780834,386.03383659797527,563.8681724019372,-8.899129260435583,0.0019254500486792685,15.215449542989022,0.013774295691293695
240,476.96885453606114,300.3239213203252,185997.7294921875,398.6442565917969,466.5757161093259,189847.89143033634,4.8697443879410205,0.19353004910958393,1.2399718041520447,13480.0390625,137.0,132.76632451623897,11.60673368317659,False,False,science_V_004.fits,426777.2331470331,531.9820990153856,802.2398384023259,-9.630124982796744,0.001353335932758201,14.484453820627861,0.013706034512145646
241,473.093646413081,308.2205745497691,1307341.715789795,840.8911743164062,1554.709759978852,1306549.267085498,5.360590089099036,0.016711474003332394,1.0169954937553995,55293.99609375,267.0,132.76691229794596,11.607907280878575,False,True,science_V_004.fits,1328566.3526682688,837.8560993980434,1585.673665946665,-10.863079997248526,0.0006846932148247697,13.251498806176079,0.013656231863133406
242,462.8445309109807,320.2790929842972,842616.3302307129,688.9306640625,1223.0785682581702,837041.6553043296,5.171666302260872,0.003812272945548534,1.0038268619879716,54379.2734375,266.0,132.76846702975365,11.609699483215406,False,True,science_V_004.fits,831130.1582882282,672.3631331523675,1236.1328533756503,-10.353794477423978,0.0008783036524230823,13.760784326000627,0.013667307021029884
243,446.99540860340414,325.5027577131834,345959.5985107422,463.9000244140625,745.7632686001965,344392.2899709485,5.071022975316698,0.0050772416856879055,1.0051031516198203,22341.890625,211.0,132.770871497937,11.610476028633688,False,False,science_V_004.fits,342088.30652098695,454.3637101687962,752.8953102216308,-9.389967446815696,0.0014420331555530625,14.724611356608909,0.013715076504451126
244,371.3929730435942,287.0224569634526,131159.8761291504,342.7799072265625,382.6358353100885,131777.29136612033,4.908305620601179,0.007972195978017349,1.0080362626387038,8582.4677734375,148.0,132.78234191453421,11.60475835199782,False,False,science_V_004.fits,131493.5119015833,350.91404725452014,374.71715062523623,-8.351882685480707,0.0028973853963941863,15.762696117943898,0.013943410846578084
245,366.8276522996375,298.12805605190357,218356.35723876953,377.5920715332031,578.2863934407812,218490.22766441017,4.967801333362613,0.010415947888911758,1.0105255818004457,14761.255859375,172.0,132.78303442960691,11.606408808566645,False,False,science_V_004.fits,217844.70921073013,378.0777302924813,576.1902692396224,-8.899989415791158,0.0018842734040489082,15.214589387633447,0.013768600152609526
246,35.60192755417365,313.18191922058486,395817.31231689453,488.7119445800781,809.9194560448025,395441.34885910415,5.971725180896275,0.25727337354697455,1.3463904004298493,21213.18359375,242.0,132.83328601620914,11.60864456909011,False,False,science_V_004.fits,389448.2817376599,472.9655952150473,823.4177827682923,-9.530746354176111,0.0013185287259037898,14.583832449248494,0.013702641420626407
247,49.41971571567218,314.21530468267133,320848.7731933594,441.3677978515625,726.941962588002,319721.82978113496,5.084394163596102,0.02197511034976718,1.0224688661631363,20573.779296875,203.0,132.83118967597903,11.608798374120866,False,False,science_V_004.fits,318726.5118214155,434.52552295703305,733.5046964615976,-9.313167348530566,0.0014801541220354566,14.801411454894039,0.01371913700369712
248,216.5128652351681,321.91249768370346,62457.9928894043,237.44346618652344,263.0436368391813,63163.05653169569,5.064400648046873,0.13178905407591135,1.1517938177289857,3977.58203125,138.0,132.8058392446659,11.609943877157175,False,False,science_V_004.fits,61854.07754451796,250.5354678179416,246.88750891536804,-7.533042710215398,0.00439754933236486,16.581536093209206,0.014330467683638787
249,223.10484852954147,333.49330824530364,27542.315490722656,171.9354705810547,160.189839813993,28109.535608630813,4.446691002759755,0.02495344338993788,1.0255920532417377,1908.99951171875,86.0,132.80483917077984,11.611664932586056,False,False,science_V_004.fits,26974.318748047946,213.88754027825786,126.114493218986,-6.631998086881492,0.008608844013786613,17.48258071654311,0.01612873396007705
250,414.5894949577417,323.65725512864657,857907.7499694824,692.6253662109375,1238.6317218826903,852637.3718535706,5.139095457914764,0.006483443054599691,1.0065257523986648,52965.19921875,256.0,132.7757879980992,11.610202217640879,False,True,science_V_004.fits,849468.1262000636,678.1009381235915,1252.7163412436373,-10.377489593751232,0.0008666766483800863,13.737089209673373,0.01366656475907828
251,403.7468239349257,331.73726070646416,351689.5782470703,463.7274475097656,758.3971579333011,350974.95309222606,5.062308612600716,0.008025597604594759,1.0080905289342292,23299.408203125,198.0,132.77743289972364,11.611403128493992,False,False,science_V_004.fits,350625.95652235823,458.24963767391415,765.1418085176101,-9.41673203247956,0.0014189526541536674,14.697846770945045,0.013712668979303873
252,417.9393390837327,338.01327331659974,70340.54360961914,246.3098907470703,285.57742198769495,70948.2464862323,4.850669727382648,0.003409445692521329,1.0034211097805261,4848.81103515625,128.0,132.7752795866593,11.612335638391478,False,False,science_V_004.fits,69411.44861171908,265.0146457286172,261.91551950226346,-7.6581996445162845,0.004145229736913766,16.45637915890832,0.01425506202978532
253,317.1054747450727,338.87128037461054,1418166.4729614258,879.4638061523438,1612.5353460148717,1408611.2286044466,5.474338194500216,0.0026797999490685287,1.0026870005730673,52284.2578125,336.0,132.7905777368778,11.612464046490055,False,True,science_V_004.fits,1400910.0779776156,856.5860181239619,1635.4575586533576,-10.92064752294152,0.0006638509169837277,13.193931280483085,0.01365520274258911
254,246.57974289648865,348.9448173282748,508158.4917907715,537.732666015625,945.0020872936997,515838.9900907356,5.025907987231553,0.05122343579377808,1.0539889345144537,33224.01953125,188.0,132.80127766222685,11.61396123588352,False,False,science_V_004.fits,553357.9413626926,556.6811842843878,994.0302582240728,-9.912137241500279,0.0010922202729921962,14.202441561924326,0.013682719357860418
255,273.2401662079755,354.2879528537829,1384432.4664001465,865.973388671875,1598.7009352832667,1375856.7057976434,5.441757993243269,0.004617697603459092,1.004639119655173,52475.2109375,305.0,132.79723280602394,11.61475527476978,False,True,science_V_004.fits,1366041.2435105422,846.7710399505845,1613.2356670939773,-10.893281403441723,0.0006729952865198795,13.221297399982882,0.013655650352762809
256,255.4617610173154,352.9302385015484,694599.1778259277,649.1760864257812,1069.9703706743664,701609.8145478803,5.928406357306484,0.25763040464027676,1.347037925920766,39952.8359375,253.0,132.79993010597386,11.614553516515642,False,False,science_V_004.fits,712332.3089108216,645.3835036147567,1103.734918728304,-10.186328481229246,0.0009836600995200158,13.928250322195359,0.013674481748593648
257,234.9016720115088,356.3261562148165,431671.2996520996,505.9903259277344,853.121645874611,430173.78817679046,5.071712591109479,0.0010156140619176357,1.0010166465824828,28365.3671875,216.0,132.8030494399824,11.61505817159296,False,False,science_V_004.fits,429256.5881435434,497.0149959023764,863.6692890205226,-9.636414297411456,0.0012570783907707081,14.47816450601315,0.013696864969100619
258,301.7223382011189,357.3929459204027,517269.01931762695,540.8329467773438,956.430303293971,531387.9871516088,4.938032880733782,0.08115336415535601,1.0883209025200993,33364.51953125,177.0,132.79291154286054,11.615216637908361,False,False,science_V_004.fits,759154.2542136305,643.4062999858203,1179.8986957857906,-10.255446949310647,0.0009201637427668687,13.859131854113958,0.013670060907499124
259,286.6175419049569,362.0147973386452,1430708.4809265137,879.603759765625,1626.5374778613195,1422051.8751876038,5.495312725188444,0.017273580897450902,1.0175772021202254,52143.65625,306.0,132.7952032007548,11.61590354320691,False,True,science_V_004.fits,1410967.4632777898,859.9421899580293,1640.7701351955461,-10.928414371782825,0.0006617014636670036,13.18616443164178,0.013655098415180027
260,309.0479520759204,358.61184942327253,527190.2831420898,546.5902709960938,964.5072572941158,536142.3108720111,4.899544420945626,0.0967399136210052,1.1071008395918587,34318.46875,183.0,132.79180010995643,11.615397751253376,False,False,science_V_004.fits,763639.3314736364,644.8262724993123,1184.2559213876493,-10.261842595955184,0.0009167781899100268,13.852736207469421,0.013669833435368836
261,467.6707704956963,346.314296565686,885736.5886535645,696.3297729492188,1272.0073491933808,891655.300482929,4.9818471554609065,0.0961498905563749,1.106378136763806,54817.546875,208.0,132.7677343696823,11.613568522613102,False,True,science_V_004.fits,1300614.086835772,828.0601397009424,1570.6758778480687,-10.839993007796771,0.0006912310905846991,13.274585795627834,0.013656561218763087
262,464.9232721937405,352.21404158948184,595715.4005432129,577.6328735351562,1031.3045324054883,627772.6628697609,4.778181370635848,0.16962293006229034,1.2042721748988259,41757.203125,177.0,132.76815111203643,11.614445336078022,False,False,science_V_004.fits,1183842.085845547,791.9422096814551,1494.859184638898,-10.737856311976559,0.0007262891455975264,13.376722491448046,0.013658380571072319
263,18.26971417434289,381.9604849338822,964744.5088195801,725.3947143554688,1329.9580073129973,960398.985445634,5.130816857645856,0.007612482322380099,1.0076708767359295,56714.55078125,254.0,132.83591687765443,11.618865512532928,False,True,science_V_004.fits,960043.7092974404,713.7738586181073,1345.0250351786779,-10.51034938964646,0.00080719687113911,13.604229413778144,0.013662921747928216
264,12.109512100737636,393.6723493474883,796682.6140441895,662.9451904296875,1201.7322480729065,793077.8126328903,5.095935308422027,0.008639597721058823,1.008714890872379,52932.8671875,238.0,132.836851732948,11.620605908066738,False,True,science_V_004.fits,794030.3812634872,653.274915128125,1215.461305609379,-10.304214673441942,0.0008932411052408433,13.810364129982663,0.013668275076736089
265,368.97152269538446,397.0365662324947,1122740.9358215332,781.9652099609375,1435.7939733375335,1121063.1435785554,5.186534883542746,0.029013426658729857,1.0298803582410945,53349.53515625,252.0,132.7827082655078,11.621107691403232,False,True,science_V_004.fits,1138063.3078610566,776.8072331054194,1465.052408576906,-10.69503792789235,0.0007410656394569572,13.419540875532254,0.013659174286288931
266,361.3063375454264,404.3074955533849,715684.9435119629,633.0343017578125,1130.5626591239143,715791.8257579599,5.013939386947437,0.0376285252674633,1.0390997928091343,53601.8671875,216.0,132.7838711741961,11.622188299015274,False,True,science_V_004.fits,751550.022103139,640.5971729719719,1173.2022147653493,-10.244516603814544,0.00092541591409896,13.87006219961006,0.013670415447794577
267,253.59377488920978,422.0907546418373,465420.4686279297,515.8701782226562,902.2046403834729,474284.4481555682,5.034206376883725,0.20606002722166228,1.2595410664367603,35342.60546875,176.0,132.8002135203062,11.6248315363526,False,False,science_V_004.fits,772658.9185501204,647.8644386084158,1192.6243709405594,-10.274591428753086,0.0009103453077550027,13.83998737467152,0.01366940351590312
268,254.112608865281,431.5423216691045,1171603.7097167969,807.2073974609375,1451.428360793105,1191831.6595467702,7.243046212146664,0.4240731192699164,1.7363315265513095,51405.28125,298.0,132.80013480181063,11.626236143998424,False,False,science_V_004.fits,1170156.5366580684,792.3646911449314,1476.7903589535833,-10.72523178152473,0.0007351754386921241,13.389347021899875,0.01365885598528988
269,264.02253809006993,428.0881829149484,81457.84368896484,256.67413330078125,317.3589899435219,85024.63709757081,4.633079719490185,0.08305954051883457,1.0905833521249924,6250.32177734375,99.0,132.79863123016696,11.625722817509095,False,False,science_V_004.fits,188704.80883847343,366.9656634424211,514.23015185747,-8.74407929304626,0.002111311435314134,15.370499510378345,0.013801503536865874
270,248.20287737832604,453.55108649646945,501997.4252624512,545.83544921875,919.6863743110788,498773.10511962,5.126907656150384,0.006509725420892898,1.0065523796130271,31931.009765625,247.0,132.80103146203226,11.629506888417405,False,False,science_V_004.fits,496056.63301303156,530.7452718844755,934.6416431591039,-9.793450026965049,0.0011616216845745462,14.321128776459556,0.013688434126637963
271,288.4846377002102,425.13328062151004,404748.39041137695,482.6173095703125,838.6528671583197,409153.59855933586,4.772353510693828,0.1572680272285676,1.1866168987410926,27176.095703125,158.0,132.79491975725043,11.625283645054019,False,False,science_V_004.fits,836494.1368486041,672.1370172272748,1244.5291888539953,-10.36077912717568,0.0008723780926341708,13.753799676248924,0.013666927505395682
272,293.8808717688283,429.4139367246478,736150.8694152832,637.29150390625,1155.1242483276164,751582.4040480922,4.9382760283754665,0.0695149417107338,1.0747082836972577,47378.80859375,196.0,132.79410100835545,11.625919782499833,False,False,science_V_004.fits,982364.2970662175,724.2800609866583,1356.3321013255304,-10.535303299380292,0.0008004676722898144,13.579275504044313,0.01366252584245
273,328.4300152128135,428.42393012413487,483690.3219909668,525.6477661132812,920.1795445026731,485662.5271443434,4.907461188474671,0.07289192552440604,1.0786229001032446,28873.857421875,175.0,132.78885908583965,11.625772502689447,False,False,science_V_004.fits,694006.3202518479,617.8572095122845,1123.2471023518085,-10.158030437922996,0.0009665727138105285,13.95654836550161,0.013673263206430135
274,349.7550308699935,434.571355826947,838939.7532348633,688.4496459960938,1218.5927585466773,833264.9268828651,5.133786930478006,0.005700353537388403,1.0057330338572164,53467.90234375,274.0,132.78562352750936,11.626685936018871,False,True,science_V_004.fits,830790.7558771943,670.9971259221265,1238.143538596338,-10.353351012891313,0.0008768773297729596,13.761227790533292,0.013667215435219524
275,330.1354584704178,436.7234394661066,929722.6772460938,715.7152709960938,1299.0119324297161,930220.2499942564,5.0984839511305164,0.059813733999162344,1.0636190254656508,53744.3515625,240.0,132.78860027921735,11.627005891661648,False,True,science_V_004.fits,1033308.7830276696,742.4570732239177,1391.7421225995026,-10.59019717620902,0.0007801014156071704,13.524381627215584,0.01366134774170782
276,123.89547649329053,440.74028255367904,169465.40133666992,332.7558288574219,509.2785359119341,173061.17263498355,4.9036745148124155,0.05013605601069682,1.0527823551235476,11041.927734375,145.0,132.81989196341488,11.627602381247083,False,False,science_V_004.fits,233278.0905119169,384.71538222861597,606.3653840939796,-8.974306753423532,0.0017905045843311681,15.140272050001073,0.01375608122132695
277,119.19693685388637,446.0555500337127,113623.88851928711,278.5032958984375,407.98040882332185,116862.54779247037,4.615264156310878,0.14937229229460758,1.175602429760425,7570.02880859375,116.0,132.82060490639037,11.62839223907856,False,False,science_V_004.fits,201955.70873072348,363.700970766527,555.2795427108339,-8.817762209006831,0.0019552314041675163,15.296816594417773,0.013778490256376999
278,12.349510509372841,451.58706659951156,987500.1512756348,728.4080810546875,1355.6963149637204,1009821.780306289,4.958673198417709,0.083664168050265,1.0913029537132128,59962.65625,211.0,132.83681645549174,11.629212679746082,False,True,science_V_004.fits,1357037.407083728,841.8986670999124,1611.8773673301012,-10.886101422199328,0.0006735624074171,13.228477381225277,0.013655678314090388
279,15.90031200571027,459.0234662177466,1366789.6056518555,845.1837158203125,1617.1508987549369,1374233.7350108596,5.040861181257614,0.12338202013675093,1.1407477635309264,60219.9296875,177.0,132.83627785178214,11.630317878685803,False,True,science_V_004.fits,1867697.7173451432,982.1206324894472,1901.6988907064951,-11.232888344043655,0.0005709105712296306,12.88169045938095,0.013651000065254368
280,20.71425058694868,466.1787088634894,1101626.8266601562,767.9012451171875,1434.5944008621052,1110393.7831901747,5.089174421156179,0.06659086888175458,1.0713415657311787,60001.83984375,222.0,132.83554758677099,11.63138131713032,False,True,science_V_004.fits,1381814.2538140095,849.927837876948,1625.8018530910474,-10.905746044651572,0.000667793555491291,13.208832758773033,0.013655394982716125
281,24.200624511917354,482.0208963874688,1486178.1104431152,893.2926635742188,1663.707954900983,1476328.0082891183,5.375197227735083,0.002091348127388093,1.0020957310305543,60459.83984375,313.0,132.83501890600346,11.6337357053467,False,True,science_V_004.fits,1469811.8085241308,874.7957170647129,1680.1771886308877,-10.972776204531083,0.0006461818475732882,13.141802598893522,0.013654355161682527
282,92.59813868172802,464.9211666343031,523217.389251709,550.3680419921875,950.6681880688416,520363.81185122015,5.101012835213499,0.003755097471513036,1.0037692513778316,34072.4765625,233.0,132.82464086068933,11.63119556371574,False,False,science_V_004.fits,518541.32181860105,538.837074702694,962.3341565810198,-9.8415803000712,0.0011281943933667226,14.272998503353405,0.01368563796432074
283,105.56655067961057,472.5042995653934,277336.75021362305,414.5185546875,669.0575055746383,280124.18956315564,5.089126622385811,0.030357160262911576,1.0313075691572606,16674.677734375,186.0,132.82267329818401,11.632322661522462,False,False,science_V_004.fits,276554.061822902,416.3955345922303,664.1619298192693,-9.159071977666747,0.0016346917088358845,14.955506825757858,0.013736669206331271
284,116.88142126071641,476.23184195476887,894620.5765686035,704.22509765625,1270.36167774482,888748.3268243485,5.1906227597791235,0.007188883880910213,1.0072409381444194,56042.046875,271.0,132.8209565650911,11.632876744609884,False,True,science_V_004.fits,878020.6866144474,689.0591368081655,1274.231252025164,-10.413383744605316,0.000852043142305977,13.70119505881929,0.013665644566488024
285,131.48276869554942,489.0962864467569,1500836.3204345703,901.6630249023438,1664.5202020978081,1489428.7854327247,5.459324723720687,0.0022536491943385695,1.0022587396010207,57288.34765625,346.0,132.81874126609117,11.634788694806405,False,True,science_V_004.fits,1480165.8125310692,878.7394958217302,1684.4193524577279,-10.980397796706756,0.0006445544563566434,13.13418100671785,0.013654278243409361
286,105.3492246504259,491.5152068296938,1321672.6946105957,881.24951171875,1499.77126459096,1313238.3925360728,5.55163016732588,0.10272421957012612,1.1144845562653125,57134.359375,331.0,132.8227065023296,11.635147889793531,False,True,science_V_004.fits,1303840.3724702888,856.1029929978558,1522.994760133439,-10.84268293535494,0.0007128717894635929,13.271895868069665,0.013657673670484517
287,400.05853584691596,481.6027473080339,41963.91326904297,202.2825927734375,207.45192502077427,43512.13096923093,4.671177104768342,0.06025702722593229,1.0641207531970758,2747.65087890625,98.0,132.77799071550626,11.6336748425191,False,False,science_V_004.fits,54769.57135967393,250.88938156178253,218.30167151249762,-7.400970229153763,0.004973392977148342,16.71360857427084,0.014517523948882656
288,410.1689616300551,488.172900119598,1263382.7901000977,832.439697265625,1517.6868597809819,1254821.6999731238,5.297476782192477,0.002532362631036733,1.0025387917724493,57449.87109375,300.0,132.77645659818785,11.634651119353576,False,True,science_V_004.fits,1249679.8397729157,812.6424914906567,1537.7978051339492,-10.796618783302014,0.0007060095913620001,13.317960020122591,0.01365731721255416
