id,x,y,flux,flux_err,snr,kron_flux,fwhm,ellipticity,elongation,peak,area,ra,dec,flag_edge,flag_saturated,frame,flux_aper,flux_aper_err,snr_aper,mag_inst,mag_inst_err,mag_calib,mag_calib_err
1,483.99944241778815,1.2198681269604106,33229.663146972656,142.71237182617188,232.8436050901559,33162.86201099735,2.469765432806754,0.1483398356090052,1.174177262024554,33285.33984375,20.0,132.7652633687562,11.562283452790593,True,False,science_V_005.fits,31890.741318031498,193.51145370693214,164.80027774650054,-6.813783410984008,0.0065879743338178596,17.300277325052296,0.016611178867770512
2,380.9405173196714,15.737516989919902,71613.5807800293,240.54119873046875,297.71856612502273,72132.19795266163,4.7071872118874625,0.01241519014486725,1.0125712647875664,4997.76806640625,121.0,132.78089614850288,11.564442378041468,False,False,science_V_005.fits,73095.24942169583,259.7328472350369,281.4247416136421,-7.714344754979125,0.0038578697586245585,16.39971598105718,0.01572936796659461
3,177.82085295433453,23.136451562754317,1081934.2336730957,767.2472534179688,1410.1506767906235,1075119.666382116,5.179801813664378,0.0009274683607963796,1.0009283293569033,56248.234375,285.0,132.8117075011907,11.565542332097381,False,True,science_V_005.fits,1074058.7526643886,751.811162516019,1428.6283660246977,-10.632191970513158,0.0007599597108806328,13.481868765523148,0.015267855000496454
4,479.81041612735737,18.48779404506497,13332.766723632812,139.3718719482422,95.66325354791914,14327.433556611886,4.24263543687472,0.031099428114158667,1.0320976465661773,897.7789306640625,68.0,132.765898485297,11.564849731911812,False,False,science_V_005.fits,13788.82458977674,198.77636321645713,69.36853238813625,-5.903439991269734,0.015651188840571203,18.21062074476657,0.021851534721324346
5,271.6868663875529,21.969420150359095,275297.0955505371,413.7872314453125,665.3107554550563,274776.6263474286,5.091562203496173,0.046125228095232895,1.0483556431659542,17709.771484375,193.0,132.7974688717284,11.565369122278664,False,False,science_V_005.fits,274266.3085889015,408.80619722501393,670.8956724497516,-9.150053027279318,0.0016182843988777052,14.964007708756988,0.015334559072554835
6,499.62212927815176,25.304655717078873,800646.1347961426,673.1735229492188,1189.360703446056,794393.6521284973,5.205967119928742,0.022160354917549863,1.0226625654103862,50854.71484375,281.0,132.76289310028451,11.565862425926882,False,False,science_V_005.fits,791087.638003113,654.5514821918688,1208.5949837803917,-10.30018336910893,0.0008983158250450572,13.813877366927375,0.015275366734568084
7,428.64667013982955,38.70341311500589,732444.2359619141,657.5331420898438,1113.9274799654656,727780.5271411883,5.121695507124644,0.0030321865916154156,1.0030414087103265,46776.4609375,259.0,132.77365926119222,11.567854800186922,False,False,science_V_005.fits,726513.0612806232,631.5373287525159,1150.388153168577,-10.207730440209994,0.0009437684115657808,13.906330295826312,0.015278107093769575
8,1.3388852374263995,43.64501725238715,180312.37629699707,308.4618835449219,584.553184415532,180202.20336534642,2.908567889633464,0.26645486851352773,1.3632426378095885,45954.28515625,32.0,132.83847864513754,11.56858782827932,True,False,science_V_005.fits,149056.45790827443,328.6023382193055,453.6074171474575,-8.487998865773847,0.002393479380975518,15.62606187026246,0.015435627654915032
9,293.88508385523386,48.33180389784981,46609.28601074219,203.533203125,229.0008966356073,47176.57419437038,4.586391702415534,0.013709611846452363,1.01390017788992,3208.2490234375,103.0,132.7941015208367,11.569286815469043,False,False,science_V_005.fits,46614.81850868813,232.10893612858763,200.83164089323844,-7.2259318682085105,0.005406020660744167,16.888128867827792,0.016178841643900703
10,450.24329639061233,52.49793305668441,1100089.950744629,777.8583984375,1414.2547704754516,1092196.3778287922,5.217128929163755,0.0013805434364111413,1.0013824519714065,57936.51171875,294.0,132.77038300309104,11.569904503961155,False,True,science_V_005.fits,1088844.276183076,759.5337950436696,1433.569227976844,-10.647036305224871,0.0007573404749571934,13.467024430811435,0.015267724851759387
11,254.45963624381676,51.00757097257324,54925.185943603516,214.7949676513672,255.70983596204337,55646.89025731984,4.62608423122502,0.023385605992592096,1.0239455880807085,3633.941650390625,108.0,132.80008208746034,11.569684523719461,False,False,science_V_005.fits,54747.97937117845,240.06045182536374,228.0591365836712,-7.40054211139931,0.004760607341866676,16.713518624636993,0.015974768850204303
12,487.86541264927615,58.37937136524176,44456.72918701172,205.05508422851562,216.80383763354365,45283.71324676057,4.643193572783362,0.008606259723583642,1.0086809704095812,2969.217041015625,105.0,132.76467586798006,11.57077791514509,False,False,science_V_005.fits,44513.20399758113,234.90534498796882,189.49421521192278,-7.17584401231909,0.005729462499875241,16.938216723717215,0.016289769737215423
13,338.47812211404766,75.93205203315077,29631.13165283203,176.60894775390625,167.77820166915438,30354.96142486499,4.513052280421522,0.03014919917278791,1.0310864301468565,1954.4925537109375,91.0,132.7873368808254,11.573388302599385,False,False,science_V_005.fits,30792.779137386533,214.90059227186086,143.28847962611476,-6.775744091554147,0.007577022261893886,17.33831664448216,0.0170276576166911
14,205.99036952912027,79.00926044654155,142428.68084716797,311.28094482421875,457.5566966606255,142691.31046561647,4.867707839408982,0.0021142579702236874,1.0021187375279288,9869.3427734375,151.0,132.80743465978068,11.573845790099199,False,False,science_V_005.fits,142575.6468315666,317.2682575152426,449.385160520563,-8.439735250420078,0.002415967627285104,15.674325485616228,0.015439130711607841
15,13.336604319312247,83.16880051941489,240590.2644958496,384.5674743652344,625.6126181574949,240364.48596604634,4.941148777018125,0.0035846126642173903,1.0035975083381659,16096.171875,176.0,132.83665945116655,11.574461733420021,False,False,science_V_005.fits,241420.92921451313,383.61809352770507,629.3262317072581,-9.011559166948485,0.0017251783658448106,15.10250156908782,0.015346207933818757
16,387.4952777769742,80.37989315969999,16139.181915283203,144.65614318847656,111.56928119018774,16875.31436409497,4.243794691551535,0.02976852026820187,1.030681874264099,1049.448974609375,70.0,132.7799011625877,11.574048883201545,False,False,science_V_005.fits,16961.08032765543,200.13454509997499,84.74838923576492,-6.128255651477796,0.012810862953154756,17.985805084558507,0.019916025385566662
17,241.0990796056469,93.17260486064424,26117.714569091797,233.40122985839844,111.90050105964345,26909.371678959476,4.533936052095606,0.029781675588386958,1.0306958494176535,1823.2781982421875,91.0,132.802108841312,11.575950707222017,False,False,science_V_005.fits,26417.728110544616,262.5728483470858,100.61104290426842,-6.6093605393833705,0.01079106198146704,17.504700196652934,0.01868092278882085
18,27.471875225198996,101.9633084646526,164122.982421875,327.3454284667969,501.37551390464046,164270.3684596279,4.888049959453221,0.004397331834165019,1.0044167537661044,10598.130859375,159.0,132.83451553517315,11.577255066911553,False,False,science_V_005.fits,165161.8744584799,330.64658389038783,499.511812628412,-8.59939638187673,0.002173522172152623,15.514664354159576,0.015403053469583941
19,322.475944073194,105.16333516129535,440236.08532714844,510.664794921875,862.0842668320199,438064.5827582829,5.073392118500572,0.0035927815601065616,1.0036057361825739,28009.2890625,226.0,132.78976417635235,11.577732490542463,False,False,science_V_005.fits,436203.203087011,499.7224235060947,872.8909942174948,-9.653843999854532,0.0012437979165695007,14.460216736181774,0.015299571589142143
20,249.40918002855358,108.77862798753961,1457516.5895080566,890.1782836914062,1637.3311012081786,1447360.2278815727,5.7701151490539955,0.14491300698236653,1.169471653955305,53459.66015625,366.0,132.80084823375964,11.578269941682734,False,True,science_V_005.fits,1437330.6630004195,865.3936780997308,1660.8980390942686,-10.948513600564265,0.0006536825105724496,13.16554713547204,0.01526293413399439
21,339.03695331455344,122.99106063602682,1580901.325592041,926.2467041015625,1706.7821333037596,1573047.1424671225,6.149737546904253,0.228047317578441,1.2954161864728202,53423.359375,371.0,132.78725178939132,11.580381789140851,False,True,science_V_005.fits,1549809.6691057696,898.2317111619607,1725.4007511056604,-11.030317789252788,0.0006292451184481452,13.083742946783518,0.015261907055578396
22,308.74888160512944,115.44510770837233,7077.781341552734,111.03694915771484,63.7425775405589,7753.137310726437,3.8329296324723807,0.017432137639581846,1.0177414083111824,532.538818359375,49.0,132.79184649468831,11.579260541657497,False,False,science_V_005.fits,6237.584340216694,186.51334225479366,33.443099913439994,-5.042162951278055,0.03246409581677812,19.07189778475825,0.03586707926155925
23,274.40493085024025,127.618755313175,585132.4528808594,579.9359130859375,1008.9605414627113,581807.6885834669,5.100642878300154,0.000439068608029336,1.0004392614739532,36406.65625,247.0,132.7970564004549,11.581069779947134,False,False,science_V_005.fits,580899.3314338111,566.5609838717028,1025.3076861454958,-9.964874065641284,0.0010589016493980855,14.149186670395022,0.015285651123099755
24,365.7614831691158,135.3511030969148,150535.48162841797,323.7722473144531,464.94251090710486,150697.46834363355,4.912405260368347,0.005670959713928614,1.0057033029149958,9936.177734375,160.0,132.78319759243146,11.582218422912705,False,False,science_V_005.fits,150054.48635150367,327.33362501630455,458.4145192661751,-8.495244335431988,0.0023683804817918436,15.618816400604318,0.015431755689504528
25,497.4752706871649,138.73973728497734,201766.65115356445,367.27197265625,549.3657729837417,201100.7678420619,4.7988081754091905,0.018655725111547783,1.019010377488235,35688.83203125,177.0,132.7632165384113,11.582720173694051,False,False,science_V_005.fits,200168.96425708928,365.74887392166175,547.2852509723998,-8.808113729017634,0.0019837918125346177,15.305947007018672,0.01537742785739872
26,461.6634646169023,139.50941073118437,52327.87841796875,219.9541015625,237.90362646681436,53047.30625232198,4.73700808518057,0.005003834267102936,1.0050289985423384,3248.455322265625,116.0,132.7686491873217,11.582835191049371,False,False,science_V_005.fits,52880.62187261076,243.99562711594703,216.72774425371904,-7.362863258495783,0.005009510913051316,16.751197477540522,0.016050702699321392
27,352.08693456168015,139.47137729485993,15195.785247802734,144.97332763671875,104.81779990510445,15956.617620322448,4.297019145506949,0.017194179545325095,1.0174949915715503,1063.064208984375,73.0,132.7852719900979,11.582830853628952,False,False,science_V_005.fits,14756.390199577263,199.27019342847237,74.05216979866103,-5.977072200661391,0.014661285455266041,18.136988535374915,0.021153797501981018
28,399.9400960802084,146.44545131758625,118059.47729492188,294.5373840332031,400.83019574049405,118388.05473979212,4.861035142580855,0.005168240690287318,1.0051950901666764,7805.22216796875,147.0,132.7780125648137,11.58386682085598,False,False,science_V_005.fits,118293.16806373314,302.77551018212193,390.69595817897834,-8.237021031513077,0.00277888720697397,15.877039704523229,0.01550006682769808
29,28.310211197602055,149.7131936514,138545.46408081055,305.3490295410156,453.7281952035829,138738.81962593464,4.836851425812573,0.008488611089985554,1.0085612845045755,9240.380859375,149.0,132.83438923604942,11.584351243355052,False,False,science_V_005.fits,139963.54948469685,311.55313099554184,449.2445607510189,-8.419659243257808,0.0024167237510566513,15.694401492778498,0.015439249050486365
30,329.332656347946,162.17498426911584,472604.8282775879,527.5179443359375,895.9028471960767,470127.2238610415,5.079448912848141,0.003830975372028478,1.0038457081853747,30796.638671875,229.0,132.78872368703878,11.586205015652313,False,False,science_V_005.fits,469809.688976079,516.0611589730531,910.375990921283,-9.734426796723488,0.0011925841749201806,14.379633939312818,0.015295493276396576
31,498.8525440676244,165.01953015682489,69722.34448242188,341.1735534667969,204.36034321519378,70442.23295269957,4.846016572316262,0.015103640831466314,1.0153352590766171,4755.0654296875,130.0,132.76300708806647,11.586625615359313,False,False,science_V_005.fits,69208.55036148116,353.45524729396897,195.80569503872823,-7.655021255609659,0.005544782544681657,16.459039480426643,0.01622573483765309
32,452.0485510142887,168.8875480446199,255622.8829345703,404.8212585449219,631.4462927499757,255103.63912275503,4.999586165145858,0.001705359361248937,1.0017082725798847,17640.025390625,187.0,132.77010730576538,11.58720126111495,False,False,science_V_005.fits,254488.02269224808,400.8278933226477,634.9059706964982,-9.068790242480501,0.0017100169948141711,15.045270493555805,0.015344510929859449
33,42.18814570539765,174.8314350456836,182264.61114501953,343.8567810058594,530.059667899682,182200.9056267998,4.913020131953489,0.007062560150240649,1.0071127946905791,12555.35546875,167.0,132.83228436860475,11.588084333275777,False,False,science_V_005.fits,183283.64214664686,345.02897020340356,531.212327007197,-8.712431140068158,0.0020438155231011623,15.401629595968148,0.015385286459682578
34,17.41960981335629,194.159432096454,246736.23791503906,389.2579650878906,633.8630421071241,246538.13121000386,4.930315361203185,0.004196817255782248,1.0042145047620923,16107.3623046875,173.0,132.83604220602552,11.590956246859799,False,False,science_V_005.fits,247810.35019192612,388.94472341714817,637.1351384195187,-9.039920477580951,0.001704034096586156,15.074140258455355,0.015343845337996308
35,427.44333967865475,195.3900894861928,391296.90103149414,486.0313720703125,805.0856868862501,389823.3679073784,5.038105353121442,0.0015763551939075304,1.0015788440128677,24153.634765625,210.0,132.7738396149465,11.591140191958662,False,False,science_V_005.fits,389716.36437913275,477.49628327498493,816.1662782089119,-9.531493480069592,0.0013302436390567173,14.582567255966714,0.015306841793566485
36,264.4664759660398,197.2672482361063,113370.95599365234,288.6706237792969,392.7346486088245,113744.46384298276,4.868838690708097,0.0040414814038182145,1.004057881255451,7300.12158203125,148.0,132.7985640054061,11.591420330572408,False,False,science_V_005.fits,114303.94511574395,296.4418570572302,385.5863886781574,-8.199774924054257,0.002815711425193009,15.91428581198205,0.015506711075659638
37,186.13454054072983,203.3778520291541,613113.7781066895,591.724609375,1036.1471677750253,609500.0484578846,5.106259401395222,0.0018916261322829975,1.0018952111632455,39990.87890625,251.0,132.81044739194047,11.5923282502234,False,False,science_V_005.fits,608886.6695801722,578.0814370583356,1053.2887419436856,-10.015963039300594,0.0010307714843666746,14.098097696735712,0.015283728190693732
38,351.88131819558566,203.50988482751822,311171.8069152832,439.0416564941406,708.7523525673379,310177.9320254056,5.0126764244561155,0.0017864028086237438,1.0017895997546518,19844.4296875,198.0,132.78530268109876,11.592347688181224,False,False,science_V_005.fits,309249.9896044852,432.76763871767355,714.586678710124,-9.280396108296497,0.0015193398258693544,14.83366462773981,0.015324433139940138
39,42.3573233774418,205.18559556586092,304397.57440185547,430.3797302246094,707.2767442904304,303356.44736937655,5.016816688352815,0.0032806770419383513,1.00329147530942,20088.1171875,202.0,132.83225922513026,11.592595300796539,False,False,science_V_005.fits,303510.76112405816,423.92230460166206,715.9584617970304,-9.260057108565341,0.0015164287565998334,14.854003627470965,0.015324144795970369
40,302.4902324507783,220.1141428255848,483352.252532959,532.4437255859375,907.7996965802256,481018.8942474355,5.059763306985091,0.0036891602412514324,1.0037028205395666,30925.63671875,227.0,132.79279552072506,11.594815547271704,False,False,science_V_005.fits,480022.00396921445,521.5052376743083,920.4548090636798,-9.757774738226633,0.0011795255881213915,14.356285997809673,0.015294480643913866
41,328.7676152335464,216.19009349366502,16082.180786132812,145.21630859375,110.74638201363133,16577.72193268722,4.230360325362841,0.02039640209060889,1.020821077152164,1150.92529296875,70.0,132.78880908321779,11.594232263957363,False,False,science_V_005.fits,15793.626945455115,200.96343696717477,78.58955431795702,-6.0508265628232625,0.013814813042551218,18.063234173213043,0.020576173525577248
42,280.06177026969146,227.02534282644433,399263.83114624023,498.42852783203125,801.0453030906585,399328.5200392174,6.952201256567897,0.40560019250622814,1.68236932009854,15491.779296875,267.0,132.79619805977782,11.595842692720469,False,False,science_V_005.fits,389300.34572272655,475.4934746137762,818.7291025159477,-9.530333847537463,0.0013260796479124207,14.583726888498843,0.015306480483332226
43,360.40185285277084,226.6788658018913,12702.627502441406,135.3203582763672,93.87077941737786,13261.307971449309,4.1103609157020085,0.016033715303542362,1.0162949844450093,881.1014404296875,63.0,132.78400987124448,11.595790787874119,False,False,science_V_005.fits,12509.653823527335,198.11156261405392,63.14449120719775,-5.7977351033879465,0.017193898933122495,18.316325632648358,0.02298173226883591
44,42.78852512390894,233.7575384071366,1139163.4598083496,786.341796875,1448.6874083706318,1131566.5658128883,5.23125581432221,0.0015453355913088718,1.0015477273494677,55172.45703125,296.0,132.83219429911358,11.596841415503352,False,True,science_V_005.fits,1129208.6431001672,769.8417649064163,1466.8061601430993,-10.686557358116742,0.0007401796021187154,13.427503377919564,0.015266883224725846
45,317.832931177466,232.3353284590252,54002.861877441406,218.3602294921875,247.3108862498861,54680.26980138429,4.665497892934098,0.01064373055237089,1.0107582383425067,3663.290283203125,111.0,132.7904678650756,11.596631684278591,False,False,science_V_005.fits,53332.64533922891,243.833747290759,218.72544687439233,-7.372104687914187,0.004963757146298053,16.741956048122116,0.016036481614164867
46,203.8714617149417,237.0643378877938,1095195.279724121,774.7682495117188,1413.577905927798,1087943.6894248538,5.254307705202406,0.0003311530416002517,1.0003312627402643,51462.171875,298.0,132.80775674129362,11.597334520369664,False,False,science_V_005.fits,1085109.8345410333,756.8572599358446,1433.7047313690473,-10.643306123006624,0.0007572688966181085,13.470754613029682,0.015267721301353652
47,339.6714719372794,238.74886376512288,480516.3818054199,532.4156494140625,902.521145526509,478011.4325065807,5.072265502332254,0.001878262335350489,1.0018817968434843,31409.271484375,229.0,132.78715474187388,11.597584679458409,False,False,science_V_005.fits,477084.1926505535,520.7614951330862,916.1280108250505,-9.751109442065918,0.001185096391739224,14.362951293970388,0.015294911278321823
48,87.22582837328841,238.676762092042,74483.259765625,242.51553344726562,307.12778974144015,75026.07263483788,4.782519463509304,0.012491909340409335,1.0126499311332888,4968.79296875,129.0,132.82545287179957,11.597573134562966,False,False,science_V_005.fits,75621.36436414448,257.56257783173305,293.60384959941,-7.751233145686591,0.003697839798358631,16.362827590349713,0.015690885148019782
49,441.5831485209329,244.17258331749403,280513.4899902344,422.49444580078125,663.9459826709884,279640.9518248484,5.014282092724769,0.006064086346870723,1.006101083846123,18311.91015625,195.0,132.77169380154814,11.59838961093422,False,False,science_V_005.fits,279359.6386416759,416.4848444763562,670.7558326471951,-9.170031024679934,0.0016186217803208546,14.944029711356372,0.015334594680713014
50,354.8700007490257,246.05563146164872,11924.967224121094,134.71926879882812,88.5171611340042,12375.248927615467,4.138159773919465,0.013899443802149913,1.0140953614870096,896.010986328125,64.0,132.78484893809278,11.598670435347584,False,False,science_V_005.fits,11216.567971347738,197.3606285312205,56.8328549357725,-5.679271855219516,0.019103386610209234,18.43478888081679,0.024443183866533106
51,266.04491434232887,247.0497474782216,14868.76821899414,141.55178833007812,105.04118947845676,15509.315954041067,4.237903015617946,0.0028081531145683902,1.002816061045163,1091.9564208984375,69.0,132.79832450387227,11.598818561751667,False,False,science_V_005.fits,15377.851640395931,197.94782754270693,77.68638752591606,-6.021861040745402,0.01397542136500828,18.0921996952909,0.02068434818609358
52,233.75452947024255,262.44229579371495,234454.86407470703,388.3697814941406,603.6897700246132,233868.8189341092,4.994884511783257,0.004699725990163106,1.004721917709546,14972.3154296875,186.0,132.8032232755962,11.60110605242623,False,False,science_V_005.fits,233712.55781127137,384.6450607577497,607.605768681543,-8.976326995218466,0.0017868493947249449,15.13773374081784,0.015353263116140872
53,415.17735807181475,262.2308038652267,18600.746948242188,156.1309356689453,119.13556316400084,19984.355485503525,4.378995010957209,0.028990758698814956,1.0298563159501617,1344.8861083984375,77.0,132.77569955970117,11.601073625108267,False,False,science_V_005.fits,15339.220335672733,209.21686457509094,73.31732251520893,-6.019130088503507,0.01480823307172439,18.094930647532795,0.021255907984852936
54,368.1910164411002,267.13274641890735,373940.3067932129,476.074951171875,785.4652001176408,372552.6053934087,5.031693753772093,0.0012864626675677115,1.0012881197855832,25327.771484375,206.0,132.7828278272816,11.60180261640813,False,False,science_V_005.fits,371666.83151018014,468.2485046025175,793.738427046718,-9.480006387253388,0.001367830966732442,14.634054348782918,0.01531015411769506
55,427.26817285103135,273.7122463256896,763788.6279296875,658.5591430664062,1159.787448054108,758771.25300034,5.121363796059967,0.0005683465038059943,1.000568669705245,49850.51171875,263.0,132.77386509880716,11.602779735814511,False,False,science_V_005.fits,756955.381361694,642.4115480099916,1178.3028865320473,-10.25229757609523,0.0009214099468052788,13.861763159941075,0.015276742252329013
56,404.29870683535614,270.58308066744644,21972.721893310547,164.97207641601562,133.19055182345645,22868.08130578538,4.433494139070531,0.018290186280357612,1.018630949823204,1458.181396484375,83.0,132.7773498624564,11.602314999350831,False,False,science_V_005.fits,19462.964862900862,212.52465381320653,91.57979798431937,-6.2776443705416,0.011855234712200366,17.836416365494703,0.01931518696868822
57,210.87068480691815,272.2603567628479,13755.302551269531,181.6765594482422,75.71313873977384,14328.413349548857,4.237381691169258,0.037402540527443184,1.0388558479553203,972.9009399414062,69.0,132.80669502655658,11.602565066172906,False,False,science_V_005.fits,14036.516996464301,227.53180066027554,61.690352538553604,-5.922770263740116,0.017599186182661024,18.19129047229619,0.023286502782641914
58,255.16167801745604,277.99080325206256,1332413.29397583,852.6659545898438,1562.6439484343646,1323127.734210277,5.426708248426511,0.001931111740474889,1.0019348481484505,52068.84765625,332.0,132.79997558948446,11.60341675124956,False,True,science_V_005.fits,1316141.4297106573,830.6434476358754,1584.4842133608295,-10.852878274368432,0.0006852072055026257,13.261182461667874,0.015264316770445232
59,318.28603912475864,276.25367567546476,174471.50918579102,345.1446838378906,505.5025250446497,174478.05196690417,4.951044395073117,0.007486915387737714,1.0075433921263242,11448.6318359375,169.0,132.79039890051288,11.60315843629777,False,False,science_V_005.fits,173336.242803276,345.96086063648653,501.0284761240856,-8.65184532069609,0.00216694270233677,15.462215415340216,0.01540212641907712
60,337.51247409775857,280.31451273926774,1017732.0386657715,750.82470703125,1355.4855469392705,1010748.6514074686,5.192168042482315,0.0016774032395701077,1.001680221648807,54895.0234375,288.0,132.7874820030063,11.603761810859032,False,True,science_V_005.fits,1007836.0500994421,732.8099263549328,1375.3034911965722,-10.56309659635769,0.0007894257572598723,13.550964139678616,0.015269350037910853
61,41.20938445996979,283.14093692774276,1016350.3193969727,745.9033813476562,1362.5763668756779,1009635.6636110853,5.178010705592029,0.00159507103381884,1.0015976193501674,54881.328125,288.0,132.8324347201405,11.604180309434968,False,True,science_V_005.fits,1008222.1989677256,729.7658173895386,1381.5695048231494,-10.563512512725229,0.0007858453709420702,13.550548223311077,0.015269165350504718
62,186.04566702721527,281.27959395405503,110630.52752685547,284.4598083496094,388.91444161731044,111034.3370495378,4.85452222640156,0.004019080580523027,1.004035298771452,7584.64501953125,144.0,132.81046130842947,11.603905313919244,False,False,science_V_005.fits,107535.3774934558,293.4955725307072,366.39522895087225,-8.133500284033037,0.0029631936068293487,15.98056045200327,0.015534167950217904
63,67.802357739712,288.19387193399905,498016.063873291,536.7381591796875,927.8566380195949,495514.3699165854,5.074073301657408,0.0038386585927203676,1.0038534506742627,33403.49609375,231.0,132.82840032404715,11.6049316536463,False,False,science_V_005.fits,494308.54585288087,525.9059544604855,939.9181387097628,-9.78961717110456,0.0011551005936435632,14.324443564931746,0.015292616353504018
64,168.05271469826562,291.7215934740003,231795.8666381836,385.553955078125,601.202149751556,231342.83589834903,4.975050587771047,0.003373313046669102,1.003384730803247,15564.6845703125,185.0,132.81319112605,11.605457000004028,False,False,science_V_005.fits,227743.37396109785,382.2244692098258,595.8367197995268,-8.94823624985498,0.0018221434898562329,15.165824486181325,0.015357410733963205
65,202.48128330632258,289.63036575207605,12722.254821777344,132.24656677246094,96.20102156350745,13273.164545568412,4.099774033627,0.015767427030654146,1.016020021551497,851.0146484375,62.0,132.8079678658806,11.605146410386933,False,False,science_V_005.fits,12480.090291228176,193.66575552121506,64.44138901913946,-5.795166192543184,0.016847867752781385,18.31889454349312,0.022724007247165577
66,350.342977475572,295.23214058237716,80072.79779052734,255.37147521972656,313.55419677014106,80621.0902129587,4.78854218075835,0.005983387261572659,1.006019403684903,5241.54150390625,131.0,132.78553534959832,11.60597864571177,False,False,science_V_005.fits,76871.5681200991,270.9857819100763,283.6738059770534,-7.769036225112647,0.0038272832285678967,16.345024510923658,0.015721894111896947
67,312.94245024392626,297.8789620538148,566245.1849060059,572.4930419921875,989.0865798745081,563472.7219798518,5.083308011963106,0.0014393057329465941,1.0014413803199045,38413.60546875,236.0,132.79120948295673,11.606372219708792,False,False,science_V_005.fits,562470.5882357883,560.2704150433751,1003.9269844227681,-9.929871418995585,0.0010814531503247214,14.18418931704072,0.015287229914878957
68,108.134462792639,298.0788230376682,287798.94610595703,420.3402404785156,684.6809284267586,287090.9765160418,4.989444742212575,0.0021448619734116825,1.0021494722947997,19882.640625,190.0,132.82228156101303,11.606401200355766,False,False,science_V_005.fits,286801.6759090244,416.14611365120794,689.1850398233123,-9.198576085985623,0.001575338896326512,14.915484650050683,0.0153300864378614
69,236.12897448406363,298.5122822643894,92591.2463684082,309.6821594238281,298.9879899464557,93064.29646928608,4.793210898949974,0.01149494478898605,1.0116286150772718,5961.392578125,132.0,132.8028631027049,11.606466456928203,False,False,science_V_005.fits,93126.96397354969,321.6970891718973,289.4864986601969,-7.9773104859856225,0.003750433975418001,16.13675025005068,0.015703363097056392
70,426.1158138261518,300.5698360772652,197751.12033081055,364.37335205078125,542.7156492587053,197664.91715644425,4.956194370400289,0.004522686130173925,1.0045432337504432,12804.8603515625,171.0,132.77403955337846,11.606771087288756,False,False,science_V_005.fits,196796.0992004944,364.5731575717563,539.7986525153335,-8.789663088541266,0.002011305502414458,15.32439764749504,0.01538100150764135
71,77.10316370142377,306.7624968756523,1176234.8182373047,800.4259643554688,1469.5110736249674,1168189.2920726612,5.278276478880595,0.0035062147678487365,1.0035185515653084,53642.4609375,308.0,132.8269895433712,11.607691291688267,False,True,science_V_005.fits,1164254.687758366,782.0328354234172,1488.7542249143567,-10.719741862172938,0.000729267451827018,13.394318873863368,0.015266358065049997
72,182.73815919211125,309.47857354144514,1426226.8768615723,878.7197875976562,1623.0735861323358,1416853.6717088528,5.4512485490642915,0.0010982325792305847,1.0010994400200797,51913.3359375,330.0,132.81096326120246,11.608095976998705,False,True,science_V_005.fits,1409176.597805644,857.7163354129386,1642.9401418910957,-10.92703542964355,0.0006608274838000562,13.187025306392757,0.015263241808913607
73,439.6641984378194,307.87218549728794,26492.028350830078,174.28045654296875,152.00802704059066,27283.115198865882,4.445728101309972,0.02054769280338975,1.0209787578756147,1855.9404296875,86.0,132.77198397306478,11.607856106590216,False,False,science_V_005.fits,25309.469694524363,251.39906581174435,100.67447789753086,-6.562829487909009,0.010784262532804532,17.551231248127294,0.018676995902191403
74,350.1612565260165,319.7641433323992,1478551.4137573242,896.5213623046875,1649.2093506354518,1468525.385935273,5.473492167611885,0.0010851148988604287,1.001086293652287,53920.60546875,334.0,132.78556273045012,11.609624375083975,False,True,science_V_005.fits,1460683.761551622,873.8722927173969,1671.5071226362766,-10.966012377122416,0.0006495335767924518,13.14804835891389,0.015262757005908323
75,199.4870976175067,330.6175200247973,818459.2808227539,676.3197631835938,1210.166145330541,813255.8057789609,5.122999458581263,0.0049213791736189005,1.0049457189317683,50043.96875,266.0,132.80842230518954,11.611237543925832,False,False,science_V_005.fits,811047.11658757,661.1824913891426,1226.6615150131431,-10.327237085646486,0.0008850852388471381,13.78682365038982,0.015274594378707668
76,499.2927500293091,333.9226812885027,1046892.6748352051,780.7568969726562,1340.8689425536634,1038570.3335318983,5.225379077559819,0.0008278764602356325,1.0008285624075486,56417.63671875,304.0,132.76293697492073,11.611726486170156,False,True,science_V_005.fits,1034638.2654250117,746.2222822116915,1386.501435414791,-10.591593215215273,0.0007830500367821098,13.522467520821033,0.01526902174057419
77,17.17778740499486,334.20005845364204,83906.69454956055,251.51144409179688,333.6098476653659,84344.9948992937,4.711018283271723,0.007763814863082197,1.0078245633241152,5775.64306640625,125.0,132.83608158180553,11.611767831032008,False,False,science_V_005.fits,85910.43700581638,267.4432124692663,321.22870576006454,-7.889736694523776,0.0033798349292324527,16.224324041512528,0.015618999382255016
78,317.1082927613494,338.87111684392795,1419814.003112793,921.5974731445312,1540.6010156129496,1409914.1218192945,5.487887298574745,0.0010078062484146777,1.0010088229464837,52285.67578125,340.0,132.79057726397951,11.612464089329722,False,True,science_V_005.fits,1401778.5509129455,856.7636313084024,1636.1321835898032,-10.921320400070432,0.000663577191922164,13.192740335965874,0.015263361105721835
79,172.976449413613,346.9684126627698,170651.8214416504,340.31024169921875,501.4595522884087,170551.39643940533,4.950553560355041,0.0040196115937420895,1.0040358340791973,11741.9833984375,170.0,132.81244449899873,11.61366732368274,False,False,science_V_005.fits,170327.0961033951,340.7587019908008,499.8466513350943,-8.632831229592107,0.00217206616689356,15.4812295064442,0.015402848080383917
80,69.37893613723305,349.1812175079544,409044.5035095215,491.58709716796875,832.0895846657188,407350.07382683293,5.048083853883904,0.001847951148970628,1.0018513723947147,26548.708984375,216.0,132.82816205203258,11.613995072738566,False,False,science_V_005.fits,407125.7275122265,482.77263767439126,843.3073785486881,-9.578943243128347,0.0012874309268685207,14.53511749290796,0.01530318058265929
81,372.732352994943,350.29501019621785,513910.05361938477,548.7577514648438,936.4971196262154,511551.8233170529,5.06670972887356,0.003287344160506578,1.0032981864344221,33661.87109375,225.0,132.78213806699657,11.614161410447105,False,False,science_V_005.fits,511431.55002765777,537.8391300782192,950.9005972720487,-9.826590664007156,0.0011417597203268828,14.28747007202915,0.01529161446064423
82,46.61200977624031,358.43980934608527,655036.1845092773,609.1282958984375,1075.3665343080602,651188.5213988854,5.09787356645155,0.000998326084644341,1.0009993237355965,40494.296875,253.0,132.83161634474354,11.615370646734496,False,False,science_V_005.fits,651337.4553124794,595.6348674064583,1093.5180107043834,-10.089137006785364,0.0009928505880764163,14.024923729250942,0.015281217551107193
83,195.87356626763258,357.96747257466257,106004.74887084961,280.1356506347656,378.4050642274594,106423.2410869839,4.818345510320329,0.006649057098053968,1.0066935629805007,7397.244140625,140.0,132.80897066579942,11.615302034088664,False,False,science_V_005.fits,105652.36034028899,290.7900854449567,363.3286196075891,-8.11431988381348,0.0029882039052486534,15.999740852222827,0.015538958141824249
84,425.83107526206066,356.55398549634685,28483.408905029297,177.48277282714844,160.48548516181603,29363.063060793516,4.453442680766694,0.0188973502646822,1.0192613385253626,1937.5382080078125,86.0,132.77408197946835,11.615090956624154,False,False,science_V_005.fits,28778.89033006388,221.92969251757276,129.6757094717514,-6.702306984524204,0.008372423828816679,17.4117537515121,0.017396187465170642
85,150.7268300569898,363.4451331397482,143651.05639648438,316.4137268066406,453.9975488619337,143767.50173231552,4.9120173909934985,0.004210077673574841,1.0042278773656788,9249.3125,159.0,132.81582028694905,11.616115782977511,False,False,science_V_005.fits,143628.41966546592,320.1678791447814,448.60346406116673,-8.447722829006928,0.002420177477390067,15.666337907029378,0.015439790043134944
86,189.41727691453025,375.444990154937,187272.02954101562,353.0026550292969,530.5116742690598,187169.37873341033,4.946524405585471,0.004131450271651738,1.0041485899647886,11564.6552734375,170.0,132.8099502940785,11.617899355241345,False,False,science_V_005.fits,186270.31580383406,353.4431247763778,527.0163790049294,-8.729981001220375,0.002060087775734661,15.38407973481593,0.015387456553886812
87,413.7207106203955,378.5297458609258,543237.633605957,595.4454956054688,912.3213419451179,542616.1015853304,6.744405931286171,0.37194989348751983,1.5922296479701794,23515.25,286.0,132.77591905702067,11.618356956323982,False,False,science_V_005.fits,529803.1131632822,570.3308120853944,928.940015052099,-9.864908138830966,0.0011687514612438235,14.24915259720534,0.015293653505038696
88,168.88977808830066,380.217188034679,88579.15087890625,262.423583984375,337.54264587812486,89085.34200879747,4.826853156990633,0.0022540938464995497,1.0022591862643562,5934.70947265625,136.0,132.81306474847761,11.618608433394177,False,False,science_V_005.fits,88556.89645236204,275.0961350608133,321.91254316526647,-7.922677843886044,0.0033726551606987655,16.191382892150262,0.015617447307002858
89,334.39894487832174,382.41659795161354,719453.3721008301,640.0599975585938,1124.0405193967279,715055.6213565577,5.1118196826025075,0.004939761067161985,1.0049642834412313,44420.09765625,256.0,132.787953707207,11.61893533412029,False,False,science_V_005.fits,713981.371311395,624.962823966152,1142.4381482090594,-10.188839075602445,0.0009503359124535497,13.925221660433861,0.01527851419152143
90,318.1674542387011,387.3177880891414,13960.319854736328,139.97227478027344,99.73632190125542,14736.299817229963,4.146008767507161,0.026035341028374237,1.0267312995277098,1006.4600830078125,65.0,132.79041632447513,11.619663797041834,False,False,science_V_005.fits,14403.960958081943,202.04467240079353,71.29097138235342,-5.950826712906382,0.015229137420180283,18.16323402312992,0.021551252495313544
91,63.34865332215303,389.9787263885273,136098.68453979492,306.0927734375,444.632138849186,136374.1075581326,4.839996633519987,0.0066719004263113835,1.0067167136711173,9110.6923828125,148.0,132.8290775819844,11.620057944424925,False,False,science_V_005.fits,136476.6288096637,313.1289671452427,435.84798319332737,-8.39226758951534,0.002491006134857851,15.721793146520966,0.015451050744785038
92,282.40913400967753,392.9497577777672,347364.14294433594,460.73712158203125,753.9313128310414,346238.5536994381,5.027271973923982,0.0048117810052829,1.0048350461886932,22721.115234375,202.0,132.79584157976294,11.620500898568759,False,False,science_V_005.fits,346228.1453857209,453.7212353483817,763.0856094268452,-9.40302779754031,0.0014227761427914637,14.711032938495997,0.015315160773120189
93,98.38142240846506,393.03769515612356,90844.32113647461,262.697021484375,345.8140508147252,91312.03395963005,4.801831669537381,0.006783736065212209,1.0068300694536931,6069.4189453125,135.0,132.8237624273844,11.620513024622564,False,False,science_V_005.fits,91066.94971306181,275.27134100173913,330.826120080864,-7.953023849361825,0.0032817844000184206,16.161036886674477,0.015598075727544956
94,407.0880923150447,398.0507891455498,714773.9250793457,639.0555419921875,1118.4848234804665,710654.8674609058,5.110860026846431,0.002198351598993842,1.0022031949962367,48789.703125,253.0,132.77692511602112,11.621258081362393,False,False,science_V_005.fits,707912.7814307815,624.0573323917941,1134.3713865480895,-10.17957125810764,0.0009570939578296335,13.934489477928667,0.015278936036194955
95,242.39344980710064,397.48365449506736,205268.42129516602,367.7365417480469,558.1942450413449,205098.3571215567,4.966859731837377,0.010900583361540095,1.0110207155905386,12642.0126953125,174.0,132.80191279952606,11.62117470938452,False,False,science_V_005.fits,204319.25034075492,367.0816690277768,556.6043406141706,-8.830395090217095,0.001950577673903895,15.28366564581921,0.015373178292596334
96,40.9999549925821,402.4475361181111,480071.68438720703,532.6913452148438,901.2192307978755,479175.99856458354,5.880091657020593,0.23637894088485523,1.3095500550479346,18818.640625,252.0,132.83246855556678,11.621910588250511,False,False,science_V_005.fits,473981.259242078,516.928313794287,916.9187421037651,-9.744024800121387,0.0011840743897425258,14.370035935914919,0.015294832124429053
97,222.19331115263563,404.1099411393397,831393.4297180176,719.25732421875,1155.9054064844854,828163.1042145105,5.498337892418043,0.1590902345505698,1.189188235274617,53085.203125,266.0,132.80497760745553,11.622159412700414,False,True,science_V_005.fits,824673.1407154036,700.5376697632245,1177.2002795997191,-10.345326499017151,0.0009222729715704522,13.768734237019155,0.015276794329574258
98,469.54649697034284,404.35811424080157,128833.26959228516,308.87994384765625,417.0982032288489,129110.3380585227,4.8914575462724015,0.006054785931071449,1.006091669686989,8105.50390625,151.0,132.76744873857947,11.622194512017721,False,False,science_V_005.fits,128173.77305327634,316.02868815267396,405.5763854936973,-8.324119796134115,0.0026769310019822937,15.789940939902191,0.015482112812642747
99,121.25188510362332,406.83171847550557,370829.819732666,472.0892333984375,785.5078944782674,369237.8039361269,5.048377166705901,0.0057298931419039745,1.0057629140234443,24763.80078125,211.0,132.8202926498635,11.622563232536873,False,False,science_V_005.fits,368255.1039911837,463.6571751709248,794.2400629418241,-9.46999381116324,0.0013669670552485396,14.644066924873066,0.015310076958792784
100,451.0476146232554,402.77120030988215,5719.410614013672,106.97467041015625,53.46509217635007,6494.891825079677,3.6632465736514264,0.03053155633832394,1.0314930893707137,450.84405517578125,42.0,132.7702554467946,11.621958980126129,False,False,science_V_005.fits,5930.274811022648,195.85649985525365,30.278672474007116,-4.987308922015343,0.035856922093662626,19.12675181402096,0.03896471120879781
101,177.2418422842948,410.8129416252388,756598.1218261719,653.0357055664062,1158.5861467864784,751608.4132808335,5.124397338986304,0.0016842020097058708,1.0016870433314753,50445.453125,263.0,132.8117977667236,11.623155355862973,False,False,science_V_005.fits,750437.2666517762,637.7213116974034,1176.7479820524738,-10.24290785637617,0.0009226274585203294,13.871152879660135,0.01527681573434852
102,307.4453529205802,406.6587747619283,25826.64144897461,171.56332397460938,150.5370778010622,26609.13196926302,4.433360940232834,0.006814766431918584,1.0068615261298601,1760.1136474609375,85.0,132.7920430043506,11.622538131269897,False,False,science_V_005.fits,26405.4802408828,216.26781261015483,122.09620988991745,-6.60885705024758,0.008892167913966147,17.505203685788725,0.01765220971335294
103,342.7301068761803,412.8692827958774,22234.812957763672,164.12539672851562,135.47454203289996,23083.25093906928,4.394956861569649,0.0062492832823918265,1.00628858241535,1584.384521484375,80.0,132.78668948723055,11.623460885529857,False,False,science_V_005.fits,20577.449467435734,213.52197661501017,96.37157632976492,-6.338100733675535,0.011265769860243278,17.77596000236077,0.018959098820829766
104,57.37820260109603,415.3910192229036,126598.46279907227,298.703369140625,423.8266985849485,126907.17391446594,4.872422125248893,0.006307881014211314,1.006347922956911,8061.271484375,149.0,132.8299838281077,11.623834400315884,False,False,science_V_005.fits,125757.1649251277,305.642213045279,411.4522129392433,-8.303453719171966,0.0026387025415277546,15.81060701686434,0.015475548735236752
105,411.8172766027367,418.0746676223957,757680.6011962891,656.4741821289062,1154.1666402465007,753191.9828726999,5.116319682419511,0.003505552212842322,1.0035178843400752,51002.3359375,257.0,132.7762073444739,11.624233793561793,False,False,science_V_005.fits,751452.579078832,641.0086540247187,1172.2970889092776,-10.244375822395462,0.0009261304239952957,13.869684913640844,0.01527702769246271
106,136.14396739764564,418.4470044617504,65716.92291259766,232.91009521484375,282.1557513510879,66415.77776275843,4.70808954371407,0.005392568308139611,1.0054218057660866,4307.96484375,119.0,132.81803330499133,11.624289541840307,False,False,science_V_005.fits,65786.0255379365,253.43122783182883,259.5813708545444,-7.599955997273464,0.004182503530302907,16.51410473876284,0.015812121721483777
107,35.912724977039446,422.410738842804,699911.4391479492,627.262939453125,1115.8182559903225,696054.0408973221,5.098381969115292,0.0023220985469863953,1.0023275032388754,45405.60546875,250.0,132.83324075161005,11.624877253661811,False,False,science_V_005.fits,695034.189816005,614.4151123024546,1131.2127190547756,-10.159637295887444,0.0009597664362430391,13.954423440148862,0.015279103676792088
108,474.6231193767494,428.06433572585496,266190.68829345703,415.78778076171875,640.208059519687,265452.50304207596,5.031122468890392,0.004710219542722438,1.0047325107071414,17314.146484375,193.0,132.76667808388032,11.625717431349756,False,False,science_V_005.fits,264288.6294490605,409.95267406104307,644.6808282306928,-9.109818070994688,0.001684089168557519,15.004242665041618,0.015341643128481238
109,168.74832711972246,432.5550961924864,18120.07177734375,152.23968505859375,119.02331360163895,18690.43579465682,4.373124788380752,0.02081173116286561,1.0212540650508213,1221.0908203125,77.0,132.81308657408655,11.626386425698598,False,False,science_V_005.fits,17426.824271329628,202.3902816491447,86.105044814059,-6.157667503735352,0.012609017303742578,17.95639323230095,0.019786792941760487
110,148.80859585122488,442.69978965906904,213492.0578918457,372.7348937988281,572.7718586150705,213315.56149269553,4.97007350086973,0.004131923553692407,1.004149067182108,14294.4462890625,177.0,132.81611199846185,11.627893887304444,False,False,science_V_005.fits,212710.80548892356,371.3638395476195,572.7827613696566,-8.874095754474935,0.0018954830229245018,15.239964981561371,0.015366284959098532
111,374.4307123864346,448.3009214995575,627673.7715148926,608.08984375,1032.2056485010855,625878.2346112042,6.09391203327202,0.2661018757221113,1.3625869407745652,31914.388671875,278.0,132.78187945068683,11.628726159019388,False,False,science_V_005.fits,617416.222259311,585.9544915506171,1053.6931300337615,-10.031066964380763,0.001030375893183638,14.082993771655543,0.015283701516166717
112,179.35388647418682,450.7144549969664,16472.314666748047,146.67967224121094,112.30127811889128,17242.279934058555,4.27993926267061,0.012998023565743866,1.0131691970999914,1095.3006591796875,72.0,132.8114775663201,11.629085175587713,False,False,science_V_005.fits,16936.41491479871,217.16290231689706,77.98944817049866,-6.126675585677729,0.013921114015661052,17.987385150358573,0.020647694132543165
113,123.66951442793729,459.4566789847529,19680.416473388672,156.1444091796875,126.03984079084694,20891.735649547147,4.441754420105556,0.03331313643887157,1.0344611452731973,1260.096923828125,81.0,132.81992640068108,11.630383909639981,False,False,science_V_005.fits,17716.273154464456,203.40189753242925,87.099842083036,-6.175552793386828,0.012465005378137838,17.938507942649476,0.01969533489512245
114,264.4927774612098,461.23280665622275,16834.637298583984,150.9589385986328,111.51798929471573,17790.6647234546,4.344546056947545,0.01227821583125921,1.0124308444220378,1133.056884765625,75.0,132.7985598129202,11.630648542484854,False,False,science_V_005.fits,15529.449355084109,204.73414547209617,75.85177997189855,-6.032512015891558,0.014313441298308735,18.081548720144745,0.020914216680386403
115,61.393630552069155,466.8434640231088,54194.76525878906,217.43748474121094,249.24297355302107,54889.7910635445,4.718062327669834,0.0009560210804356872,1.0009569359313586,3606.102294921875,115.0,132.82937540148154,11.631480864789866,False,False,science_V_005.fits,55000.23172004274,240.2269031235422,228.95117493046817,-7.405533172073042,0.004742059088929,16.708527563963262,0.015969251139515493
116,433.24500135118154,469.364352450168,92307.80242919922,271.4232177734375,340.08808526561063,92914.67461545122,4.8171908300566475,0.006558719018454728,1.0066020198113517,5975.67431640625,134.0,132.77295552959853,11.631855723277152,False,False,science_V_005.fits,91674.98122532152,286.08143128949297,320.4506521520906,-7.960248948267976,0.003388041162371269,16.15381178776833,0.015620777204478171
117,174.916011954605,472.20117319354836,67988.19073486328,334.9395751953125,202.98643627053474,68564.5322036517,4.810571021754581,0.011686762797835537,1.0118249582803522,4591.0595703125,127.0,132.8121510442868,11.632278312252678,False,False,science_V_005.fits,67918.36461354508,347.57592598132686,195.405836643571,-7.634589924320564,0.005556128817075027,16.47947081171574,0.01622961567585488
118,277.9009597549072,480.2607399455677,1423537.4773254395,881.6283569335938,1614.6684327131545,1412973.8976891728,5.434117015259904,0.0002553178399952172,1.0002553830438423,55392.109375,339.0,132.7965254024243,11.633476286671844,False,True,science_V_005.fits,1405486.3292601649,858.0910174626828,1637.9222024909352,-10.92418843832368,0.0006628519952589193,13.189872297712625,0.015263329594870234
119,243.58713958173587,481.03064127295363,951595.3808898926,747.1378173828125,1273.654416561706,944610.614171477,5.184286830387126,0.003982523130390936,1.0039984470382062,55037.984375,288.0,132.80173176844949,11.633590718165857,False,True,science_V_005.fits,941729.3796901295,709.870885749646,1326.6206553824695,-10.489437172975013,0.000818395217649456,13.624623563061293,0.015270875164387087
120,195.76163892868527,481.4812964590455,123795.41900634766,301.191650390625,411.0187611303084,124139.69524516081,4.92060991619855,0.00930038405594058,1.009387693208176,7840.095703125,155.0,132.80898823830142,11.633657556435336,False,False,science_V_005.fits,123527.08230853424,306.70791567997276,402.7515300173267,-8.284027332963932,0.002695706705206787,15.830033403072374,0.015485370263397632
121,326.00183583994635,493.0884050801318,19638.17739868164,156.31581115722656,125.63142047690265,20565.013407225204,4.31806266380756,0.03500529485948911,1.0362751159908097,1450.5963134765625,74.0,132.78922708202032,11.635382440294972,False,False,science_V_005.fits,20546.62647976889,210.62598459799506,97.55029285196976,-6.336473188781478,0.011129643676698378,17.777587547254825,0.018878528171557628
122,357.7590513307722,493.25215499044,2334.0177612304688,78.55531311035156,29.711774656817013,3411.652222583063,3.049827187400146,0.13375453967227335,1.1544072041909115,218.18942260742188,25.0,132.78440859105294,11.635406556347824,False,False,science_V_005.fits,3264.7965193224427,190.16517289921313,17.168214713283874,-4.339262170925241,0.06323895746480511,19.774798565111062,0.06505148421665298
123,229.25582412763552,510.3350832049599,150759.79901123047,282.6853942871094,533.3130117720596,150815.09313036062,2.95734383951245,0.5532496666851535,2.238386690346914,56056.55078125,24.0,132.8039062912893,11.637945661002709,True,True,science_V_005.fits,150441.87455652314,308.41275180699824,487.7939503962801,-8.49804371464057,0.002225734860217077,15.616017021395736,0.015410507883324558
124,29.08055312668407,14.008240237851982,794177.0372314453,658.0064697265625,1206.9441164635798,792557.8632725988,5.073366704347579,0.012954308257407843,1.0131243248066233,54340.11328125,230.0,132.83426989833796,11.564184001103339,False,True,science_V_005.fits,804589.2015293074,655.1409576727962,1228.116166614562,-10.318557372954547,0.0008840368928558707,13.795503363081759,0.015274533668232006
125,31.70926227713445,22.450986908991943,89197.35745239258,246.3112335205078,362.1327219936399,95230.80615681014,4.547896954903944,0.12270787452266574,1.1398711682906084,5994.033203125,103.0,132.8338713010824,11.565438732942479,False,False,science_V_005.fits,213589.86043428004,370.21558579079544,576.9337343754544,-8.878573453944798,0.0018818452368282786,15.235487282091508,0.015364608652660051
126,211.0944516706598,19.48814627129405,1430765.0854797363,917.4430541992188,1559.5137800989357,1421417.949900464,5.397906747610857,0.0020076807700929455,1.002011719660971,56075.08203125,319.0,132.80666018230323,11.565000312502194,False,True,science_V_005.fits,1413871.813904593,858.4181844831786,1647.0664758294142,-10.930646965872992,0.0006591719374612816,13.183413770163314,0.015263170221063488
127,238.91224988287678,16.95514537842851,1252577.2727050781,817.0173950195312,1533.1096747029903,1249878.1605149168,5.21831346939406,0.025354882087054498,1.026014476060115,56148.80859375,240.0,132.80244047708757,11.56462394638665,False,True,science_V_005.fits,1249622.2387912336,809.5433591455828,1543.6137233095503,-10.796568737753866,0.000703349538556984,13.31749199828244,0.015265141929487951
128,227.39446934113352,16.445620724186227,211931.51443481445,414.3086853027344,511.5304649719245,212533.89373986644,4.980087262826563,0.02020633464616206,1.0206230509143626,12990.3759765625,154.0,132.80418761406014,11.564548205543707,False,False,science_V_005.fits,222556.01280084168,415.67935205906974,535.4030978407019,-8.923220204343153,0.0020278179270509706,15.190840531693153,0.015383169475088419
129,249.44128038169188,24.601164403571254,1370724.0646362305,861.4656982421875,1591.153388269759,1359486.6299469844,5.490454392369174,0.060404784716407756,1.0642880931425094,55698.890625,329.0,132.8008433264145,11.565760238338566,False,True,science_V_005.fits,1352802.2102937668,840.6926856233667,1609.1518737202705,-10.882707634460997,0.0006747032506570816,13.231353101575309,0.015263848860312724
130,341.6387961925741,25.51836020050526,1358574.375793457,856.9204711914062,1585.4147747276756,1349818.9939281973,5.337424058737083,0.002351178012619193,1.002356719078699,56603.24609375,307.0,132.78685777422737,11.565896248930356,False,True,science_V_005.fits,1343974.4195839313,838.5315030342705,1602.7715294186194,-10.875599380769804,0.0006773891225743329,13.238461355266502,0.01526396781893243
131,340.5190522633267,41.36443071994014,819127.9271240234,671.5452270507812,1219.7658387378906,818207.3028493312,5.103859986192239,0.02288336739793939,1.023419279372004,50339.8671875,231.0,132.78702752009764,11.568251157841985,False,False,science_V_005.fits,816740.8943324164,663.3458092759676,1231.2445227081141,-10.334832627338935,0.0008817907247311121,13.779228108697371,0.015274403832433024
132,351.76167342546756,41.89266831531656,281307.88787841797,414.74908447265625,678.2604191546181,281588.6551138659,5.013428067984543,0.021393952838316355,1.0218616601648505,18881.01171875,174.0,132.7853220948634,11.568329578944821,False,False,science_V_005.fits,292726.83297275036,422.0727198284986,693.5459678410263,-9.220778209318008,0.001565433367567156,14.893282526718298,0.015329071699953506
133,61.61113456325897,25.635828386123023,182613.69271850586,339.5523986816406,537.8071055528658,183132.82415165863,4.926154956538534,0.020177850083878623,1.0205933802227332,11682.015625,153.0,132.82933550838885,11.565912526952344,False,False,science_V_005.fits,189421.52706112643,349.13376772185126,542.5471397313686,-8.748195207654568,0.0020011164385412904,15.365865528381738,0.015379672446272157
134,49.879784664026516,30.4667953508043,1309185.2024230957,837.1934204101562,1563.778656766918,1301440.38397886,5.290848787259832,0.006071185839287008,1.0061082702833337,59112.5,296.0,132.8311151306997,11.566630277571146,False,True,science_V_005.fits,1293723.6738031467,821.8022789943088,1574.2517474961955,-10.834225687442693,0.0006896609781293089,13.279835048593613,0.015264517346407554
135,37.110834539081765,41.13297462349268,95610.22094726562,263.0723571777344,363.43697214325863,96117.1436355354,4.827902722111261,0.02996938520030412,1.0308952982958095,6712.12890625,137.0,132.8330522603803,11.568215176491023,False,False,science_V_005.fits,62641.9810266933,273.9805424294761,228.63660488889516,-7.546785583166134,0.00474858345857432,16.56727515287017,0.0159711897621019
136,13.134029429645276,28.50131016481481,295785.3624267578,437.07293701171875,676.7414254679128,296427.55364113353,4.993818619898252,0.020303199627873525,1.0207239623730133,18464.70703125,175.0,132.83668911315095,11.566337536918057,False,False,science_V_005.fits,294595.16504106636,437.7547042519753,672.9685876122417,-9.227685911118554,0.0016132996695316342,14.886374824917752,0.015334033826026786
137,16.43451667964938,41.80944175202171,1367378.9300842285,849.10400390625,1610.378615332971,1369056.331570164,5.218630178615693,0.03480882179591582,1.0360641731731157,60001.39453125,239.0,132.8361887140348,11.568315334646616,False,True,science_V_005.fits,1425993.0974200857,860.6891207329626,1656.8039063927176,-10.939915432291196,0.0006552978272267865,13.17414530374511,0.015263003400261396
138,20.96441974887693,49.55315946140508,462004.4855041504,508.2507019042969,909.0090456798728,464566.6159098556,4.900448766940477,0.09408957547613206,1.103861897301363,29429.5625,175.0,132.83550170821528,11.56946622103697,False,False,science_V_005.fits,679463.923038117,606.4147772422236,1120.46069544693,-10.13503787976067,0.0009689764258682323,13.979022856275636,0.015279684972796762
139,138.5839906646253,36.3926484321948,1216597.8839416504,806.4425048828125,1508.5984141156341,1212964.1733075571,5.203091936480686,0.03959000398207135,1.0412219824306497,55648.90625,257.0,132.8176595050284,11.56751204988029,False,True,science_V_005.fits,1237043.3430637636,804.3203866206167,1537.9982450292591,-10.785584165400778,0.0007059175805362155,13.328476570635528,0.015265260468938384
140,137.91951187323747,46.966431861024695,848507.2224121094,676.7871704101562,1253.7282908272107,850245.2775220582,5.108313254545471,0.025510030189985433,1.026177827356149,54923.1640625,206.0,132.81776040116839,11.56908342490713,False,True,science_V_005.fits,881846.7199458838,686.912443213847,1283.7832953207262,-10.418104633733417,0.000845703479673928,13.695956102302889,0.01527236301066588
141,128.0114738770212,56.88155250135885,1640475.593170166,934.0357055664062,1756.3307091942158,1633297.0051202793,5.669482999980658,0.12073429713346684,1.137312642515062,55964.87890625,320.0,132.81926348213563,11.57055682610198,False,True,science_V_005.fits,1619597.4087804405,915.7466417951214,1768.608624767188,-11.07813955719666,0.0006138723880434072,13.035921178839645,0.015261280970574682
142,220.4641561491197,40.380968849183695,1582208.4750671387,922.566162109375,1715.0081371395015,1570012.1506775739,5.529151474615037,0.008628403441481747,1.0087035007573697,55180.828125,352.0,132.80523894332998,11.568105245994603,False,True,science_V_005.fits,1557656.0064374197,899.5280173207027,1731.637010125588,-11.03580075930619,0.000626978976339423,13.078259976730116,0.015261813790988095
143,199.34218039946907,44.12893390028124,1341692.1582641602,853.25537109375,1572.4391591515032,1334686.611377334,5.855926785611015,0.18585296712228794,1.2282793643125685,55352.41796875,338.0,132.80844300356162,11.568662159914597,False,True,science_V_005.fits,1321108.5246164238,830.5992181090072,1590.5487217097796,-10.85696811131369,0.0006825946198195763,13.257092624722615,0.015264199715970355
144,272.9608822319583,43.57077150697405,346842.77462768555,452.72381591796875,766.1244282552427,350290.75652925915,4.972186508878249,0.031635945973401136,1.0326694757429855,22832.177734375,181.0,132.79727558375657,11.568579320293248,False,False,science_V_005.fits,360023.8390998935,459.10789610275725,784.1813267775146,-9.445450020728273,0.001384501215377743,14.668610715308033,0.01531165246370898
145,272.1078109636872,52.864094437885385,145173.97256469727,309.188720703125,469.53191641194945,146784.85774710594,4.835277485319764,0.038935710704633864,1.0405131177365676,9857.44921875,132.0,132.7974049755745,11.569960412121402,False,False,science_V_005.fits,181348.85907368327,347.7591937760353,521.4782594374083,-8.70090894312397,0.002081965988709284,15.413151792912336,0.01539040090225609
146,62.874707896176446,51.281102423518696,828510.9576416016,696.37158203125,1189.7541183758726,823086.8079609378,5.13473255862474,0.0049329931917752035,1.0049574482502421,55165.69140625,266.0,132.82914423334523,11.569723717138345,False,True,science_V_005.fits,819705.7544021435,683.1890079201404,1199.8228087679668,-10.338766833742085,0.0009048836145354219,13.775293902294221,0.015275754381040483
147,47.047935256253226,59.401070654941805,1375743.1251220703,853.875,1611.1762554496504,1372817.1087496825,5.308782689436856,0.027865053268719575,1.0286637707680537,58487.953125,263.0,132.83154518426946,11.570930184301965,False,True,science_V_005.fits,1402226.8882743805,854.9890188377561,1640.052512230533,-10.921667600616194,0.0006619909984000496,13.192393135420112,0.015263292227956114
148,38.49297333876776,63.4459619405088,471729.6736755371,513.4071655273438,918.8217565896304,475250.1809775629,4.935448829510402,0.09130083524780208,1.1004742149979854,29365.556640625,177.0,132.83284299052414,11.57153115655178,False,False,science_V_005.fits,614493.6187954377,579.7881812776368,1059.858821960329,-10.025915317335809,0.0010243817171723636,14.088145418700497,0.015283298579053535
149,53.05408691745164,74.65815383195846,615637.1129760742,587.5949096679688,1047.7237002001111,611908.9198075775,5.133364750177403,0.004940183954751598,1.0049647105380919,40574.5234375,238.0,132.83063433650614,11.573197652668577,False,False,science_V_005.fits,606035.1356429014,576.5474987933644,1051.1451995043785,-10.010866383192107,0.0010328734798122224,14.103194352844199,0.015283870098221923
150,54.67437197470241,89.53190497780571,577428.8601989746,571.09619140625,1011.0886202499989,574233.0799131818,5.1047478699893185,0.006656927742831997,1.0067015394064263,36041.75390625,237.0,132.83038878777117,11.575408082321887,False,False,science_V_005.fits,572625.6088427363,560.3111906660336,1021.97781943649,-9.94929879040814,0.0010623518234462721,14.164761945628166,0.015285890518736632
151,155.42610246558397,57.4738828218609,551580.152557373,562.9000244140625,979.8900846229797,548794.9310620289,5.220632255888243,0.04874423145421736,1.0512419825098505,32581.890625,247.0,132.8151048596294,11.570645098025246,False,False,science_V_005.fits,546448.8824754516,549.8012792104167,993.9025301291048,-9.898495729383928,0.001092360636066568,14.215565006652378,0.01528800540663335
152,148.35999240768814,72.2393661755515,129305.36483764648,295.9466857910156,436.9211450773136,130468.36039794283,4.8686283496309555,0.03390829647192095,1.035098424246985,8345.3408203125,138.0,132.81617687173562,11.572839354794272,False,False,science_V_005.fits,137034.52434166268,315.6229034021124,434.1716740596511,-8.396696865694025,0.00250062375061998,15.71736387034228,0.015452604204346514
153,144.72556935478937,83.91938740295689,1385305.18460083,858.2430419921875,1614.117583039421,1380799.626220292,5.356513576623477,0.011890231529355644,1.0120333103757884,55139.71875,264.0,132.8167282994544,11.574575104173151,False,True,science_V_005.fits,1379729.2900807313,848.3639648202501,1626.341225340784,-10.90410658396231,0.0006675720833261803,13.209954152073996,0.01526353530609666
154,135.9458788505365,88.5336609231705,168361.52368164062,322.5389404296875,521.9882084853035,173081.82786670502,4.81530326861108,0.1070772071942806,1.1199176547591816,10973.693359375,120.0,132.81806018698884,11.5752607568468,False,False,science_V_005.fits,273873.5475800509,409.7274978957891,668.4285262438218,-9.148497092547306,0.0016242574297374776,14.965563643489,0.015335190567843628
155,132.9468720259543,100.77054280769869,1409369.0464782715,869.3211059570312,1621.2295282152436,1401178.1360257622,5.413055528888446,0.0074864383747405006,1.007542907889824,54788.40234375,308.0,132.81851524579986,11.57707926450677,False,True,science_V_005.fits,1392700.5407147892,851.9505108431844,1634.7200019123397,-10.914266234562014,0.0006641504347716544,13.199794501474292,0.015263386038295376
156,151.2529422077331,103.27610655690555,109491.16354370117,278.8202209472656,392.69448669008,110198.60617273828,4.863843927756012,0.025518020860633484,1.0261862419284247,7296.6298828125,137.0,132.81573828583774,11.577451782244127,False,False,science_V_005.fits,106443.31177604759,294.9525231852344,360.88286557630045,-8.122417819829268,0.00300845538417632,15.99164291620704,0.015542865287732577
157,199.60489130796532,112.12271173429893,646379.2776794434,606.0730590820312,1066.503894197938,642206.2160152848,5.119936389939715,0.003673119180068185,1.003686660724285,42200.0390625,258.0,132.8084034564096,11.57876678967656,False,False,science_V_005.fits,639537.2215124281,591.6370498027143,1080.9620893851838,-10.06928643852103,0.0010043830497492388,14.044774297515277,0.01528197117078312
158,151.5904634664803,113.64726091396263,118444.06478881836,296.68707275390625,399.22219626692146,120168.74195127311,6.379678744396126,0.3694933542183345,1.5860261056570755,5695.1015625,171.0,132.81568717132777,11.578993053496717,False,False,science_V_005.fits,118134.53488341285,299.2987268342919,394.7044350403086,-8.235564063392603,0.0027506658238819247,15.878496672643703,0.015495032108024005
159,164.68084301408825,117.44992569345455,390344.1753845215,479.0101318359375,814.8975343974887,389058.47682623635,5.06281115295965,0.0031468085915180577,1.0031567422551677,24479.298828125,202.0,132.81370141050448,11.579558271786066,False,False,science_V_005.fits,387030.61993175215,472.93122593621473,818.3655438813249,-9.52398518801804,0.001326668758377543,14.590075548018266,0.015306531532273333
160,165.39983356889712,132.5677710736001,864662.4246520996,692.1029052734375,1249.3263907200144,858564.8249655948,5.1591329041194225,0.009251092121156601,1.0093374739528735,52617.3125,274.0,132.81359245002224,11.581804956375144,False,True,science_V_005.fits,846539.3067062885,676.5559716997684,1251.2480003383262,-10.37373969447496,0.0008676936943806796,13.740321041561346,0.015273596495301649
161,192.36717750943666,130.85957676336324,1019424.7299194336,743.8548583984375,1370.461883000017,1015385.4282443096,5.1820688151706795,0.007358897114505214,1.007413451944629,53890.80078125,254.0,132.8095014993519,11.581551261902309,False,True,science_V_005.fits,1008011.4058441238,732.6989362017692,1375.7511524031195,-10.563285489699428,0.0007891688828343214,13.550775246336878,0.0152693367596519
162,185.5121519198116,141.25960023519613,168685.1473388672,321.5821838378906,524.5475521240357,178192.3435750312,4.770805949670704,0.0700716188972631,1.0753516295676127,10754.935546875,111.0,132.81054146313605,11.583096785000462,False,False,science_V_005.fits,245111.99457129126,408.3908090963339,600.1897915226408,-9.028033284042433,0.0018089278013970428,15.086027451993873,0.015355848310812723
163,193.7718569657601,142.65730411979325,367024.1343078613,455.8747863769531,805.0985605603923,370329.090051885,4.930515975524801,0.06878982392218025,1.0738714263324713,23353.583984375,141.0,132.80928846821953,11.583304541957151,False,False,science_V_005.fits,419083.2990160395,498.7112501448799,840.3325549489655,-9.610372759066937,0.0012919885033680935,14.503687976969369,0.015303564677775506
164,203.79468249875688,148.63427539636626,1381611.105255127,860.23486328125,1606.085924005867,1374344.8678344104,5.342126737504511,0.012637508316640123,1.0127992590594508,57281.60546875,284.0,132.8077680236122,11.584192830736319,False,True,science_V_005.fits,1367603.5343937764,845.8263195968027,1616.884581039876,-10.894522410300167,0.0006714765003830687,13.219538325736139,0.015263706569656975
165,131.109949436596,150.83645646460877,561150.3764343262,578.11083984375,970.6622636344133,562510.2485937773,6.5648169905943154,0.3470374241620129,1.5314813390593456,21597.982421875,250.0,132.81879440288782,11.584519596480913,False,False,science_V_005.fits,551293.1203786551,563.8097071172045,977.7999800632247,-9.908078306353566,0.001110349787417462,14.20598242968274,0.015289301298765774
166,175.85040801162373,148.52328859165843,1058064.2201538086,753.5339965820312,1404.1360110533853,1064002.5502456448,5.155751259526824,0.05496675794624173,1.058163835408358,53458.89453125,226.0,132.81200720145563,11.58417619295656,False,True,science_V_005.fits,1125838.931723052,774.5418459051444,1453.5546887171408,-10.683312530463693,0.0007469275208063915,13.430748205572613,0.015267211869734459
167,152.0003783348771,150.36253301679957,153980.4535522461,343.1236877441406,448.7607794279296,156356.46608113596,4.865819681157454,0.06879246840637221,1.0738744759598795,10034.2900390625,137.0,132.81562529334988,11.584449353457433,False,False,science_V_005.fits,189358.3660905657,382.9637528975496,494.45506175939005,-8.74783311793259,0.002195750602970507,15.366227618103716,0.015406205836106052
168,142.8438518670681,153.62047912592254,589797.3913574219,572.1056518554688,1030.9239026822665,590120.5893996586,5.077871394199977,0.022667965377051624,1.023193719814778,37884.69140625,192.0,132.8170143796562,11.584933442560144,False,False,science_V_005.fits,597592.1214015279,574.5422060641506,1040.118750361751,-9.995634031909328,0.0010438231207950018,14.118426704126978,0.01528461397162287
169,167.64846759991153,154.2352799667496,1325082.3150634766,856.6043701171875,1546.9011848284163,1336725.7646554934,5.30476948751409,0.038400884598180474,1.0399344009193832,52952.24609375,264.0,132.8132514854428,11.585025004306258,False,True,science_V_005.fits,1374303.982836298,847.8206109699522,1620.9843981783133,-10.89982888682999,0.0006697781923256795,13.214231849206316,0.01526363195248555
170,195.96262188841183,163.80800168101692,1367581.1227416992,867.9811401367188,1575.5885231864447,1342238.401328055,6.242330995840552,0.24644822578605896,1.3270488295819336,58779.0078125,401.0,132.8089562285685,11.586447780772389,False,True,science_V_005.fits,1328116.4771514458,834.0131824419168,1592.440629370915,-10.862712285954249,0.0006817836596073914,13.251348450082057,0.015264163472412448
171,133.14938153239095,165.52816849382657,455406.6685180664,506.2261962890625,899.6110273558869,459763.6927303452,4.992091668026309,0.02913061567523345,1.0300046701910306,29161.46875,170.0,132.81848516294113,11.586702967678178,False,False,science_V_005.fits,462414.06201715826,521.174390535553,887.2539986893576,-9.717199455325087,0.0012236631242054528,14.396861280711219,0.015297947868768643
172,122.63499031741132,168.09344795491876,1085748.0201721191,759.7647094726562,1429.0582421572649,1088701.7309642702,5.105737335916311,0.08551601403556752,1.093512861185186,52722.5,206.0,132.82008024980942,11.587084091044707,False,True,science_V_005.fits,1345404.00928887,839.2666581016123,1603.0709623710302,-10.876753667894391,0.0006772625950345892,13.237307068141915,0.015263962204377203
173,114.42225008946878,169.44128314018462,989923.7501220703,729.7901000976562,1356.449957309101,992991.9299763371,5.0445162603663025,0.06599374722567586,1.070656643924654,53918.3515625,227.0,132.82132616002545,11.587284305724644,False,True,science_V_005.fits,1267246.6385952942,815.038600633746,1554.8302100169572,-10.811774743839756,0.000698275601416414,13.30228599219655,0.015264908986612277
174,134.2460228499108,183.79601306637718,224212.91842651367,379.1181640625,591.406425964731,223677.09377916335,4.9981966653606325,0.010997040312536455,1.0111193199219664,15071.2666015625,188.0,132.81831897787296,11.589417782613587,False,False,science_V_005.fits,222441.16929140047,375.12548340548017,592.9780277042912,-8.922659797383881,0.0018309278746858081,15.191400938652425,0.015358455470402103
175,99.70618231638824,61.22722457834924,627964.0829467773,589.8602294921875,1064.5981057027586,627071.802490665,5.063467204148993,0.02337401712241116,1.023933437705129,41092.33984375,212.0,132.82355727167902,11.571202325758723,False,False,science_V_005.fits,662687.9249961523,599.3510381210489,1105.675777376916,-10.107894517225603,0.000981933422269315,14.006166218810703,0.015280512124918861
176,89.75443737220714,62.19489541430011,684046.0936584473,613.4956665039062,1114.9974335704485,688440.7678833025,5.035772497712069,0.04124580820101509,1.0430202115973255,45757.02734375,216.0,132.82506690526074,11.571346006469609,False,False,science_V_005.fits,718104.8452940091,621.8059989695648,1154.8695999781721,-10.195091516709505,0.0009401061384077654,13.9189692193268,0.015277881302899783
177,306.7553969539056,65.24882542309858,126629.53436279297,293.2867736816406,431.76012601321,127989.23971039364,4.7735405109389095,0.06715035281552229,1.0719841112854522,8375.064453125,128.0,132.7921491130675,11.57180082612001,False,False,science_V_005.fits,163016.665727168,334.63047552884086,487.15427209533414,-8.585201889090044,0.002228657454506594,15.528858846946262,0.015410930264054492
178,302.36702201226706,71.57001766422486,92304.54055786133,258.9576110839844,356.44652486358234,93352.4525235367,4.749764481369182,0.072321487842118,1.0779596453882394,5743.8291015625,118.0,132.7928147808653,11.572740242460924,False,False,science_V_005.fits,142330.5330135923,318.8652972125787,446.365704445738,-8.437867063410122,0.0024323105229335155,15.676193672626184,0.015441696540017742
179,491.2547800040072,81.22117149844644,413913.5480957031,501.1497497558594,825.9278754451053,411349.11237317405,5.115036871757142,0.006487745124431621,1.0065301108190599,27289.73046875,233.0,132.76416128613863,11.57417239625296,False,False,science_V_005.fits,408337.20551922236,487.79274436775654,837.1120936792141,-9.582169254876732,0.00129695892365885,14.531891481159574,0.015303985102047151
180,488.9326048512094,99.75988495676849,1205947.4839782715,804.6759643554688,1498.6746683110066,1225617.334467639,5.097596161981676,0.06367930028154511,1.0680101383005771,58155.66015625,234.0,132.76451319977164,11.576927497124926,False,True,science_V_005.fits,1476459.1511896586,879.4290069731499,1678.8838433603507,-10.977675463928698,0.0006466796403418414,13.136385272107608,0.015262635817946239
181,485.94003605313185,107.21831598670772,891951.3286132812,690.54052734375,1291.6712246336692,924782.9659541117,4.846551594619575,0.04663746105328748,1.0489189150486373,56733.9765625,162.0,132.7649670248211,11.578035957393446,False,True,science_V_005.fits,1496361.6573108009,884.6853296322241,1691.4055282603804,-10.992213302367663,0.0006418921907608096,13.121847433668643,0.015262433722659782
182,492.54897164994264,111.59068390523915,611670.9017944336,586.0574340820312,1043.7047057555408,612901.7982988548,4.965002286247671,0.10765315238657314,1.120640480407916,36646.23828125,197.0,132.76396438027498,11.578685617373317,False,False,science_V_005.fits,921621.9292019963,703.5902516938738,1309.8844490571284,-10.466003873706274,0.0008288517363355987,13.648056862330032,0.015271439118657068
183,463.6653751252458,89.80728411724452,1429135.6544799805,872.6090087890625,1637.7732066544002,1442225.2935118005,5.259248519675048,0.03653887721249349,1.0379245994968416,56792.265625,248.0,132.76834633434027,11.575448872061328,False,True,science_V_005.fits,1624287.1049591315,919.5677384145158,1766.3593850733241,-11.081278865304782,0.00061465407842523,13.032781870731524,0.015261312433409767
184,461.7884286381467,98.30551172153508,1134163.83883667,822.1263427734375,1379.5493220793487,1167138.1916756765,5.540044361051885,0.18636968204434978,1.22905941178867,57095.8203125,270.0,132.76863091836282,11.576711833481223,False,True,science_V_005.fits,1420010.494393494,886.162618014931,1602.426536084789,-10.935350759013222,0.000677534960605865,13.178709977023084,0.015263974291673385
185,176.95845832588975,87.83132353496198,294526.8457336426,418.9254150390625,703.0531812116951,296503.9931319463,4.961703745697712,0.0322821414893657,1.033359042829952,20050.19140625,167.0,132.8118387264344,11.575156700822152,False,False,science_V_005.fits,312114.5738455373,430.3028906408285,725.3369211178683,-9.290406994141613,0.0014968216402478872,14.823653741894693,0.015322216960242312
186,187.41387183391706,93.11135780364557,1311364.8975524902,836.5607299804688,1567.5668849326776,1308402.1710813944,5.3545080746073905,0.0155212207665969,1.0157659272033095,53537.75390625,260.0,132.81025270836244,11.575941432530222,False,True,science_V_005.fits,1326022.4874039902,832.5353478718428,1592.7521765815918,-10.86099909686861,0.0006816503006325561,13.253061639167695,0.015264157516429634
187,196.4609586299115,93.99570974628469,180403.35052490234,340.48931884765625,529.8355646968752,194930.8697520641,4.646918199051667,0.12077071637400005,1.1373597520272911,13253.0615234375,126.0,132.80888029964476,11.576072902076815,False,False,science_V_005.fits,375490.8629278239,472.3640938918997,794.9183009108115,-9.491120307762152,0.0013658007354416335,14.622940428274154,0.015309972867479411
188,297.43689319658085,97.80836092632646,943600.7621459961,719.7432861328125,1311.024055835202,940923.9972150063,5.192058853606002,0.029785084291259478,1.0306994706111083,53995.54296875,260.0,132.79356256647742,11.57663956849327,False,True,science_V_005.fits,938073.7539716779,707.2456732796097,1326.3760944929954,-10.485214336949385,0.0008185461156211555,13.628846399086921,0.015270883252039525
189,285.8989428079474,101.25333769968816,420909.16720581055,495.8167724609375,848.9207920834738,421204.37751934904,5.053132465484671,0.017489500223390686,1.0178008278052675,28444.9453125,200.0,132.79531283088926,11.577151563640129,False,False,science_V_005.fits,426270.55812556273,493.9121357321577,863.0493711066129,-9.62883521806099,0.0012579813349587426,14.485225517975316,0.015300731178382536
190,352.0387008711623,101.14701563172983,958702.770904541,727.5552368164062,1317.7044468810047,952521.4579122353,5.1839135214662795,0.0026049889737699283,1.0026117926648637,53580.16015625,275.0,132.7852796075173,11.577135428917279,False,True,science_V_005.fits,948404.752852737,711.6027042667537,1332.7728340071274,-10.497106178397962,0.000814617444396525,13.616954557638344,0.015270673172284775
191,366.4015941787286,100.9002311092504,671973.2444763184,615.6005249023438,1091.5735404594031,668846.8375678707,5.129039663427516,0.0035003956378796275,1.0035126914477004,43710.359375,235.0,132.7831007975017,11.577098635802107,False,False,science_V_005.fits,665472.5382096168,604.4119865020454,1101.024720010851,-10.112447219848217,0.0009860814024132902,14.001613516188089,0.01528077923687821
192,374.56076431843036,112.08499579829109,286190.2865600586,422.6485595703125,677.1353647839595,285560.9909788101,5.044963636565333,0.00986586720723237,1.00996417240905,18521.921875,193.0,132.78186296554998,11.578760741378579,False,False,science_V_005.fits,284643.82133685396,417.9414040452143,681.0615521262407,-9.190376276972312,0.001594129042537342,14.923684459063994,0.015332028729371852
193,73.41766250181311,103.12672138422366,104705.11709594727,274.4378967285156,381.52572346641153,105076.86442229332,4.8532175038346566,0.010055716182641339,1.0101578607473394,6853.02978515625,144.0,132.82754569852762,11.577428705092379,False,False,science_V_005.fits,104080.09504101875,282.89379757199293,367.91225517954905,-8.098041074368105,0.002950975360878249,16.0160196616682,0.015531841910556949
194,61.99275753191324,115.5029834997718,903968.5026245117,704.85107421875,1282.495743695165,897901.4558990848,5.1548515629106735,0.0024482180213503124,1.002454226502903,54862.05859375,281.0,132.82927902029135,11.57926778568162,False,True,science_V_005.fits,895785.4706653482,689.5903701755848,1299.010991753353,-10.435131909184639,0.0008357896945387396,13.678928826851667,0.015271817245093
195,421.5936563513808,115.40458093703646,708615.0348205566,633.9335327148438,1117.8065179576265,704127.7256595627,5.136075597867649,0.0024126234689310078,1.0024184582981799,44050.7578125,253.0,132.7747281167662,11.579253537052603,False,False,science_V_005.fits,701702.94700924,619.4863106570509,1132.7174385257795,-10.17000512524309,0.0009584914675746742,13.944055610793216,0.01527902364182464
196,429.88357571739374,128.82105024569503,905264.8364257812,708.5804443359375,1277.5752473301336,899642.7300268717,5.173814205443218,0.0053649808869195015,1.005393919160119,53617.2578125,261.0,132.77347035944504,11.581247261226405,False,True,science_V_005.fits,895200.0984876162,693.791699979836,1290.3009628302468,-10.434422177291541,0.0008414315971822117,13.679638558744765,0.015272127051814341
197,421.07531913580624,140.88743258837656,806380.1675109863,672.56396484375,1198.9642765031642,801349.5337304275,5.148783586227675,0.001938709710143982,1.0019424756064639,53637.09765625,259.0,132.77480640592057,11.583040577982567,False,True,science_V_005.fits,798132.5139421702,657.6383982404988,1213.6342951955987,-10.309809382167325,0.000894585794335204,13.804251353868981,0.015275147832261695
198,116.19262132700294,118.08828340054774,29514.83901977539,165.071044921875,178.80082502503214,31490.999557171694,4.342608123896831,0.1701434520515669,1.2050275465948839,2164.00439453125,76.0,132.82105701402864,11.5796527000823,False,False,science_V_005.fits,79550.87250993267,261.51002842831315,304.19817162667505,-7.806234242362292,0.0035690549821332175,16.30782649367401,0.01566103480040552
199,109.58111855948086,124.10019923451301,329246.14266967773,442.4182434082031,744.1965777299431,329561.601608473,5.04519821808339,0.010045731353061527,1.0101476721412515,21380.00390625,190.0,132.82206004077995,11.580546063191182,False,False,science_V_005.fits,332238.8071503593,440.71319714718544,753.8662542919068,-9.358247771142402,0.0014401758850709917,14.755812964893904,0.015316787004263095
200,94.32626551079821,142.7923542778057,42289.730865478516,184.0144500732422,229.8174455791172,46771.77359256064,4.388778879947059,0.15610612663571588,1.184983125915324,3078.99658203125,78.0,132.82437443153964,11.583323740181635,False,False,science_V_005.fits,145062.11102889574,318.42510870128314,455.5611572860592,-8.458506857240042,0.002383214597284596,15.655553878796264,0.015434039308318909
201,86.36986099242995,146.9230581596551,445080.26330566406,500.9705810546875,888.4359284504128,447175.9701325959,4.992799476159933,0.051748608444298405,1.0545726680763416,29012.2578125,175.0,132.82558147955862,11.583937505062089,False,False,science_V_005.fits,509021.9691707205,532.0026840150944,956.8033855187808,-9.821463190804783,0.001134715884613359,14.292597545231523,0.015291090140758986
202,93.8385296243483,153.01172418309247,721707.4092712402,625.9147338867188,1153.0442889396154,722991.1860260123,5.0485094707248175,0.03309022857620059,1.0342226643624404,48793.7109375,189.0,132.82444855440897,11.584842445641694,False,False,science_V_005.fits,756108.480592347,638.5703205266904,1184.0645521525516,-10.25108214699635,0.0009169263601602368,13.862978589039956,0.015276472482349434
203,92.06614969268745,166.16858342762092,1188546.62008667,802.8616943359375,1480.3877535466927,1183576.9885622344,5.721158205985043,0.16272464015254207,1.1943502077765535,54258.5859375,307.0,132.82471760020292,11.586797678116277,False,True,science_V_005.fits,1169273.3164887852,783.5745397151069,1492.2298482463598,-10.724411971382672,0.0007275688804079975,13.389648764653634,0.015266277019291933
204,276.27449324750904,152.71090228905183,211044.16748046875,371.8345947265625,567.5753963551056,214572.44101073284,4.930051665114262,0.07503665821197147,1.081123926562235,14831.5556640625,154.0,132.79677274574274,11.584798748447596,False,False,science_V_005.fits,250742.89239741385,402.5005578956372,622.9628443457412,-9.052693452236818,0.0017428005696555509,15.061367283799488,0.015348198962080683
205,296.33860713018623,160.60652935089635,241033.6131591797,394.8784484863281,610.3995142888255,240271.52582019207,5.049780075935491,0.015152718212889993,1.0153858557495268,15112.8525390625,196.0,132.79372896357162,11.585972076641077,False,False,science_V_005.fits,238979.20631828962,388.6801952992821,614.8479114925747,-9.00052216015505,0.0017658025337752355,15.113538575881256,0.015350827865047208
206,280.1156517960953,161.73006376452437,574820.8406066895,571.605712890625,1005.6247298505914,573471.0516605596,5.082971976485551,0.018934436626712348,1.0192998687688195,38311.6171875,219.0,132.79619001800154,11.586139088926403,False,False,science_V_005.fits,585196.1494984843,569.5522287586405,1027.4670520979969,-9.972875523718749,0.001056676219235543,14.141185212317557,0.015285497119371707
207,469.41229062082607,167.16706253265392,20299.976959228516,157.5766143798828,128.82607637634416,21191.845662340937,4.3848026666478415,0.009988693082657596,1.010089473739204,1389.227783203125,76.0,132.76747320860642,11.586945295576669,False,False,science_V_005.fits,24211.349740722588,214.57277720250795,112.83514179374475,-6.51466937724127,0.009622002354413562,17.599391358795035,0.018030884250706147
208,475.617367919109,175.03874597670503,76792.5751953125,252.90773010253906,303.6387031909925,77544.43157278321,4.87865605722009,0.008385990227606333,1.008456909790465,5040.5439453125,132.0,132.76653174198444,11.588115008275196,False,False,science_V_005.fits,77416.84430342133,269.2806463633392,287.49501811193335,-7.7767105351838826,0.003776413264932798,16.337350200852423,0.015709587986372626
209,366.087171424038,179.1587460970738,1841663.1186218262,1000.265380859375,1841.174506149125,1835285.5765344724,7.468587778359745,0.41947623725999006,1.7225823716157753,53003.91796875,425.0,132.78314779246062,11.58872872185305,False,True,science_V_005.fits,1751899.0818718001,953.3871611700764,1837.552626282195,-11.16339458659973,0.000590840221102472,12.950666149436575,0.015260371873610918
210,399.1461954211449,185.3926001913805,1381195.5078125,866.6656494140625,1593.6889949962851,1372166.5894991895,5.410954852245722,0.000886025385994138,1.000886811123162,53711.12890625,317.0,132.77813254687578,11.589654808255908,False,True,science_V_005.fits,1364760.0910304834,846.0057239651777,1613.180682317296,-10.892262659444587,0.0006730182253611032,13.22179807659172,0.01526377447048046
211,354.76930348971337,188.90919078381864,23706.679077148438,169.94361877441406,139.49731827599288,24702.544615009356,4.603895688358826,0.059313027707728394,1.0630528852368328,1578.30078125,91.0,132.7848646752828,11.590177840489938,False,False,science_V_005.fits,21413.112985691503,212.88191433618334,100.5868114840225,-6.381321395410048,0.010793661554451954,17.732739340626257,0.018682424556413363
212,376.1576580893145,197.21427080253997,366925.80630493164,472.91180419921875,775.8863345063819,365461.9628885604,5.077553215899757,0.014074347381878072,1.0142752623836326,24711.09375,212.0,132.78161988664726,11.591411880786525,False,False,science_V_005.fits,360292.25563466427,463.89157991377147,776.6734108466372,-9.446259192050075,0.0013978848571840495,14.667801543986231,0.015312868432399178
213,391.024105049478,200.34586295420053,822647.6255493164,730.9265747070312,1125.4859982058372,819793.3053222407,5.727186834647222,0.17369303389903712,1.2102040053209648,48174.76171875,268.0,132.779364537017,11.591877118990851,False,False,science_V_005.fits,811143.3021358389,715.0480536581035,1134.3899168540115,-10.327365840114577,0.0009570783236604901,13.786694895921729,0.015278935056856666
214,71.79764704064016,194.81444719673397,274653.1502685547,408.6650695800781,672.073956677465,275038.7624161862,5.003145361097783,0.011914795062364147,1.0120584692522707,18486.3515625,181.0,132.82779280736216,11.591054493870121,False,False,science_V_005.fits,278326.52478575945,409.0810728164392,680.3700862265234,-9.166008366512349,0.0015957491694285418,14.948052369523957,0.015332197264767849
215,82.32311056651236,195.8127388008355,143852.96380615234,309.4939880371094,464.8005110487118,145847.62894616404,4.891956092715439,0.03212419045256598,1.0331904053554009,9611.412109375,145.0,132.8261960574209,11.59120299914858,False,False,science_V_005.fits,153429.6002956044,324.1798412897806,473.28544453958034,-8.51939475815999,0.0022939644827999865,15.594665977876316,0.01542051006297686
216,230.5076809808499,201.10745467495545,936101.561340332,712.3560791015625,1314.0921918164322,941254.1629004533,5.036026490998362,0.04473380601248955,1.046828628809484,58626.9375,222.0,132.80371573476447,11.591991007733562,False,True,science_V_005.fits,1154206.4082715635,779.8091533781557,1480.1139525889228,-10.710330577107253,0.0007335246033597356,13.403730158929053,0.015266562019582434
217,231.24041653506143,210.28542390563203,1303893.287536621,834.55615234375,1562.3793364590201,1322006.3727325161,5.3779886489783735,0.05674550191956518,1.0601592698842621,55413.4453125,250.0,132.80360459244346,11.59335495731136,False,True,science_V_005.fits,1410276.783080318,858.3237512162837,1643.059254834661,-10.927882764842195,0.0006607795773678611,13.18617797119411,0.015263239734862624
218,241.3524160454976,222.3353323312179,809831.7781982422,672.3994750976562,1204.3908542323384,805083.9348362909,5.182465760323456,0.038811555572774825,1.0403787163670104,51171.8984375,263.0,132.802070553386,11.595145722527821,False,False,science_V_005.fits,801794.2980454228,657.615702772349,1219.2444533566513,-10.314779282649129,0.0008904695010184418,13.799281453387177,0.015274907315144888
219,256.0148369475834,224.5422460952937,38613.785247802734,195.195068359375,197.82152065804564,39231.9586866996,4.654949538925056,0.02606831509620744,1.0267660612138134,2569.202392578125,104.0,132.79984615975778,11.595473701756982,False,False,science_V_005.fits,38625.357717012244,225.79353422590705,171.06494147156343,-7.021803160385586,0.006346712486266386,17.092257575650716,0.016516979655413773
220,483.6151367446846,221.66738757086435,1268320.2825317383,832.7171020507812,1523.1106451496812,1260114.510855245,5.32661981514288,0.005468772481630246,1.0054988444106239,55410.40625,302.0,132.7653175936054,11.595044399094133,False,True,science_V_005.fits,1253588.155856702,813.272219930664,1541.4127338120284,-10.800009074495078,0.0007043538542172175,13.314051661541228,0.015265188236833946
221,471.1824220232981,226.46342423127516,305425.9901123047,434.9812927246094,702.1589094077954,305344.4049663042,5.044138084512344,0.011387155840790308,1.0115183167081698,19400.6171875,186.0,132.76720363971114,11.595757361992282,False,False,science_V_005.fits,306668.217973501,433.31158661794825,707.7314049390768,-9.271293797906932,0.001534056553691382,14.842766938129374,0.01532589922529658
222,412.28202969130695,237.8506223671874,63206.15054321289,235.6036834716797,268.27318491737617,63982.80646557978,4.793926682304467,0.02567313117482173,1.0263496081205046,4293.85400390625,123.0,132.77613912057376,11.597450495929444,False,False,science_V_005.fits,63668.22424692818,256.33821080663137,248.3758626799353,-7.564428717150516,0.004371197701280121,16.549632018885788,0.0158630774724736
223,400.46562390733493,242.84985367484603,169539.81298828125,335.96673583984375,504.6327356322006,171674.09575558532,4.931081268350787,0.030569614226302222,1.0315335837156627,10811.3828125,145.0,132.77793170908478,11.598193578688699,False,False,science_V_005.fits,194564.4203662743,362.51211203174785,536.7115026193521,-8.777280435462785,0.002022874476700014,15.33678030057352,0.015382518607253728
224,401.0154227129612,253.99641522336913,1104485.820678711,777.7860107421875,1420.0381665707466,1100441.3587982915,5.427721893138454,0.10201037547326519,1.113598612597587,52602.03515625,271.0,132.77784816833676,11.599850075122085,False,True,science_V_005.fits,1094072.9687002439,763.2791369746348,1433.3851348757644,-10.652237594132849,0.0007574377420162801,13.461823141903457,0.015267729676905258
225,386.71554277234543,261.3344141842802,88905.33544921875,265.3772277832031,335.0149377619128,89508.6974574332,4.838627610477095,0.01948461327831663,1.0198718077678135,5756.34765625,134.0,132.7800175199506,11.600940740353115,False,False,science_V_005.fits,86786.56823674889,279.6169709191559,310.3766125191343,-7.9007531630176775,0.0034980084072316116,16.21330757301863,0.01564499665615451
226,129.53619891609154,244.12725590282034,791806.7593994141,658.7080688476562,1202.060209744509,800955.5571272571,5.066543523321945,0.0433944566068617,1.045362957497548,50649.61328125,223.0,132.819034088276,11.598383629197034,False,False,science_V_005.fits,873698.4749017177,683.1315344783567,1278.960830828691,-10.40802581809783,0.0008488922989897436,13.706034917938476,0.015272539922662075
227,140.5169752502897,250.1507266392252,2337445.770477295,1111.36669921875,2103.217391811752,2335526.2320014914,7.213279947422747,0.38353818270458906,1.622160484143653,52365.765625,386.0,132.81736826301199,11.5992788880571,False,True,science_V_005.fits,2267553.339008311,1078.9077486456138,2101.7119784845745,-11.443515653133659,0.0005165788705181368,12.670545082902647,0.015257677126072913
228,171.71539965309566,250.32912647243776,56542.2783203125,221.0484619140625,255.79132209612283,57337.17280756497,4.828619662603113,0.002911762459166023,1.0029202655788492,3730.29443359375,118.0,132.8126351717546,11.599305644336365,False,False,science_V_005.fits,58460.68504064886,245.0251011221008,238.5905965263402,-7.471781624295025,0.0045504727168915885,16.642279111741278,0.015913411309370393
229,178.40367358930712,262.46846434976385,1193766.7203674316,797.4736938476562,1496.9355473128376,1222091.8719137274,5.205783227620632,0.11586443493650422,1.1310482685177168,52461.21484375,222.0,132.81162057309692,11.601109727091151,False,True,science_V_005.fits,1618256.8071025882,916.9149688644147,1764.8929966829692,-11.077240480361244,0.000615164773184845,13.036820255675062,0.015261333010330074
230,171.3030304793319,267.40548107999365,1494947.3745422363,892.9658203125,1674.1372855895743,1515073.5783040288,5.914505184479587,0.17030702997627556,1.2052651235208198,52153.38671875,284.0,132.81269784746317,11.601843377581348,False,True,science_V_005.fits,1750352.2340196362,953.2177198668011,1836.2564999989966,-11.162435507039714,0.0005912572671631623,12.951625228996592,0.0152603880261937
231,153.4162260247605,273.93090821000885,931884.6134033203,718.53759765625,1296.9183748254409,924975.4368021935,5.205133502917145,0.0098955600053523,1.009994460791839,51454.51171875,288.0,132.81541152130583,11.602812997388371,False,False,science_V_005.fits,917133.4425112593,701.0154477970323,1308.2927707133788,-10.460703198848424,0.0008298601232872329,13.653357537187881,0.015271493881681815
232,137.4183386790582,280.3082516866428,427749.7787780762,502.849853515625,850.6510955258432,425543.01770258555,5.077230356860148,0.005391047060664733,1.0054202679804287,27161.650390625,224.0,132.8178386415409,11.603760602693633,False,False,science_V_005.fits,424326.64230894676,492.39529198395985,861.7601533094462,-9.623872626003445,0.0012598633109578694,14.490188110032861,0.01530088602389811
233,101.35766240073032,274.0313853460751,786566.835144043,655.2147827148438,1200.4717474244853,785547.8068372062,5.423188718331609,0.17641042878218538,1.2141970162654356,53109.625,211.0,132.82330939264574,11.602827403628453,False,True,science_V_005.fits,824482.4656168782,664.5985085237996,1240.5722478195316,-10.345075433735085,0.0008751606380912198,13.768985302301221,0.015274022511980498
234,110.30055916412385,273.52026452802266,269845.20568847656,400.8166809082031,673.2384617252936,278798.15419831907,4.852709052361308,0.07820768221858876,1.0848430614032678,17014.55078125,150.0,132.8219526485501,11.602751550980525,False,False,science_V_005.fits,439181.0842987211,499.5137704609819,879.217171317255,-9.661230940569503,0.0012348484941136781,14.452829795466803,0.015298846634875376
235,283.2024076342277,274.59571298814376,369791.94552612305,474.7052307128906,778.9927761503416,367980.1196183895,5.064571838740862,0.006970305624462325,1.0070192318154652,24076.19140625,218.0,132.79572149321845,11.602912171641046,False,False,science_V_005.fits,366686.0969616679,464.42988745667026,789.5402661739301,-9.465357983634963,0.0013751040276403434,14.648702752401343,0.015310805616977034
236,274.5433826830608,292.2619319840677,964154.1103820801,732.4256591796875,1316.384944052789,957149.8275653298,5.20257749564923,0.002595581108229106,1.0026023356815614,52357.97265625,293.0,132.7970351374961,11.605537584417263,False,True,science_V_005.fits,953782.3555419758,713.7015662918601,1336.3882056438383,-10.503245083938387,0.0008124136350611813,13.61081565209792,0.015270555768159066
237,465.1413695453926,283.90490937243584,1684590.7341918945,966.2490234375,1743.4333110100774,1674134.929069672,6.778452722540886,0.3042907776423256,1.4373821244041023,55842.5546875,425.0,132.76811913702176,11.604293905436734,False,True,science_V_005.fits,1579002.5122997907,910.3105821492223,1734.5755869077148,-11.050578926542736,0.0006259167995875657,13.06348180949357,0.015261770192019953
238,497.71868620636053,284.02394895448623,504285.08169555664,548.5750122070312,919.2636749288179,500974.414163487,5.134841883491892,0.005948689908743532,1.0059842885858652,33328.9375,245.0,132.76317676400913,11.604311012161176,False,False,science_V_005.fits,497694.673007787,533.1603925893838,933.4802058169558,-9.797029354966128,0.0011630669758549682,14.317031381070178,0.01529322014306821
239,481.90465159304046,289.0122945942391,229718.37213134766,391.2981262207031,587.0673962843871,229192.06995943558,5.11936927780518,0.01764845121010028,1.0179655147201023,15783.99609375,192.0,132.76557585188266,11.60505262953423,False,False,science_V_005.fits,217907.6826336401,385.7466224723806,564.8984850132869,-8.900303229447475,0.0019219382398847531,15.21375750658883,0.015369570721134476
240,476.9562250453971,300.33331775171666,188342.67126464844,363.22271728515625,518.5321905864873,192132.8070994774,4.85013816834311,0.19259013415822657,1.2385283389588506,13571.4736328125,139.0,132.76632638676756,11.606735146968388,False,False,science_V_005.fits,430944.42187636334,513.1561342288653,839.7920109129283,-9.64067503303429,0.0012928201100886256,14.473385703002016,0.015303634907794695
241,473.0977660263328,308.22277596157846,1307346.497467041,841.1514282226562,1554.234414401994,1306507.065376333,5.364165162934499,0.0171705718119195,1.017470551165297,55293.76953125,269.0,132.76691162753897,11.607907675117643,False,True,science_V_005.fits,1328778.174712394,837.6894591782709,1586.241966105023,-10.863253089491845,0.0006844479109740798,13.25080764654446,0.015264282704957334
242,462.8429945134159,320.2740262149046,841558.70703125,688.146728515625,1222.9349819718595,836040.401461211,5.1628987730070435,0.0025865337263611954,1.0025932412322691,54378.8671875,263.0,132.7684672175684,11.609698797418616,False,True,science_V_005.fits,830418.5600207539,671.9927891916782,1235.7551649023521,-10.352864491994163,0.0008785720916536009,13.761196244042143,0.015274218358863913
243,446.9931613606799,325.5014645774318,345418.1254272461,462.7943115234375,746.3750457307705,343937.64237636887,5.057454534452091,0.00387708234244466,1.0038921726161685,22089.017578125,207.0,132.77087179353416,11.610475903649563,False,False,science_V_005.fits,341876.40655022586,454.11961904334925,752.8333774048883,-9.389294700187087,0.0014421517862857583,14.72476603584922,0.015316972916627817
244,371.4014424596295,287.0302295377901,131307.79803466797,307.7561340332031,426.66183875477674,131869.35672571807,4.922792284037988,0.009930605367666767,1.010030211439224,8652.302734375,150.0,132.78234058418488,11.604759574166655,False,False,science_V_005.fits,131764.45986840827,316.1208872130125,416.8166837378927,-8.3541175892831,0.0026047421860942643,15.759943146753207,0.015469794420419488
245,366.82395055713766,298.1322789567026,219165.6693725586,378.8013000488281,578.5768669334233,219244.0083614832,4.9931731361727225,0.01102261871420085,1.0111454709913286,14965.677734375,175.0,132.78303494581073,11.606409503325974,False,False,science_V_005.fits,218273.5080156437,378.38810187101654,576.8508759560519,-8.90212444486669,0.0018821155436413266,15.211936291169616,0.01536464176196891
246,35.60623666433642,313.17277886053114,396322.87240600586,488.64532470703125,811.0644927251118,396057.4015752414,5.959896201868991,0.25682636640865697,1.3455805679859207,21518.65234375,240.0,132.83328531694386,11.608643277962173,False,False,science_V_005.fits,390183.36275859247,473.26370702984906,824.4523232244879,-9.532793742375373,0.0013168742077816643,14.581266993660932,0.01530568571587511
247,49.424584235354835,314.215867691813,320310.78454589844,440.9454650878906,726.4181398986677,319261.5929395328,5.080556680349258,0.022373079351287295,1.0228850892694745,20521.158203125,202.0,132.83118889201373,11.60879852502554,False,False,science_V_005.fits,318273.491106742,434.2465318299862,732.9327185768997,-9.311623043751638,0.0014813092286397743,14.802437692284668,0.015320709336870672
248,216.52299241875414,321.9080419544599,62211.39083862305,237.1448516845703,262.3349838577617,62824.1382811462,5.0606081141044745,0.1383435559732311,1.1605553546686331,3965.678466796875,138.0,132.80583766284903,11.609943282173202,False,False,science_V_005.fits,61515.86337367069,249.95896393086696,246.10385003309824,-7.527089683287399,0.004411552277032584,16.586971052748904,0.01587424489690814
249,223.08059619150816,333.5050452984803,27638.03189086914,173.0426788330078,159.71800758783212,28369.464821458427,4.480653794785622,0.03332353166512281,1.0344722694269401,1867.20556640625,88.0,132.8048428049238,11.611666743937231,False,False,science_V_005.fits,27366.652372394783,214.05169279223549,127.85067016011696,-6.647676062933909,0.008491938279559245,17.466384673102393,0.017454021694092926
250,414.585000679426,323.6601344442281,858764.6625366211,692.533203125,1240.0339199066775,853723.5639238975,5.135451507222368,0.009323531892340586,1.0094112782452076,52964.87890625,253.0,132.77578863454963,11.610202712751931,False,True,science_V_005.fits,850640.2039785669,678.4731933859917,1253.7565408197745,-10.378986636566607,0.0008659575959540838,13.7350740994697,0.015273497965823462
251,403.7494606645772,331.736950989413,351062.88806152344,463.4041748046875,757.5738570104318,350338.4493402678,5.061366710842526,0.00813726896472411,1.0082040273417983,23133.53515625,198.0,132.7774324543308,11.611403149591549,False,False,science_V_005.fits,349782.71762336907,457.8676910014355,763.9384138643502,-9.414117743199531,0.0014211878605606865,14.699942992836775,0.015315013303586382
252,417.9405246404622,338.00577431262076,70425.67150878906,245.6109161376953,286.7367322929033,70924.31287634451,4.840948516178767,0.020479555974214914,1.0209077371474196,4816.916015625,126.0,132.7752793615264,11.612334591097037,False,False,science_V_005.fits,69451.8032939688,264.87275648940715,262.20817955940413,-7.658830690385976,0.004140603095694165,16.455230045650328,0.015801090201315062
253,467.6708657087941,346.31518397762693,885913.3298950195,696.8701171875,1271.2746723456582,891746.2376175963,4.989151965449399,0.09604024422321922,1.1062439379734235,54609.73828125,211.0,132.76773430985656,11.613568721646764,False,True,science_V_005.fits,1299368.1204426675,827.7256775039962,1569.8052576560237,-10.838952392270498,0.0006916144500758826,13.275108343765808,0.015264605730302258
254,464.9310429613682,352.2164232850455,595635.4622802734,576.7603759765625,1032.7260454946336,628142.5255325476,4.764850086588966,0.1724637521220438,1.2084062813735241,41875.5234375,172.0,132.7681498876693,11.614445757051147,False,False,science_V_005.fits,1183546.1051114376,791.8845839341258,1494.594198603433,-10.73758482544821,0.0007264179139825991,13.376475910588097,0.01526622220917073
255,246.58049196605836,348.94630206299723,508749.6389465332,537.8482055664062,945.89818034397,516421.30442748655,5.024173544027658,0.048999661576012654,1.0515243366340077,33055.38671875,188.0,132.8012775032241,11.613961523688138,False,False,science_V_005.fits,553770.9137374896,556.6594292530492,994.8109825078584,-9.912947226855845,0.0010913631022277377,14.20111350918046,0.01528793416308845
256,273.24110497483196,354.2903640354677,1386050.3045654297,866.7745361328125,1599.089782620299,1377164.4040507304,5.452265680498144,0.005408754427513096,1.005438168143537,52477.6328125,310.0,132.79723261823486,11.614755700252822,False,True,science_V_005.fits,1367313.0436582481,846.9111712939048,1614.4704309063218,-10.894291766109827,0.0006724805727104685,13.219768969926479,0.015263750773472941
257,255.46445136820017,352.9328630052338,695663.2424926758,629.28857421875,1105.4757244819336,702555.8759736406,5.943205919506624,0.2583722752624361,1.3483854050276574,40063.16796875,258.0,132.79992965244276,11.614553973701959,False,False,science_V_005.fits,712441.0700311513,624.3023111254234,1141.17961336206,-10.186494242167774,0.0009513839778484914,13.927566493868532,0.015278579417842799
258,234.89762736963934,356.3319819530555,431590.5830078125,506.123291015625,852.7380396617402,430014.8514997971,5.084123336533252,0.00270538779109164,1.002712726768973,28480.0234375,218.0,132.80305000828005,11.615059104511898,False,False,science_V_005.fits,428914.86274507584,496.6527792807817,863.6111195555993,-9.635549613189141,0.0012571630626510278,14.478511122847165,0.015300663924160837
259,301.71592037696576,357.3885579900136,518564.57205200195,541.7977905273438,957.118284936658,532648.181594122,4.955380488816891,0.07824125537321802,1.0848825745666213,32995.484375,180.0,132.7929124712177,11.615216052992988,False,False,science_V_005.fits,758722.3163672402,643.0500069030331,1179.8807374581827,-10.254829019526658,0.0009201777480823391,13.859231716509647,0.01527666798232156
260,286.6164691996176,362.0194811390406,1432515.5323486328,880.460693359375,1627.006796729229,1423681.0970954602,5.50420599509716,0.015722618986693915,1.0159737684620036,52145.95703125,311.0,132.79520331813356,11.615904306430338,False,True,science_V_005.fits,1412150.8648507118,860.2446865354042,1641.568831465945,-10.92932461489587,0.0006613795164656324,13.184736121140435,0.015263265719328322
261,309.04763361383,358.61697824540033,528120.8856201172,546.885986328125,965.6873623074537,537283.5082150344,4.90701823527085,0.09771311948921402,1.1082949576235648,34275.828125,183.0,132.79180011289128,11.615398580610663,False,False,science_V_005.fits,762939.2686496584,644.6093486378012,1183.5684205665243,-10.260846795795509,0.0009173107199669296,13.853213940240797,0.015276495557260149
262,18.270013932019467,381.9642307554754,963828.4766235352,725.3842163085938,1328.7144315440994,959349.9859924227,5.137437928457088,0.0057980936024227825,1.0058319075482685,56514.28125,256.0,132.83591678689828,11.618866136365101,False,True,science_V_005.fits,959013.1498870923,713.3591685005763,1344.3622683126944,-10.509183279569864,0.0008075948169555959,13.604877456466442,0.015270300158883464
263,12.106923960050432,393.6733331377,795898.5958251953,662.8494873046875,1200.7229560688338,792446.9418557839,5.089923356220627,0.01150712260368525,1.0116410779144862,52960.40234375,239.0,132.83685208029394,11.620606121375031,False,True,science_V_005.fits,793467.4200858409,653.0363276933813,1215.0433083692028,-10.303444622160553,0.0008935483966058759,13.810616113875753,0.015275087112389892
264,368.97184092230293,397.03663039420405,1120977.729888916,781.2899169921875,1434.7781860598684,1119528.2447087378,5.189240055357401,0.03102532501894706,1.0320187160924033,53349.3359375,251.0,132.78270817186402,11.621107768091546,False,True,science_V_005.fits,1135830.0317086026,776.1211154865769,1463.4700809505896,-10.69290524250084,0.0007418668916653145,13.421155493535466,0.015266965122085396
265,361.3595043495562,404.31627696459515,688392.004119873,622.0271606445312,1106.6912309851164,688824.1299299599,5.056622933580794,0.03780663529452166,1.0392921388582783,43486.59765625,215.0,132.78386306219664,11.622189670738127,False,False,science_V_005.fits,725313.9267140492,630.2693995914309,1150.7998439781948,-10.205936915058402,0.000943430784841653,13.908123820977904,0.015278086241405033
266,253.29459301554402,422.16877030403805,431705.52923583984,524.3306884765625,823.3459126532454,437824.09133974975,4.8466054773773966,0.11869582685318725,1.134682020657372,27544.173828125,174.0,132.80025886780373,11.624843197463795,False,False,science_V_005.fits,742213.4587785961,646.2068893561099,1148.5693993732389,-10.230943937230583,0.0009452628640397821,13.883116798805723,0.015278199482797556
267,255.03484483434983,429.75284612465356,842595.5589599609,669.6766967773438,1258.212452388962,863411.9828859911,4.966799312441309,0.04740006823188769,1.0497586307232973,51406.23046875,143.0,132.79999483112266,11.62597027529186,False,False,science_V_005.fits,1214067.216898409,801.4552838217338,1514.8283895629686,-10.765228704397941,0.0007167148486788177,13.348832031638365,0.015265763581568382
268,264.01317246358957,428.0931134593949,80629.18661499023,256.17034912109375,314.74831842024065,83906.29531820286,4.623601757452159,0.07925550352296062,1.0860776293816674,6188.24072265625,99.0,132.79863260579356,11.625723617405352,False,False,science_V_005.fits,188068.7354150009,366.67863418844274,512.8979926284687,-8.740413384909271,0.0021167951826757407,15.373647351127035,0.01539515116520205
269,251.8097769141103,436.1530012184085,345313.87130737305,453.2756652832031,761.81868508565,363610.16453748965,4.752647874807064,0.17011429901784314,1.2049852152127882,24807.4296875,161.0,132.80048415253071,11.626921408845426,False,False,science_V_005.fits,761783.6312822099,646.2469446479809,1178.781017985568,-10.25920096550106,0.0009210362089604776,13.854859770535246,0.015276719715051366
270,248.00673921041806,453.7713399075465,551358.633972168,567.4270629882812,971.6819481053813,548577.9732981941,5.1838013553355955,0.09122601207062175,1.1003836083364118,53926.4453125,244.0,132.80106117601701,11.629539687561595,False,True,science_V_005.fits,545746.8499053965,553.523513901176,985.9506167299553,-9.897099968055436,0.0011011707701962577,14.21696076798087,0.015288637435008962
271,288.4808913221393,424.8940585651822,364988.99432373047,475.9716796875,766.8292251407995,372036.233433243,4.754628203935213,0.18219856535839507,1.2227907137852383,26903.00390625,152.0,132.79492028095257,11.625248161171447,False,False,science_V_005.fits,779566.5853006891,661.741756262628,1178.052583085447,-10.284254913050784,0.0009216057208214208,13.829805822985522,0.015276754061602012
272,293.793317016129,429.40029322214764,746190.7674255371,642.1213989257812,1162.0711732607817,758872.4272625368,5.003437743032556,0.06074844503852039,1.0646775027601756,47417.06640625,202.0,132.7941142471822,11.625917822349878,False,False,science_V_005.fits,960996.8947047426,726.1192491153154,1323.4697962842824,-10.511426834849157,0.0008203436172462456,13.602633901187149,0.015270979706763397
273,328.43676854597305,428.42075866465916,484244.20721435547,525.3787841796875,921.704914237147,486173.5275544283,4.897191668112116,0.07401936612149906,1.0799361924141615,28991.046875,172.0,132.78885801585753,11.625772098492122,False,False,science_V_005.fits,693358.3060042114,617.6022901918391,1122.6614878465575,-10.157016180289915,0.0009670769076460836,13.957044555746391,0.015279564630555582
274,349.7578161782274,434.5747911284268,839660.0518188477,687.588134765625,1221.1671629631287,834262.8754946007,5.126045906508393,0.004469296320732008,1.00448936060356,53340.32421875,266.0,132.78562305952357,11.626686513677807,False,True,science_V_005.fits,831698.4490349676,671.3488892961237,1238.8468384999676,-10.354536603052402,0.0008763795218742277,13.759524132983904,0.015274092399235488
275,330.13557107289006,436.72245183931244,929141.9888916016,715.4068603515625,1298.7602445341468,929690.4336369571,5.0904619010077425,0.059132516911761024,1.0628489324741763,53743.9609375,239.0,132.7886002167788,11.627005812044729,False,True,science_V_005.fits,1032200.6564090475,742.0553430268441,1391.0022562450674,-10.589032201329939,0.0007805163472062125,13.525028534706367,0.015268892013577113
276,124.16463164006159,440.59493588442285,149145.24197387695,325.412109375,458.32726465014315,156204.3717868746,4.785931293674598,0.10959305340949077,1.1230819838379942,11045.1005859375,134.0,132.81985107903387,11.627580851075425,False,False,science_V_005.fits,211020.72063647534,379.5017836441156,556.046716329438,-8.865434628591501,0.001952533785590708,15.248626107444805,0.015373426610157412
277,119.3511577102598,445.8679022643317,119878.86672973633,288.0909729003906,416.11462352617775,121738.96242719062,4.81490438715265,0.09224987767612658,1.1016247482731962,7720.51171875,129.0,132.8205814597977,11.628364421360084,False,False,science_V_005.fits,198284.061847966,370.3322232025028,535.4221140501228,-8.797841391151938,0.0020277459064725217,15.316219344884368,0.01538315998146151
278,434.92633227560003,444.3951623150842,482458.7875366211,537.759765625,897.1641583782184,479774.19557770854,5.0971413437208755,0.007202137515188278,1.0072543845905977,31570.259765625,234.0,132.77270078921694,11.628145001735904,False,False,science_V_005.fits,477761.147478969,524.2031329445286,911.4046014859011,-9.752648946859944,0.0011912382252952617,14.361411789176362,0.015295388392042466
279,415.45322910514005,450.9935526291215,1169947.5587768555,804.3651123046875,1454.4981388174479,1161728.8600898185,5.252785794696728,0.0015012271289338575,1.001503484200203,56027.66796875,304.0,132.77565526052544,11.629125858398096,False,True,science_V_005.fits,1157376.0679092836,783.759038856161,1476.6988456023284,-10.713308118612053,0.0007352209986709617,13.400752617424253,0.015266643621664506
280,12.343695487010732,451.58853406847453,986949.4614257812,766.989501953125,1286.7835334284657,1009179.052485212,4.958768504755607,0.08400121028586982,1.0917044992080016,59622.32421875,211.0,132.8368172924597,11.629212964872243,False,True,science_V_005.fits,1354718.1542640317,861.4104319866755,1572.6744232010726,-10.88424425084938,0.0006903526782041327,13.229816485186927,0.015264548613513812
281,15.902480255713817,459.02087556240195,1367337.5063781738,845.1263427734375,1617.9089884844961,1375016.4628658919,5.038077669869065,0.12279490276843963,1.139984255855304,60220.17578125,175.0,132.83627747740334,11.630317560882965,False,True,science_V_005.fits,1864880.0561160997,981.4747754610676,1900.0794546554034,-11.231249135123766,0.0005713971578082779,12.88281160091254,0.015259631459048222
282,20.716916606864025,466.17849280611176,1101865.066619873,768.292724609375,1434.1735009661807,1110686.0033491857,5.095234145076342,0.06784104745381292,1.0727784110944871,60153.97265625,225.0,132.83554713691169,11.631381352227379,False,True,science_V_005.fits,1379409.4212956377,849.262913164179,1624.2430935271173,-10.903854843721144,0.0006684344260577113,13.210205892315162,0.015263573046176374
283,24.200775282488863,482.0229246264759,1488168.9170532227,893.9965209960938,1664.6249533444495,1478183.4767414136,5.377242120608526,0.0007600670334985127,1.00076064517482,60460.3984375,315.0,132.83501883781636,11.633736073924167,False,True,science_V_005.fits,1471172.0314722427,875.2300501025419,1680.8975323686386,-10.97378052382487,0.0006459049282261036,13.140280212211437,0.015262603012930972
284,92.5986308253577,464.92638514653834,521704.8717956543,550.0940551757812,948.3921283769278,518658.37718557735,5.112009043043879,0.0006105492013727121,1.0006109221994337,33851.29296875,236.0,132.8246407407352,11.631196406406692,False,False,science_V_005.fits,516371.40847487986,537.8840623789508,960.0050356410917,-9.837027342392883,0.0011309315677442975,14.277033393643423,0.015290809781203328
285,105.56282684201861,472.4992737135702,276656.7287902832,413.1871032714844,669.567676725152,278300.3299582089,5.061396625484905,0.025018380539016727,1.0256603612208075,16747.208984375,182.0,132.82267381777936,11.63232198173719,False,False,science_V_005.fits,275367.0773491408,415.88936446329825,662.1161801155932,-9.15440191191596,0.0016397424388729738,14.959658824120346,0.015336838423216955
286,116.83448986246245,476.4384965900786,947306.1148681641,722.6412353515625,1310.8940765154412,941890.3894933246,5.297097508686974,0.08452859018525649,1.092333402527952,56042.54296875,271.0,132.82096364283402,11.63290752241422,False,True,science_V_005.fits,930033.09258579,707.70164660553,1314.1598540100426,-10.475867878951819,0.0008261552022663625,13.638192857084487,0.015271293002632573
287,131.48219525376757,489.09840418760325,1500180.7500305176,917.6228637695312,1634.8554610636868,1488422.8250224823,5.4643285542001605,0.0013644041979484767,1.0013662683402074,57288.9296875,355.0,132.81874130776714,11.634789076676508,False,True,science_V_005.fits,1478732.4560362333,892.2496501807756,1657.3079695090187,-10.97934588682595,0.000655098521201006,13.134714849210356,0.015262994844607088
288,105.2339831511488,491.7105165629184,1265682.5322265625,831.8850708007812,1521.4632124702073,1255497.1962015838,5.3352484903533055,0.005214811102522421,1.0052421479136637,57134.828125,332.0,132.8227239447987,11.635176980763474,False,True,science_V_005.fits,1247861.2934389922,809.9789385799879,1540.6095566221468,-10.795037658637074,0.0007047210601370307,13.319023077399232,0.01526520518455692
289,400.0403219414383,481.62350513786737,42291.070404052734,202.1981658935547,209.156548068376,43844.69130020603,4.669717984070761,0.06130418061760934,1.0653078232072495,2812.224609375,97.0,132.77799343346044,11.63367799472765,False,False,science_V_005.fits,54386.48172722646,276.1865405145381,196.91937784478543,-7.393349286850443,0.005513423878759986,16.72071144918586,0.01621504549549287
290,410.1744112479926,488.1717427242908,1262588.2005615234,843.4102172851562,1497.003681821231,1253635.3827445135,5.2985475732640035,0.003536432063049544,1.0035489827996134,57449.7421875,304.0,132.77645572597677,11.634651014440754,False,True,science_V_005.fits,1248371.8701921764,812.2413162010357,1536.9470196751174,-10.79548180919324,0.000706400406846488,13.318578926843067,0.015265282804089012
