id,x,y,flux,flux_err,snr,kron_flux,fwhm,ellipticity,elongation,peak,area,ra,dec,flag_edge,flag_saturated,frame,flux_aper,flux_aper_err,snr_aper,mag_inst,mag_inst_err,mag_calib,frame_index
1,322.0,1.2211584625678376,235.29412841796875,21.837186813354492,10.774928585310038,235.29412841796875,2.4709156701241217,0.1481595111721451,1.1739287027504584,235.29412841796875,20.0,,,True,False,starfield_photo.fits,235.29412841796875,46.91593102622209,5.015228799071663,-5.9290277245752785,0.2164806519297718,,0
2,337.2015922711261,1.0378840095945745,480.3921785354614,33.08456039428711,14.5201318322009,480.3921785354613,3.0061863015479835,0.4024952629270533,1.6736268985896163,235.29412841796875,39.0,,,True,False,starfield_photo.fits,480.3921785354614,49.81236834673527,9.644034091925416,-6.703989819649081,0.11257737059525905,,0
3,362.0,1.2211584625678376,235.29412841796875,21.837186813354492,10.774928585310038,235.29412841796875,2.4709156701241217,0.1481595111721451,1.1739287027504584,235.29412841796875,20.0,,,True,False,starfield_photo.fits,235.29412841796875,52.974452351029,4.44165287181866,-5.9290277245752785,0.2444360312100333,,0
4,389.5,0.6643475753064817,470.5882568359375,24.530092239379883,19.18412096634798,470.5882568359375,2.3843671073665513,0.41379973991468055,1.7059016655066879,235.29412841796875,18.0,,,True,False,starfield_photo.fits,533.2896619801371,49.39686296848986,10.796022863239742,-6.817407912008159,0.10056481111176492,,0
5,498.45343144432815,12.213769109700415,1163.1359586715698,79.671875,14.599078516371929,1163.1359586715698,3.4177885442850453,0.08288335734497243,1.0903738450378868,235.29412841796875,83.0,,,False,False,starfield_photo.fits,1163.1359586715698,109.52808237654122,10.619522714484143,-7.664076205672697,0.1022362331330763,,0
6,326.1667554787173,17.878133201308913,41102.54261779785,182.7596893310547,224.89938983942926,41102.54261779785,4.797166870142335,0.02519351606082454,1.0258446332435316,3058.823486328125,166.0,,,False,False,starfield_photo.fits,41102.54261779785,182.6582423333309,225.02429724901384,-11.534671720792605,0.0048248123125946485,,0
7,357.78160551408007,17.708387703214118,3533.89026927948,91.38584899902344,38.66999440271375,3533.890269279481,4.197424516632097,0.17756299769592354,1.215898600377265,235.29412841796875,120.0,,,False,False,starfield_photo.fits,3533.89026927948,96.07501275050326,36.78261566778682,-8.870632650288009,0.02951666107179065,,0
8,277.90185542676016,30.747274691233685,2298301.5011281967,1242.908935546875,1849.131046850953,2285580.7388122696,5.862817504214428,0.001979412768318811,1.0019833386140955,60000.0,522.0,,,False,True,starfield_photo.fits,2260411.7318493305,1228.6666174759819,1839.7274734238617,-15.885468881700254,0.0005901417550608386,,0
9,243.59281040031848,29.972961422894457,1676504.846698761,1061.9818115234375,1578.656836216221,1669192.7807684,5.451100533864616,0.003560454360533538,1.0035731764923568,60000.0,429.0,,,False,True,starfield_photo.fits,1659544.5280455162,1053.137510604083,1575.809912129705,-15.549972274168002,0.000688979039694374,,0
10,195.7524794322655,29.533823309325747,251719.07104492188,414.5010986328125,607.2820358623663,251719.07104492188,4.991108510452552,0.006037541266108448,1.0060742145873387,16000.0009765625,248.0,,,False,False,starfield_photo.fits,251717.87160690903,412.9427368743162,609.5708899307319,-13.502285127316753,0.0017810889888842504,,0
11,174.92405334399658,38.81274386222218,139700.6989440918,307.42498779296875,454.4220687687605,139700.6989440918,4.933156250510168,0.02247972749414162,1.0229966867454474,9411.7646484375,201.0,,,False,False,starfield_photo.fits,139700.6989440918,306.55282706312437,455.71492614330083,-12.862996447404331,0.0023824104450302745,,0
12,433.27685624082955,41.58444070700624,203791.53609085083,381.5066223144531,534.1756189041396,203654.40590136521,5.372927427155318,0.005169966155620931,1.0051968336094985,12235.2939453125,332.0,,,False,False,starfield_photo.fits,203081.28830381285,372.454257944316,545.2516221043569,-13.269174774529152,0.001991190775022042,,0
13,61.38623281704867,44.003315029797854,92746.81687164307,266.9026184082031,347.49309476535484,92746.81687164307,4.608373625920658,0.04859543377569164,1.051077570468833,7294.11767578125,168.0,,,False,False,starfield_photo.fits,92746.81687164307,266.8886208268877,347.5113198318094,-12.418247533216281,0.003124214775292683,,0
14,374.4086242916223,62.65904768625754,1326089.110572815,947.171142578125,1400.0522724576524,1321315.831899789,6.202611859686878,0.25576976747337943,1.3436702196376182,60000.0,512.0,,,False,True,starfield_photo.fits,1295301.7272915416,930.6987564040909,1391.751862112887,-15.280927361650381,0.0007800959564384886,,0
15,179.3182766845489,60.39974855398056,30080.286849975586,154.9993133544922,194.06722648622494,30080.286849975586,4.445614531348102,0.025530860197073735,1.026199762675129,2352.941162109375,129.0,,,False,False,starfield_photo.fits,30080.286849975586,156.975475048174,191.6241173389938,-11.195704933586208,0.005665779522310002,,0
16,148.86286129237584,68.2628634614477,441292.2082710266,540.2872314453125,816.7733431170192,441283.93709146965,5.012217327229666,0.014117567551926613,1.0143197272689715,29176.470703125,264.0,,,False,False,starfield_photo.fits,441276.2850115151,538.8041529740096,818.9919891593727,-14.111776470751543,0.0013256539921890824,,0
17,474.6312493881866,82.96227941616472,580089.1361293793,625.4445190429688,927.4829636640025,577054.3932059631,5.4379138034202334,0.05434824518609638,1.0574717330237404,35764.70703125,439.0,,,False,False,starfield_photo.fits,571562.768785146,609.7772214043946,937.3304687714705,-14.392659828473578,0.0011582894573170046,,0
18,168.78839746552413,78.4797034848653,34458.71469116211,159.78907775878906,215.6512521035984,34458.71469116211,4.419523441490982,0.018873776392213104,1.0192368483667786,2588.2353515625,135.0,,,False,False,starfield_photo.fits,34458.71469116211,161.40961704951957,213.48613125443677,-11.343247685613296,0.005085576255565016,,0
19,136.1385697346248,92.55795645950593,133277.1314086914,298.9571533203125,445.8067984942776,133277.1314086914,4.752272494801697,0.01723739540038982,1.0175397347433794,8470.5888671875,184.0,,,False,False,starfield_photo.fits,133277.1314086914,298.51614534312193,446.46540392480057,-12.811889091557155,0.0024317673675402353,,0
20,57.34348481677032,95.56646640194654,256188.10121154785,410.4188232421875,624.2113828691811,256188.10121154785,4.865350216675026,0.005211354009195701,1.0052386544922869,16470.58984375,214.0,,,False,False,starfield_photo.fits,256188.10121154785,409.51206575168715,625.5935359103455,-13.521397387114861,0.0017354718961731614,,0
21,177.24030437965865,100.18811455306897,1405468.2456207275,971.6300659179688,1446.5055116351105,1402211.8918069242,5.233611726227819,0.005730750306330523,1.0057637810966156,60000.0,357.0,,,False,True,starfield_photo.fits,1397740.8643403985,966.7645488991265,1445.7924278791907,-15.363566655958472,0.0007509376720091111,,0
22,121.24731535874616,104.1534194408674,743032.7205591202,709.3665771484375,1047.4594440944995,742670.1820179331,4.937722988011667,0.008358369486464068,1.0084288206840768,50588.234375,303.0,,,False,False,starfield_photo.fits,742603.349832549,707.301884341886,1049.9100402136062,-14.676892259917613,0.0010340885965611992,,0
23,221.87179488905002,106.75608831362915,1434654.7692108154,981.6846313476562,1461.4212379400522,1431170.7763987756,5.269834261979813,0.005601945611779402,1.0056335041958886,60000.0,359.0,,,False,True,starfield_photo.fits,1425816.3855066842,976.5137474196769,1460.1088712516714,-15.385159003313458,0.0007435746891047165,,0
24,469.5040840388703,106.6559285437426,279728.4516620636,445.6045837402344,627.7503909724851,279268.3806016138,5.393544001575201,0.01605252310244243,1.0163144105547757,16470.58984375,371.0,,,False,False,starfield_photo.fits,277710.34311865084,434.14290708556564,639.6749516949188,-13.608980137579685,0.0016972682721486407,,0
25,307.4380511430366,104.26177398029218,52129.11309814453,198.80111694335938,262.2174055138568,52129.11309814453,4.773124875165187,0.02667185045295839,1.0274027320234915,3529.411865234375,176.0,,,False,False,starfield_photo.fits,52129.11309814453,198.46006859481454,262.66801914985626,-11.792700840235328,0.004133354351679148,,0
26,450.8812770653558,108.4199147204412,15557.074061393738,127.7460708618164,121.78123332045105,15557.074061393738,4.758000700981971,0.0388889125104408,1.0404624533174613,941.176513671875,167.0,,,False,False,starfield_photo.fits,15557.074061393738,127.06218606281442,122.43669453084136,-10.479819798073677,0.008867439652468861,,0
27,242.41649958723892,113.56159121674698,426040.51541900635,531.6412963867188,801.3683630571508,426024.34252498887,5.056932665621074,0.01855285345611901,1.018903568594042,25882.353515625,273.0,,,False,False,starfield_photo.fits,425990.7845382455,529.9988209062213,803.7579853665767,-14.0735005102716,0.0013507797368941046,,0
28,282.4099256016818,118.03385483008267,708752.5932540894,693.3916015625,1022.1534146894405,707719.1234995716,5.033486452241069,0.011499728797513264,1.011633511019197,46823.53125,324.0,,,False,False,starfield_photo.fits,707051.9806262209,690.1531408641868,1024.485637696112,-14.623628357933868,0.0010597513132946876,,0
29,98.32829295567394,117.95299329869975,179908.20848083496,347.94366455078125,517.0613142593317,179908.20848083496,4.709892071693503,0.0021106518717713962,1.0021151161456232,12235.2939453125,194.0,,,False,False,starfield_photo.fits,179908.20848083496,347.33457018029793,517.9680455862668,-13.137627447227196,0.002096075248756206,,0
30,63.423978177146616,121.02511114952965,272732.1341705322,427.0133361816406,638.6969938908861,272732.1341705322,4.841039645109637,0.025432699410411708,1.0260964013414215,18352.94140625,210.0,,,False,False,starfield_photo.fits,272732.1341705322,426.21697328664106,639.8903639792716,-13.589340777295934,0.0016966969048391076,,0
31,168.89209957967236,130.77048162732817,175545.79376220703,346.09393310546875,507.22008382825703,175545.79376220703,4.825263427773203,0.014813211885168931,1.015035942487124,12235.2939453125,202.0,,,False,False,starfield_photo.fits,175545.79376220703,345.29630387250876,508.39175454082624,-13.11097606958249,0.0021355578455055633,,0
32,189.4311799420785,135.53870479265544,375539.22972106934,504.30242919921875,744.6706737411272,375539.22972106934,4.926633421434499,0.013368545579519275,1.0135496851632118,23764.708984375,248.0,,,False,False,starfield_photo.fits,375539.22972106934,503.0243187746343,746.5627718275763,-13.93663827786099,0.0014542648534994855,,0
33,499.3313783254147,177.0502995107418,1816476.798948288,1110.5294189453125,1635.6854379179122,1797653.6248518964,6.071449680661308,0.0836304951698803,1.091262852734699,60000.0,766.0,,,False,True,starfield_photo.fits,1773734.0861148415,1088.655087074444,1629.2893012436275,-15.622221280017223,0.0006663641620744034,,0
34,150.76388905750613,147.56427405446104,288140.91773223877,440.7042541503906,653.819233689336,288140.91773223877,4.8884110712835875,0.012234268622383637,1.0123857998245402,18823.529296875,227.0,,,False,False,starfield_photo.fits,288140.91773223877,439.62342537872337,655.4266699596669,-13.649012337678784,0.0016564782145145405,,0
35,46.6229139968561,152.5514962762886,1238252.6566944122,912.9005126953125,1356.3938671022397,1237331.3233506838,5.063164272823914,0.008954007451673629,1.0090349060679311,60000.0,322.0,,,False,True,starfield_photo.fits,1236347.479043502,910.4552001477219,1357.944332508512,-15.230351369079777,0.0007995173101053424,,0
36,195.90946179676592,153.05183105138602,215317.8627319336,380.7979431152344,565.4386181040259,215317.8627319336,4.8325245517210105,0.013155975438574496,1.013331362516403,15058.82421875,210.0,,,False,False,starfield_photo.fits,215317.8627319336,379.9046971424373,566.7680982928323,-13.332700150779264,0.001915598290147677,,0
37,425.91847296092936,154.37196704055484,64695.186579704285,218.3395538330078,296.3053896738516,64695.186579704285,5.0439814715604205,0.009244060061093795,1.0093303100071889,4000.000244140625,205.0,,,False,False,starfield_photo.fits,64695.186579704285,216.1336793473029,299.3295018854803,-12.027179924251442,0.0036271065603662926,,0
38,372.71724992890705,160.70782917304695,1049245.276927948,842.210205078125,1245.8235136566864,1043249.8752480694,5.204522916076919,0.008264002184218855,1.0083328649987695,60000.0,401.0,,,False,True,starfield_photo.fits,1039234.7282123645,834.3143558807526,1245.6153018190435,-15.041784127925588,0.0008716174234649254,,0
39,69.37472045531321,161.83113998766774,818025.5962848663,743.7345581054688,1099.8891840775032,817834.2160067994,4.903820571610467,0.010422494541193594,1.0105322670368921,54352.94140625,287.0,,,False,False,starfield_photo.fits,817838.3447325805,742.2403139401315,1101.85115167235,-14.781668671987997,0.0009853418026129607,,0
40,172.972551735659,163.96608972808502,352787.7883300781,481.39959716796875,732.8377306617983,352787.7883300781,4.960183553920504,0.013749420959520808,1.013941103054051,24000.0,239.0,,,False,False,starfield_photo.fits,352787.7883300781,480.21046439122733,734.6524378166445,-13.86878385928544,0.0014778416896385098,,0
41,17.11491246611787,176.80722000626395,166896.77075195312,334.77227783203125,498.5382058298506,166896.7707519531,4.620865256702617,0.016857058478267573,1.017146091139276,12000.0,181.0,,,False,False,starfield_photo.fits,166896.77075195312,334.45028055866516,499.0181813367567,-13.056119834235938,0.0021756722312033915,,0
42,350.1668545117181,191.22119040573972,2384344.51745224,1265.7977294921875,1883.6694535775403,2373121.8149078563,5.899295246272919,0.00032674020276024507,1.0003268469968143,60000.0,503.0,,,False,True,starfield_photo.fits,2345910.9589949744,1251.7008618618943,1874.1785920842556,-15.925778810208566,0.0005792937794645301,,0
43,182.75336848187936,201.52265578576632,2308069.177497864,1244.057373046875,1855.2755102002018,2303093.409630129,5.766194350417109,0.003078644084401061,1.003088151403451,60000.0,426.0,,,False,True,starfield_photo.fits,2282683.9105045763,1234.7528928879517,1848.6969527689291,-15.896114444266873,0.0005872785144011124,,0
44,509.7788415374322,194.0,235.29412841796875,21.837186813354492,10.774928585310038,235.29412841796872,2.4709156701241217,0.1481595111721451,1.1739287027504584,235.29412841796875,20.0,,,True,False,starfield_photo.fits,576.2060476143105,52.46671084960667,10.98231694504307,-6.901444530347538,0.09885892070252414,,0
45,312.94199241743803,213.12071055957767,1125700.1717643738,871.2403564453125,1292.066148493471,1123306.0648112902,5.093580869713573,0.0025097851267907867,1.0025160999971412,60000.0,353.0,,,False,True,starfield_photo.fits,1121432.3949638763,866.671094307011,1293.9538451557244,-15.124432743662577,0.0008390562028658283,,0
46,108.12125294614019,212.9171050262882,573773.2856674194,622.281982421875,922.0470813478106,573719.7421547443,4.88661967039516,0.0033392167055077415,1.003350404431957,40235.296875,261.0,,,False,False,starfield_photo.fits,573725.4386907064,621.0302504962491,923.8284902100297,-14.396760266757996,0.001175218140061008,,0
47,236.09017607979555,212.51879629774427,190820.03463745117,354.6911315917969,537.9893029213374,190820.03463745117,4.860598242528598,0.033735317832607525,1.0349131231382038,12235.2939453125,206.0,,,False,False,starfield_photo.fits,190820.03463745117,353.82244473094704,539.310146880462,-13.201559925863986,0.0020131273373587117,,0
48,168.05159933266356,219.29876860133317,468930.91397094727,561.03857421875,835.8265109024575,468889.27016891923,4.937136733702407,0.012690302703834644,1.0128534164493554,32000.001953125,261.0,,,False,False,starfield_photo.fits,468883.0578042785,559.6501756482013,837.8145459549013,-14.177661351547254,0.0012958715090850693,,0
49,202.7839012059814,221.43877639400662,16328.429290771484,129.20510864257812,126.37603468095865,16328.429290771484,4.02454631649113,0.0966259621208092,1.1069611900156588,1647.0589599609375,112.0,,,False,False,starfield_photo.fits,16328.429290771484,132.59892975985986,123.14148628757938,-10.532361024738302,0.008816687476586912,,0
50,41.22118563117223,227.8514182813454,1726392.082561493,1076.501220703125,1603.7065721429342,1725224.4745624778,5.333077217331728,0.006597653343700105,1.0066414714701524,60000.0,350.0,,,False,True,starfield_photo.fits,1720376.972563825,1072.5883999532718,1603.9488890974158,-15.589059052103133,0.0006768918931144695,,0
51,233.7403573354739,248.5481107522506,474652.2141265869,563.617431640625,842.1531831351087,474652.2141265869,4.972798416047688,0.016533407920242604,1.0168113569422619,30352.943359375,256.0,,,False,False,starfield_photo.fits,474649.3466502351,562.3582329241036,844.033782847266,-14.190932218520354,0.0012863229198450997,,0
52,441.57426068805745,266.78809395029094,585159.555727005,628.5415649414062,930.9798879912653,583884.8314293894,5.2024482875313725,0.017981503850374225,1.0183107588307934,37176.47265625,368.0,,,False,False,starfield_photo.fits,581944.5765219999,622.4413918371308,934.9387495012103,-14.412204062755192,0.0011612525425641208,,0
53,266.1127278148617,264.010297628152,27629.994415283203,142.932861328125,193.30750226747492,27629.994415283203,4.311773050360352,0.03562249797056061,1.036938333687375,2117.647216796875,120.0,,,False,False,starfield_photo.fits,27629.994415283203,145.56895268049232,189.8069190339507,-11.103451992836707,0.0057200233032906524,,0
54,203.85339585581926,273.9302126450772,1863833.2443790436,1119.276611328125,1665.2123572629946,1860466.1938837827,5.45232686589389,0.0047871514403042825,1.0048101784932062,60000.0,387.0,,,False,True,starfield_photo.fits,1852269.2355843885,1112.7498828429568,1664.5872213907037,-15.669260283929383,0.0006522337706599334,,0
55,87.30096150161485,272.36401678359823,136432.1052093506,308.6827392578125,441.9816460660672,136432.1052093506,4.589191015802703,0.01951139310046568,1.019899663252757,9882.353515625,171.0,,,False,False,starfield_photo.fits,136432.1052093506,308.59283686336147,442.11040864101426,-12.837291451361732,0.002455721418858449,,0
56,42.60605374326219,277.0365158343998,1986786.3265533447,1153.6622314453125,1722.1559936692138,1986046.153725475,5.682114089799004,0.11595083887057123,1.1311588132977093,60000.0,360.0,,,False,True,starfield_photo.fits,1977200.692377748,1149.2845194743002,1720.3752933887502,-15.740126884675902,0.0006310832317647487,,0
57,317.8750668475358,278.6477019994018,108813.76739501953,274.98992919921875,395.70091789139116,108813.76739501953,4.762227651168641,0.026085834974678757,1.026784531852456,7294.11767578125,187.0,,,False,False,starfield_photo.fits,108813.76739501953,274.42297042658845,396.5184373081792,-12.59170961720654,0.0027380820104367055,,0
58,509.5313626367845,278.602169979496,470.5882568359375,27.599374771118164,17.050685413656275,470.5882568359375,2.845376368051288,0.2024572473264753,1.2538512783769868,235.29412841796875,28.0,,,True,False,starfield_photo.fits,470.5882568359375,45.917128785434244,10.248642920051585,-6.681602713735232,0.10593597693562098,,0
59,360.2130918596404,283.83699578437495,19052.81929588318,141.72938537597656,134.43097382621312,19052.81929588318,4.283157160254511,0.053348421447198535,1.0563548645096597,1882.35302734375,128.0,,,False,False,starfield_photo.fits,19052.81929588318,143.9434991036498,132.36318009862856,-10.69989812116443,0.008202432120405433,,0
60,302.49826298051835,290.8676831712773,972200.461637497,810.5158081054688,1199.4836521572063,970601.1384630597,5.017015945701998,0.008905301116791775,1.0089853180799235,60000.0,333.0,,,False,True,starfield_photo.fits,969926.7146101014,807.0108645357952,1201.8756589702393,-14.96684730308105,0.0009033380382544914,,0
61,328.87292535680064,294.9500166917616,29153.351481437683,152.40606689453125,191.2873422657939,29153.351481437687,4.4131069309776105,0.018255741197775954,1.018595210549078,2352.941162109375,138.0,,,False,False,starfield_photo.fits,29153.351481437683,153.9484441836002,189.37087436017964,-11.161721221599265,0.005733194207758793,,0
62,42.3733343109089,305.7926730334679,595159.6262283325,635.423583984375,936.6344612147217,595159.6262283325,4.7700704174050195,0.0026862178826253524,1.002693453084467,40941.17578125,245.0,,,False,False,starfield_photo.fits,595159.6262283325,634.4475234015148,938.0754188107711,-14.436583655886874,0.0011573696295937245,,0
63,186.12216870811156,307.608113937716,1182921.9659805298,892.5521850585938,1325.325270368224,1181867.1626243624,5.041793559093603,0.011598271007313699,1.0117343694037584,60000.0,320.0,,,False,True,starfield_photo.fits,1180935.5316521153,889.7072567045542,1327.330448024287,-15.180565474321774,0.0008179575791514837,,0
64,264.4620302470529,313.68223712499656,229557.48374938965,390.9032287597656,587.2488812070341,229557.48374938965,4.881906390776722,0.014960533375844576,1.0151877502199136,14588.2353515625,217.0,,,False,False,starfield_photo.fits,229557.48374938965,389.8895385713136,588.7756942403879,-13.402228639162033,0.0018439959574090804,,0
65,427.4481115682881,315.6075939305441,804356.5795516968,737.2429809570312,1091.0332147313818,801763.1168096764,5.124224917869615,0.0065964766772148575,1.0066402791235838,49647.05859375,343.0,,,False,False,starfield_photo.fits,799785.6621565744,732.355389690585,1092.0731565783633,-14.757434035558724,0.0009941641669882892,,0
66,17.42257005164536,316.9060571289152,500242.19271850586,572.8596801757812,873.2368676479504,500242.19271850586,4.820285788125425,0.016949370059323843,1.0172416043925905,33176.47265625,236.0,,,False,False,starfield_photo.fits,500242.19271850586,571.9026810147669,874.6981074313048,-14.247950798314449,0.0012412282486678027,,0
67,509.7788415374322,326.0,235.29412841796875,21.837186813354492,10.774928585310038,235.29412841796872,2.4709156701241217,0.1481595111721451,1.1739287027504584,235.29412841796875,20.0,,,True,False,starfield_photo.fits,235.29412841796875,43.53811880679611,5.404324643931109,-5.9290277245752785,0.2008946670550608,,0
68,42.24074471127145,336.15461092066346,361119.50731658936,490.30157470703125,736.5252855497522,361119.50731658936,4.770667729458931,0.0177680825445361,1.018089498242498,25411.765625,211.0,,,False,False,starfield_photo.fits,361119.50731658936,489.591799870926,737.5930467213573,-13.89412737304107,0.0014719498845955747,,0
69,498.91681743054266,345.9686674338126,146771.75384902954,318.08001708984375,461.43028786235544,146763.9714061637,5.083548195304795,0.016819030548628433,1.0171067494909036,9882.353515625,245.0,,,False,False,starfield_photo.fits,146750.81501910894,315.9809837122912,464.42926183408974,-12.916451304736418,0.0023377079982265414,,0
70,12.084582445609279,344.02087837615744,10118.289096832275,122.89450073242188,82.33313156023816,10118.289096832275,3.7519674665526277,0.027970165246618328,1.0287750069458668,1647.0589599609375,91.0,,,False,False,starfield_photo.fits,10118.289096832275,127.77939600472878,79.18560748602869,-10.012767709465653,0.013710824914635635,,0
71,329.33765042292134,348.82770355764137,949845.2028846741,800.562744140625,1186.4719034662278,948185.4060931606,5.016974032198426,0.004462394856160068,1.0044823970818413,60000.0,321.0,,,False,True,starfield_photo.fits,947406.229899211,797.5150187739313,1187.9478224193404,-14.941340590524794,0.0009139290291293222,,0
72,28.303161059201337,361.2923740651357,209039.22305297852,377.0810241699219,554.361555353102,209039.22305297857,4.6202935018841265,0.009713233898925866,1.0098085062139814,14588.2353515625,181.0,,,False,False,starfield_photo.fits,209039.22305297852,376.7952153767466,554.7820527497045,-13.300569456393092,0.001956984719709065,,0
73,399.94276402313267,364.5801618696431,247320.83806610107,406.665283203125,608.1680642076519,247320.83806610105,4.977035187522025,0.01677823790601396,1.0170645510024932,16235.2939453125,238.0,,,False,False,starfield_photo.fits,247320.83806610107,405.27663122807667,610.2519094591389,-13.483151773675806,0.0017791013566221313,,0
74,497.4296405164534,372.1215703871197,361123.1008758545,495.85516357421875,728.2834331557832,360698.31828699843,5.125188845927781,0.0020410064067043487,1.0020451806334802,23294.1171875,318.0,,,False,False,starfield_photo.fits,360557.3108627456,492.2882284801807,732.4109942175095,-13.892435764963258,0.001482364421850243,,0
75,461.6210186413028,371.42627411315334,108738.80313491821,273.9749755859375,396.89319399468366,108738.80313491821,4.882471444148124,0.004699609685098749,1.0047218003035363,6823.529296875,211.0,,,False,False,starfield_photo.fits,108738.80313491821,272.70275020699245,398.7447983285136,-12.590961371260487,0.002722794139387181,,0
76,274.4118569619912,383.3818102383379,1141487.9365730286,876.7639770507812,1301.9329790586444,1139943.123961445,5.075454493072481,0.0048936605074186845,1.0049177261898603,60000.0,329.0,,,False,True,starfield_photo.fits,1138665.8140967372,873.6705933805413,1303.3125101427936,-15.140990705304398,0.0008330312120467935,,0
77,308.70588234847435,395.50980392596534,12000.000549316406,97.48846435546875,123.09149219502758,12000.000549316406,4.061937553331157,0.021862655931777608,1.0223513150421673,941.176513671875,94.0,,,False,False,starfield_photo.fits,12000.000549316406,103.34657876665185,116.11415387452186,-10.19795316482012,0.009350281285890917,,0
78,322.47818002681436,405.8033381429762,881144.2198753357,772.3045043945312,1140.9285001725223,880510.3557027096,4.947297596751122,0.013173193966932839,1.0133490435063146,57176.47265625,298.0,,,False,True,starfield_photo.fits,880394.4666185469,770.3010267208977,1142.9226186628714,-14.8616932607466,0.0009499330770705919,,0
79,27.493831371989696,408.95748982151946,315193.23876953125,457.7362976074219,688.5913142939281,315193.23876953125,4.755075614617594,0.023941675153284825,1.0245289390437244,21647.05859375,203.0,,,False,False,starfield_photo.fits,315193.23876953125,457.1159995625056,689.525720104295,-13.74644223209632,0.0015745605542252742,,0
80,13.3008818041128,427.9003737991847,490798.15742492676,562.1873168945312,873.0153503569747,490798.15742492676,4.88553287500062,0.03799499722348865,1.0394956337169023,32941.1796875,224.0,,,False,False,starfield_photo.fits,490798.15742492676,561.3832125797237,874.2658248891386,-14.22725730902857,0.001241841976538054,,0
81,387.3559050949527,430.67294532826685,30455.037830352783,152.50071716308594,199.70422694985646,30455.037830352783,4.398718018182609,0.06352668547576545,1.0678360872547015,2117.647216796875,130.0,,,False,False,starfield_photo.fits,30455.037830352783,154.45706753076539,197.17477689576506,-11.209147858264037,0.005506282381006304,,0
82,487.78736298837026,452.62511916577,92795.01580429077,254.06561279296875,365.2403597015191,92795.01580429077,4.842241776127654,0.031161181419415707,1.0321634319577213,6117.64697265625,201.0,,,False,False,starfield_photo.fits,92795.01580429077,253.00958491639926,366.764823692164,-12.418811625169333,0.002960207549542043,,0
83,450.24209383096394,458.4960598516527,1857681.174785614,1117.2984619140625,1662.6543740185498,1851004.0970393643,5.533772723089143,0.00364863943420235,1.0036620007545636,60000.0,434.0,,,False,True,starfield_photo.fits,1838938.2648292785,1108.4750342652715,1658.9803179899118,-15.661417874354003,0.0006544381438566303,,0
84,254.52543365314673,460.11374880695274,86265.34672546387,244.44639587402344,352.9008738992458,86265.34672546387,4.844173523746667,0.040204697000883916,1.0418888244975304,5647.05908203125,166.0,,,False,False,starfield_photo.fits,86265.34672546387,244.4965366205254,352.8285018587127,-12.339590930531187,0.0030771323583001237,,0
85,293.862438027479,462.6172432383513,93638.96049499512,251.9657745361328,371.63365011531334,93638.96049499512,4.614679419516871,0.02807437265900825,1.0288853096052366,6588.23583984375,164.0,,,False,False,starfield_photo.fits,93638.96049499512,252.07788754816517,371.46836402738137,-12.428641459651564,0.0029227253385162347,,0
86,428.6453930949777,472.28632514898464,1374569.2056503296,962.6299438476562,1427.9310699147188,1371296.9274118715,5.193392755429944,0.00821963307609952,1.0082877553843836,60000.0,367.0,,,False,True,starfield_photo.fits,1367996.1294912887,957.2324926193962,1429.1158522501341,-15.340212171561571,0.0007597004807486895,,0
87,499.6290444286883,485.6968645006825,1479860.7408103943,997.8690795898438,1483.0209404009838,1472059.5358600356,5.4001288117865585,0.01788344447612078,1.0182090856482726,60000.0,430.0,,,False,True,starfield_photo.fits,1463079.0846890612,988.9775670739741,1479.3855122697894,-15.413169504848106,0.0007338857863588471,,0
88,177.93421488240358,487.89052692664995,1857410.0293121338,1116.873046875,1663.0449042611863,1856581.2678965484,5.441550086478966,0.055242217041575836,1.0584723598344856,60000.0,355.0,,,False,True,starfield_photo.fits,1851165.5085736543,1112.6859538232757,1663.6909113599443,-15.66861312447121,0.0006525851602522253,,0
89,271.62363194947693,488.9514185698757,568539.8919830322,608.0281372070312,935.0552337834434,568539.8919830321,5.095062617602068,0.04406369951829614,1.0460948072545129,36235.296875,263.0,,,False,False,starfield_photo.fits,568482.5478654553,606.7338683594714,936.9553563946533,-14.386792841503667,0.0011587531813444208,,0
90,479.9486314691212,492.4369888317625,24291.241180419922,142.33790588378906,170.65897541201963,24291.241180419922,4.441234521764111,0.05734496548109169,1.060833458032034,1882.35302734375,129.0,,,False,False,starfield_photo.fits,24291.241180419922,144.48734708538245,168.1201964768957,-10.963624264990997,0.006457879676277947,,0
91,380.9584710095103,495.22406908896846,145529.15437316895,312.48077392578125,465.7219468092275,145529.15437316895,4.793637420081578,0.01651778861217479,1.016795208312783,9882.353515625,191.0,,,False,False,starfield_photo.fits,145529.15437316895,311.87938396921635,466.6199878974149,-12.907375014490999,0.002326732733615107,,0
92,318.50000000305175,508.75000000495913,240000.0,400.8790283203125,598.6843487562884,240000.0,3.325921771705622,0.28703214960918433,1.4025877877268194,60000.0,44.0,,,True,True,starfield_photo.fits,240000.0,402.4516768729216,596.3448875771054,-13.450528104279016,0.0018205907732538795,,0
93,370.7788415374322,2.0,235.29412841796875,21.837186813354492,10.774928585310038,235.29412841796872,2.4709156701241217,0.1481595111721451,1.1739287027504584,235.29412841796875,20.0,,,True,False,starfield_photo.fits,480.3921785354614,53.82468519931142,8.925127508996692,-6.703989819649081,0.12164532091060824,,0
94,374.82550672653275,2.036510134845852,245.09805011749268,28.173133850097656,8.699708432210608,245.09805011749273,2.7835556633530767,0.05993360322206742,1.063754649062544,235.29412841796875,30.0,,,True,False,starfield_photo.fits,480.3921785354614,53.36187312236359,9.002535901126986,-6.703989819649081,0.12059935244069243,,0
95,398.48334598270696,0.6433918578041927,470.5882568359375,26.109872817993164,18.023383726007268,470.5882568359376,3.3512730720384822,0.6237072923152364,2.65750565870052,235.29412841796875,23.0,,,True,False,starfield_photo.fits,705.8823852539062,48.97614444642705,14.41277979784712,-7.121830861374435,0.07532897992115126,,0
96,407.8928693961662,1.19877191242019,960.7843570709229,37.95146560668945,25.316133164079222,1196.0784854888911,4.581621867777044,0.613801792841116,2.5893439727662813,235.29412841796875,41.0,,,True,False,starfield_photo.fits,1196.0784854888916,57.4581061766022,20.816531645032754,-7.694399196406005,0.052155662552895554,,0
97,416.18995520339206,1.5031449106157637,1198.8796062469482,47.02940368652344,25.492128589129752,1198.8796062469485,3.710109572548604,0.3841046179599006,1.6236523753232046,235.29412841796875,50.0,,,True,False,starfield_photo.fits,1681.9764023620303,65.21442604043158,25.791477507127645,-8.064549746199551,0.042095300655030705,,0
98,430.436344799265,1.403050929036838,705.8823852539062,32.10277557373047,21.98820421719317,705.882385253906,3.285499552066586,0.3086189623224117,1.4463804262828655,235.29412841796875,35.0,,,True,False,starfield_photo.fits,1288.1863157117602,64.93718064212415,19.837422921255158,-7.774946703432208,0.05472989129231638,,0
99,424.0310387215657,1.683136053261186,715.6863069534302,35.148983001708984,20.361508238193768,715.6863069534302,3.462069968113982,0.3325765583637207,1.4982991870174114,235.29412841796875,38.0,,,True,False,starfield_photo.fits,1622.5429229997055,67.59927826953451,24.002370506534675,-8.025490486293263,0.04523303228339121,,0
100,441.8577098665331,1.3578381914959452,1700.5348377227783,53.61299133300781,31.718708384693564,1700.5348377227788,4.55617339752114,0.5397198237362719,2.1725897650369963,235.29412841796875,62.0,,,True,False,starfield_photo.fits,1831.3086814896767,69.32500219185917,26.416280181592654,-8.156903885561281,0.04109965493008874,,0
101,450.3844949143983,1.7428590588868687,525.5920782089233,46.17103576660156,11.383588639116418,536.7965602874756,3.2907246154929566,0.27105690569894647,1.3718491989540682,235.29412841796875,45.0,,,True,False,starfield_photo.fits,1411.2012324233724,70.75377272082774,19.945243598408965,-7.8739723676596185,0.05443403058193817,,0
102,456.53744801603574,1.7776480284519924,514.3875961303711,36.88243103027344,13.946683604130028,514.3875961303711,2.9232859750078246,0.0902383486290822,1.0991890002102223,235.29412841796875,36.0,,,True,False,starfield_photo.fits,1654.141864315529,75.28359441301119,21.97214249947722,-8.046431883125006,0.049412568666247825,,0
103,468.65950948009726,1.5900886017288658,3955.7265062332153,84.06906127929688,47.0532969684457,3955.7265062332162,7.9478427285255195,0.7333867877638627,3.750751853641474,235.29412841796875,128.0,,,True,False,starfield_photo.fits,3768.3101760212535,79.81395722905006,47.21367423503334,-8.940366607774422,0.0229954566678141,,0
104,484.0292638471158,1.630938499205359,1813.1159191131592,64.00980377197266,28.325597209642602,1813.1159191131592,3.645766838230385,0.2750106195184687,1.3793305487258438,235.29412841796875,60.0,,,True,False,starfield_photo.fits,2824.8709632972527,84.14525513387004,33.57136369487564,-8.627496536399383,0.03234006249694653,,0
105,493.846113695114,1.4295802230244892,3469.3922157287598,72.6528091430664,47.75303607183178,3939.9804725646973,5.920075563513085,0.6477333403615209,2.8387585729125506,235.29412841796875,75.0,,,True,False,starfield_photo.fits,3965.5671198469545,89.25433771237738,44.42996521497944,-8.995763262493245,0.02443621089385772,,0
106,505.89130977315887,2.5846178596831044,4837.81315612793,87.21035766601562,55.472919565988,4837.81315612793,6.219414120421446,0.5219316265162408,2.0917510035496454,235.29412841796875,93.0,,,True,False,starfield_photo.fits,5199.654279997796,96.5432051336944,53.85831424176607,-9.289936171932862,0.020158447498493392,,0
107,509.2933895094624,17.303804489730084,6969.556884765625,111.28623962402344,62.62730152723304,7715.8933467865,11.103751990351054,0.7964725425163702,4.91334197539628,235.29412841796875,176.0,,,True,False,starfield_photo.fits,4973.130970185453,92.84207078031822,53.56548952847913,-9.24157474192726,0.02026864702548395,,0
108,509.4371684371318,35.81961250905659,1053.1567296981812,56.549129486083984,18.623747867902186,1053.1567296981812,3.231333798392649,0.13780202656113183,1.1598264329148325,235.29412841796875,43.0,,,True,False,starfield_photo.fits,2875.8931325670114,91.20007437694228,31.533890210226748,-8.646931859354686,0.03442962453290641,,0
109,509.57186795556316,43.43432440288253,2753.118221282959,64.00980377197266,43.010883631054654,2753.1182212829585,4.073294801533565,0.42673013361349366,1.7443791460787972,235.29412841796875,60.0,,,True,False,starfield_photo.fits,3889.264598164608,88.42096853584843,43.9857724085864,-8.97466872622412,0.02468298134939793,,0
110,509.375746105799,51.30163371051953,1945.6397247314453,60.08882522583008,32.37939362966748,1955.8699045181274,4.023650004855267,0.4269611808056655,1.74508247348051,235.29412841796875,59.0,,,True,False,starfield_photo.fits,3233.9485189213556,84.48609865389952,38.27787731292159,-8.774332755278511,0.028363641774709823,,0
111,509.55624850283795,63.2994744357739,2669.746678352356,71.60896301269531,37.282297718499926,2905.0408067703247,6.766404555552075,0.6853994178536679,3.1786336604261707,235.29412841796875,95.0,,,True,False,starfield_photo.fits,2673.1143902484587,79.1111155526877,33.78936539541241,-8.56754385965857,0.03213141138624065,,0
112,509.0993838711311,73.92294280972467,784.9758443832397,45.85740661621094,17.117754847168897,784.9758443832396,3.67114507431493,0.2647461398849805,1.3600744644082043,235.29412841796875,53.0,,,True,False,starfield_photo.fits,1641.9909985539784,71.78070191675936,22.875103679790104,-8.03842692993503,0.047462079962470455,,0
113,509.08359339850756,87.68033998079115,1801.356411933899,74.75764465332031,24.095949254253195,1813.1211185455327,7.598010301437863,0.7120389885063505,3.4726923440538524,235.29412841796875,114.0,,,True,False,starfield_photo.fits,1606.1990500878774,74.0607686477772,21.687582770396816,-8.014498411818181,0.05006090404330179,,0
114,509.68492530220226,103.68104172214787,1676.4706649780273,48.40353012084961,34.63529748331093,1676.470664978028,5.421904482543666,0.6564124704762534,2.9104665160173875,235.29412841796875,68.0,,,True,False,starfield_photo.fits,1676.4706649780273,64.32780404471787,26.061369416755134,-8.060989896276649,0.0416593611271245,,0
115,509.61186623147967,116.76989897711131,998.4292726516724,52.43558120727539,19.04106428619392,998.4292726516724,4.214430793896608,0.4607633552860724,1.854473374172324,235.29412841796875,64.0,,,True,False,starfield_photo.fits,998.4292726516724,70.32635095416465,14.197086285657004,-7.498293263690239,0.07647343815166203,,0
116,105.23769538553262,19.29149707981258,2048505.8756484985,1172.25390625,1747.493324378503,2042437.1014745408,5.619195661603848,0.00463673875882864,1.0046583382563736,60000.0,396.0,,,False,True,starfield_photo.fits,2028358.3939094269,1164.0100644639667,1742.5608728250108,-15.767861734081144,0.0006230485355957071,,0
117,131.47989026924748,21.905228424070366,2354000.0547409058,1256.31640625,1873.7318425757092,2347186.2019335744,5.823437208279151,0.002398207316384182,1.0024039725409202,60000.0,430.0,,,False,True,starfield_photo.fits,2323821.2930744113,1245.7506665487938,1865.398394296899,-15.915506817023973,0.0005820204430964031,,0
118,116.87422486904585,34.77410718992214,1582309.2094392776,1030.0135498046875,1536.2023244639036,1578630.9176419326,5.34763987082382,0.009813125023740654,1.0099103767902153,60000.0,308.0,,,False,True,starfield_photo.fits,1573983.9460290042,1025.672955760668,1534.5865728337287,-15.492500746063694,0.00070748696699149,,0
119,105.57379503057552,38.499364361920655,558892.7974243164,612.7955932617188,912.0378859931178,565407.2354238587,5.00243434783608,0.02233992471514501,1.0228504009521264,34117.6484375,215.0,,,False,False,starfield_photo.fits,575071.9020166305,620.8034281236621,926.3349330314554,-14.399305371275483,0.0011720382782575394,,0
120,92.60409096737023,46.09560877994,1034645.6916790009,835.6184692382812,1238.179539787034,1033347.2103080384,5.0107924485708955,0.017375698259876282,1.0176829518963715,60000.0,298.0,,,False,True,starfield_photo.fits,1032669.9498056754,832.9287442468204,1239.8058740780664,-15.034903848615384,0.0008757016099857882,,0
121,119.90373067566283,62.851197542186604,243684.61138153076,423.85235595703125,574.9280568024841,263070.32347668835,9.496895597188043,0.6531641168529907,2.8832080202501476,15294.1181640625,287.0,,,False,False,starfield_photo.fits,276469.7854818094,450.93035702710574,613.109721209545,-13.604119188870973,0.0017708086537237208,,0
122,124.013653178283,70.25753317349437,313075.6527404785,480.7344055175781,651.2445315899714,319904.9148624012,4.941593724757078,0.05595963806234905,1.059276743154807,22823.529296875,199.0,,,False,False,starfield_photo.fits,416593.2598486162,558.0946196059496,746.4563269625456,-14.049280597813325,0.0014544722320432237,,0
123,410.18700329433705,22.816818636431698,2096233.6748342514,1189.8448486328125,1761.77060164014,2078200.168328163,5.849583382225151,0.0011428418163060838,1.0011441493980822,60000.0,542.0,,,False,True,starfield_photo.fits,2053506.902246629,1171.2860595184925,1753.2069860805918,-15.781240417356434,0.0006192651572916401,,0
124,399.9261390735175,29.534883690467467,91122.62865066528,256.8228454589844,354.80733222083205,92293.19937994503,5.028509477025726,0.09131025526748271,1.1004856231698321,5647.05908203125,191.0,,,False,False,starfield_photo.fits,114702.01273962771,284.53663128006684,403.1186150746529,-12.648927596933737,0.002693251959597403,,0
125,24.190061718651116,28.98367138945111,2307938.276330948,1243.7254638671875,1855.6653726094357,2303360.925473699,5.750482909869165,0.0031206423679671635,1.0031304112619805,60000.0,394.0,,,False,True,starfield_photo.fits,2283199.0533626517,1234.8332708089736,1848.993793200004,-15.896359439269345,0.0005871842317658667,,0
126,20.704481639513205,44.813528871706495,1836714.3711929321,1108.6541748046875,1656.7063137758964,1864933.087674343,5.3362433301269885,0.06363325132482722,1.0679576153412744,60000.0,251.0,,,False,True,starfield_photo.fits,2319687.9037527083,1244.6447529354516,1863.7349318203485,-15.913573894559512,0.0005825399210281338,,0
127,15.9183653557055,51.96074469300717,2169738.0808563232,1204.266845703125,1801.7087231106964,2183782.330587026,5.342366808140951,0.14012952028688452,1.1629658461279389,60000.0,200.0,,,False,True,starfield_photo.fits,3053968.4054178577,1427.8163190738455,2138.9084608577787,-16.21216134946337,0.0005075953552330125,,0
128,12.345109145966912,59.394559447259475,1699769.9402046204,1066.7314453125,1593.4375495105717,1745763.531866224,5.17125682175047,0.07826983738947468,1.0849162157911798,60000.0,257.0,,,False,True,starfield_photo.fits,2307093.752883281,1241.2725076442032,1858.6520999018078,-15.907663108032871,0.000584132985434637,,0
129,264.48126597155124,49.77071225382441,36653.70755004883,162.91366577148438,224.98853841679693,36653.70755004883,4.650454125882633,0.00921944815903053,1.0093052373120364,2352.941162109375,149.0,,,False,False,starfield_photo.fits,36653.70755004883,163.82117754440196,223.7421809528517,-11.410294776030177,0.004852460074252988,,0
130,248.20407798699415,57.443856601867,1014718.145078659,827.6035766601562,1226.0920248479529,1011149.9831318103,5.1178959077889905,0.00433978776756605,1.004358703616202,60000.0,357.0,,,False,True,starfield_photo.fits,1008937.7989555441,822.2527234562814,1227.0409938133682,-15.009660981987093,0.0008848115144269858,,0
131,251.7791155235621,74.86266313584208,687673.0560760498,680.3939208984375,1010.6984130134502,726934.8508667646,4.783421564243104,0.17048291586130404,1.2055206807926322,50588.234375,208.0,,,False,False,starfield_photo.fits,1417651.6301509559,973.9486259656346,1455.571261518446,-15.378923804037575,0.0007458927149107096,,0
132,255.0476954234625,81.2264225823867,1542156.6697616577,1015.3896484375,1518.7831313178704,1588017.655567498,5.1579997371948085,0.053676039088497274,1.0567205748830415,60000.0,164.0,,,False,True,starfield_photo.fits,2254341.4590996923,1226.7015591611262,1837.7260893361158,-15.882549245303824,0.0005907844516655975,,0
133,264.05263459402147,82.87154515234201,168387.83632659912,337.0455322265625,499.5996689652263,175383.73183339695,4.715700114450198,0.06842549203181503,1.073451443171255,12705.8828125,149.0,,,False,False,starfield_photo.fits,370522.558256418,498.6803967622941,743.0060629253788,-13.922036634891255,0.0014612262997227231,,0
134,253.3008633108392,88.83039731325445,880844.90417099,769.4622802734375,1144.7538453190602,894679.7320896704,4.829922089553701,0.11591879442563702,1.1311178132673092,56941.17578125,230.0,,,False,True,starfield_photo.fits,1430107.3531836057,977.970151865378,1462.3220866770037,-15.388421599161433,0.0007424492934160329,,0
135,415.45421144500637,60.010790611637034,1978036.0594739914,1155.2366943359375,1712.2344443975803,1959002.558856815,5.792055390323379,0.006133722842654565,1.006171577589088,60000.0,548.0,,,False,True,starfield_photo.fits,1938183.302633797,1137.893976072678,1703.3074639548,-15.71848711955499,0.0006374069408932098,,0
136,434.93059318778023,66.60624285951377,1000870.707985878,824.6932983398438,1213.627793509041,991036.5293258338,5.354123355960684,0.006873582958713875,1.0069211560993327,60000.0,429.0,,,False,True,starfield_photo.fits,983947.3212340864,811.6257534189293,1212.316535163235,-14.982429619275088,0.0008955581884015248,,0
137,349.74361712531004,76.43078965993543,1541787.4059610367,1019.1635131835938,1512.7969025744515,1530494.2494686116,5.454852320163065,0.016794532414869834,1.0170814066525884,60000.0,438.0,,,False,True,starfield_photo.fits,1520665.6616267958,1008.3374990231008,1508.091946496138,-15.455084347966796,0.0007199163171201117,,0
138,330.1423891850905,74.26698121137088,1656856.0474758148,1054.8697509765625,1570.6735793134212,1661244.9512918296,5.406767171639996,0.07065526138882727,1.0760269665855273,60000.0,341.0,,,False,True,starfield_photo.fits,1846896.5352277965,1110.830711957835,1662.6264608516703,-15.666106416404823,0.0006530029598132685,,0
139,328.42446385768613,82.59490017056683,994163.3260746002,817.89208984375,1215.5189399918577,998982.640274816,4.983990267558395,0.07725121386670375,1.0837185754428555,59294.11328125,270.0,,,False,True,starfield_photo.fits,1378391.2944378746,960.062743217104,1435.7304292623423,-15.348431303893147,0.0007562004523076224,,0
140,293.80409830345553,81.59115099351212,1414684.7007522583,974.4563598632812,1451.7681437788985,1444745.835993961,5.173004669658846,0.0597909730992755,1.063593277014547,60000.0,289.0,,,False,True,starfield_photo.fits,1835099.2916031124,1107.3288098000462,1657.2306936857192,-15.659148918920838,0.0006551290681114397,,0
141,288.47958686325467,86.11620036171755,749238.0651521683,710.3026733398438,1054.815212266132,764446.9116549443,4.8064478896997525,0.18499792149857386,1.226990735825774,54823.53125,239.0,,,False,False,starfield_photo.fits,1483694.036158884,996.0038500762579,1489.6468884586004,-15.428360877512759,0.0007288304419065508,,0
142,36.13303095326606,88.60622242323024,1369584.6164646149,960.3809814453125,1426.0846923514425,1368977.2947627832,5.29750879702305,0.10947056226888241,1.122927505403741,60000.0,332.0,,,False,True,starfield_photo.fits,1367182.5010229175,957.3659961765222,1428.0667022675746,-15.339566227708739,0.0007602586057612414,,0
143,40.99782998466738,108.5667993431945,966719.3131103516,804.8638916015625,1201.0966365837585,966416.6735924808,5.824053429121873,0.23527820824953505,1.307665102247156,38352.94140625,331.0,,,False,False,starfield_photo.fits,960691.7680946204,800.8746803143594,1199.5531781795494,-14.95646017341701,0.0009050870105214229,,0
144,411.81137237588126,92.92776589319358,1432558.4108171463,984.1205444335938,1455.6737169242301,1419143.043425195,5.483775758416172,0.010683442360771678,1.0107988108338803,60000.0,472.0,,,False,True,starfield_photo.fits,1408616.074538509,970.4421154596629,1451.519933129962,-15.371981600179723,0.0007479745714954586,,0
145,407.09073449750696,112.95078743539082,1378090.342382431,965.2383422851562,1427.720265566603,1365387.8078281996,5.436988176272603,0.009091000341640676,1.0091744048593514,60000.0,446.0,,,False,True,starfield_photo.fits,1355775.09922492,952.1195644702029,1423.9546689488802,-15.330469132997354,0.0007624540469405748,,0
146,413.74956780694265,132.42166532461192,1131605.1225643158,871.6678466796875,1298.206796172152,1129729.8348192028,6.905862008822127,0.36323346226240416,1.570434281224885,48705.88671875,478.0,,,False,False,starfield_photo.fits,1097140.2366730846,853.3865266675542,1285.6310738316674,-15.100655356814476,0.0008444879888942035,,0
147,342.7856091144055,98.13061083676214,50592.277976989746,192.59303283691406,262.69007363226274,50592.277976989746,4.851582377465964,0.013702186192926957,1.0138925444233087,3294.117919921875,181.0,,,False,False,starfield_photo.fits,50592.277976989746,192.03279606559096,263.45644605262834,-11.760210586175289,0.004120984763390908,,0
148,361.34686982577904,106.689499818745,1323855.8654232025,944.1148071289062,1402.2191532501276,1326395.5287411548,5.238766339153264,0.047865690215203927,1.0502719939018086,60000.0,337.0,,,False,True,starfield_photo.fits,1391483.5571612655,964.5533684699783,1442.619561184577,-15.358695196857832,0.0007525892683088951,,0
149,369.18587444250903,114.11198212237476,2069146.0772562027,1178.6634521484375,1755.5020251833687,2073274.993877716,5.6343355589990916,0.036889411676606865,1.0383023633255086,60000.0,377.0,,,False,True,starfield_photo.fits,2081577.857715342,1179.1518498912776,1765.317891760312,-15.79598164884702,0.0006150167089267864,,0
150,12.111856773761783,117.32074454676464,1447389.9902801514,985.08837890625,1469.299629630387,1446205.8540155543,5.19949620508978,0.0018757822255830447,1.0018793073969947,60000.0,297.0,,,False,True,starfield_photo.fits,1446246.1880955263,983.3199977782234,1470.7787814376481,-15.4006055682033,0.0007381803529547499,,0
151,18.27126392685787,129.02944358287593,1659187.2895736694,1055.294677734375,1572.2502203231033,1658641.5235599554,5.303143300335706,0.011596060256164775,1.0117321064697193,60000.0,299.0,,,False,True,starfield_photo.fits,1655960.5896176584,1052.4890248618974,1573.3756367055187,-15.54762499187812,0.0006900450055737106,,0
152,318.05170875879537,123.94855689216763,25121.177406311035,150.429443359375,166.99641270556788,25121.177406311035,4.375849935909158,0.006275747649652996,1.0063153813895653,2117.647216796875,130.0,,,False,False,starfield_photo.fits,25121.177406311035,152.41238470462588,164.82372777642513,-11.000099976305473,0.006587037040399281,,0
153,334.4028671594696,128.58958328212864,1364728.1398363113,959.1615600585938,1422.834480306886,1358855.2484101718,5.287004990168457,0.0033507667526792018,1.0033620321381893,60000.0,421.0,,,False,True,starfield_photo.fits,1353132.6536755757,951.2143052934233,1422.5318586416463,-15.328350936311672,0.000763216650231453,,0
154,286.62293845854657,148.979587378375,2337960.531600952,1251.977294921875,1867.4144819430162,2329690.2991680065,5.877729555743897,0.020583716182430933,1.0210163099414682,60000.0,387.0,,,False,True,starfield_photo.fits,2301158.175859428,1239.728762054637,1856.178743522619,-15.904866180028744,0.000584911342072359,,0
155,234.9097428971134,154.6647212174759,875644.59034729,768.1483154296875,1139.9420824837339,874670.5488974224,5.043801816696637,0.0064592332643349515,1.0065012262008706,57882.35546875,290.0,,,False,True,starfield_photo.fits,873929.56178556,765.5623735689711,1141.5523959352815,-14.853691075405749,0.0009510732962112342,,0
156,309.04519420728434,152.37435218502534,1059284.2317619324,843.9155883789062,1255.2016414304326,1078582.9489142676,4.971276723267039,0.10162965486960207,1.1131266803501294,60000.0,267.0,,,False,True,starfield_photo.fits,1511164.212304067,1005.1183378301339,1503.4689502993183,-15.448279149964927,0.0007221299779977854,,0
157,273.2342692760754,156.72576179243435,2278043.2141571045,1236.14013671875,1842.868091156732,2269410.5400830703,5.8039759789354655,0.007001303508291867,1.0070506673704887,60000.0,385.0,,,False,True,starfield_photo.fits,2245802.13638318,1224.762204385976,1833.6638151804282,-15.878428726583111,0.0005920932675945125,,0
158,301.7152934685176,153.61409355086118,1045685.2714118958,838.2216796875,1247.5044451269034,1075543.0273583266,4.979546882818662,0.08864169305992009,1.097263274372884,60000.0,237.0,,,False,True,starfield_photo.fits,1509283.8020674807,1004.6490963864331,1502.2994670439066,-15.446927277840189,0.0007226921288445542,,0
159,255.52184633177737,158.15439848355908,1328727.0850067139,954.1927490234375,1392.5143388131917,1327304.6069610692,5.862488269584333,0.22649380158175647,1.2928144623080173,60000.0,317.0,,,False,True,starfield_photo.fits,1365176.9052177216,962.6316495220002,1418.1716401030521,-15.337972331705226,0.0007655631866401637,,0
160,246.5783492433339,162.05136281750825,1024530.0003890991,829.1517944335938,1235.636233639187,1041575.7195459794,5.031076698542577,0.044615108407992654,1.0466985701790283,60000.0,233.0,,,False,True,starfield_photo.fits,1112431.9246767114,862.8127793433026,1289.308586184128,-15.115683609487823,0.000842079244359387,,0
161,317.1022589179283,172.11677232030576,2336112.9946374893,1252.28369140625,1865.4822470890401,2325118.9644528897,5.859106267913031,0.0026413643774366724,1.002648359660302,60000.0,484.0,,,False,True,starfield_photo.fits,2299576.125402157,1239.2462481736984,1855.6248435620344,-15.904119477691927,0.0005850859368297225,,0
162,464.89769800688623,158.75512722036098,1183109.165966034,893.0775146484375,1324.7552945409986,1250522.1143232356,4.9688784273841815,0.18637241546167482,1.2290635408673216,60000.0,310.0,,,False,True,starfield_photo.fits,2154622.0026852884,1199.6697544680644,1796.0126065199097,-15.833427726210495,0.0006045057791123944,,0
163,467.69934787500637,164.69232346331145,1615093.8447170258,1042.7506103515625,1548.8783498985422,1629373.665404077,5.292109959760074,0.1123033666870823,1.1265109751154083,60000.0,360.0,,,False,True,starfield_photo.fits,2385824.8682170934,1262.2596117775904,1890.1221634250267,-15.944096402654326,0.0005744073166321905,,0
164,417.9543272289036,173.00902592675672,153592.00252723694,325.43280029296875,471.96226805954024,153620.94865997703,5.22184786090779,0.01913354460091421,1.019506778415752,9882.353515625,227.0,,,False,False,starfield_photo.fits,155471.62345012595,325.6208502447096,477.46212606866663,-12.979127833831253,0.002273897636529728,,0
165,403.75359660635263,179.26151671606561,724467.7899942398,699.6241455078125,1035.5099872495036,722973.8848968417,5.1905507090263505,0.022996701500351824,1.0235379978099022,47058.82421875,298.0,,,False,False,starfield_photo.fits,722156.9310721323,695.9323445091687,1037.6826666699324,-14.646578959619612,0.001046273619934466,,0
166,414.59169188918685,187.35867685810572,1565016.5578269958,1025.503173828125,1526.0962596389718,1556938.2750573093,5.4086183915768755,0.007640389736805475,1.0076992147380717,60000.0,356.0,,,False,True,starfield_photo.fits,1547749.961268112,1017.2734493890949,1521.4689444589212,-15.474252004542198,0.0007135866978777584,,0
167,199.48455086721523,180.37142417251476,1495112.741634369,1002.6507568359375,1491.1600389675987,1492004.5791312335,5.233297762265852,0.0035289369983547703,1.0035414344975806,60000.0,371.0,,,False,True,starfield_photo.fits,1487966.1830048047,997.6430996748865,1491.4814561336668,-15.431482652787256,0.0007279339582366886,,0
168,223.0717542200661,177.48670103073576,52705.88488769531,193.2906036376953,272.67691184040916,52705.88488769532,4.486439577642322,0.030941151416299495,1.0319290737208795,3764.7060546875,139.0,,,False,False,starfield_photo.fits,52705.88488769531,194.46791845689688,271.02611734581495,-11.804647772925323,0.004005886999497928,,0
169,216.55140563738328,189.02410632111616,125293.56903076172,293.13934326171875,427.4198326182983,125309.59688344665,4.9235862654885185,0.062313081358523204,1.0664540371841835,8000.00048828125,204.0,,,False,False,starfield_photo.fits,125233.31453368708,291.52097603470065,429.58594690894614,-12.744299687871884,0.0025273173105686397,,0
170,446.9820401585093,185.49014883259025,716592.4154081345,697.1647338867188,1027.8667014797288,713296.4761242736,5.238191392666838,0.009088439679384108,1.0091717970031993,45176.47265625,348.0,,,False,False,starfield_photo.fits,709559.0597258274,689.8297215932998,1028.6003016613415,-14.62747137385141,0.0010555120373253188,,0
171,462.8766009682782,190.71951458161777,1566816.236234665,1027.43505859375,1524.9783654250282,1555110.4195791106,5.493229423792502,0.0073485984877254,1.007403000163532,60000.0,398.0,,,False,True,starfield_photo.fits,1542295.5579980845,1015.3214036854795,1519.0220085972383,-15.47041901941672,0.000714736188057344,,0
172,439.62814282067905,203.0706454028853,59184.48207473755,209.9381866455078,281.9138481684316,59184.48207473754,4.888925922470528,0.020851508259053353,1.0212955526510377,3764.7060546875,186.0,,,False,False,starfield_photo.fits,59217.05088601601,209.38090233578643,282.8197329623166,-11.931116937394181,0.003838841047716641,,0
173,473.0854679468252,202.75032891091348,2163728.0333986282,1206.0992431640625,1793.9883850041535,2170610.0438133376,5.783701508763839,0.03882282655547753,1.0403909160850648,60000.0,378.0,,,False,True,starfield_photo.fits,2207512.356968986,1214.4834402949257,1817.655378185241,-15.8597578582553,0.0005973079457360999,,0
174,426.14161690965136,210.4623951196683,415785.49860191345,530.45361328125,783.8300808810991,415448.16523770406,5.194785291420741,0.010442512484607258,1.0105527092830418,26352.943359375,302.0,,,False,False,starfield_photo.fits,414685.99070248276,526.681064920346,787.3569382358542,-14.044298409706306,0.0013789171686638224,,0
175,476.9471716488822,210.65097923985658,413431.2021522522,524.6500854492188,788.0132179874932,421974.5139394457,4.95226622130791,0.16922555502526626,1.2036961488751774,27529.412109375,184.0,,,False,False,starfield_photo.fits,842493.7909324513,756.1973915996608,1114.1188799266272,-14.813916772156034,0.0009744920578596616,,0
176,481.87215214328427,222.03663986436786,485432.8967971802,569.333740234375,852.6332842970878,485196.7848735491,5.3486640520709114,0.028746066488144484,1.0295968597874343,31764.708984375,249.0,,,False,False,starfield_photo.fits,441988.6270648241,564.5198783408576,782.9460821890685,-14.113527736344816,0.0013866855262426889,,0
177,465.2244676816613,227.2786338047813,2784346.1009931564,1368.5213623046875,2034.5653182235453,2769686.957045825,7.408870482979494,0.31299421246253634,1.4555918132574222,60000.0,612.0,,,False,True,starfield_photo.fits,2563569.31162516,1308.8587005763989,1958.629537700447,-16.022112660057783,0.0005543161578552928,,0
178,497.71893251545185,226.96049519430863,1034623.6516637802,838.5186157226562,1233.8708196384116,1025986.9262159533,5.32208822969521,0.01237844718657699,1.0125335936131759,60000.0,474.0,,,False,True,starfield_photo.fits,1019877.4398998226,826.290251850939,1234.2847293856328,-15.021369962803636,0.0008796187574486229,,0
179,35.58890916716559,197.91217654737403,773407.4442043304,728.7047119140625,1061.3454689662276,773221.4797173277,5.743814098002251,0.2497241749544824,1.3328431579670479,43764.70703125,296.0,,,False,False,starfield_photo.fits,763073.5960357852,722.6677523415829,1055.912061335627,-14.706416065761537,0.001028210624497171,,0
180,49.42003575008897,196.776361908048,636720.7330436707,654.9970703125,972.0970702050473,636629.1280555191,4.945233333948853,0.017949055530978808,1.0182771124370575,42117.6484375,255.0,,,False,False,starfield_photo.fits,636387.5105223439,653.566317312506,973.7152813186547,-14.509304119436466,0.0011150076627427373,,0
181,77.1119597860939,204.2445247327908,1950290.4802646637,1144.26416015625,1704.405807832302,1948062.6259896276,5.4758727565439775,0.006916843416623797,1.006965019364965,60000.0,373.0,,,False,True,starfield_photo.fits,1939433.5837538787,1138.6773026047276,1703.233725057502,-15.719187279248438,0.0006374345364511534,,0
182,67.79020523045646,222.7976096641303,987895.2712097168,814.9747924804688,1212.1789291211633,987619.6429137033,4.954020785725823,0.0051631125944203715,1.005189908677276,60000.0,286.0,,,False,True,starfield_photo.fits,987480.6891471946,813.5782832447861,1213.7500588251141,-14.986321528647974,0.0008945004715805626,,0
183,510.335652436594,200.77884153630117,235.29412841796875,18.677867889404297,12.597483278669507,235.29412841796875,2.005323975311228,0.24744701751692344,1.328810094806166,235.29412841796875,12.0,,,True,False,starfield_photo.fits,940.5106091334392,51.724609066811745,18.183039487424615,-7.433409247090061,0.05970948920563418,,0
184,510.027472382447,205.7313162925563,470.5882568359375,27.013431549072266,17.420528598192817,470.58825683593744,3.0243931982455297,0.43742931044567146,1.7775543919506456,235.29412841796875,26.0,,,True,False,starfield_photo.fits,705.8823852539062,48.05689052241238,14.68847396451301,-7.121830861374435,0.07391509850669474,,0
185,350.32043105579316,215.81999008593996,169186.32850265503,337.42926025390625,501.3979178194178,169186.32850265497,4.984328557868797,0.022080031558396107,1.0225785670309837,10823.529296875,224.0,,,False,False,starfield_photo.fits,169186.32850265503,336.0878260248686,503.3991576063103,-13.07091316484639,0.002156737816492505,,0
186,366.8136659281845,212.85251955492188,448869.55292129517,550.9828491210938,814.6706447166446,449562.9024562262,5.095143316357164,0.018615874475071736,1.0189689989789823,30352.943359375,268.0,,,False,False,starfield_photo.fits,450133.0851425341,549.8241867436209,818.6854925544189,-14.133352337760368,0.0013261502858838462,,0
187,371.3487664421733,223.9959766506605,277611.1964120865,430.2210998535156,645.2756420050279,278038.38716279634,5.066204496545594,0.018031913023517032,1.018363033649126,17647.05859375,225.0,,,False,False,starfield_photo.fits,280685.4834272478,431.3533089075514,650.7090072824848,-13.62054988062005,0.0016684877385271504,,0
188,337.52202694450165,230.67497570058686,1761094.8344078064,1087.8824462890625,1618.828247863707,1753591.9747061506,5.489242650742403,0.0032313979892497624,1.0032418737736433,60000.0,419.0,,,False,True,starfield_photo.fits,1742952.0567611973,1079.2014852052168,1615.0386009057097,-15.603213602929284,0.0006722439942866643,,0
189,318.2626219410676,234.7315651713281,360127.5498714447,491.9990539550781,731.967972248024,360086.96602325334,5.05268365036447,0.02482288241206232,1.0254547424917646,23294.1171875,276.0,,,False,False,starfield_photo.fits,360028.73839587765,489.95807398963535,734.815400559138,-13.890842921561312,0.001477513943194258,,0
190,274.54947335583387,218.73091181109638,1696571.428973198,1067.6190185546875,1589.1169035841722,1691115.7825528877,5.407228590468985,0.0012075167059540926,1.001208976565354,60000.0,395.0,,,False,True,starfield_photo.fits,1682629.7818888738,1060.425740038023,1586.7492822538813,-15.564971428725121,0.0006842290789996949,,0
191,255.15838475376424,233.01077572721135,2215152.939102173,1219.1011962890625,1817.0377863995923,2209681.4510216247,5.704548825454376,0.003230383899603062,1.0032408530992758,60000.0,437.0,,,False,True,starfield_photo.fits,2191373.355871817,1209.7974052544212,1811.355642154787,-15.851790942282939,0.000599385330375239,,0
192,283.20577072281486,236.40214292776895,750816.0347595215,712.2489013671875,1054.1483929540684,749795.1826413074,5.034533038646304,0.0034816153010456263,1.0034937792965029,49176.47265625,314.0,,,False,False,starfield_photo.fits,749246.0247025541,709.2953027319619,1056.3245263527274,-14.686561118435847,0.0010278091371680067,,0
193,186.03412521642983,229.61201920915508,224854.9041519165,385.1197204589844,583.857154559458,224854.9041519165,4.868363210360721,0.01466451812305003,1.014882766725416,14823.5283203125,211.0,,,False,False,starfield_photo.fits,224854.9041519165,384.2156858591958,585.2309325921677,-13.379755910245663,0.001855165097290912,,0
194,137.42133362359226,230.68852243418178,860613.9390869141,761.036865234375,1130.843955662874,860078.987063679,4.956925180814714,0.0019150229537298058,1.0019186973031065,55529.41015625,277.0,,,False,False,starfield_photo.fits,859940.2430363698,759.3783461498226,1132.4266057840773,-14.83617068327973,0.0009587376298424883,,0
195,153.41666656794257,237.05634059521893,1635557.5482406616,1048.477294921875,1559.936067440098,1631972.3752958283,5.315216441572189,0.01770976428269322,1.018029054589717,60000.0,334.0,,,False,True,starfield_photo.fits,1626613.6581975874,1043.153998338891,1559.322651102131,-15.52821103655692,0.0006962638548427589,,0
196,174.44765684608996,245.82523032983934,4689540.1022872925,1771.3651123046875,2647.415865713775,4683883.777243713,9.120160146834738,0.5149035452276824,2.061445698401063,60000.0,579.0,,,False,True,starfield_photo.fits,4123789.0776633397,1658.8757838769163,2485.8938310774165,-16.538241110036513,0.00043674431563694115,,0
197,171.68067290212153,260.6566258604404,112067.7604675293,274.0281982421875,408.964337197456,112067.76046752927,4.753621167257342,0.014773371220949683,1.014994896391765,7529.412109375,154.0,,,False,False,starfield_photo.fits,116850.72985954178,280.23270894108333,416.9774838243765,-12.669078573441958,0.002603737712747285,,0
198,427.2743990957786,237.29076468218514,1437851.5908908844,984.3597412109375,1460.6972742729922,1428992.1522387895,5.375970840590765,0.0013476415666729968,1.0013494601552708,60000.0,423.0,,,False,True,starfield_photo.fits,1421189.3772418776,974.7922659489192,1457.9407601868995,-15.381629881678611,0.0007446804627787618,,0
199,368.1947558773963,243.85386156798486,765102.6117515564,719.5198974609375,1063.3515688050775,762941.3993726806,5.114826543475912,0.013919356525861626,1.0141158399345729,52000.0,347.0,,,False,False,starfield_photo.fits,760992.036019765,714.5611121686355,1064.9782405737353,-14.703450279473184,0.001019457448647121,,0
200,404.4178682611792,240.5564054358762,44352.769609451294,186.7618865966797,237.482981231781,44354.842622987264,4.723288300107096,0.027514905100372133,1.0282933951838225,3058.823486328125,180.0,,,False,False,starfield_photo.fits,44381.443616573735,186.3400338293567,238.17449586392485,-11.61800356157837,0.004558422580309724,,0
201,415.2160779607898,248.70063409227973,40081.005352020264,173.1353302001953,231.5010189178306,40081.005352020264,4.728288513519498,0.035079691220403664,1.0363550138816866,2588.2353515625,148.0,,,False,False,starfield_photo.fits,40228.105553751106,175.13711716792218,229.69491678443146,-11.511323952486785,0.004726704513965927,,0
202,386.6660229453883,249.6545238278114,187458.42860412598,356.6576843261719,525.5976159837645,187458.42860412598,5.064033494903622,0.030065370347306386,1.0309973161367298,12000.0,215.0,,,False,False,starfield_photo.fits,188070.5757422109,355.99421091232887,528.2967249951356,-13.18580213517603,0.002055095079398792,,0
203,400.8642246310805,257.19587200900787,1818134.8243522644,1104.7054443359375,1645.8095989969388,1811854.2135062786,5.523536529408655,0.01444888842997294,1.0146607195307762,60000.0,342.0,,,False,True,starfield_photo.fits,1803596.1182708545,1097.809357270741,1642.9046685799499,-15.64034822984958,0.0006608417522718641,,0
204,400.4899426764152,268.16916859347,354547.9778499603,487.5713195800781,727.1715205794212,359128.56906740833,5.074673033822154,0.0517986085625215,1.054628277315639,22117.6484375,201.0,,,False,False,starfield_photo.fits,403653.4705708402,519.258196042091,777.3656220500371,-14.015021727136446,0.0013966400998501015,,0
205,412.2804642151674,273.16828247779733,135502.72509002686,303.03045654296875,447.15876627012574,136020.3722000122,5.031820700957702,0.026472114815917713,1.027191943054525,8470.5888671875,200.0,,,False,False,starfield_photo.fits,137120.2264697427,304.01438997478516,451.0320267442452,-12.842753804666856,0.002407146135136074,,0
206,101.93777239709273,237.1168267304514,1297827.8736190796,932.6851196289062,1391.496279189546,1310396.6918555063,5.024828897594153,0.04496384565280376,1.0470807785109855,60000.0,261.0,,,False,True,starfield_photo.fits,1426043.8517724662,975.5281349272055,1461.8172461821189,-15.385332201394778,0.0007427056992490423,,0
207,110.25610852243025,237.5173653551124,579191.6061706543,603.3590087890625,959.9452361423889,596212.1938900203,4.852900609484496,0.11997605004705303,1.1363327100966603,35058.82421875,184.0,,,False,False,starfield_photo.fits,904219.4601229521,761.873986853766,1186.8359803922638,-14.890684623625447,0.0009147852086866822,,0
208,140.36893553573518,260.557979225118,4090152.3665332794,1654.004638671875,2472.878413338412,4154762.6501521915,7.563053686502972,0.2739860376308416,1.3773839785901076,60000.0,444.0,,,False,True,starfield_photo.fits,3954916.2082082354,1624.5895864244426,2434.409429468649,-16.4928432166144,0.0004459808555034116,,0
209,129.55086590485567,266.85889699190534,1446524.2920379639,984.8609619140625,1468.7599041662345,1470816.2634728039,5.13922487232286,0.04019528712324427,1.0418786098713453,60000.0,269.0,,,False,True,starfield_photo.fits,1607674.6486224458,1036.769181534949,1550.6582152087744,-15.515495408598664,0.0007001542889022942,,0
210,354.9948827197899,264.9667377442376,23989.770790100098,133.8058319091797,179.28793123444038,23989.770790100098,4.315609694982209,0.030313559162667092,1.0312611973170327,1882.35302734375,119.0,,,False,False,starfield_photo.fits,23989.770790100098,136.67668116736334,175.52204652031418,-10.95006524631909,0.006185547750403798,,0
211,339.6696870279058,272.2391605693013,972758.2419052124,809.470458984375,1201.721731915592,970507.9110256658,5.080470089285024,0.0025413611596292185,1.0025478361314146,60000.0,335.0,,,False,True,starfield_photo.fits,968918.5801237703,805.6245809524615,1202.6924240298774,-14.965718210200157,0.0009027245688986139,,0
212,282.7821144560483,281.114630527217,299705.8369140625,449.8780822753906,666.1934615667697,306839.12642058876,4.649270914155835,0.14904753305004703,1.1751537704382882,19764.70703125,169.0,,,False,False,starfield_photo.fits,581955.1613088533,664.7781861163801,875.4125412998626,-14.412223810652598,0.0012402152685497179,,0
213,278.21545215248705,285.7786449178355,439901.50981903076,584.5321655273438,752.5702361001256,444844.8099010226,4.897015368309814,0.08956272354773775,1.0983733046352633,30588.236328125,198.0,,,False,False,starfield_photo.fits,641718.2568007541,689.7034514932403,930.4263381767976,-14.518360987720873,0.001166884422175179,,0
214,471.1669555686659,284.53286866928534,629481.9053535461,652.01611328125,965.4391855221166,630369.5078404453,5.158955688582679,0.021919242131428707,1.0224104624849129,39058.82421875,286.0,,,False,False,starfield_photo.fits,633570.4735812745,651.7221488470657,972.1481381323275,-14.504487323838699,0.0011168051014178006,,0
215,483.61683339532726,289.34462505991064,2085818.0698375702,1183.9462890625,1761.7505870888886,2073798.1008873428,5.774210642363003,0.01152370051470708,1.0116580443261083,60000.0,461.0,,,False,True,starfield_photo.fits,2051338.1988712298,1170.5722135083154,1752.4234517092932,-15.780093168223699,0.0006195420398768466,,0
216,256.0520183028163,286.4549403730717,78169.4677734375,230.1951446533203,339.5791335701832,78169.4677734375,4.672093587897259,0.024597578608931414,1.025217877328879,5176.470703125,155.0,,,False,False,starfield_photo.fits,78432.08208128286,231.17482231220134,339.2760565221087,-12.236234360182687,0.0032000489840910747,,0
217,241.25308267834035,288.7352625629966,1432670.734222412,981.0780639648438,1460.3024844246756,1429672.5998984014,5.226786072061697,0.002082565937566172,1.002086912069557,60000.0,314.0,,,False,True,starfield_photo.fits,1425146.822511617,976.6106446057815,1459.27840371522,-15.38464902212785,0.0007439978534842182,,0
218,231.22743175243141,300.7288299950117,2211084.3539886475,1216.3834228515625,1817.7527845662446,2259242.4555190923,5.630913835947786,0.06398831792584314,1.0683627343026831,60000.0,288.0,,,False,True,starfield_photo.fits,2421147.058678358,1271.5265236604891,1904.126271552971,-15.960052922419779,0.0005701827742308932,,0
219,230.5182296437832,309.86634807784554,1637778.95362854,1047.42822265625,1563.619270707807,1653931.843673973,5.236921485398192,0.04554972397049517,1.047723516996591,60000.0,275.0,,,False,True,starfield_photo.fits,2058110.59654218,1172.5077320601224,1755.3066306232656,-15.783671771762624,0.000618524411096479,,0
220,351.884854814392,307.4907890816877,631029.7308444977,653.4995727539062,965.6161337417275,630577.7914627101,5.024643230417587,0.012372701978352607,1.0125277035204847,40941.17578125,309.0,,,False,False,starfield_photo.fits,630144.2351745127,650.8747997544584,968.1496893292439,-14.498599918756458,0.0011214174956273525,,0
221,391.53226243497875,310.60432250506545,1560618.5570087433,1023.7410278320312,1524.4270910130988,1556990.9017703522,5.7566081345627484,0.06473642334943375,1.0692173040473494,60000.0,346.0,,,False,True,starfield_photo.fits,1542214.879380648,1015.4898210337064,1518.6906332657945,-15.470362222270012,0.0007148921420982951,,0
222,376.17001648463224,313.77541172704366,749386.3563432693,711.340576171875,1053.4846196685983,747428.2946396082,5.092954337476695,0.003988628684075013,1.0040046015526964,50352.94140625,292.0,,,False,False,starfield_photo.fits,745890.1518579298,707.3078341856235,1054.5481271485264,-14.681687182774606,0.0010295404942168998,,0
223,354.77552643620135,322.1465828672934,47534.490184783936,183.799560546875,258.6213484044814,47596.40969085693,4.631194821965839,0.01885811966535711,1.0192205837334403,3294.117919921875,131.0,,,False,False,starfield_photo.fits,50963.636915996656,191.6717718720095,265.8901538721522,-11.768151032432662,0.004083265153631964,,0
224,399.1426939157388,325.6104249163821,2247978.3956193924,1228.3253173828125,1830.116471432137,2238804.586334289,5.798004790214719,0.002380067465743152,1.0023857457014687,60000.0,446.0,,,False,True,starfield_photo.fits,2216082.4045372186,1216.5807739620734,1821.5661894113612,-15.863964763753806,0.0005960255555417637,,0
225,365.94974311705886,332.0881244845738,3295932.486717224,1486.0277099609375,2217.948201520322,3289030.781493392,7.72992525007004,0.4175727794372045,1.7169527190602574,60000.0,537.0,,,False,True,starfield_photo.fits,3123805.2726906515,1444.028174072185,2163.2578427340964,-16.236709884050494,0.0005018819202004171,,0
226,71.79609240206806,316.1107954055578,561334.9527282715,605.107177734375,927.6620297746356,562510.2260656602,4.907169697942341,0.022178212529071484,1.0226812419330868,37882.35546875,218.0,,,False,False,starfield_photo.fits,568759.1633606981,608.5200654265738,934.6596697053808,-14.387321016756015,0.001161599280668898,,0
227,82.37045656651962,315.2233331181608,286930.11323547363,434.7735900878906,659.9529497122168,290193.6016548901,4.777346375841958,0.020204442980281456,1.020621080423898,19058.82421875,177.0,,,False,False,starfield_photo.fits,302538.3932648984,446.4102567667376,677.7138040154475,-13.701951240240204,0.0016020036681667666,,0
228,134.2422234658183,327.1325758865438,448869.4147338867,547.6495361328125,819.6289508497451,448855.482397835,4.912157402779195,0.006778084312491939,1.0068243402661934,30588.236328125,245.0,,,False,False,starfield_photo.fits,448853.7385144661,546.4998025365531,821.3246124355993,-14.130262116961418,0.001321889035786238,,0
229,114.45621654346331,341.551524699944,1710246.5756912231,1070.3729248046875,1597.8044063505197,1722398.5311771096,5.211047233786895,0.06667422059323713,1.071437243098135,60000.0,263.0,,,False,True,starfield_photo.fits,2213923.3862414234,1216.0920712500586,1820.5228358784243,-15.862906469644596,0.0005963671416822062,,0
230,122.64795266873975,342.9077682560935,1838037.8410282135,1109.27783203125,1656.9679731744907,1852620.28603736,5.245856098893516,0.07499681758177135,1.0810773616861595,60000.0,210.0,,,False,True,starfield_photo.fits,2314056.032108914,1243.3618217515461,1861.1284274830489,-15.910934676665834,0.0005833557663015648,,0
231,195.98390501197332,347.1737800249195,2175256.965866089,1208.257568359375,1800.3255455041328,2136593.9206379387,6.598489930223672,0.24321264492493688,1.3213751436172099,60000.0,488.0,,,False,True,starfield_photo.fits,2118534.326752184,1189.6311387433511,1780.832947084813,-15.815088763240773,0.0006096585318557076,,0
232,133.11757109538857,345.50934640382303,910115.4983158112,783.3637084960938,1161.804521252403,914114.695159317,4.867797198422376,0.021735473038872133,1.0222184004835493,59764.70703125,187.0,,,False,True,starfield_photo.fits,927307.9003796185,806.7452384601052,1149.4432891226484,-14.918059899637125,0.0009445442069862338,,0
233,142.8349834970148,357.39148394564245,1150572.2248420715,878.2783203125,1310.031453847895,1153448.9742957363,5.019506013663366,0.003863268237352835,1.0038782509611073,60000.0,201.0,,,False,True,starfield_photo.fits,1175351.0862422427,887.1499929378143,1324.861743333892,-15.17541903256773,0.000819481734952914,,0
234,167.6635548919203,356.7763263838539,2161630.230705261,1202.898193359375,1797.0184365049236,2199094.1405559154,5.553429191215363,0.03466779438338552,1.035912812378658,60000.0,298.0,,,False,True,starfield_photo.fits,2270412.048550865,1231.3766861310573,1843.7997682775858,-15.890261707049344,0.0005888383427958794,,0
235,131.13922991652188,360.1657533418652,1133442.7144699097,872.2174072265625,1299.4956361556456,1133870.6956091323,6.479088908327184,0.34798962055102434,1.5337179154189478,44470.58984375,283.0,,,False,False,starfield_photo.fits,1123761.1038094382,867.5695298520224,1295.2980310420921,-15.12668498999413,0.0008381854785392776,,0
236,203.7879798179305,362.36300971017323,2199818.7920303345,1213.6114501953125,1812.6219818347188,2197847.2023277027,5.6652494870433445,0.012630220557137362,1.0127917836053926,60000.0,318.0,,,False,True,starfield_photo.fits,2185748.2548592966,1208.2408731791015,1809.0335324513524,-15.849000350780116,0.0006001547127370322,,0
237,151.96725104184736,360.6476532367753,306613.17404174805,453.2279052734375,676.5099202282456,309471.99772644043,4.717686777419709,0.06122754694506205,1.0652208602263695,20705.8828125,162.0,,,False,False,starfield_photo.fits,391321.5266751614,511.84506982411136,764.5312024000422,-13.981334347959525,0.001420085925324871,,0
238,175.84630692449994,362.47572092479044,1814540.74294281,1101.926025390625,1646.6992349142204,1835503.6536682048,5.346598507790988,0.04127928061925423,1.0430566272166488,60000.0,243.0,,,False,True,starfield_photo.fits,1971913.1125646527,1147.7356966219918,1718.0899037717259,-15.737219437307797,0.0006319226936940617,,0
239,193.76624889899338,368.35409915196334,740412.0963439941,704.3833618164062,1051.149326461488,748377.3497644309,4.862559253391152,0.05232853202596255,1.0552180093992196,47764.70703125,147.0,,,False,False,starfield_photo.fits,835604.8442976577,764.8605973364329,1092.4929944196185,-14.805002372686795,0.0009937821162659013,,0
240,185.5302024996623,369.71512601687186,339535.7413330078,474.8993835449219,714.963533535289,358092.856757435,4.743374013466652,0.07019939964517508,1.0754994131197442,21882.353515625,125.0,,,False,False,starfield_photo.fits,499874.2084625142,599.4966010510449,833.8232570228564,-14.247151823620964,0.0013020744994286474,,0
241,165.4038800503206,378.43652887723727,1549859.5443611145,1019.5595703125,1520.1265227553845,1547408.04208702,5.240139289960164,0.005336104403638631,1.0053647311692553,60000.0,312.0,,,False,True,starfield_photo.fits,1543132.488937971,1015.7979296448614,1519.1333275088225,-15.471008037362225,0.0007146838136850071,,0
242,192.3742690048908,380.1376442952033,1753362.5422668457,1083.7479248046875,1617.8693422484162,1754194.8951074437,5.381103054444426,0.0004383581620976962,1.000438550404247,60000.0,299.0,,,False,True,starfield_photo.fits,1748391.9467314794,1080.8680531222599,1617.5812965153057,-15.60659699354579,0.0006711872858191936,,0
243,164.68351660291825,393.5501401336752,777886.3002586365,723.45166015625,1075.2429541603785,777427.9007279526,4.907462532675565,0.013505859620577043,1.0136907651731033,50352.94140625,231.0,,,False,False,starfield_photo.fits,777626.7797220446,722.5792043881268,1076.1820641939614,-14.72692802075892,0.0010088441687728436,,0
244,199.5968312626751,398.88523607601167,1231660.7471485138,910.2754516601562,1353.0637840471436,1230810.1159727287,5.046228354763918,0.012399576950377411,1.0125552568234921,60000.0,317.0,,,False,True,starfield_photo.fits,1229816.3067379976,907.7824942713733,1354.7477666719085,-15.224600618176229,0.0008014037939085482,,0
245,151.52898157273466,397.320241449804,227809.5325012207,394.5714111328125,577.359448945327,228515.4148864746,6.1715705589951595,0.37078079724757906,1.5892712676689722,11294.1181640625,201.0,,,False,False,starfield_photo.fits,232544.5213116782,397.8104513953966,584.5611157172558,-13.416265280258113,0.0018572908303485897,,0
246,132.95232509755687,410.22368582277977,2261884.1405792236,1230.7247314453125,1837.8473128779658,2259933.5537678264,5.681318811534275,0.003396004672943098,1.0034075768197463,60000.0,354.0,,,False,True,starfield_photo.fits,2243655.0384328617,1224.1121463049067,1832.883568066486,-15.877390212541533,0.0005923453180091019,,0
247,151.22969881054115,407.7728249955495,219739.68730163574,379.8724365234375,578.4565190164255,219739.68730163574,4.775670734622512,0.005428898219655531,1.0054585320344995,14823.5283203125,166.0,,,False,False,starfield_photo.fits,229818.6543840292,388.64751002597376,591.3292854202775,-13.403463193683526,0.0018360328615017888,,0
248,187.09494441968417,417.86673732652747,2308378.005443573,1242.65966796875,1857.6107883318084,2310843.328563521,5.822192318356352,0.11127083629957946,1.12520218852308,60000.0,297.0,,,False,True,starfield_photo.fits,2326306.795397588,1246.4155397129693,1866.3974583735544,-15.916667473274694,0.000581708893316924,,0
249,196.46887731903047,416.935516018956,351888.88290405273,484.2313537597656,726.6957832693957,384574.3412483624,4.638453942217385,0.10463571381232428,1.1168638457290352,26588.236328125,155.0,,,False,False,starfield_photo.fits,696766.940477409,681.6151615292306,1022.2292281676729,-14.60771884126178,0.00106209054689827,,0
250,176.9395165743806,423.22331793633026,582750.7188415527,627.0763549804688,929.3138135621513,588694.4321233894,4.78959302463491,0.03611669006805063,1.0374699817871111,40705.8828125,204.0,,,False,False,starfield_photo.fits,617162.3295255976,644.7006745892567,957.2850686387076,-14.475998524122428,0.0011341449225191645,,0
251,135.90259411445328,422.35183826661876,301011.32804870605,472.269775390625,637.3715696706035,308827.83044433594,4.805242016121164,0.08786623421566986,1.0963304259875908,21411.765625,136.0,,,False,False,starfield_photo.fits,490819.2148808892,591.6159349101493,829.6247378046562,-14.227303891012482,0.0013086639664012037,,0
252,144.738454684914,427.0742887078123,2225667.3721313477,1220.446533203125,1823.6500424889311,2228612.5519210394,5.654212795668767,0.0025879184077818307,1.0025946331065598,60000.0,299.0,,,False,True,starfield_photo.fits,2224446.806670286,1218.8942879915592,1824.9710648292828,-15.868055062245695,0.0005949135418766555,,0
253,206.00559427867046,432.07070396149754,282026.62255859375,432.6328125,651.8844951423877,282026.62255859375,4.760355455792942,0.030300079416867964,1.0312468618112776,20000.0,208.0,,,False,False,starfield_photo.fits,282026.62255859375,431.88384392132235,653.014986617493,-13.625725266228915,0.0016625958396816313,,0
254,148.4251156119949,438.84305910696617,211022.27200317383,385.7513122558594,547.0422660888006,211890.23363025323,4.890556151502307,0.07655276823550172,1.0828989092199959,16941.177734375,163.0,,,False,False,starfield_photo.fits,230932.74554373583,402.688956354669,573.4767291217726,-13.408713797219773,0.0018931892871444861,,0
255,155.44729529134307,453.51978882516585,1094230.5371551514,857.8399047851562,1275.564975529086,1093970.8045283803,5.065676046856512,0.048269346853400674,1.05071744478736,60000.0,297.0,,,False,True,starfield_photo.fits,1093521.7947439463,856.1638289784315,1277.2342835935133,-15.097068608220843,0.0008500398195900056,,0
256,127.98500977229615,454.1034125192966,2620687.079559326,1324.4029541015625,1978.7686756838489,2621370.4765351787,5.968109971377912,0.12318522614943184,1.1404917319178587,60000.0,363.0,,,False,True,starfield_photo.fits,2594689.1307835104,1316.2629443123797,1971.2544077877883,-16.035213331402733,0.0005507660481116749,,0
257,137.91265534509938,464.0480083728772,1513523.9892425537,1006.4992065429688,1503.7508021899662,1521569.573068262,5.206636758686834,0.009087340930446719,1.0091706780080694,60000.0,217.0,,,False,True,starfield_photo.fits,1591537.8559518508,1031.5182650896243,1542.9080703806721,-15.504542432770291,0.0007036712172567301,,0
258,138.5861154154269,474.5972969677593,1987503.4350624084,1153.6943359375,1722.7296461045285,1989867.346148157,5.445943490405769,0.03784609836511632,1.0393347657799947,60000.0,296.0,,,False,True,starfield_photo.fits,2033347.0073753337,1165.5031134393198,1744.6088165093495,-15.77052875221262,0.0006223171577066152,,0
259,475.66443053922274,335.9741596746747,164319.16440486908,331.919677734375,495.057013571725,164316.07006197135,5.087156216107905,0.015037286276182726,1.0152668583964277,10352.94140625,219.0,,,False,False,starfield_photo.fits,166017.5402269686,332.3461292217741,499.5320409349053,-13.05038493728926,0.002173434156431778,,0
260,452.05657498041444,342.13163411993906,528301.9163284302,596.450439453125,885.7431923645173,527959.5179803937,5.122065957493806,0.0014074637942752544,1.0014094475406587,36235.296875,313.0,,,False,False,starfield_photo.fits,527186.8445904145,593.2153872524743,888.693813274338,-14.30491141086419,0.001221680610107777,,0
261,469.3542832350098,343.96805511333645,38431.8243560791,176.5321807861328,217.7043538743733,38431.8243560791,4.735901918539211,0.06341671490837231,1.0677107054095762,2823.529541015625,134.0,,,False,False,starfield_photo.fits,46764.90979666201,192.89785818096644,242.43353574610288,-11.674800252463806,0.004478340823016491,,0
262,91.99176706092842,344.82479817613074,2041773.6769714355,1169.2257080078125,1746.261361675254,2042290.2945408055,5.892676125942405,0.1628377644683967,1.194511598298499,60000.0,345.0,,,False,True,starfield_photo.fits,2019630.081775801,1161.507866262603,1738.8001755635005,-15.763179576889604,0.0006243960722215551,,0
263,93.8030270556136,357.9891503093025,1351756.474533081,951.2445678710938,1421.039888362613,1356412.8218149876,5.114397741900893,0.029608687852082816,1.0305121114352778,60000.0,211.0,,,False,True,starfield_photo.fits,1421713.326135445,974.9607563588455,1458.2262074271296,-15.38203008551883,0.0007445346918538732,,0
264,86.39561787385647,364.0847163130783,886680.2244548798,771.5709838867188,1149.1881407829887,891045.1274629048,4.828371447321253,0.06015453537109472,1.0640047088963147,59294.11328125,188.0,,,False,True,starfield_photo.fits,1012606.3661550161,823.9449572106186,1228.9733158669865,-15.013601633563514,0.0008834203200206073,,0
265,94.26279194494234,368.1688202363497,80179.08381652832,234.24203491210938,342.29161237696957,85580.1535949707,4.238166599263572,0.1672475583605798,1.2008370675339282,6352.94140625,96.0,,,False,False,starfield_photo.fits,279850.4364097286,435.2013367990767,643.0367113944084,-13.617314971247742,0.0016883950492432818,,0
266,296.33853605781815,350.3942710262951,487134.7695465088,573.1388549804688,849.9419735957514,486968.20605884027,4.975091986168048,0.015863067969289713,1.0161187609701399,30823.53125,256.0,,,False,False,starfield_photo.fits,486896.40649231407,571.7061377332343,851.6550275685626,-14.218591423187913,0.0012748119424594083,,0
267,280.11841820199834,349.27951413322705,1132399.3653526306,871.9348754882812,1298.7201191126687,1133112.8017015962,5.063380278109667,0.013678445776766024,1.0138681403830199,60000.0,262.0,,,False,True,starfield_photo.fits,1155836.1127448676,879.4993414364953,1314.1978149261927,-15.157240648411248,0.0008261313385770426,,0
268,276.296578662074,358.29334000728534,425999.4147644043,534.4464111328125,797.0853688800267,432994.88501785195,4.93645837846315,0.07892707082883821,1.085690359936929,30117.6484375,205.0,,,False,False,starfield_photo.fits,502655.096469697,579.755729639736,867.0118651212816,-14.253175225669866,0.001252231997826382,,0
269,421.07334666258805,370.11725466284594,1476835.916305542,996.2302856445312,1482.4242322146163,1470906.3890190416,5.335211016651308,0.003878400391529424,1.0038935009471273,60000.0,363.0,,,False,True,starfield_photo.fits,1463813.6070263078,989.2224889087721,1479.7617557614012,-15.413714449672186,0.0007336991889220442,,0
270,429.8707118617249,382.18451927409563,1607146.7706336975,1039.1370849609375,1546.616701389415,1600969.4011262918,5.412536102096049,0.006445616365066242,1.0064874318620436,60000.0,331.0,,,False,True,starfield_photo.fits,1591486.6082189973,1031.6536517828622,1542.655915062826,-15.5045074713557,0.0007037862360614513,,0
271,421.5937901281143,395.5921284313245,1342794.698255539,950.336669921875,1412.9673627830514,1337636.3409671155,5.258376937894968,0.007307318419519926,1.0073611083823906,60000.0,358.0,,,False,True,starfield_photo.fits,1332584.8050191072,943.9938171993824,1411.645691676866,-15.311737142144983,0.000769102336656671,,0
272,352.033766978093,371.60751195219586,29899.45831298828,147.1592559814453,203.1775583097415,29899.45831298828,4.380608320208989,0.01283048722443525,1.0129972482520864,2117.647216796875,128.0,,,False,False,starfield_photo.fits,29899.45831298828,149.29286217379337,200.27386358352493,-11.189158300759978,0.005421076822374304,,0
273,365.75595561126295,375.7135842628516,312904.2667312622,454.894775390625,687.8607617829125,312904.2667312622,4.984984827249187,0.002012705210574728,1.002016764362716,20470.587890625,237.0,,,False,False,starfield_photo.fits,312904.2667312622,453.67143843925237,689.7155963966658,-13.73852871295664,0.001574127083209523,,0
274,339.0228635852562,388.0056360105907,2679893.6611824036,1341.50244140625,1997.6807931658811,2674239.308983379,6.245026108530858,0.19561757894827814,1.2431897737055344,60000.0,467.0,,,False,True,starfield_photo.fits,2638613.4835896576,1327.3116324646921,1987.9381895342858,-16.053439443494252,0.0005461437411463718,,0
275,374.5421026316431,399.045799598649,605443.4746322632,630.2841186523438,960.5881803381083,605288.3751621984,5.107566159051635,0.02433144264850895,1.0249382256558088,37882.35546875,260.0,,,False,False,starfield_photo.fits,606408.2444756046,629.4431370654792,963.4043311723672,-14.45691274288058,0.001126941165687735,,0
276,352.0548071837943,409.85022946685814,1659363.4353313446,1056.0526123046875,1571.2886043717228,1655688.1204977566,5.386020719500435,0.0064502864275866045,1.0064921627367733,60000.0,350.0,,,False,True,starfield_photo.fits,1648294.169916367,1049.8241540254112,1570.0669141552917,-15.542586806282667,0.000691499190392223,,0
277,366.3968922401678,410.0919019125996,1290723.857208252,930.69384765625,1386.8404314250697,1288289.010927495,5.190602045476581,0.0051512272023397365,1.0051778997403331,60000.0,284.0,,,False,True,starfield_photo.fits,1284005.1086605275,926.6707293506664,1385.6109489508224,-15.271416879150356,0.0007835532772183178,,0
278,109.61755208047072,386.915373202691,654701.8998413086,664.5726318359375,985.1472487403519,655443.4696411755,4.907919399638923,0.02139525210140436,1.0218630168587954,43764.70703125,231.0,,,False,False,starfield_photo.fits,660216.1899544857,666.8206385207227,990.095614645509,-14.549215424954243,0.0010965607603349713,,0
279,116.24679275349715,393.04319275323235,49175.842376708984,190.7237091064453,257.8381188531905,51514.92556762695,4.08657186998348,0.1594364636745471,1.1896780633282382,4235.29443359375,97.0,,,False,False,starfield_photo.fits,131333.58549646888,303.8407263855508,432.2448378095849,-12.795939502402213,0.002511770887772358,,0
280,61.99005430549999,395.50780976904883,1572817.8911838531,1028.414794921875,1529.3614006236992,1572343.8951659864,5.190920201786687,0.004684997496187782,1.0047070500137165,60000.0,318.0,,,False,True,starfield_photo.fits,1570793.9802602953,1025.7404545602953,1531.3756743012036,-15.490298070646789,0.0007089703840929993,,0
281,73.36623445916042,407.82024551394727,203645.27644348145,365.0547180175781,557.8486358137563,203645.27644348147,4.665882002471757,0.017450072584865195,1.0177599856230943,13647.05859375,182.0,,,False,False,starfield_photo.fits,203645.27644348145,364.7375216007403,558.333772598262,-13.272185852672742,0.0019445357835826168,,0
282,492.5465358769581,399.39029436628135,1191538.3480262756,895.0379638671875,1331.271293653288,1196942.5398969636,5.064514970760197,0.11325190862408152,1.1277159880303262,60000.0,284.0,,,False,True,starfield_photo.fits,1733292.41538232,1076.3303804279494,1610.3721003333217,-15.597179591542522,0.0006741920080304901,,0
283,485.9185277775285,403.7820741309189,1587873.0663528442,1031.3323974609375,1539.632683179611,1659756.4146081435,5.066831670762305,0.05150462752852569,1.0543014009592069,60000.0,223.0,,,False,True,starfield_photo.fits,2613605.1327501833,1321.0165760568198,1978.4801948145778,-16.043099935902625,0.0005487545454564186,,0
284,488.93201707213535,411.2687662167783,1991323.8986740112,1155.166748046875,1723.8410835845893,2040723.4350653621,5.4406149923961244,0.07423185802619181,1.0801840705686026,60000.0,283.0,,,False,True,starfield_photo.fits,2466946.0230046078,1283.575495812185,1921.932937371668,-15.980399117980824,0.0005649000435388473,,0
285,461.48621498680416,412.67296669547096,1850333.4481649399,1114.6151123046875,1660.064920830841,1889238.8762140186,5.530825206428993,0.11576156532584214,1.1309166858014945,60000.0,344.0,,,False,True,starfield_photo.fits,2309758.1621231,1242.1630679481261,1859.4645274219001,-15.908916276187437,0.0005838777691044718,,0
286,463.7146621678762,421.20560203235846,2272708.0597496033,1234.39599609375,1841.1498959342018,2308932.672822913,5.666761088138129,0.06040000216284491,1.064282675927925,60000.0,351.0,,,False,True,starfield_photo.fits,2619164.4141497463,1322.5750707656025,1980.3521720952926,-16.045406903677428,0.0005482358215363713,,0
287,491.25231538313835,429.7437976343601,839055.094171524,754.5796508789062,1111.9503331347778,836136.4615236409,5.078283777602784,0.009876102271168308,1.0099746125649753,55764.70703125,332.0,,,False,False,starfield_photo.fits,834597.1135852229,749.660704846823,1113.2998010823508,-14.803692195978233,0.0009752090128323762,,0
288,248.96822212202696,402.35332348102384,2172288.904947281,1208.1173095703125,1798.0777923957503,2167078.8024641424,5.749938188675334,0.07304140951086358,1.0787968419088938,60000.0,457.0,,,False,True,starfield_photo.fits,2151613.827248233,1198.9515683803704,1794.5794342258434,-15.831910816481194,0.00060498854455465,,0
289,241.2342836580725,417.66984996007693,38439.88999938965,181.99676513671875,211.2119408853944,38439.889999389656,4.329642627159112,0.01874007596721361,1.0190979734403047,3764.7060546875,129.0,,,False,False,starfield_photo.fits,38439.88999938965,183.68271250957795,209.27331415244228,-11.46195534052415,0.005187952436253467,,0
290,285.9057250242641,409.7381206372287,851207.8883361816,756.6812744140625,1124.9226287452614,853694.463083104,4.980947345245066,0.007369334349247136,1.0074240446162481,57882.35546875,256.0,,,False,True,starfield_photo.fits,864711.4508566114,761.3771414973168,1135.7202675615902,-14.8421780252895,0.0009559572290904129,,0
291,297.4357662115469,413.19854660054546,1668090.286392212,1058.013671875,1576.6245094319443,1671277.4258548873,5.343595870832786,0.021985274239498587,1.0224794920366898,60000.0,315.0,,,False,True,starfield_photo.fits,1665167.47835728,1055.4334099502066,1577.7096524126894,-15.553644800714757,0.0006881494312592366,,0
292,54.65417443437175,421.46040078767277,1108542.312992096,863.5752563476562,1283.6661366149906,1108316.8516749665,4.947053763058704,0.006170015103866278,1.006208320535339,60000.0,267.0,,,False,True,starfield_photo.fits,1108400.2294213953,862.5032869130548,1285.0968178781309,-15.111741517505807,0.000844839069629507,,0
293,53.0646145878333,436.34182057077936,1185698.5411605835,892.0501098632812,1329.1837846893015,1184012.7643421649,5.02893153773862,0.009971852881520804,1.010072292298501,60000.0,264.0,,,False,True,starfield_photo.fits,1183043.6764136907,890.0059371398157,1329.2536903917755,-15.182501946259823,0.0008167741100496836,,0
294,38.51235200843692,447.57926017645207,939226.9123840332,793.4053344726562,1183.7920311038727,986694.7891639064,4.785016682781276,0.07801540105353233,1.0846168158803073,60000.0,206.0,,,False,True,starfield_photo.fits,1217941.0767690972,902.5815065644377,1349.3973318875496,-15.214065694771202,0.0008045814041156527,,0
295,47.031861301030936,451.5850713759949,2166418.508354187,1203.768310546875,1799.6972418803562,2173925.5218949085,5.5762627766286315,0.02008233565002604,1.0204939010496843,60000.0,272.0,,,False,True,starfield_photo.fits,2236600.4487197176,1222.1903782262334,1829.9935006571552,-15.873971019232854,0.0005932807955930568,,0
296,62.88467934961407,459.72287757732386,1474009.2591629028,994.3455810546875,1482.3913207312123,1473152.3837676784,5.167466775198442,0.0027765412475299067,1.002784271893286,60000.0,305.0,,,False,True,starfield_photo.fits,1471190.890438335,991.9073427311702,1483.1938700922208,-15.419172567755906,0.0007320014071609495,,0
297,302.03613404004886,439.2978370218283,154452.99696350098,346.25164794921875,446.0715143979706,156144.75494384769,4.64245935640411,0.10367135413812611,1.1156622123110211,11294.1181640625,150.0,,,False,False,starfield_photo.fits,236990.94141594082,418.75261684714945,565.9449801180486,-13.436829365360104,0.001918384362687584,,0
298,306.7136076151749,445.6222430838931,259692.02827453613,419.331298828125,619.3003694221699,260162.61653137204,4.9369563054754515,0.03791389377266119,1.0394080046757292,16941.177734375,186.0,,,False,False,starfield_photo.fits,312258.30984714336,469.9639197069072,664.430388702782,-13.73628501171262,0.0016340312220211584,,0
299,89.77771741029069,448.80857785281864,1290117.6720581055,929.5323486328125,1387.9212207683295,1303253.9791503092,5.025044618606609,0.03831332771478313,1.0398397199617426,60000.0,247.0,,,False,True,starfield_photo.fits,1360137.6882426124,953.6451004703514,1426.251429983516,-15.333957186766016,0.0007612262306461268,,0
300,99.67504415606275,449.764686081398,1201316.6110019684,898.6505126953125,1336.8006739337106,1201285.7987685534,4.973667236446153,0.014180254805356118,1.0143842268066525,60000.0,238.0,,,False,True,starfield_photo.fits,1272521.0053524594,923.910291065867,1377.3209560036596,-15.261662399787944,0.0007882694264307086,,0
301,272.16559732870195,458.1429788912235,291580.7561340332,440.8971252441406,661.3351265844032,293033.44161987305,4.7603989350717555,0.036130124363828564,1.037484441911811,20470.587890625,169.0,,,False,False,starfield_photo.fits,359494.1162631536,489.5470119976341,734.3403339266853,-13.889229467010356,0.0014784697909680578,,0
302,272.9674767136005,467.40385301281003,693522.4839897156,684.1708374023438,1013.668584037984,699759.2436791509,4.85899181611243,0.03567541966376142,1.0369952403902452,46352.94140625,236.0,,,False,False,starfield_photo.fits,723249.6490054793,697.6266692846423,1036.7287846766399,-14.648220578890198,0.0010472362840187124,,0
303,20.943848861967627,461.46927048781413,918430.5322208405,785.646728515625,1169.0121003317774,922450.6487023422,4.748585840210828,0.08531347887001173,1.0932707292599184,60000.0,205.0,,,False,True,starfield_photo.fits,1322418.0660598276,941.266681192031,1404.9345339464285,-15.303421934168043,0.0007727762210743685,,0
304,16.437270996024186,469.1862831247166,2141306.7581100464,1196.7548828125,1789.2609329303507,2156057.699390175,5.517001910919162,0.022834819623799296,1.023368433589711,60000.0,259.0,,,False,True,starfield_photo.fits,2260180.6022862853,1228.6428673280575,1839.5749183011364,-15.88535785831382,0.0005901906952518431,,0
305,13.112929494888721,482.424562437675,577666.1617736816,617.8421630859375,934.9736814470726,579216.3743985005,4.8751287122837725,0.030892583559446463,1.0318773574893403,37882.35546875,211.0,,,False,False,starfield_photo.fits,582288.5409962209,619.7701679816008,939.5233444238758,-14.412845609002344,0.0011555859749985894,,0
306,199.3202178419636,466.75839032598316,2327781.413131714,1249.239501953125,1863.3587950848025,2325672.6855320954,6.029406584491381,0.19222941537516902,1.237975260592647,60000.0,410.0,,,False,True,starfield_photo.fits,2302556.5745939687,1240.0555225985186,1856.8173219929656,-15.905525774405795,0.0005847101850787846,,0
307,220.3821618550903,470.56678056498833,2399975.5444984436,1268.16552734375,1892.4781448091708,2394126.6271633655,5.867006569838535,0.032153275619342114,1.0332214541924678,60000.0,427.0,,,False,True,starfield_photo.fits,2367660.184818408,1257.4261964394027,1882.9416720621894,-15.93579842750862,0.0005765977863833383,,0
308,249.43571741147062,486.45377571665887,2163918.9524612427,1206.4044189453125,1793.69282678277,2163193.026850583,5.67653395429274,0.01071869848376783,1.010834833800396,60000.0,375.0,,,False,True,starfield_photo.fits,2149673.7783269472,1198.3615588322339,1793.8440719191105,-15.83093139743795,0.0006052365514905006,,0
309,211.02696748874484,491.4754675424066,2307189.0933475494,1244.1334228515625,1854.454716005825,2305272.748346746,5.680205130842452,0.026159785553231618,1.026862502867673,60000.0,379.0,,,False,True,starfield_photo.fits,2291731.854841708,1237.2108060965343,1852.337405678054,-15.900409503597015,0.0005861243187509763,,0
310,238.9120624136965,494.0479417174001,2055912.879989624,1173.187744140625,1752.415920007421,2059485.7772668495,5.505658839056173,0.018447574594073535,1.0187942835416504,60000.0,278.0,,,False,True,starfield_photo.fits,2057221.4524258105,1172.44282409732,1754.645437835908,-15.783202611091298,0.0006187574860360667,,0
311,227.38941632284144,494.5426361177389,426102.147354126,532.8959350585938,799.5972934326747,426314.2572683735,4.894119708909182,0.01809057684793758,1.0184238753813608,26588.236328125,180.0,,,False,False,starfield_photo.fits,458787.9759387332,552.7837619524092,829.9592128363416,-14.154030068126,0.0013081365725065909,,0
312,340.5243772057618,469.6334591409653,1503057.1378364563,1003.6849975585938,1497.5387113412642,1506769.1327829608,5.249108869205572,0.020695308162379744,1.0211326549692579,60000.0,285.0,,,False,True,starfield_photo.fits,1502852.1256299536,1002.292714520256,1499.414396471283,-15.442290624816636,0.0007240826835830594,,0
313,351.78404781423285,469.09452245708167,569015.7018127441,617.3108520507812,921.7652661092952,570264.012222717,4.984177262885239,0.005382953740313057,1.0054120867529428,39058.82421875,219.0,,,False,False,starfield_photo.fits,593467.4847774922,629.6718221575854,942.5028465526086,-14.433492323944531,0.0011519328604376777,,0
314,341.6329069508129,485.47818690644823,2163315.500808716,1204.1854248046875,1796.496998092793,2159063.8178567975,5.678111993415389,0.005914909660210355,1.0059501039877667,60000.0,374.0,,,False,True,starfield_photo.fits,2141771.47192649,1196.1532017269471,1790.5494620875534,-15.826932823830596,0.0006063501863468277,,0
315,37.04893889329557,469.83520907445353,183216.55841064453,348.6975402832031,525.4311752868712,183216.55841064453,4.550050282265465,0.02707294188766829,1.0278262811810324,13176.4716796875,168.0,,,False,False,starfield_photo.fits,143797.211534963,348.6867937354189,412.3964948442392,-12.89437616110603,0.002632660591380791,,0
316,49.89253359005643,480.5400657284154,2069458.7963867188,1177.11181640625,1758.08174511817,2069579.8484367358,5.531087721532101,0.004430835186133186,1.00445055486121,60000.0,325.0,,,False,True,starfield_photo.fits,2059885.5617470387,1173.0062577171923,1756.073804547145,-15.784607733832702,0.0006182541970552197,,0
317,61.59884101829958,485.40714217699343,355633.17219543457,488.70599365234375,727.7037253781367,355633.17219543457,4.77510474190422,0.022772634167216532,1.023303311965491,23529.412109375,182.0,,,False,False,starfield_photo.fits,366628.1365552661,495.91537931573697,739.2957586053066,-13.91056447863717,0.0014685597575295045,,0
318,31.994746482719982,488.5428183087507,150372.13611602783,335.6562194824219,447.9944877765113,162341.81153117708,4.318788984181528,0.11760791358491518,1.133283055679617,12000.0,120.0,,,False,False,starfield_photo.fits,376029.4744042959,513.7291028200108,731.9606234884476,-13.938054719163933,0.0014832765112768877,,0
319,29.075586304954314,496.95633868189645,1438047.916835785,981.7827758789062,1464.7312543738847,1439731.4788510033,5.157507131965555,0.01299636937015658,1.0131674990515112,60000.0,273.0,,,False,True,starfield_photo.fits,1458086.8226302457,988.0312605839715,1475.7496860660563,-15.40945846267534,0.0007356938715631229,,0
