id,x,y,flux,flux_err,snr,kron_flux,fwhm,ellipticity,elongation,peak,area,ra,dec,flag_edge,flag_saturated,frame,flux_aper,flux_aper_err,snr_aper,mag_inst,mag_inst_err,mag_calib,mag_calib_err,frame_index
1,78.27677557716201,13.890097645526211,17589.213409423828,171.2232208251953,102.72679911436168,18085.74925083843,4.113920075489702,0.042253932504647373,1.0441180955356442,1301.3212890625,64.0,132.85010168872066,11.53302093640552,False,False,science_V_000.fits,18816.925995871068,242.6927934364346,77.5339297448053,-6.240993566286546,0.014002901743449175,18.185535834375212,0.019284329051317262,0
2,380.93940738088236,15.742367005563896,95096.36059570312,319.7866516113281,297.3743904460533,95811.73740916925,4.709595307086826,0.016920112549415944,1.0172113301934136,6513.12890625,122.0,132.76429630264641,11.53353756674736,False,False,science_V_000.fits,97299.8917037722,343.9638100262904,282.8782821551349,-8.024902766271886,0.003838046497343282,16.401626634389874,0.01380343039387514,0
3,177.82583525617395,23.13997431148498,1376553.9133300781,1000.3888549804688,1376.0188415503223,1368343.6811809856,5.262196175954124,0.0001938906588722089,1.0001939282597503,61284.71875,285.0,132.82187958497678,11.53559381581964,False,True,science_V_000.fits,1365015.8263257544,979.2779509288554,1393.90029667371,-10.892466090845645,0.0007788935855676522,13.534063309816117,0.013281971425222439,0
4,479.84669029047956,18.3857997651641,17596.857147216797,180.7801513671875,97.33843574162819,18521.797514706595,4.148249200989644,0.007957934779997733,1.0080217715145303,1219.1785888671875,64.0,132.73625573292628,11.534267084876454,False,False,science_V_000.fits,17946.20353205098,261.5476577471905,68.61542438050662,-6.189553346233899,0.01582297289278944,18.23697605442786,0.020643898878088325,0
5,271.69591472990174,21.96931267450679,367525.18951416016,575.1260986328125,639.0341011959631,366935.3929672439,5.095816574268629,0.0466644904642467,1.0489486544846849,23933.681640625,193.0,132.79526702976426,11.53526941265255,False,False,science_V_000.fits,366008.2149997295,568.5272030636726,643.7831171971874,-9.463348956987385,0.0016864375144330726,14.963180443674377,0.01336593285980721,0
6,499.6265437459458,25.303216739006174,1064601.6170959473,896.58642578125,1187.394306319433,1055975.958025,5.223366830416143,0.02239718689744219,1.0229103134701112,64757.19140625,287.0,132.73064761817116,11.53618730968466,False,True,science_V_000.fits,1051335.6639273125,870.4197665894881,1207.849022141002,-10.608975366579486,0.0008988706204981781,13.817554034082276,0.013289546949207176,0
7,428.72622874612097,38.549467863038466,1008870.8640136719,882.8319091796875,1142.7666507332042,1003672.2696289525,5.297331673514369,0.08140028382222031,1.088613443253521,61821.87890625,263.0,132.75074752766747,11.53987089480857,False,True,science_V_000.fits,1000485.2033181158,862.4990713353031,1159.9840933963967,-10.555148549088127,0.0009359611103123879,13.871380851573635,0.013292107166390291,0
8,293.8963786641087,48.32015521776435,62554.59942626953,271.2822265625,230.5886390675791,63523.44956156764,4.607239453293953,0.00975373605706753,1.0098498084892846,4291.326171875,104.0,132.78897282333193,11.542588913066774,False,False,science_V_000.fits,62781.12517685635,307.7744459632535,203.98420336804716,-7.54919461142359,0.005322470966249675,16.87733478923817,0.014287504572505225,0
9,450.2303389986874,52.50263578697423,1413174.3800964355,1020.472412109375,1384.8236986390675,1403219.826507957,5.300390208330404,0.0014146859396203526,1.0014166901112014,63613.171875,304.0,132.74465016528285,11.543745678178995,False,True,science_V_000.fits,1397313.9179808055,993.8679180831994,1405.9352279684238,-10.917856836233188,0.0007722261868129134,13.508672564428574,0.013281582097264865,0
10,254.4268482053582,51.01638450003666,73484.92932128906,286.1443786621094,256.8106690226579,74319.01257909335,4.635748349035936,0.016194331763718872,1.016460905122402,4913.19287109375,109.0,132.80016288163975,11.543338072910013,False,False,science_V_000.fits,73121.1638701839,318.0248138967834,229.92282575131304,-7.714729612665222,0.004722019209933966,16.711799787996537,0.014074855421700514,0
11,487.86837641060276,58.37736068293236,59754.04217529297,274.49737548828125,217.68529505610508,60769.75605480517,4.688387550994506,0.018786477297265236,1.0191461663160921,3979.508056640625,108.0,132.73397893794012,11.545375327597334,False,False,science_V_000.fits,59471.824694749856,311.1255062765442,191.1505919475733,-7.490400032997339,0.00567981500312473,16.93612936766442,0.014424437188067607,0
12,205.9958614136773,79.00212762671771,190238.03866577148,414.69854736328125,458.73813611196596,190595.44994408748,4.886545355406584,0.008152830779468045,1.0082198457912372,13220.4677734375,152.0,132.81389403724359,11.551111553399982,False,False,science_V_000.fits,190485.97739595905,421.6489159266988,451.7644186925265,-8.754279400661764,0.0024032437152580045,15.672249999999998,0.013475150094812082,0
13,13.331194590335437,83.17270387786519,320126.6621398926,588.555419921875,543.9193172027644,319630.1827849348,4.949043707686367,0.006194532731463198,1.006233144146901,21206.216796875,179.0,132.86851856747293,11.552262338072468,False,False,science_V_000.fits,321019.257571367,586.3755918994231,547.4635404442777,-9.3209495890571,0.001983145761850977,15.105579811604661,0.013406601241013116,0
14,387.49877178490004,80.35860306000174,21521.329864501953,193.6896209716797,111.11245794450025,22386.52438503234,4.2837783346005684,0.004897348394284018,1.0049214504517514,1419.39208984375,72.0,132.76243429463224,11.55148626620443,False,False,science_V_000.fits,22770.928521845737,264.11267980830576,86.21671832784774,-6.448073724150573,0.01259268528258657,17.978455676511185,0.018286055133600012,0
15,27.478407583311395,101.96771175536944,218406.80212402344,434.1284484863281,503.092582127572,218607.84081117972,4.870977055014554,0.001987225592376962,1.0019911825212422,14226.712890625,156.0,132.86450874538187,11.557484080624745,False,False,science_V_000.fits,219718.4193781244,438.951204615085,500.5531755421308,-8.909288039316301,0.0021690003241396244,15.51724136134546,0.013435350837581605,0
16,322.4706683189881,105.15424223771731,584946.2877197266,679.4290771484375,860.9379659974886,581919.651869241,5.075422687151417,0.0038824189760173766,1.0038975509015977,37080.24609375,228.0,132.78087060805487,11.558375728727647,False,False,science_V_000.fits,579140.4907971695,664.0971121979114,872.0719909177628,-9.96158169863057,0.0012449660249464229,14.464947702031193,0.013317433315998163,0
17,308.76897890006916,115.46876934136591,9320.640106201172,146.790771484375,63.49609046910213,10028.84305711356,3.835729330095811,0.027516809016608246,1.0282954083646245,677.359130859375,49.0,132.78475525473868,11.561241102394968,False,False,science_V_000.fits,7639.172936748235,245.1583134155855,31.1601627141174,-5.26223772844814,0.03484256516761107,19.16429167221362,0.037280134618614395,0
18,339.0347996783128,122.94031915136605,1997946.2688598633,1211.107177734375,1649.6857632347887,1988810.2945901626,6.249168607292813,0.22719214977634794,1.2939827147338088,58246.2265625,366.0,132.776173803004,11.563315957320645,False,True,science_V_000.fits,1955998.2670408846,1167.5975918896459,1675.233214446158,-11.28304303823872,0.0006480888694407477,13.143486362423042,0.013274942896505429,0
19,274.4139177428078,127.61882809862172,781114.9278564453,773.6499633789062,1009.6490206564943,776297.3384046548,5.113522261717842,0.0008679522373559179,1.0008687062328743,48691.96875,252.0,132.79449588678753,11.564616463605098,False,False,science_V_000.fits,774712.2851483487,754.5260471760447,1026.7535336226692,-10.277472981363902,0.0010574105317849275,14.14905641929786,0.013301210725175233,0
20,365.76265426287466,135.35452088178886,199910.12957763672,429.0001525878906,465.99081229156553,200219.57007317495,4.89703658255272,0.00200416249976898,1.0020081872333144,13094.7294921875,157.0,132.768595205311,11.566763627584907,False,False,science_V_000.fits,199220.00809609995,434.38347254709913,458.6270442748003,-8.802954257570422,0.0023672829885484684,15.62357514309134,0.013468783110238946,0
21,497.39233198297296,138.83575607815735,233680.79251098633,504.4308166503906,463.2563768857625,233645.7154844011,4.995308153174374,0.011672946755690083,1.011810813755803,14957.583984375,172.0,132.73127326366364,11.567724230057712,False,False,science_V_000.fits,232303.33934062198,503.8115577523359,461.0917232169133,-8.969760506018682,0.002354629123301894,15.45676889464308,0.013466564819250989,0
22,461.6222830573015,139.52770651803337,69726.62008666992,400.71514892578125,174.0054506888243,70600.26638996779,4.731564905695688,0.013242913384107768,1.0134206417807696,4323.02880859375,116.0,132.74141533736636,11.567918651980314,False,False,science_V_000.fits,70324.2999914034,436.3845718610234,161.15212252233283,-7.6723854187616505,0.00673711263002162,16.75414398190011,0.014872551103034872,0
23,352.00539855822655,139.43999197972457,20463.054656982422,274.5989685058594,74.51977976583616,21556.71952968319,4.305622539651604,0.006130686510220751,1.006168503672474,1416.65234375,73.0,132.77249576774128,11.567898874079333,False,False,science_V_000.fits,20093.162675673775,328.2685097723339,61.209534504570996,-6.312242624882405,0.01773743271840962,18.114286775779355,0.022145442175826948,0
24,399.9385059771424,146.4333277110393,156658.3614807129,390.1366882324219,401.5473709752324,157214.41420479302,4.841965944505865,0.008908198815026691,1.0089882680942126,10316.8369140625,145.0,132.7589046767887,11.56983986787756,False,False,science_V_000.fits,157089.65622257936,401.3775361325265,391.37630305925154,-8.544990847249489,0.002774056557623605,15.881538553412273,0.013546197972408401,0
25,28.315412230043318,149.70435718353752,145383.97552490234,368.0638732910156,394.99659182783245,145943.20348002363,4.798037542243555,0.007470263711278791,1.0075264885656845,9620.7421875,138.0,132.86427448570853,11.57074429865553,False,False,science_V_000.fits,147827.56796038736,380.839437047699,388.1624474249824,-8.479010454056551,0.0027970248209284237,15.94751894660521,0.013550920174352611,0
26,329.33901814126176,162.1738319630092,630479.8593139648,702.3688354492188,897.6478275986215,627313.6919753822,5.072864779876556,0.0014711186726046321,1.0014732860512248,41501.49609375,228.0,132.77892204746064,11.574214362868666,False,False,science_V_000.fits,626859.9769852711,687.2007667167587,912.1933608721392,-10.047548230049518,0.001190208180162562,14.378981170612244,0.013312425971058498,0
27,498.8790720415078,165.06079554508173,91647.75958251953,322.7827453613281,283.9301694392852,92655.15005128217,4.805695618586061,0.016142805979392993,1.0164076718425203,6394.1005859375,127.0,132.73084991417625,11.575008856467345,False,False,science_V_000.fits,91258.39612253291,346.0339935359675,263.7266795380533,-7.955303953353661,0.004116762103484277,16.4712254473081,0.013883508920279168,0
28,452.0497000416918,168.8864076515846,340574.71893310547,538.0595703125,632.96842529035,339917.48014653474,4.987434416537278,0.0031211797256448515,1.0031309519895164,23450.95703125,185.0,132.74412788420324,11.576074373486652,False,False,science_V_000.fits,339251.4495640237,532.9838651919956,636.5135451929973,-9.380926154047275,0.0017056981869424397,15.045603246614487,0.01336837671625563,0
29,42.195234550771374,174.8304847687682,242714.74368286133,457.1259765625,530.958108108469,242656.47764346108,4.910468639306739,0.007300811815740604,1.0073545056776911,16697.955078125,167.0,132.86034051550823,11.577724614206307,False,False,science_V_000.fits,243675.3247477647,458.21999615555484,531.7867548168778,-9.021650757851596,0.0020416078252529324,15.404878642810166,0.013415373726994003,0
30,17.419045345556455,194.15622639567985,328475.5120239258,518.2191772460938,633.8544122768698,328109.4950011689,4.9298808173212345,0.0031323115383328215,1.0031421537427565,21680.83984375,175.0,132.86736701628436,11.5830913321051,False,False,science_V_000.fits,329801.12926740287,516.7840819500215,638.1797365409141,-9.350252219972557,0.0017012448654116666,15.076277180689205,0.013367809237675278,0
31,427.4407037859285,195.39999876109277,521523.6253051758,647.0167236328125,806.0435012822711,519453.7942235766,5.034370446992716,0.0011101274924327775,1.001111361245105,32340.873046875,210.0,132.7511043539619,11.583440510428957,False,False,science_V_000.fits,519162.19237940595,635.2956377781123,817.1977918739182,-9.842879518427019,0.001328564529659801,14.583649882234743,0.013325508374251884,0
32,264.44808865489745,197.2591615085135,150222.5424194336,382.0698547363281,393.1808295190007,150700.2793751076,4.845285755765747,0.0016341485743094353,1.0016368233869135,9731.642578125,146.0,132.7973213492605,11.583961036194902,False,False,science_V_000.fits,151409.8588082683,392.54951763660006,385.70894117983585,-8.505007260211105,0.002814816780443249,15.921522140450657,0.013554603765151227,0
33,186.13202994971016,203.37444691158046,816962.4615478516,806.8507690429688,1012.5322958009652,812483.1887082134,5.099473110375484,0.0034313921458262175,1.003443207139762,53215.03125,245.0,132.81952824602092,11.58565908407245,False,False,science_V_000.fits,811583.4615296696,775.9916445323124,1045.8662374113683,-10.327954845007044,0.0010380868615543271,14.098574555654718,0.013299688494657258,0
34,351.8945990359352,203.5079557367161,414879.599609375,584.00537109375,710.4037396648782,413695.4207496067,5.016488347782006,0.005434853715411303,1.0054645527602837,26551.404296875,197.0,132.77252543192174,11.585695528531819,False,False,science_V_000.fits,412550.4690629803,575.6803102107715,716.6311957272517,-9.593314587133428,0.0015150052167324506,14.833214813528334,0.01334538611391643,0
35,42.368562427955574,205.1302193379312,411654.3007507324,604.1763305664062,681.3479441751925,410479.0505846825,5.014525192927931,0.014682726313159922,1.0149015212716412,26936.158203125,196.0,132.86029318686732,11.586141211802396,False,False,science_V_000.fits,410983.84092073044,597.3298878582129,688.0349523348895,-9.58918374055028,0.0015779721601578663,14.837345660111481,0.01335268084921602,0
36,302.5011813784931,220.11441463507063,644907.2824707031,710.2589721679688,907.9889276191915,641481.8432069913,5.081279304402738,0.0009686763266353315,1.000969615570284,41056.11328125,232.0,132.78653096227262,11.590309418008005,False,False,science_V_000.fits,639529.9233924185,694.1724102859763,921.2839835120401,-10.06927404850202,0.0011784639909414112,14.357255352159742,0.013311381111692824,0
37,328.7407273715642,216.18083222624136,21308.507293701172,192.20077514648438,110.86587594384598,22311.201037565013,4.243118968454372,0.01792265250966263,1.018249736189785,1501.0863037109375,70.0,132.77909056512158,11.589216316991235,False,False,science_V_000.fits,21111.10389581908,265.1956276466162,79.60577662294823,-6.365899231744935,0.013638457484591911,18.060630168916827,0.019021346226852823,0
38,280.06530184243235,227.00964916155883,534101.3331298828,762.2412719726562,700.6985225919943,534237.9769601895,6.971783626790591,0.40767382081187964,1.6882589950197087,21072.662109375,271.0,132.79289282617918,11.592224985713356,False,False,science_V_000.fits,518999.34301561106,648.5573769197101,800.2365889053204,-9.842538894264756,0.001356723767761204,14.583990506397006,0.013328345325087998,0
39,360.3973039289336,226.65115225186918,17058.702026367188,179.49835205078125,95.03542417782849,17741.181521587143,4.112111600413279,0.021059025801970832,1.0215120485882438,1177.7142333984375,63.0,132.7701137590053,11.592123955668434,False,False,science_V_000.fits,16744.1358409666,261.085977538693,64.13265085630697,-6.1142787207082,0.01692897432904459,18.31225067995356,0.021503354658197815,0
40,42.78519502164667,233.75709949109208,1444280.694152832,1024.2216796875,1410.1250957639327,1435267.4337964589,5.324607445247437,0.0007589546865991448,1.0007595311363147,60282.16015625,300.0,132.86017676278783,11.594093142756444,False,True,science_V_000.fits,1430805.8482802326,1001.0832580974015,1429.257593418889,-10.9435736405838,0.0007596251403520104,13.482955760077962,0.013280855397023257,0
41,317.8315629389213,232.30769721576405,72528.99258422852,291.638427734375,248.69491015871236,73324.32725932982,4.686693983834735,0.006530913749395295,1.0065738469770038,4971.89990234375,113.0,132.78218366690734,11.593696207126895,False,False,science_V_000.fits,71555.95363820935,323.0648484646201,221.49099160209525,-7.691236309065599,0.004901779490655049,16.735293091596162,0.014136178122031195,0
42,203.87355434822607,237.06505349095366,1377662.5509643555,1005.0026245117188,1370.804928627618,1369159.7879582625,5.352623448723938,0.0012520982414468973,1.001253667956891,56442.78125,297.0,132.81449803371208,11.595017879192646,False,False,science_V_000.fits,1363693.4176087682,980.6013041940263,1390.670613812422,-10.891413734580782,0.0007807024821094283,13.53511566608098,0.013282077626951244,0
43,339.666939373906,238.75176359252495,640152.8130187988,707.8806762695312,904.3230511565137,636977.5277756158,5.064213970267841,0.0010894320233196808,1.001090620179869,41717.78125,226.0,132.7759918042778,11.595485780479216,False,False,science_V_000.fits,635459.8415447054,692.9924842935836,916.979413120872,-10.06234214935954,0.001183996046655944,14.364187251302221,0.013311872008146857,0
44,87.21109932748627,238.6571711768149,98362.87210083008,320.6712646484375,306.7405250940353,99045.22424597744,4.77614514972325,0.011794467413454801,1.0119352371794395,6478.49169921875,128.0,132.8475794356582,11.595456605497287,False,False,science_V_000.fits,99538.64031478004,340.27107154598184,292.5274836398459,-8.049601134143149,0.003711446140003353,16.37692826651861,0.013768766181939932,0
45,441.58245798751614,244.17010549679634,374497.9000854492,562.193359375,666.1371818795316,373434.01414733334,5.017925334501296,0.003111287493071102,1.0031209978145372,24139.888671875,194.0,132.74709185538896,11.596987055326306,False,False,science_V_000.fits,373009.45974841516,554.1784383812651,673.0854791788041,-9.483921488847072,0.001613019495420708,14.94260791181469,0.013356867956800135,0
46,354.87372049244476,246.1002548263731,16394.610260009766,180.30491638183594,90.92713936479977,17258.035756286306,4.161118021329329,0.008842928193758315,1.0089218232359916,1178.646240234375,65.0,132.7716794867049,11.597526640061401,False,False,science_V_000.fits,15855.957611860124,261.3730391039164,60.66409016867317,-6.05510306437121,0.01789691392356287,18.37142633629055,0.02227338361610569,0
47,266.0626893283851,247.0517384711272,20023.608795166016,187.9439239501953,106.54033593803344,21072.41592665373,4.237517101184937,0.007583676184165999,1.007641627815035,1484.0003662109375,69.0,132.79686336843724,11.597792302563949,False,False,science_V_000.fits,20741.13690674463,261.46315622266724,79.3271878393492,-6.3467032694570875,0.013686354320270674,18.079826131204673,0.019055717889987212,0
48,233.74767627125186,262.4351250412566,312340.8207397461,515.909423828125,605.4179402696902,311763.3462537491,4.981078297667678,0.0030083408438383863,1.0030174182664522,20045.720703125,184.0,132.80602694405306,11.602065419970742,False,False,science_V_000.fits,311595.6205390131,511.3247132636641,609.3889312530434,-9.288600236680956,0.0017816208078600178,15.137929163980806,0.01337827576430486,0
49,415.1749511550202,262.1857926260215,25109.495513916016,209.00743103027344,120.13685537467354,26647.511368917527,4.415199253659514,0.03684644941644921,1.038256048990449,1697.44580078125,79.0,132.75457932140773,11.60199267662215,False,False,science_V_000.fits,21020.182044505716,275.85424939905624,76.20031988014621,-6.361213056290234,0.014247971684471582,18.065316344371528,0.01946301073432091,0
50,368.19440561915667,267.13168565936724,498903.9052429199,635.4560546875,785.1115770519604,496859.6959145291,5.048217093687256,0.00461830777261707,1.0046397354991357,33727.625,212.0,132.76790150781227,11.603368311049472,False,False,science_V_000.fits,495098.58239202277,623.0095969510503,794.6885325924161,-9.791351081102668,0.0013661956294477443,14.635178319559094,0.013329312818773108,0
51,427.27193144980146,273.71372559681396,1007595.3291625977,873.0897216796875,1154.0570277521335,1000909.1126073438,5.147641428707597,0.001620711898582372,1.0016233428696868,58145.68359375,264.0,132.7511484026839,11.60519432308646,False,True,science_V_000.fits,997994.5713288861,851.1231401802,1172.5619058102338,-10.552442321326652,0.0009259212623403345,13.87408707933511,0.013291403985540462,0
52,404.3338331275733,270.5538244217356,29393.497131347656,218.7545166015625,134.36749827152008,30425.69396001291,4.449760508294053,0.028453224773037133,1.0292865207301936,1895.826171875,83.0,132.75765320061345,11.604317593122387,False,False,science_V_000.fits,25896.26932018082,280.27209708472157,92.39688713055446,-6.587714881699659,0.011750395859829493,17.8388145189621,0.017716542907279767,0
53,255.25081891444293,277.9050546192209,1711273.3814086914,1115.978759765625,1533.4282722084142,1701709.3510074907,5.5910634312769405,0.04133063373271584,1.0431125007088133,56713.08203125,327.0,132.79992925994702,11.6063626850371,False,True,science_V_000.fits,1689990.0092911632,1087.1758941934165,1554.4770798519025,-11.124332217050604,0.0006984342285081723,13.302197183611158,0.013277496002422248,0
54,318.29363082532115,276.26848465051233,232842.24862670898,458.24761962890625,508.114474910458,232875.59795816473,4.931740533567011,0.005463707912128801,1.0054937240154993,15335.0849609375,166.0,132.7820518562554,11.605907528273674,False,False,science_V_000.fits,231585.89276812653,459.90660318503495,503.54983199698097,-8.966402125241997,0.0021560924679377303,15.460127275419765,0.013433273035752856,0
55,337.51126922360095,280.3071381552879,1304919.181854248,982.7734375,1327.79248203302,1296378.5788883064,5.26583012713491,0.0010494693873086547,1.0010505719303888,59875.3828125,288.0,132.77660210922554,11.6070289888646,False,True,science_V_000.fits,1290877.7001240887,958.2685149571968,1347.0939303288585,-10.831834620146081,0.0008059571612314772,13.594694780515681,0.013283585986793146,0
56,41.20972933412412,283.14068991248104,1302674.9957580566,975.8031616210938,1334.9772238838962,1294594.8022785892,5.245622432187681,0.002312386936939248,1.0023177464635846,59981.984375,287.0,132.86062648648522,11.607810706295938,False,True,science_V_000.fits,1291494.1625015917,954.0697638591729,1353.6684752250726,-10.832352992844088,0.0008020427600040565,13.594176407817674,0.013283349062328441,0
57,186.0610510757988,281.28169981423594,146823.8546142578,377.70458984375,388.72668895815207,147299.5695521285,4.841562922614159,0.008533430327039904,1.008606876508055,9859.0126953125,144.0,132.81954988806487,11.607299984707664,False,False,science_V_000.fits,142728.52394902628,389.00181954467547,366.9096564023511,-8.440898810256844,0.0029590390469566366,15.985630590404918,0.013585286224596116,0
58,67.80404359800684,288.18637617770395,664189.9566650391,715.1472778320312,928.7456965207653,660934.5009830454,5.069727576940748,0.0037369322358009605,1.0037509492790768,44610.65625,233.0,132.85308520978703,11.60921376016542,False,False,science_V_000.fits,659534.7609170844,700.2368020632052,941.8738903379618,-10.102716099207946,0.0011527020879731902,14.323813301453816,0.013309125133772118,0
59,168.05404628396727,291.72201148009066,310062.13970947266,513.2470703125,604.1186743076498,309499.78615251416,4.970826573353095,0.00324757407270293,1.0032581551729676,20675.228515625,183.0,132.824656516487,11.610199682709244,False,False,science_V_000.fits,304614.8024907487,509.04085357053617,598.409342499932,-9.263999383227187,0.0018143099094415016,15.162530017434575,0.013382668275433138,0
60,202.47645368593555,289.680160378283,16756.318115234375,176.74502563476562,94.80503372049877,17564.270005482565,4.140824711314175,0.02092743606451397,1.021374754880674,1133.658935546875,64.0,132.81489498180326,11.609633166057574,False,False,science_V_000.fits,16934.514370850367,255.29369276792323,66.33346161922152,-6.12655374140483,0.01636730502973473,18.29997565925693,0.021064015848341142,0
61,350.36302548538634,295.23011895294184,106322.1728515625,337.45428466796875,315.07133760703624,107186.92678051688,4.773376962753188,0.017232039828727785,1.0175341896837222,7065.001953125,128.0,132.77295724892213,11.611173944574423,False,False,science_V_000.fits,102306.868251639,359.0073816159105,284.97148941938343,-8.079383850395095,0.003809854811132387,16.347145550266664,0.013795618268301554,0
62,312.9440677976996,297.8818709114672,753381.7439880371,762.5146484375,988.0226504917938,749178.584684502,5.0809533921335435,0.0013359514539931228,1.0013377386078313,50969.58203125,239.0,132.7835685083203,11.61191133597362,False,False,science_V_000.fits,748091.2647293926,745.1415938821006,1003.9585373726417,-10.239508333108967,0.0010814191618323957,14.187021067552795,0.013303140874483936,0
63,108.13023462666885,298.08158638252917,383467.50326538086,560.0982055664062,684.6433347837539,382441.51480397047,4.991675780255293,0.002230874627502266,1.0022358625565502,26161.236328125,193.0,132.84164996759168,11.611964292401234,False,False,science_V_000.fits,382242.9027538929,553.2968844214048,690.8459337406409,-9.510470450171105,0.0015715515529220677,14.916058950490656,0.013351923606966852,0
64,236.11261068270528,298.49065700259166,122632.5366821289,351.9315490722656,348.45564998478596,123228.53981438071,4.790181800744388,0.005917672300701393,1.0059528996098313,7973.32373046875,132.0,132.80535650774152,11.612080858416927,False,False,science_V_000.fits,123597.66974332558,409.90114896655473,301.5304300925742,-8.284647581117966,0.003600631616738233,16.141881819543794,0.013739309944907784,0
65,426.13745250300576,300.5618406064315,264316.031829834,486.418701171875,543.392001979049,264044.2695010607,4.96600648931643,0.003750013777740424,1.0037641293145312,17161.701171875,175.0,132.7514688154791,11.612652183818373,False,False,science_V_000.fits,262644.3079864362,484.58351841098334,542.0000846245933,-9.10304185712602,0.0020031362186077716,15.323487543535743,0.013409572865422865,0
66,77.1068036211413,306.7666189408023,1475464.6235351562,1037.206787109375,1422.5366068488388,1465805.50757195,5.381673411616919,0.003980739897129104,1.0039966495193255,58315.625,310.0,132.85044807756444,11.61437540631046,False,True,science_V_000.fits,1459057.8118862242,1011.7331461952859,1442.1370075430889,-10.964803124483494,0.0007528410922965383,13.461726276178268,0.013280469096874447,0
67,182.74665200310366,309.4755074456454,1760678.2814941406,1130.3243408203125,1557.6752777139702,1750060.8349608406,5.581779893719739,0.0015724462261501593,1.001574922707418,56759.34375,332.0,132.82049035032753,11.615131532401533,False,True,science_V_000.fits,1738014.3584979284,1101.0389511335923,1578.522137394438,-11.154755274101941,0.0006877952321860327,13.271774126559821,0.013276940611609467,0
68,439.6601611201649,307.8893948298632,35970.67645263672,235.7342071533203,152.5899736275507,37090.4441969404,4.538224524043514,0.020179800000940995,1.0205954112815396,2498.44140625,91.0,132.7476336333897,11.614686948814382,False,False,science_V_000.fits,34236.2480060246,290.0662742438661,118.029054205872,-6.890837283361197,0.009198582563461616,17.535692117300563,0.016137472258678155,0
69,350.163624053969,319.75739134936606,1840826.5607910156,1157.13427734375,1590.8495641635557,1829631.0017650807,5.582249591932914,0.0005844746062585449,1.0005848164166034,59597.5859375,331.0,132.77301313660178,11.617987079847005,False,True,science_V_000.fits,1817314.7051115714,1126.5425115935182,1613.1789847335112,-11.203197225963555,0.0006730189335930086,13.223332174698207,0.013276183344913614,0
70,199.4896145392981,330.61680063228556,1058182.2137451172,889.53564453125,1189.5894450668554,1051381.0144708648,5.189064978749026,0.0027890451328718147,1.0027968456616518,56070.609375,271.0,132.81574262915723,11.621004409098978,False,False,science_V_000.fits,1047830.5728518525,867.9021759756117,1207.3141442167519,-10.605349538618169,0.0008992688482949488,13.821179862043593,0.013289573890245718,0
71,499.2928929385597,333.9270472773108,1340218.6768493652,1001.3263549804688,1338.443425745552,1330017.0765831955,5.29973602862703,0.00322425372541979,1.003234683164664,61297.48828125,309.0,132.73072093630282,11.621916083816071,False,True,science_V_000.fits,1323703.269367746,971.4376226124394,1362.6230223696464,-10.859098477813781,0.0007967720948321657,13.567430922847981,0.013283031863768535,0
72,17.163896655202336,334.20615448136624,112928.2864074707,335.7702941894531,336.32601919141985,113412.58304065603,4.708559551170359,0.0006741091671436106,1.0006745638968504,7844.8671875,126.0,132.8674487642481,11.621994044642582,False,False,science_V_000.fits,115763.39713360838,431.71602054585804,268.14709583220497,-8.213550031246745,0.004048897104891209,16.212979369415013,0.013863536976139365,0
73,317.10949046966806,338.8625949781672,1772241.8686218262,1137.4295654296875,1558.1113085910733,1761240.0917504118,5.590346296491399,0.0028541579987197974,1.0028623275337452,58032.40625,335.0,132.7823865523263,11.62329479959394,False,True,science_V_000.fits,1748574.9433795614,1106.0787410270655,1580.8774534043541,-11.161332500968177,0.0006867705005609322,13.265196899693585,0.013276887566113817,0
74,172.98256824823272,346.9747863570316,227545.2694091797,454.0221862792969,501.17654221682164,227332.99926937284,4.955370718537716,0.0033238422425213576,1.0033349270138054,15587.88671875,174.0,132.82326016559023,11.625547788085404,False,False,science_V_000.fits,227133.211240219,452.63711588130263,501.7997934128348,-8.945323476695243,0.0021636118911407876,15.481205923966519,0.013434481982505794,0
75,69.37593050771953,349.18229812781766,545259.6431884766,654.885009765625,832.6036404217253,542933.9297334882,5.052835144721528,0.0026728870808215843,1.0026800505533215,35558.15625,218.0,132.85264265166558,11.626157143996396,False,False,science_V_000.fits,542493.3606812806,642.4250353128494,844.4461701544618,-9.89060794261361,0.0012856947409701786,14.535921458048152,0.013321302514759784,0
76,372.7320319114509,350.2891307955861,684193.7242126465,731.7217407226562,935.0463244906861,680688.4447219553,5.078600924582195,0.0017577344891110958,1.001760829559958,44759.42578125,231.0,132.7666119966074,11.626467450687164,False,False,science_V_000.fits,680146.89877958,715.3522203878223,950.7860315451933,-10.136128679480636,0.001141897297581821,14.290400721181125,0.013308193685132917,0
77,46.61660814977348,358.4380123428564,874498.1018371582,811.1731567382812,1078.0658785030632,869430.4544329727,5.097649843062799,0.0012209489264571882,1.0012224414650515,54171.28125,250.0,132.85909764720307,11.62872693143284,False,False,science_V_000.fits,869117.383341745,793.6942924880323,1095.0278861364623,-10.402317965032564,0.0009914815994601074,14.024211435629198,0.013296131974557673,0
78,195.87728667745824,357.9858379114178,141789.53170776367,373.7368469238281,379.3833358279014,142344.54071931867,4.84330283338319,0.004182221752143445,1.0041997861892986,9727.7431640625,142.0,132.81676750931402,11.628606860350523,False,False,science_V_000.fits,141407.59145797882,386.29144947395463,366.0645133371328,-8.430803686940095,0.0029658706606179768,15.995725713721667,0.013586775868406068,0
79,425.8367703596848,356.5754367707977,37873.030853271484,236.17245483398438,160.36176140817963,38864.00014643379,4.463992068376162,0.015180873857342458,1.0154148852864007,2634.60498046875,87.0,132.75155138276193,11.62821152267807,False,False,science_V_000.fits,37816.61585422564,292.9506931268174,129.0886717166938,-6.998828528941483,0.008410497881508506,17.427700871720276,0.015701610246648144,0
80,150.72773810125912,363.447244395529,191742.80850219727,421.2255554199219,455.20222131595955,191941.71626556508,4.914924694269358,0.0024529210663778445,1.0024589526832157,12180.919921875,160.0,132.82957202039682,11.630122894848808,False,False,science_V_000.fits,191504.10229236307,425.46229296407785,450.1082832939368,-8.760067078077352,0.0024120862474574798,15.66646232258441,0.013476729936745058,0
81,189.40736670084834,375.4435064763018,249379.3127746582,470.4144287109375,530.126836155993,249248.14468492847,4.957828558842177,0.0061828422923658755,1.0062213076564581,15415.8056640625,173.0,132.81860269314052,11.633456099237046,False,False,science_V_000.fits,248304.54496609728,469.45329054080787,528.9227916158638,-9.042083546423392,0.0020526625382944396,15.38444585423837,0.013417060528256712,0
82,413.83031601438387,378.62408130387195,692714.5802307129,785.9505615234375,881.3716970797733,691946.0969405889,6.739697654722817,0.36481279009627987,1.5743390049550545,31615.978515625,286.0,132.75495540185494,11.634336690894122,False,False,science_V_000.fits,675309.8343851602,752.4303148826393,897.5048200848898,-10.128379559788513,0.0012096870966078043,14.298149840873249,0.013314181634425992,0
83,168.89644136549657,380.2247320726453,117673.11630249023,347.82958984375,338.30680234925,118300.11974490155,4.810358856494989,0.0038402197309866937,1.0038550238697146,8197.9853515625,135.0,132.82441978099385,11.634783785531907,False,False,science_V_000.fits,117372.09395191856,364.2811025499447,322.2019839358158,-8.22853400551662,0.0033696254341384715,16.19799539514514,0.01368058716902092,0
84,334.4039853720983,382.41808527520254,956081.9743041992,851.3807983398438,1122.9780800418782,950053.5486451737,5.1153607354008015,0.0030425381856353795,1.0030518234750943,56787.95703125,256.0,132.77748097411498,11.635393203768981,False,True,science_V_000.fits,948827.7155479935,831.0045867248743,1141.7839693129488,-10.497590279241436,0.0009508804022299452,13.928939121420326,0.013293166036055215,0
85,63.33616403166759,389.9801776737889,182677.58374023438,409.5705871582031,446.02222295243155,183036.32785841596,4.868125985302763,0.010371755806496186,1.0104804565424956,12248.4921875,152.0,132.85435771215808,11.637489563987389,False,False,science_V_000.fits,183134.59396206462,427.2782304906096,428.6073590779145,-8.711547848772952,0.002533087631383006,15.71498155188881,0.013498911906929851,0
86,318.1968886100135,387.3085354739285,18996.28369140625,186.38137817382812,101.92157541452137,19999.00869065879,4.158663197987062,0.03298357606758928,1.034108599659001,1302.6627197265625,65.0,132.7820773093586,11.636751981999511,False,False,science_V_000.fits,19243.039806755427,266.98621291566775,72.07503187752124,-6.265306069675479,0.015063468883995155,18.16122333098628,0.020067690064924693,0
87,282.4083331801411,392.9451043757951,464312.0323486328,614.011474609375,756.1943897612357,462803.32018509274,5.0238001260359635,0.0037018199489484704,1.0037155743361479,30169.833984375,202.0,132.792227148597,11.63831814455076,False,False,science_V_000.fits,462799.8889995711,604.3538568933267,765.7763472853272,-9.718104989331358,0.0014177768794358828,14.708424411330403,0.013334698384389873,0
88,98.39666126401335,393.030602056145,121112.33316040039,349.1824035644531,346.8454650752329,121754.63329528792,4.812130386781538,0.004681967711234969,1.004703991648246,8045.677734375,135.0,132.84441442696377,11.638338596790083,False,False,science_V_000.fits,122054.75631245578,365.12695418143517,334.2803233633789,-8.271008643952497,0.0032478728902621996,16.15552075670926,0.01365110867417321,0
89,407.08987673101757,398.05450380565645,947079.867767334,849.9771118164062,1114.2416126281548,941086.827636767,5.13238511282685,0.005209913887581519,1.0052371992446583,59187.6875,258.0,132.75686618551103,11.63973431724226,False,True,science_V_000.fits,937293.5775770585,828.4667399871421,1131.3593320494742,-10.484310977066386,0.0009596420599927686,13.942218423595376,0.013293795643310232,0
90,242.39799891047957,397.4885430303145,273123.4992980957,489.9442443847656,557.458328020698,272757.5025397524,4.971474025311592,0.006401470194845937,1.0064427130302833,16802.72265625,177.0,132.8035744376108,11.639580292418024,False,False,science_V_000.fits,271558.2447323011,487.4616978555974,557.0863227345214,-9.139279356209652,0.001948890065494192,15.28725004445211,0.013401576855361794,0
91,40.994581716428094,402.4535560136596,638950.9195251465,708.8851318359375,901.3461995885443,637652.8868132287,5.886174093678359,0.23617413758796646,1.3091989276746512,25060.65625,253.0,132.86069470435478,11.640953130852493,False,False,science_V_000.fits,629938.4791439059,687.4639060142434,916.3222587148515,-10.052867218020275,0.0011848451673788893,14.373662182641487,0.013311947558244363,0
92,221.86961926007294,404.2539896384777,1025595.8332214355,878.6492919921875,1167.241404014646,1019076.5333945672,5.160054907241627,0.003297640496544463,1.0033085509080035,57955.9375,272.0,132.80939655112618,11.641459451960099,False,True,science_V_000.fits,1016364.6733239645,856.2870169650997,1186.9439255615728,-10.572245777759512,0.0009147020146603205,13.85428362290225,0.013290627129613207,0
93,469.5390777619801,404.3480735659726,172436.9794921875,412.1128234863281,418.4217759433737,172871.27745249355,4.900775147248942,0.006315905244445252,1.0063560494505037,10726.5771484375,153.0,132.739154601641,11.641479353434056,False,False,science_V_000.fits,171767.13463522444,420.0773598523131,408.8940539323822,-8.641972051417207,0.002655211024857651,15.784557349244555,0.013522360567198043,0
94,121.25123665224149,406.83067932059845,495113.22705078125,629.598388671875,786.3953211430743,493038.95694674196,5.057028420618955,0.004150316314343927,1.004167613227514,32949.9140625,214.0,132.8379331977939,11.642172869173791,False,False,science_V_000.fits,491749.3935420286,617.3716114919946,796.5209031131569,-9.783981456518244,0.0013630527406833933,14.642547944143518,0.013328991053214473,0
95,450.98256677238663,402.7165029288526,7544.947113037109,141.55960083007812,53.29873119728368,8784.679273595008,3.6783233961741577,0.024985106640793342,1.0256253589673,552.4478149414062,42.0,132.74441753138132,11.64102719661987,False,False,science_V_000.fits,7957.932289442859,258.4884207743738,30.786416914160654,-5.30662247305273,0.035265552435906136,19.11990692760903,0.03767576513267425,0
96,177.24210012316894,410.81309614683335,999004.1709289551,866.421142578125,1153.0237685062898,992775.9788220461,5.145592738606559,0.002831529174456615,1.002839569498334,57203.765625,265.0,132.8220535825705,11.64328073834407,False,True,science_V_000.fits,990687.4235562822,845.5891268627361,1171.5943264690297,-10.544463498553718,0.0009266859487721323,13.882065902108044,0.01329145727790744,0
97,307.4744539392633,406.69230001795137,34921.014099121094,227.55715942382812,153.46040611308678,35908.15656519434,4.442373931019017,0.006153197811270661,1.0061912940683813,2233.611083984375,84.0,132.78511797907797,11.642136530290848,False,False,science_V_000.fits,35838.01264590772,286.31462021356475,125.17004063283885,-6.940481669983853,0.008673800811367337,17.486047730677907,0.015844207466391737,0
98,342.7661952099551,412.8343138588386,29469.841247558594,214.36337280273438,137.476103600394,30197.2077895327,4.313520100865221,0.007558996631457315,1.007616570260399,2103.38623046875,76.0,132.775108651601,11.64384195747672,False,False,science_V_000.fits,26951.47559111676,281.3525358389412,95.7925455007983,-6.631078243444838,0.01133386731007114,17.79545115721692,0.01744306847791082,0
99,57.38104265403571,415.383391688816,168119.6766357422,397.4034423828125,423.04534562585684,168476.96172123507,4.86256366105901,0.002164442827623847,1.0021691378023823,10762.1083984375,151.0,132.8560480460645,11.644545683835565,False,False,science_V_000.fits,166926.94643188058,405.18219983927935,411.97995987507414,-8.610937996476874,0.0026353223596827864,15.815591404184888,0.013518469353526345,0
100,411.81037949974746,418.07653731270466,1002429.2662353516,871.3038940429688,1150.493270016209,996481.0186405624,5.124247879175101,0.0014297780161488527,1.0014318252083547,60089.92578125,256.0,132.75552651824708,11.645295786218274,False,True,science_V_000.fits,993966.4096646903,850.6683918493922,1168.4534410685715,-10.548051144028731,0.0009291769460725009,13.87847825663303,0.013291631183564325,0
101,136.1399588764622,418.437569077106,88092.5569152832,311.9716796875,282.37356994559553,88904.09214877657,4.750580443347618,0.002407227327288153,1.002413036053618,5741.1953125,123.0,132.83371096160747,11.64539752456411,False,False,science_V_000.fits,88161.81703391978,335.99009924795814,262.39409206179323,-7.917823205296347,0.004137669379173065,16.508706195365413,0.013889722733522559,0
102,35.91116634266139,422.40378693201154,934947.2788391113,837.057861328125,1116.9446247785897,929435.7721378915,5.10948442802227,0.0015622909738971513,1.0015647355461175,60758.3515625,255.0,132.862137650265,11.646494549765297,False,True,science_V_000.fits,927830.7413118216,818.7548705729612,1133.2216450358696,-10.47329376820144,0.0009580650041022069,13.953235632460322,0.01329368189309765,0
103,474.61432731337425,428.05687409384245,353539.6997680664,552.4791259765625,639.9150359629414,352586.30612670555,5.012802073278009,0.005567726813297091,1.0055988999587222,23107.708984375,193.0,132.73771373295756,11.648064817761696,False,False,science_V_000.fits,351249.69418308005,544.3597523659851,645.2528730429121,-9.418661761023671,0.0016825961500644047,15.007867639638091,0.013365448721498224,0
104,168.7528547851382,432.54662475619534,23838.50067138672,200.5404510498047,118.87128280900481,24576.35784370434,4.3307780842170684,0.014184282156916472,1.0143883708691022,1596.4144287109375,76.0,132.82446177670815,11.649317631948675,False,False,science_V_000.fits,23110.900502887733,266.44238364388025,86.73882956165541,-6.4641640436469086,0.012516885522743496,17.96236535701485,0.018233938491512267,0
105,148.8105090998061,442.6895997187386,285319.6298828125,496.40911865234375,574.7671006878378,284955.12171602057,4.953562228425083,0.006722258373638379,1.0067677529576287,19126.34375,177.0,132.8301181221754,11.652134589641813,False,False,science_V_000.fits,284391.42422317324,494.06363030810536,575.6169990610775,-9.189413114481383,0.001886149995172048,15.23711628618038,0.013392596892577423,0
106,374.43456003008885,448.3054592258944,835564.1563720703,809.3031616210938,1032.4488967748177,833074.1195727941,6.091031354813147,0.26783729396418754,1.3658166303148016,42608.52734375,278.0,132.76612586117702,11.653694134049124,False,False,science_V_000.fits,821688.7829228222,779.6643549930557,1053.9006659219926,-10.341390269922158,0.0010301729898331436,14.085139130739604,0.013299073129800013,0
107,179.40147286658268,450.7124081624475,22655.575653076172,198.12454223632812,114.35017286274413,23648.94906970969,4.346750863613946,0.012678176433792654,1.0128409766007187,1521.6119384765625,75.0,132.82144200670757,11.65436391766008,False,False,science_V_000.fits,23380.166650496143,266.22451786769074,87.82123764466992,-6.4767408801059725,0.012362613293982585,17.94978852055579,0.018128383744265286,0
108,123.68864988935977,459.51000178359186,26499.963104248047,209.0602264404297,126.75755477476743,28146.319967768643,4.46652443698815,0.007074377590210568,1.0071247809811186,1758.593017578125,83.0,132.83724387010113,11.656806089846071,False,False,science_V_000.fits,23849.73448510019,268.92652714924463,88.68494580255535,-6.498330745238276,0.012242213040499113,17.928198655423483,0.018046491898752886,0
109,264.5100536463106,461.2082268750489,22358.009338378906,199.8914794921875,111.85073718588761,23576.450650910352,4.353008278998611,0.026568734367351854,1.0272938987120825,1441.47216796875,75.0,132.79730307039998,11.65728020127374,False,False,science_V_000.fits,20185.304510350816,437.7186234523548,46.114794822176364,-6.317210137669482,0.023543420374883522,18.109319262992276,0.02702030223130873,0
110,61.35151786279151,466.8531973086896,72096.12356567383,287.03106689453125,251.17881609716255,73009.17735884138,4.6977246433579145,0.011299269914757382,1.01142840251952,4763.28076171875,112.0,132.85492477502098,11.658843049355673,False,False,science_V_000.fits,73552.06567379356,317.90077777962625,231.3679953459598,-7.72110905949828,0.004692524557584446,16.705420341163478,0.014064987609177623,0
111,433.2274578623089,469.37046824148916,123093.24084472656,360.81646728515625,341.15194844320933,123956.21343425292,4.815145273210784,0.0036365662205738447,1.0036498391021633,8025.58203125,134.0,132.74944972308154,11.659543087043039,False,False,science_V_000.fits,122190.92143486466,379.48969346784116,321.98745720407663,-8.272219223561553,0.0033718704741715457,16.154310177100207,0.013681140311296306,0
112,174.92657125494068,472.23988711651793,89591.96411132812,317.1846618652344,282.459951198378,90413.49391614803,4.782614560295622,0.004793590577373608,1.0048166797681244,6030.60546875,127.0,132.82271168650786,11.660343669708258,False,False,science_V_000.fits,89422.96818937937,339.55730298282276,263.35162696796135,-7.933244576980592,0.004122624995713748,16.49328482368117,0.013885248524173801,0
113,277.89440003799723,480.2698434260358,1774543.5265808105,1139.1572265625,1557.7687479854212,1762574.4304291774,5.54881992095972,0.0006688048203868924,1.0006692524196312,60542.14453125,340.0,132.7935067742152,11.662575028678168,False,True,science_V_000.fits,1750460.7242043696,1106.8018942123786,1581.5483632236019,-11.162502800964223,0.0006864791651309762,13.264026599697539,0.013276872499461079,0
114,243.58123706247824,481.02612452434647,1235675.8644104004,980.4579467773438,1260.304808046005,1226716.271427168,5.246785115805883,0.0005902910822442875,1.0005906397316107,60373.203125,297.0,132.80323912892808,11.662785161237087,False,True,science_V_000.fits,1221626.8164059317,942.5100141457227,1296.142001751776,-10.771968267841597,0.0008376397019251309,13.654561132820165,0.013285545904968608,0
115,195.7575068763099,481.46569162305644,164638.81777954102,400.88873291015625,410.6845722113085,165030.09852544483,4.926268625113305,0.00037815188995815596,1.0003782949429059,10409.119140625,157.0,132.8168035437662,11.662906793375631,False,False,science_V_000.fits,164234.145628297,406.6679472270398,403.85318476207874,-8.593280512946484,0.0026883531960745005,15.833248887715278,0.013528907296216901,0
116,326.0555643529838,493.14909437968805,26502.64471435547,211.14588928222656,125.51816568368474,27866.750919684204,4.380896247005938,0.021300765823599632,1.0217643634323723,1960.7305908203125,78.0,132.77984641136828,11.666151964776109,False,False,science_V_000.fits,27552.663150160486,278.588120904277,98.90106965338839,-6.65503083078728,0.010977636579715228,17.77149856987448,0.017213732732881872,0
117,357.718729788701,493.38335368126377,3237.1666564941406,107.71202850341797,30.053901142446847,4471.9028620888275,3.128776934279353,0.04606216753263859,1.0482863410642795,267.6966857910156,27.0,132.7708655661027,11.666216271734543,False,False,science_V_000.fits,3951.5753253113876,250.2525540658541,15.79034963324102,-4.546547536334902,0.06875718557329732,19.879981864326858,0.07002395774078778,0
118,462.4845491480935,509.7780397868655,127071.55587768555,305.59375,415.8185691876406,127177.02843558716,2.6088510633422217,0.22118358171525376,1.283999639096445,65327.984375,24.0,132.74114917111365,11.670765823993833,True,True,science_V_000.fits,126006.69134871323,353.76760329160464,356.18493659762294,-8.305605894347934,0.003048135640914259,16.120923506313826,0.013604970437608409,0
119,223.00188298455075,510.3341003994298,61256.35580444336,213.9297332763672,286.3386723588756,61257.17841263523,2.236188231552868,0.3588139866410983,1.5596098155064613,60990.61328125,15.0,132.80907638613078,11.670926130261758,True,True,science_V_000.fits,60573.42652066639,273.80391637923,221.22921878432754,-7.510327227917106,0.004907579595344636,16.916202172744654,0.014138190379515688,0
120,29.083300477682272,14.007260466072998,1049816.8301391602,872.5875244140625,1203.1077694402131,1047891.0094805873,5.081775930122709,0.011220000176555778,1.0113473170761538,65006.37890625,226.0,132.86404811073874,11.533050760072843,False,True,science_V_000.fits,1063649.505215353,869.0288812350531,1223.9518480717322,-10.621618230057697,0.0008870447000921318,13.804911170604065,0.013288752312491511,0
121,31.71842344266372,22.438652656106477,118395.18154907227,326.2366638183594,362.91194301506164,126600.74671535601,4.549322328488905,0.12807909508661408,1.1468930201866614,7852.8056640625,101.0,132.8633015810378,11.535392971580952,False,False,science_V_000.fits,281073.3709145869,490.0374768520341,573.5752553461466,-9.176671129533458,0.0018928640834493316,15.249858271128303,0.013393544122494218,0
122,211.09494840345576,19.48866746428876,1785595.5498657227,1133.5902099609375,1575.1684640318592,1774982.766944501,5.508197208969999,0.0005930340227248143,1.0005933859207645,61361.26171875,319.0,132.81244760731258,11.534580118841038,False,True,science_V_000.fits,1763007.348933441,1107.743530408353,1591.5302599723013,-11.170257180589804,0.000682173645896557,13.256272220071958,0.013276650579342018,0
123,238.83489914019106,17.207452746518094,1707472.8498535156,1100.421630859375,1551.6532954010215,1705957.0154863868,5.375717028284857,0.08941708713441221,1.0981976334840484,61600.02734375,242.0,132.80458323312115,11.533946677908071,False,True,science_V_000.fits,1702900.284914247,1090.1658346651,1562.0561851834034,-11.132594919403376,0.0006950454217320783,13.293934481258386,0.01327731817277336,0
124,227.4031336411672,16.428730277265934,281889.4279785156,483.6510925292969,582.8363304305786,282676.73893194005,4.982632178997695,0.014832454054853672,1.0150557680426062,17369.412109375,154.0,132.80782416142492,11.533730297658323,False,False,science_V_000.fits,295851.3483255084,504.69017706724776,586.2038965067622,-9.232305756265065,0.0018520859490524998,15.194223644396697,0.01338784195027207,0
125,249.45106579352117,24.60306073949574,1701994.4981689453,1110.3448486328125,1532.852158736668,1688833.1358471862,5.611826493609568,0.060478467032591854,1.0643715603213213,60951.11328125,326.0,132.8015735346353,11.536001042490426,False,True,science_V_000.fits,1677483.56138825,1082.0740680429997,1550.2483710954155,-11.116267556451433,0.0007003393909279437,13.310261844210329,0.013277596355714098,0
126,341.62480665229026,25.515065528674725,1695354.1199951172,1107.43359375,1530.885580465639,1685615.358968211,5.445745198758128,0.00262819349541199,1.0026351190982858,61747.59375,307.0,132.77544183313768,11.53625334975095,False,True,science_V_000.fits,1676116.2747397905,1082.2311777716113,1548.7599222478782,-11.115382231563963,0.0007010124580343023,13.311147169097799,0.01327763187428791,0
127,340.5190618330451,41.36481232719207,1075826.789642334,888.4277954101562,1210.933285969134,1075077.8831497836,5.128441027295352,0.023031279376624525,1.0235742239136674,60402.6015625,230.0,132.7757549347777,11.540656077879673,False,True,science_V_000.fits,1072616.6503582387,877.3917839575762,1222.5059203541643,-10.630733209754,0.0008880938586256244,13.795796190907762,0.013288822386672023,0
128,351.76086769765334,41.893076047949265,374220.5946960449,551.393310546875,678.6817822016934,374480.86762322846,5.0059060126178565,0.018963730543029356,1.0193303052429716,25211.1328125,173.0,132.7725677640359,11.54080253588461,False,False,science_V_000.fits,389084.0765853044,560.6297973908761,694.0124809563619,-9.52973051778989,0.0015643810879364672,14.896798882871872,0.013351081525894455,0
129,61.61205648330511,25.637614992071512,243343.27655029297,451.7668762207031,538.6478942104018,244003.77181704028,4.923810108501193,0.01612236945471024,1.0163865596230446,15488.84375,153.0,132.85482679994965,11.536283282479578,False,False,science_V_000.fits,251317.50439540535,463.78119306097807,541.8880889427572,-9.055178720249586,0.002003550220338371,15.371350680412176,0.01340963471568875,0
130,49.876839951697406,30.46725095501961,1647982.681427002,1086.4014892578125,1516.91865090579,1639478.5787182255,5.384086713870604,0.003821326563850258,1.0038359851156713,64293.0234375,299.0,132.85815406760207,11.53762420296068,False,True,science_V_000.fits,1627182.3384463165,1064.9959104860682,1527.876607247876,-11.083212428392963,0.000710594032822875,13.343316972268799,0.013278141195298023,0
131,37.114738817441285,41.14466001902893,128019.88946533203,351.4332275390625,364.2794119434889,128615.5073721999,4.85092811957346,0.0329487476283814,1.0340713561433037,8886.10546875,140.0,132.86177285553302,11.540589402799196,False,False,science_V_000.fits,84468.4658398043,363.84199981883916,232.15699639366002,-7.871358389971105,0.004676576699670161,16.555171010690653,0.014059674937589589,0
132,13.138594854690853,28.576291418149744,383984.9196166992,550.5366821289062,697.473814336663,384723.2607883949,4.966073896289472,0.0011644906483104789,1.0011658482677157,24838.92578125,173.0,132.8685694485519,11.537096680214713,False,False,science_V_000.fits,382947.7855911162,551.7396310633306,694.0733708997606,-9.512470780401522,0.0015642438472931977,14.91405862026024,0.013351065445745578,0
133,16.435583602174837,41.79554740593633,1723535.697631836,1101.982666015625,1564.0315866886765,1727608.946174326,5.309591473580721,0.033772311449608794,1.0349527464900914,65749.125,240.0,132.86763562423533,11.54076890674907,False,True,science_V_000.fits,1811165.098681031,1116.6417342625793,1621.9751090327186,-11.199516975775833,0.0006693690883132408,13.22701242488593,0.013275998821150003,0
134,21.00731586399686,49.4936602473335,600660.2609558105,677.5711059570312,886.4903707890725,626142.2213209353,4.937391465761918,0.07736914337539358,1.0838570949799406,39308.5703125,179.0,132.86634000477076,11.542907564832364,False,False,science_V_000.fits,886985.094817497,805.9718091240733,1100.5162770909674,-10.424412678713495,0.0009865369759635618,14.002116721948267,0.01329576417238702,0
135,138.57971118547343,36.39161405251425,1561375.7272338867,1054.954345703125,1480.0410402530101,1557720.232516872,5.270643077253341,0.038162079760053036,1.0396762063098248,61076.7109375,253.0,132.83300645857904,11.53927377768315,False,True,science_V_000.fits,1587247.1690240058,1052.2594143598574,1508.4181213903498,-11.056233276915531,0.000719760645012194,13.37029612374623,0.013278634911348957,0
136,137.92254823872074,46.967924877992004,1117164.5078125,896.8724365234375,1245.6225236924267,1119671.6977054663,5.138358684652066,0.02635394222257803,1.027067271532673,59872.4609375,209.0,132.83319311871728,11.542211617070103,False,True,science_V_000.fits,1160112.8702725118,909.2086145040051,1275.9589512967614,-10.71587248622857,0.000850889441934319,13.710656914433192,0.013286387867482352,0
137,128.00056967163806,56.89334970101362,2065007.4503173828,1212.1715087890625,1703.5604576948751,2056780.1902331968,5.787205107626689,0.1182603918602132,1.1341216735286601,61174.0703125,327.0,132.83600646255704,11.544968343288199,False,True,science_V_000.fits,2035615.1519117544,1185.9487937724084,1716.444388325254,-11.32636106115041,0.0006325285033320099,13.100168339511352,0.013274192330620887,0
138,220.3777836623767,40.42685088086494,1879996.244354248,1165.0306396484375,1613.688241642778,1866598.1284512356,5.673158117636114,0.0303403531370271,1.031289693486971,60090.609375,349.0,132.8098160986723,11.540396374059267,False,True,science_V_000.fits,1847080.419589779,1133.1063910179748,1630.1032579388905,-11.22083638527787,0.0006660314275874547,13.205693015383892,0.013275830956490865,0
139,199.3363450571389,44.150899554412725,1740001.7082519531,1122.806884765625,1549.689204671346,1731168.8094026323,5.926802685452635,0.18573813352960233,1.2281061427262046,60553.90625,341.0,132.81578159566843,11.541430569689993,False,True,science_V_000.fits,1711342.9442477738,1091.7138048637337,1567.5747037579886,-11.137964495599853,0.0006925985711540398,13.288564905061909,0.013277190309080892,0
140,272.96185803744305,43.570243271278706,463583.6162109375,603.8675537109375,767.6908841385575,468057.2851456199,4.980621118188245,0.033949063099683485,1.0351421046271254,30432.037109375,183.0,132.79490802049588,11.541269658127817,False,False,science_V_000.fits,480488.9193817004,611.0728585807781,786.3038140781445,-9.758830316035281,0.001380764000582733,14.66769908462648,0.013330813889185169,0
141,272.10234257811675,52.86898837710478,193112.71627807617,411.6506042480469,469.1180197119616,195330.81711347305,4.840672407821369,0.04043537984443468,1.042139298380842,13137.5009765625,134.0,132.79515165682986,11.543852644417843,False,False,science_V_000.fits,239156.82067611793,460.63814686560096,519.1858779031951,-9.001328802352091,0.0020911585738517227,15.42520059830967,0.013423003907612504,0
142,62.87391742710631,51.281723914775796,1092541.0027770996,976.5648803710938,1118.759259868054,1085341.1013883227,5.156133460397162,0.0016966114472450888,1.0016994948296276,62765.05859375,268.0,132.85447044629325,11.543406701848236,False,True,science_V_000.fits,1080411.224309136,930.0192728360842,1161.7084246162265,-10.638594592517965,0.0009345718572701787,13.787934808143797,0.01329200941465166,0
143,47.06828031627234,59.39734845567519,1725625.2059936523,1105.3319091796875,1561.1828371754057,1725220.1966562956,5.388539938383497,0.03536056025731926,1.0366567639684645,63672.74609375,261.0,132.85895200790304,11.5456601690913,False,True,science_V_000.fits,1762483.0834388414,1107.4524566124176,1591.4751670966486,-11.169934267200304,0.0006821972610359095,13.256595133461458,0.013276651792743224,0
144,38.5430824529781,63.42020238564382,635432.3930969238,685.5830078125,926.849682468659,662073.8088419931,4.935421318285951,0.0641538365103913,1.0685516904521708,39175.2734375,177.0,132.86136926747153,11.546777129221697,False,False,science_V_000.fits,826423.8020171757,774.3068948836205,1067.3078174531668,-10.347628916301941,0.0010172323131584673,14.07890048435982,0.013298076977582911,0
145,53.05911125032643,74.65633502362198,821039.5191650391,781.9898681640625,1049.9362620805516,816372.4394753268,5.130571276258452,0.00612576580397084,1.0061635220968639,53941.765625,234.0,132.85725439190293,11.549899108592331,False,False,science_V_000.fits,807922.2066143774,768.0116786947051,1051.9660430001577,-10.323045737411105,0.0010320675341417246,14.103483663250657,0.013299220019152113,0
146,54.67391010068164,89.53624813631399,768312.4758911133,759.8640747070312,1011.1183058461336,764053.0524461773,5.099255434657588,0.0027347959179639947,1.0027422955366034,47789.33984375,237.0,132.8567974075429,11.554032502238556,False,False,science_V_000.fits,761183.2707433662,745.3795534129117,1021.2022415400223,-10.258344961072037,0.0010631586534345166,14.168184439589725,0.01330166891954388,0
147,155.42315764708573,57.471749402074124,737338.9523620605,751.0621948242188,981.7282209692767,733579.4539642268,5.237057621943591,0.045570179101044106,1.047745971577169,43336.19140625,251.0,132.82823180129256,11.545129864316197,False,False,science_V_000.fits,729628.0109492326,732.675739979659,995.840275767134,-10.212375620343332,0.0010902350772704426,14.21415378031843,0.013303860426451333,0
148,148.35340741725216,72.2395306616843,172249.5950012207,393.28076171875,437.9812382595082,173906.573872298,4.8816217099889005,0.03052673785704918,1.0314879626381568,11021.12890625,138.0,132.83023661740313,11.54923182118113,False,False,science_V_000.fits,181754.42556708844,418.4335867219281,434.3686341982728,-8.70333435995202,0.0024994898676418227,15.723195040709742,0.013492647602351108,0
149,144.71510933040415,83.91710277141101,1729788.7084350586,1177.571044921875,1468.9463670956854,1725334.7262188517,5.4705084508733055,0.014158057171891114,1.0143613865030692,60213.15234375,266.0,132.83126850359602,11.552475479740592,False,True,science_V_000.fits,1721388.882539109,1119.158476675044,1538.110033936621,-11.144319358491856,0.0007058662748732431,13.282210042169906,0.013277889023515387,0
150,176.95007131845324,87.82720210496947,392423.0526123047,557.2006225585938,704.2760483833424,395016.1436015322,4.962919234175499,0.0317384931482394,1.0327788442725923,26315.37890625,166.0,132.82212929192343,11.55356245322447,False,False,science_V_000.fits,414278.79223450477,571.594419267745,724.7775315322825,-9.597853627686856,0.0014979769001733211,14.828675772974906,0.013343463737584774,0
151,135.94584319179106,88.52428641047351,224885.8963623047,429.74658203125,523.2988597590559,230990.11385174145,4.824376912458744,0.11250013103739065,1.1267607297439841,14570.1806640625,121.0,132.83375493166056,11.553754975087376,False,False,science_V_000.fits,361189.02944018587,543.0404439150394,665.1236265870009,-9.448958251082363,0.001632328121572127,14.977571149579399,0.013359213480563223,0
152,187.41691161399604,93.11310292854877,1644762.139678955,1083.127685546875,1518.5302357482524,1641989.2063503945,5.4516674518980865,0.018461459540654035,1.0188086955118587,58297.37109375,259.0,132.81916180890823,11.555030967815616,False,True,science_V_000.fits,1662829.7522696522,1077.4535884459708,1543.2959434178313,-11.106741340392837,0.0007034943651802616,13.319788060268925,0.013277763141607375,0
153,196.4486330321096,94.05656258334159,236216.18759155273,454.6386413574219,519.569095328717,255191.63637544937,4.701684365167952,0.133010823926777,1.153416937140105,17552.462890625,128.0,132.81660111550948,11.555293196604092,False,False,science_V_000.fits,486540.2529786449,624.348779324774,779.2763741843663,-9.77241881557921,0.0013932155984279053,14.654110585082552,0.013332109338978953,0
154,132.94634309143248,100.75895818707244,1757566.469696045,1123.1778564453125,1564.8158122155971,1747958.2785423836,5.528708562348548,0.009086912321755403,1.0091702415022556,59560.76953125,312.0,132.8346057788333,11.55715339279915,False,True,science_V_000.fits,1733884.8952339906,1098.7236246888092,1578.0901186365932,-11.152172532174003,0.0006879835233605046,13.274356868487759,0.013276950367128833,0
155,151.24858072626293,103.28637213124284,146838.0291442871,372.064697265625,394.65724704178604,147634.11553173076,4.878350798785266,0.02797827705329492,1.0287835923753619,9640.7822265625,139.0,132.82941669244877,11.557856020805053,False,False,science_V_000.fits,143629.767685698,391.72212314331466,366.66238437891315,-8.447733019103747,0.0029610345818239844,15.978796381558015,0.01358572101574092,0
156,199.60524781072928,112.12844042026052,862304.9989013672,807.3792114257812,1068.0297271694553,856821.9835009684,5.118781536244751,0.005851243898587155,1.0058856824621831,55976.27734375,258.0,132.81570642130853,11.560313209273634,False,False,science_V_000.fits,853168.9724671488,788.1198041774304,1082.5371573521247,-10.382209506305138,0.0010029216943052669,14.044319894356624,0.013296989946890051,0
157,151.6160300898073,113.62852989762325,157709.34442138672,393.2284851074219,401.0628690297037,159857.82333094673,6.4026374542835764,0.3756997274728412,1.6017933100557749,7540.47314453125,169.0,132.82931281237742,11.560728851060935,False,False,science_V_000.fits,156842.10293014965,396.86149030960917,395.20615317901013,-8.543278515699255,0.0027471738262846027,15.883250884962507,0.013540718361837754,0
158,164.67760192109426,117.44794757950491,521057.99896240234,637.7353515625,817.0442452120158,519453.5850872118,5.066868562774809,0.00391839212489431,1.0039338063206018,32603.314453125,201.0,132.82560956666362,11.561790148319172,False,False,science_V_000.fits,516207.22932106256,629.6132527962956,819.8798659787356,-9.83668208006352,0.0013242183947326728,14.589847320598242,0.013325075762626468,0
159,165.40346335013624,132.5699791670573,1112631.1116638184,906.6966552734375,1227.126079259966,1105254.1900942896,5.216308553600717,0.009740346584984572,1.009836154135326,57514.33984375,271.0,132.82540414488184,11.56599072855567,False,True,science_V_000.fits,1088327.0183308006,886.1562999288386,1228.1434081303682,-10.646520401318371,0.0008840172839854158,13.78000899934339,0.013288550571118428,0
160,192.21226751822948,130.94075138502185,1353618.9143981934,990.5011596679688,1366.6000298797705,1350457.9491174845,5.411838443919291,0.07908316292173223,1.085874380549534,58667.63671875,263.0,132.81780288092705,11.565538728424,False,True,science_V_000.fits,1336679.4442274265,973.9691438167921,1372.404303271092,-10.869690047590709,0.0007910934098736508,13.556839353071053,0.013282692441893416,0
161,185.5094640534626,141.2786068512931,223741.0319519043,426.356689453125,524.7742969364225,237006.37930596585,4.751599405335217,0.0555055835293744,1.0587675083742547,14349.4755859375,109.0,132.8197035601783,11.568410231641984,False,False,science_V_000.fits,323092.12219967577,540.753113355394,597.4854591125267,-9.32793779642236,0.0018171153514139767,15.098591604239402,0.01338304890236643,0
162,193.7334201006708,142.66881957964813,478645.4703063965,607.7940063476562,787.5126528191079,483219.07439665956,4.957487750650192,0.07519754643979626,1.0813120100950304,31221.40625,143.0,132.8173717842877,11.568796549927473,False,False,science_V_000.fits,544510.5313859365,662.918140588633,821.3842675996807,-9.89463758371284,0.001321793030164463,14.531891816948923,0.013324834953476096,0
163,203.7849732957757,148.62747695246875,1731637.2094421387,1130.6466064453125,1531.5459309485798,1723378.5649256376,5.451672086679912,0.01278165630963024,1.0129471422318295,62458.3515625,285.0,132.8145218741255,11.570451887853348,False,True,science_V_000.fits,1711770.8748902867,1093.6891845495843,1565.1346827528955,-11.138235955924383,0.00069367832172141,13.288293444737379,0.013277246677561323,0
164,131.1132658729162,150.844234246027,753800.600982666,770.9329833984375,977.7770794806985,755222.2982496624,6.557392870205742,0.3451625711538503,1.5270965829824983,29197.888671875,252.0,132.83512725445732,11.571065899263678,False,False,science_V_000.fits,739134.4226973981,751.0939154556002,984.0772338690194,-10.226430445423247,0.001103267063431026,14.200098955238515,0.013304934721224253,0
165,175.8535549272531,148.52352663575363,1347940.1272583008,983.54541015625,1370.4909944566377,1357226.5761444806,5.2404730235134,0.05801871089156263,1.0615922116101435,58530.91796875,230.0,132.82244153419143,11.570422510811264,False,True,science_V_000.fits,1433668.7223182141,1009.9377804563906,1419.5614324580863,-10.945743900400071,0.0007648136777849917,13.48078550026169,0.013281153176005235,0
166,151.97309751887576,150.36025145340085,206160.60000610352,421.8404541015625,488.716997152834,209135.04777158654,4.8535017775369385,0.0788139971317997,1.085557093666648,13385.783203125,137.0,132.82921264086684,11.570932112218347,False,False,science_V_000.fits,252332.88495022565,477.82953043378893,528.0813948881514,-9.059556506693875,0.0020559330635572825,15.366972893967887,0.013417561271878544,0
167,142.84147979056274,153.61875511975538,787702.0647583008,762.45068359375,1033.1187074887655,788095.0469227966,5.071522935289549,0.022193068869737043,1.022696780073019,51055.51171875,191.0,132.83180192296047,11.571836980860228,False,False,science_V_000.fits,796521.6833122777,765.3402823475909,1040.7418787222873,-10.307615881240935,0.0010431981475876686,14.118913519420827,0.013300088424439789,0
168,167.64169176989182,154.24515493762595,1655461.2778320312,1087.06689453125,1522.8697388911621,1673677.4088105133,5.408815086369442,0.038636557141225936,1.0401893346665374,57766.7109375,262.0,132.8247700629842,11.572011662962504,False,True,science_V_000.fits,1717319.8107846898,1095.425644026871,1567.7191967787855,-11.141749823832432,0.0006925347359596049,13.28477957682933,0.013277186979300156,0
169,195.93078832804707,163.65280139587216,1786069.9570922852,1144.8807373046875,1560.048919415925,1753543.2406189216,6.442059141855954,0.2744823071732908,1.3783261385451164,64823.4765625,397.0,132.8167490968477,11.574625468537498,False,True,science_V_000.fits,1732968.579681384,1099.9566995693397,1575.4879990820402,-11.151598595605403,0.0006891198159761194,13.274930805056359,0.013277009295905381,0
170,133.16052744546784,165.52588765754322,605033.6564025879,697.1920776367188,867.8148760001383,610803.0394078565,5.032151615061299,0.03202496295429602,1.0330844926043108,38743.703125,174.0,132.83454727836985,11.57514420403592,False,False,science_V_000.fits,612092.4091727883,714.43071107554,856.7554553349387,-10.021664358180084,0.0012672227451129077,14.404865042481678,0.013319532394514399,0
171,122.65275040283754,168.07668235491744,1374252.6478271484,988.0107421875,1390.9288524378708,1379964.2242628895,5.16555653896449,0.09104845913376769,1.100168661408504,58127.78125,206.0,132.83752679345395,11.575852389474873,False,True,science_V_000.fits,1708040.5928911262,1092.6659934048946,1563.186374610819,-11.135867343581339,0.0006945429013672813,13.290662057080423,0.013277291876155568,0
172,114.43923931182258,169.45153058189112,1271620.6987304688,955.6038208007812,1330.6986337338733,1276128.4405296552,5.1365978223229245,0.06509456958031379,1.069626902852722,59019.72265625,226.0,132.83985574764878,11.576233982440732,False,True,science_V_000.fits,1627426.978704481,1066.9648411270189,1525.2864161723028,-11.083375652153514,0.0007118007401682353,13.343153748508248,0.013278205828216816,0
173,134.24062436820682,183.80747383458663,299396.89236450195,506.22296142578125,591.4328570186703,298496.1462234559,5.021328269081847,0.013204230132503159,1.0133809148110517,19945.87890625,193.0,132.8342416459912,11.580222456875742,False,False,science_V_000.fits,296540.689624458,498.8815216115519,594.4110510778868,-9.234832607051638,0.001826513820749505,15.191696793610124,0.013384328240900845,0
174,99.71032852151755,61.22419261777291,836193.9969177246,785.019287109375,1065.1891114634736,835232.5887056042,5.057683229168384,0.022339860201099904,1.0228503334560568,54767.19140625,211.0,132.8440273198958,11.54617025532795,False,False,science_V_000.fits,880023.723954955,796.7495403842672,1104.517391413273,-10.415857824427238,0.000982963245703904,14.010671576234524,0.013295499481598716,0
175,89.75250257723799,62.198677546640106,910993.0516662598,832.74853515625,1093.9593565245102,916796.2345179843,5.0419802247528756,0.0465958495309422,1.048873134764536,60445.01171875,216.0,132.8468505560013,11.546440506186313,False,True,science_V_000.fits,954421.1675475606,827.0322614479498,1154.0313625451336,-10.503972030870425,0.000940788990002461,13.922557369791337,0.013292447992995752,0
176,306.7671639153864,65.24558795988453,168655.6968383789,389.1082763671875,433.4415561986777,170450.08629622764,4.758660943026433,0.056742316822316674,1.0601556900455462,11202.1240234375,126.0,132.7853235632566,11.547290257193833,False,False,science_V_000.fits,215883.57951698152,443.4525812159152,486.8244963757889,-8.890170900020415,0.002230167150754731,15.536358500641347,0.013445361104971945,0
177,302.3716886417226,71.57371787477197,122818.27633666992,344.8576354980469,356.14196611681376,124117.41281237514,4.750412203563235,0.0740718194274601,1.079997370186593,7608.5458984375,120.0,132.7865696665242,11.549048129521667,False,False,science_V_000.fits,187712.9779102736,422.0575361352512,444.7568443609539,-8.738357622722358,0.0024411091448406632,15.688171777939404,0.013481954738828182,0
178,491.26242738856627,81.2323804150686,553610.7633972168,668.8546752929688,827.6996242191574,550129.9542107155,5.133801489110904,0.0023009848178631165,1.0023062915597276,36431.2265625,237.0,132.73301515452283,11.551723715710262,False,False,science_V_000.fits,545427.345752755,649.8270970881005,839.3422622676636,-9.896464144302662,0.0012935128478658374,14.5300652563591,0.013322059345701059,0
179,488.93184998524305,99.75370219199372,1514247.710357666,1042.808349609375,1452.0862926777363,1542374.7130302587,5.190485005523007,0.06401729311045234,1.0683958075712683,63281.56640625,235.0,132.7336746979975,11.556868671406836,False,True,science_V_000.fits,1864395.6158504246,1142.1589024313114,1632.3434610382928,-11.230967056573018,0.0006651173762839185,13.195562344088744,0.013275785131095704,0
180,485.936276380207,107.21107090280198,1169113.7226867676,913.568603515625,1279.7218711191972,1212332.3470567546,4.882563438505157,0.04830639486075583,1.0507583476445532,62027.265625,166.0,132.73452353345814,11.558940351985457,False,True,science_V_000.fits,1936067.359091988,1162.1976288784238,1665.8675865312043,-11.271923031746953,0.0006517324718831506,13.15460636891481,0.013275121277701906,0
181,492.54673643553895,111.59348769620127,815094.1576843262,780.4495239257812,1044.3906142504604,816763.6188539392,4.963943395927308,0.10730816838063595,1.1202074048173785,48936.703125,197.0,132.73264899231577,11.56015726204364,False,False,science_V_000.fits,1216746.6963019306,932.975260376464,1304.1575141134635,-10.767622313354018,0.0008324914653718298,13.658907087307744,0.013285222307613219,0
182,463.6765357063574,89.8166915475812,1790585.5407409668,1147.3238525390625,1560.6626993575935,1806670.59174845,5.420899945944008,0.04343167340728982,1.0454036289932296,61931.4765625,267.0,132.7408358078941,11.554109932949622,False,True,science_V_000.fits,2036634.9368755016,1190.0467481270648,1711.3906996349729,-11.32690484773287,0.0006343963422446856,13.099624552928892,0.01327428146612239,0
183,461.5336082939762,98.37994444235852,1384569.2109069824,1003.822021484375,1379.2975062049225,1435041.135858098,5.395968359201537,0.14352001519003155,1.1675696078547302,61651.7890625,256.0,132.74144287753785,11.556488734101418,False,True,science_V_000.fits,1711676.1909707647,1095.385466915681,1562.6245213846018,-11.138175898469143,0.0006947926294142556,13.288353502192619,0.013277304941917818,0
184,241.10374570581936,93.15161941427247,35116.7243347168,225.43890380859375,155.77047147342518,36200.06118462184,4.527319517242868,0.029653628503996665,1.0305598386051356,2452.735107421875,91.0,132.80394030709172,11.555042269046044,False,False,science_V_000.fits,35614.78662063078,275.0310752925131,129.49368206029877,-6.9336977407753375,0.008384192824901247,17.492831659886424,0.01568753578634683,0
185,249.00356686788476,108.64208009605854,1654683.7326660156,1101.8814697265625,1501.689408640871,1641106.2818866512,5.676355854236233,0.08167572089345587,1.0889399559085162,58131.76953125,366.0,132.8017005448032,11.559345194019754,False,True,science_V_000.fits,1628348.6777809984,1066.6419144957017,1526.6123107030407,-11.083990388664615,0.0007111825264267716,13.342539011997147,0.013278172702171099,0
186,297.43810879918493,97.81676047020643,1215735.5093688965,944.43115234375,1287.2674798494982,1212558.8197570047,5.262246251322353,0.027058284050591075,1.0278107964814596,58887.0,263.0,132.78796811028315,11.55633791940206,False,True,science_V_000.fits,1207185.5825679381,926.6511815212909,1302.7400241222285,-10.759056974076486,0.0008333972856414943,13.667472426585276,0.01328527909975931,0
187,285.8993081753909,101.25474386566766,561114.1853027344,660.2814331054688,849.8106370546783,561431.8193279319,5.058642765714799,0.014260972421082707,1.0144672900454283,37485.0234375,201.0,132.79123962172116,11.557293030748298,False,False,science_V_000.fits,567688.9498204442,657.0312844577719,864.0211862802557,-9.93989797573657,0.001256566409759124,14.486631424925191,0.013318522773375502,0
188,352.03748014784736,101.14714916650816,1233412.5061645508,953.3766479492188,1293.73056159673,1226273.715144542,5.233578514812374,0.0020929732734512596,1.002097362998151,58935.4296875,272.0,132.7724877197644,11.557261978233843,False,True,science_V_000.fits,1219975.4892565315,932.3128257857493,1308.5473625532732,-10.770499637228646,0.000829698665153054,13.656029763433116,0.013285047594861816,0
189,366.40527699308876,100.9013186534632,895255.3785095215,819.4800415039062,1092.4675808657312,891448.7923399855,5.121801537119664,0.0038086178921804548,1.0038231789198195,58102.84375,233.0,132.76841408165433,11.557193279648194,False,True,science_V_000.fits,886763.0267063905,804.8686664840753,1101.748724521798,-10.424140816675717,0.0009854334076685556,14.002388583986045,0.01329568233389081,0
190,374.5541534822623,112.08775344928732,381170.61935424805,562.1908569335938,678.0092821738509,380374.0567395525,5.0310539320613925,0.0007864215234061334,1.0007870404689707,24604.845703125,192.0,132.76610328564192,11.560300361341227,False,False,science_V_000.fits,379441.0243022898,555.9436217779067,682.5170924505584,-9.502482584102832,0.0015907293927274772,14.92404681655893,0.013354194461803906,0
191,73.42372396652642,103.13761546884632,140008.64376831055,365.4898376464844,383.0712357691658,140508.13624338695,4.874374574544369,0.019205609109776645,1.0195816873425882,9116.9697265625,145.0,132.851482106861,11.55781164176986,False,False,science_V_000.fits,138964.48060240183,375.6093049144874,369.9708148445338,-8.41188139536604,0.0029345557985600147,16.014648005295722,0.01357997450136226,0
192,61.99565122112854,115.50280481031712,1179449.74710083,929.9938354492188,1268.2339410681316,1171529.1329338015,5.198655129236568,0.0026304964091555805,1.00263743417027,59779.70703125,283.0,132.85472294188736,11.56124582383738,False,True,science_V_000.fits,1168077.9594120418,909.0472311801925,1284.947491557239,-10.723301447190297,0.0008449372500694413,13.703227953471465,0.013286008003886716,0
193,421.5869399613743,115.41129041214282,944674.2712402344,844.1412963867188,1119.0949610969624,939032.4699229596,5.1299582238035155,0.0017961794411144316,1.0017994115070696,59197.55078125,252.0,132.75276796353063,11.561221711692694,False,True,science_V_000.fits,935652.737610338,825.1463002085532,1133.923447725397,-10.482408605600197,0.0009574720429124814,13.944120795061565,0.013293639172015538,0
194,429.889017038939,128.82565314358288,1180837.030303955,935.2142944335938,1262.6379187447312,1173368.2160384657,5.222271218106214,0.005465196382015924,1.0054952288870478,60186.64453125,264.0,132.75041341351118,11.564947530119206,False,True,science_V_000.fits,1166110.0639284684,914.4424173596185,1275.2143183553544,-10.721470732733236,0.0008513862998340771,13.705058667928526,0.013286419696604955,0
195,421.0752786467063,140.88002844408328,1060679.142150879,889.9353637695312,1191.8608758934156,1054553.6435492747,5.165608783307332,0.0017767422248889941,1.001779904656649,58461.08203125,256.0,132.752911841544,11.568296379516921,False,True,science_V_000.fits,1049688.3049088952,870.5374990941981,1205.7933242406043,-10.607272770396303,0.0009004030609339808,13.819256630265459,0.013289650687468284,0
196,116.20112341751948,118.08119264900832,40345.03890991211,222.46424865722656,181.3551577542504,42901.87400443872,4.412239533383359,0.18649569044403802,1.2292497879277784,2833.37451171875,79.0,132.83935416191915,11.561964519604665,False,False,science_V_000.fits,105550.01119730876,345.76332842606325,305.2666448977662,-8.113267583330778,0.003556562821868734,16.313261817330982,0.013727826806479089,0
197,109.58397020808137,124.08962506799104,440415.70098876953,589.9791259765625,746.4937005352042,440885.9678892323,5.053759306486647,0.0073483755441065,1.007402773906842,28236.966796875,191.0,132.84123057544625,11.563633268401995,False,False,science_V_000.fits,444212.26910901937,587.069480883188,756.6604696274552,-9.6735982479374,0.0014348575663461695,14.752931152724361,0.013336525258045583,0
198,94.32721126289842,142.76038195235546,57420.54489135742,246.47378540039062,232.9681625089628,63788.46681033871,4.404546585993805,0.15530184736546138,1.1838548443382866,4029.5693359375,79.0,132.84555720905604,11.568818942920089,False,False,science_V_000.fits,188433.4114160862,419.1360837537624,449.57573141516644,-8.742516650797857,0.00241494352148959,15.684012749863905,0.013477241629308702,0
199,86.3738676084425,146.9206445950307,593707.1781921387,667.1736450195312,889.8840393714265,596314.860726191,4.989443141320366,0.05059881893888696,1.0532955087356584,38725.49609375,174.0,132.84781248021048,11.569974209699886,False,False,science_V_000.fits,676791.2426427583,707.4118549082873,956.7145898770684,-10.130758700298374,0.0011348212011060743,14.295770700363388,0.013307588394644116,0
200,93.8308000499408,153.01271281506365,954375.3271484375,830.449951171875,1149.2267845903143,956132.197869285,5.052410475342853,0.03307389167234265,1.0342051904354361,59364.1171875,187.0,132.8456984265831,11.57166678890788,False,True,science_V_000.fits,998953.8631317671,847.0813055904457,1179.2892329685649,-10.553485450837117,0.000920639288181257,13.873043949824645,0.013291037070963643,0
201,92.0429954009385,166.16828935098525,1516249.7561340332,1048.312744140625,1446.3715762389293,1510713.3898969148,5.806392085461064,0.1657852534854488,1.1987321060651581,59310.734375,308.0,132.84620594675516,11.575321033858355,False,True,science_V_000.fits,1490439.6791574885,1021.951837696781,1458.4245794954093,-10.987907884105152,0.0007444334216964681,13.43862151655661,0.013279995137127335,0
202,276.26716152714755,152.77965035967438,296218.70834350586,496.671875,596.4072524612067,300637.1707969522,4.9158693009094545,0.06802573996655081,1.0729910072453175,19630.865234375,158.0,132.79397027880222,11.571605568299484,False,False,science_V_000.fits,350304.09004983807,536.6264045940943,652.7895143639252,-9.415734894152889,0.0016631700971145359,15.010794506508873,0.013363017043120274,0
203,296.32520127537106,160.60150172628838,321668.1604614258,524.6822509765625,613.0723115994916,320712.3916992502,5.027236394923203,0.014649175778482015,1.0148669645555486,20149.09765625,193.0,132.78828291565378,11.573778131155853,False,False,science_V_000.fits,319439.05330192024,517.09797780998,617.7534374719712,-9.31559189929465,0.0017574973025532709,15.110937501367111,0.013375084541462494,0
204,280.1162316705241,161.72481789981677,766629.0409545898,761.1591186523438,1007.1863059486573,764916.7507067509,5.08653803196843,0.017764436177570397,1.018085718774465,51061.39453125,218.0,132.7928788471043,11.5740903118684,False,False,science_V_000.fits,780688.633533345,758.1550269001659,1029.7216345386657,-10.285816514749001,0.0010543626195504902,14.14071288591276,0.013300968771344903,0
205,469.499638893947,167.15821087727548,27037.746551513672,211.5821075439453,127.78843573007688,28172.407985694947,4.471554775108916,0.024556629286300646,1.0251748384617483,1714.686767578125,79.0,132.73918014548426,11.575593328664393,False,False,science_V_000.fits,31921.36853608775,283.46911532405306,112.60968765361346,-6.81482562952604,0.009641266418743697,17.61170377113572,0.016393843596911064,0
206,475.61884748340134,175.04311330647369,101721.3671875,332.5329895019531,305.89857367189893,102730.27793120108,4.81658895069092,0.009521094869258562,1.0096126175125373,6711.52490234375,126.0,132.73744458671365,11.577783210446926,False,False,science_V_000.fits,102663.85480231517,356.6820408188737,287.83017660944915,-8.08316579162852,0.0037720158907214377,16.34336360903324,0.013785216487333161,0
207,363.38056504187773,174.63741378519867,669405.2403259277,709.9299926757812,942.9172555492231,699183.2273419754,4.844079992783647,0.2056534906478883,1.258896449127251,42992.96875,177.0,132.76926941158044,11.57767561005313,False,False,science_V_000.fits,1459168.3982293124,1042.4501562871806,1399.7488411593001,-10.964885412550185,0.0007756391490210498,13.461643988111577,0.01328178097290725,0
208,367.0982823523321,180.83911127366275,1676860.5345153809,1156.7420654296875,1449.6408357834625,1694866.4982196246,5.436915711696778,0.054068936991767846,1.0571594898467747,57767.0546875,252.0,132.76821506837058,11.579398190221724,False,True,science_V_000.fits,2015407.5952088328,1200.3435862138053,1679.025587636912,-11.315529101287039,0.0006466250472859273,13.111000299374723,0.01327487151254446,0
209,399.1527399985509,185.39695320190867,1720603.0010375977,1118.817626953125,1537.876200362801,1710134.2101774446,5.528615820705342,0.001500958667418173,1.0015032149308978,58656.05078125,314.0,132.7591258871906,11.580663123688721,False,True,science_V_000.fits,1698124.4847518548,1090.7483794259874,1556.8434634260034,-11.12954568400972,0.0006973726167759983,13.296983716652042,0.013277440200935417,0
210,354.7222166362003,188.91218168698222,31703.675659179688,377.8248596191406,83.91103669339807,33115.412711137375,4.650173053699169,0.029801153969930994,1.0307165423787852,2121.54248046875,91.0,132.77172405746364,11.581641070929548,False,False,science_V_000.fits,28007.232649681417,413.70953880848464,67.69781700065317,-6.672797371524027,0.016037444752310476,17.753732029137733,0.020808741526247995,0
211,376.1625449469183,197.21847044769973,489767.93908691406,630.5740966796875,776.7016464295097,487564.8549414863,5.097432862669247,0.012719520442278864,1.0128833909974366,32764.830078125,215.0,132.76564434946937,11.58394771921982,False,False,science_V_000.fits,480460.3386345674,617.1630283502166,778.4982517810909,-9.758765731663793,0.0013946081414005444,14.667763668997969,0.013332254932712907,0
212,391.33364028621,200.3081763285548,1033956.2580566406,882.4447631835938,1171.6951600760135,1028317.6092596051,5.455132903282018,0.10525928538321094,1.1176422215549817,58738.8125,268.0,132.76134241803737,11.584805431408524,False,True,science_V_000.fits,1018965.6594784756,859.1638182407406,1185.9969401003777,-10.575020743894273,0.0009154323786940893,13.85150865676749,0.013290677415494986,0
213,71.79220696584444,194.80540424142106,367441.8222351074,544.9574584960938,674.2578094978788,367855.53671586514,5.009011886298023,0.005134931543080534,1.0051614351592875,24534.041015625,182.0,132.8519494236044,11.583274816860094,False,False,science_V_000.fits,372041.44780988095,544.7328958046313,682.9795862802341,-9.481100188479454,0.0015896521972393555,14.945429212182308,0.013354066190901364,0
214,82.33256997814289,195.82990371939968,192115.9280090332,413.31884765625,464.8128898511123,194664.03041475097,4.906938777261318,0.03513154091652271,1.0364107050922713,12567.21484375,149.0,132.84896072817892,11.583559917620317,False,False,science_V_000.fits,204260.33658772582,430.52205436675047,474.448020759749,-8.830081982087803,0.002288343406431401,15.596447418573959,0.013455133045367667,0
215,230.51436553739325,201.11744001437341,1222519.709411621,940.2002563476562,1300.2758733130702,1229305.220745617,5.085079202588911,0.04540984259403913,1.0475699882737504,66027.7578125,223.0,132.80694339583042,11.585032709707605,False,True,science_V_000.fits,1507379.568138481,1028.7767428935865,1465.2154401340306,-11.000178434807328,0.0007409831825828192,13.426350965854434,0.013279802174718474,0
216,231.22517368270542,210.28972868119916,1671090.564605713,1091.632568359375,1530.8177980776177,1697311.087258304,5.437877824067195,0.06160323709932802,1.0656473248148328,60429.109375,250.0,132.80674190458166,11.587580572242219,False,True,science_V_000.fits,1809623.8407674406,1122.9438672200633,1611.4998207767126,-11.198592647047088,0.0006737202114466964,13.227936753614674,0.013276218913760752,0
217,241.2561124942788,222.27518789540122,1018005.3004455566,892.8414306640625,1140.1860011003319,1011819.009349595,5.184746199723782,0.0027520171314883157,1.0027596116299702,55765.77734375,261.0,132.80389760817505,11.590909918303765,False,False,science_V_000.fits,1007292.7193308794,873.4592608763314,1153.2223246683245,-10.562511111291094,0.0009414489962395201,13.864018289370668,0.01329249472203421,0
218,256.0295510965231,224.56769281342164,51974.637145996094,259.635986328125,200.18271689160662,52788.28667070763,4.663955458026894,0.023624269753952043,1.0241958797439574,3460.953857421875,104.0,132.79970844562362,11.591546751151943,False,False,science_V_000.fits,52199.29097181241,299.1448004424419,174.49506357659726,-7.348783383983295,0.0062219525168596855,17.077746016678464,0.014646391461545862,0
219,483.6116958160476,221.65090063438993,1598625.581085205,1081.75537109375,1477.8069273359408,1588482.7447828755,5.426726434086872,0.007193209057785976,1.0072453262038623,60982.328125,305.0,132.73517523436294,11.590729313402013,False,True,science_V_000.fits,1577826.0730592432,1054.4029211536279,1496.4166367567866,-11.049769694935282,0.0007255332327452996,13.37675970572648,0.013278949062128554,0
220,471.17779870649525,226.4650430372342,407115.99282836914,579.7755126953125,702.19590844003,406837.5489838909,5.062738552080518,0.020617515956294574,1.0210515465532612,25901.8359375,189.0,132.73870069483968,11.592067338173957,False,False,science_V_000.fits,408177.7752114553,575.915811745119,708.7455612211966,-9.581745259570917,0.0015318614456354353,14.844784141090845,0.013347310186378799,0
221,412.3159229452216,237.9477099401899,77531.39181518555,359.06915283203125,215.923287209954,78668.33273921738,4.889378512664553,0.03029588853375209,1.031242404951695,5782.2734375,123.0,132.75539113627613,11.595260003414351,False,False,science_V_000.fits,77782.27691845642,383.4623014554108,202.84204372434507,-7.781823504260799,0.005352440648228859,16.64470589640096,0.014298696115926079,0
222,400.45570963191454,242.8464775723211,226698.00274658203,447.7760009765625,506.2754641878359,229503.27428522296,4.9469233268636525,0.0345626082378695,1.0357999478089255,14501.5927734375,146.0,132.75875407237777,11.596621267969827,False,False,science_V_000.fits,258428.1020263934,481.3270163909241,536.9075352639323,-9.085471219053172,0.002022135896204722,15.34105818160859,0.013412424214343454,0
223,400.869949745441,253.8017144200209,1337680.554260254,992.1404418945312,1348.277418976995,1331279.1655200976,5.293598218693902,0.018435485205877233,1.0187817356149473,58364.37890625,273.0,132.75863615698447,11.599664371844323,False,True,science_V_000.fits,1323800.6376318359,971.7117981238545,1362.3387512509178,-10.859178338885398,0.0007969383525228918,13.567351061776364,0.013283041837640536,0
224,386.7027213362729,261.32359745914675,119334.96630859375,355.19989013671875,335.965662215326,120100.63059143769,4.858791514939198,0.012372625715083685,1.0125276253344455,7740.74365234375,138.0,132.76265326625858,11.601754326877613,False,False,science_V_000.fits,116155.06089623694,371.29375690011636,312.8387125762645,-8.217217216127688,0.003470478417006417,16.209312184534074,0.013705776525454306,0
225,129.54108030892593,244.129435236871,1035947.3846740723,869.6885375976562,1191.1705626656567,1048613.557473177,5.090362243452145,0.047214874012294517,1.0495545876236776,57278.171875,221.0,132.83557633450746,11.59697839359744,False,True,science_V_000.fits,1141966.2234488165,901.6138579717516,1266.5801588473314,-10.698755020884793,0.0008571901213011708,13.72777437977697,0.013286792864602175,0
226,138.46272537664063,248.2533237751096,1617275.5411376953,1064.1494140625,1519.7823912373162,1639391.011539546,5.117191368214254,0.15773214230569788,1.1872707605600523,56918.49609375,181.0,132.83304659093304,11.598124216334961,False,True,science_V_000.fits,2586313.6098990575,1332.9318681467366,1940.3194354524514,-11.586324837032455,0.000559547041668854,12.840204563629307,0.013270914912492934,0
227,143.14703740686014,252.57835205307282,1299869.2883911133,964.3423461914062,1347.933432068854,1328749.4357908966,4.95912489743728,0.173585301531744,1.2100462417397477,57197.39453125,210.0,132.83171840822868,11.599325760743655,False,True,science_V_000.fits,2352351.6993084145,1273.394009375645,1847.3085957596036,-11.483377507740592,0.0005877198874579837,12.94315189292117,0.013272132623994555,0
228,171.70758118676633,250.33001315743644,75142.88543701172,293.45941162109375,256.0588703627404,76074.1812996286,4.820116377346435,0.006328097924235054,1.0063683977689375,5003.54638671875,118.0,132.82361947435214,11.59870199252858,False,False,science_V_000.fits,77437.72266139969,324.3782440479066,238.72662264600922,-7.777003305229153,0.0045478798634449235,16.64952609543261,0.014017392802340769,0
229,178.39386134028612,262.4642742697956,1533523.8889160156,1044.8106689453125,1467.7528996368655,1571999.7139368951,5.270614833008135,0.11443636877037122,1.1292243320917248,57088.07421875,225.0,132.82172371988605,11.602072768128956,False,True,science_V_000.fits,2094229.5982308544,1204.5213650719454,1738.640474929033,-11.357182607248173,0.0006244534253375849,13.069346793413589,0.013273809995747371,0
230,171.32657989602092,267.3787477716742,1916734.9327697754,1167.7581787109375,1641.3800114725952,1944255.3909530058,5.986105955133975,0.16928516015131978,1.2037825160101343,57003.62109375,279.0,132.823727916794,11.603437742941516,False,True,science_V_000.fits,2257718.6151967286,1250.2653460052047,1805.791564495086,-11.438796408577574,0.0006012321805831287,12.987732992084188,0.013272737843329677,0
231,153.41820095324746,273.93137256198884,1198360.8377685547,941.6776733398438,1272.5807053684664,1189784.6015704945,5.2649267171392,0.008417153837097624,1.008488603720475,56750.4921875,287.0,132.8288064382819,11.60525745755464,False,True,science_V_000.fits,1178403.8437160526,918.0334491383056,1283.6175466396553,-10.732857250085976,0.0008458126821670694,13.693672150575786,0.01328606370661008,0
232,137.4323714939973,280.35656451475836,621558.475982666,694.8712158203125,894.4944931254649,617869.3774981226,4.943295841998314,0.0041418614976233,1.0041590878635105,56781.7578125,225.0,132.83333983106624,11.607041748326852,False,True,science_V_000.fits,617088.8522914897,681.0581309770649,906.0736877279431,-10.030491126432304,0.001198246913805085,14.396038274229458,0.013313147088094173,0
233,101.93821875888207,273.8887655665949,904881.2781982422,816.457275390625,1108.302057526907,909531.6268114996,5.024775025365473,0.051890747188298,1.0547307676139763,56891.87890625,213.0,132.84340486441445,11.60524380951401,False,True,science_V_000.fits,987582.6693289045,842.2662172255285,1172.530310644604,-10.541055524231774,0.0009259462123440813,13.885473876429987,0.013291405723659982,0
234,110.30004082095122,273.5217425420418,360013.48809814453,533.1785888671875,675.2212028300753,372211.15146756003,4.835718164405231,0.07367129283345542,1.0795304002385948,22921.3046875,148.0,132.84103364746514,11.605142203003433,False,False,science_V_000.fits,580179.2285406801,662.1339018317396,876.2264353715486,-9.963527314595455,0.0012390632788197354,14.463002086066307,0.013316882800854954,0
235,283.2021618860302,274.5915948260393,494234.18325805664,631.562744140625,782.5575334253875,492174.54435795615,5.052300614139947,0.006071026835803406,1.0061081093314708,31841.212890625,214.0,132.79200295408356,11.605442169570033,False,False,science_V_000.fits,490498.1123265673,618.9045001289377,792.5263303536826,-9.781215224901997,0.001369922939362131,14.645314175759765,0.013329695367208417,0
236,274.5443743477059,292.25257734060415,1232489.8293151855,956.8161010742188,1288.1156869449287,1224602.6019757935,5.259257778634524,0.00506310669687382,1.0050888721997882,57175.6640625,289.0,132.79445798999552,11.610348055091793,False,True,science_V_000.fits,1219415.4745565718,932.3340898180062,1307.916859282282,-10.770001128990609,0.0008300986353182853,13.656528271671153,0.013285072580424401,0
237,465.1552084308297,283.8628066085,2100028.861846924,1250.1337890625,1679.843293750005,2088538.3979418017,6.920677634720054,0.30459449223487733,1.4380098932690017,60467.24609375,425.0,132.74040506400763,11.608011507307417,False,True,science_V_000.fits,1959579.895288842,1173.7724452719806,1669.4717133479635,-11.28502931172587,0.0006503254839956133,13.141500088935892,0.01327505227703157,0
238,497.72012483645244,284.01720526806037,675551.0866699219,732.389892578125,922.3926948143402,671125.5657632528,5.137925010279031,0.006644412428360114,1.0066888559459388,44933.6171875,247.0,132.73117037893675,11.608052355909386,False,False,science_V_000.fits,667313.9625114562,711.2362716616715,938.2451220498092,-10.115447403754512,0.0011571602926408425,14.31108199690725,0.013309511999530696,0
239,481.89148149474966,289.0072120851595,306223.0951843262,521.9307861328125,586.7120762376402,305492.436419528,5.140372303034123,0.019498103387111332,1.0198858395424495,20528.193359375,196.0,132.7356587052893,11.60943949616774,False,False,science_V_000.fits,288436.3418177489,512.7277229518467,562.5526549592047,-9.204746821168458,0.0019299526727479992,15.221782579493304,0.013398836033097581,0
240,476.9829818140912,300.3289053990692,247074.7985534668,482.890380859375,511.6581492341193,252228.22071297356,4.829546669528628,0.18479341122027737,1.2266829215608934,17725.095703125,138.0,132.73704994275872,11.61258471375522,False,False,science_V_000.fits,552533.9672404851,674.2500936738298,819.4792591423426,-9.910519328040834,0.0013248657460059221,14.516010072620928,0.013325140110622732,0
241,473.09566327418713,308.2220285219411,1641232.0549621582,1089.4302978515625,1506.5048752534144,1642239.3060376097,5.461689591598564,0.017089998803530793,1.017387145092356,60332.94140625,265.0,132.73815183076107,11.614777483272233,False,True,science_V_000.fits,1666823.6044288564,1085.0312143168342,1536.1987585567617,-11.109345979074867,0.0007067444846915518,13.317183421586895,0.013277935739015643,0
242,462.8431555396092,320.2767129778538,1100439.3664245605,909.2981567382812,1210.2074091647967,1093051.324397209,5.203062875892353,0.004205042559742522,1.0042227996118316,59478.41015625,266.0,132.7410585740751,11.618126609068971,False,True,science_V_000.fits,1084870.787697948,886.6965879550121,1223.4971944574468,-10.643066911826063,0.0008873743273938997,13.7834624888357,0.013288774319691967,0
243,446.9896968242005,325.50842294733434,459238.0460205078,616.6758422851562,744.6992642337888,457133.4853003958,5.075118427339448,0.0026542051078584095,1.002661268660731,29412.30859375,212.0,132.745554137448,11.619580738566974,False,False,science_V_000.fits,453834.2978230699,603.253041783613,752.3116609262956,-9.696865158843327,0.0014431518962011232,14.729664241818435,0.01333742018226523,0
244,371.3950814495829,287.031907998455,174947.88970947266,408.2080993652344,428.5752536059855,175741.05561456617,4.915463509876931,0.010556185342970315,1.0106688072496866,11476.748046875,148.0,132.76699322903806,11.608896048003627,False,False,science_V_000.fits,175667.61226992335,419.6008979655203,418.654042738389,-8.66635111971102,0.002593310679382209,15.760178280950742,0.01351034233476653,0
245,366.827424696069,298.1254762396929,290619.2822265625,502.57196044921875,578.2640200754445,290826.45039290155,4.984462616498147,0.006079871177105622,1.0061170621268192,19624.265625,174.0,132.76828816847285,11.611977738361546,False,False,science_V_000.fits,289382.8801604552,501.9086809434065,576.5648038135547,-9.208303960938233,0.001883049386328975,15.218225439723529,0.013392160569308482,0
246,35.67928562816331,312.53093265467527,681149.1677246094,724.71728515625,939.8826020518508,678965.8850934883,5.805430114293778,0.30146259942267417,1.431562575137025,60397.84375,241.0,132.86219661360548,11.615974326132653,False,True,science_V_000.fits,667704.5758901336,703.7414933144922,948.7923935611194,-10.11608275538027,0.0011442966947964484,14.310446645281491,0.013308399777903766,0
247,49.41988543730008,314.22365418148513,425614.76541137695,586.336669921875,725.8880217539302,424299.3892470292,5.081083601780305,0.025637100855741668,1.0263116554194105,27183.947265625,203.0,132.85830007641428,11.61644533439612,False,False,science_V_000.fits,422857.754004351,576.9083223772839,732.9721857051187,-9.620107620844891,0.0014812294670575495,14.806421779816871,0.013341593999851237,0
248,216.5240939252654,321.90868369627594,82884.69073486328,313.4751281738281,264.405955323199,83684.10763803273,5.026751048445476,0.12836703646058834,1.1472718929070012,5263.60595703125,135.0,132.8109117105364,11.618585709762932,False,False,science_V_000.fits,82283.10973875335,331.39972629820403,248.2896128426865,-7.8428986157754075,0.004372716150183404,16.583630784886353,0.013961544909244884,0
249,223.06072075145454,333.5028890175738,36914.7526550293,229.90115356445312,160.56793140309404,37626.901149444355,4.4575779642618745,0.033885974367277805,1.03507450825495,2509.66357421875,88.0,132.8090581029162,11.621806385635024,False,False,science_V_000.fits,36333.84670587595,282.81166292986137,128.4736503773075,-6.955400322915816,0.008450760111598486,17.471129077745946,0.015723213290754882,0
250,414.5884900902222,323.6565784193822,1110319.4473266602,910.3955688476562,1219.6011111214655,1103962.3302336014,5.197298265807648,0.007785871424492163,1.0078469668998467,58711.83203125,256.0,132.75474285640806,11.619067914793078,False,True,science_V_000.fits,1098625.9847259852,890.5886036239621,1233.595377546358,-10.656746540914561,0.0008801103017745379,13.7697828597472,0.013288291231986023,0
251,403.74686041095924,331.7372550617425,468322.7212219238,616.96435546875,759.0758154352484,467507.15572126664,5.054953640913416,0.004949339449897394,1.0049739572527505,30899.15625,198.0,132.75781708221055,11.621313009134523,False,False,science_V_000.fits,466437.8573992062,609.2697148054226,765.5687556178113,-9.726606353377264,0.0014181613238955187,14.699923047284498,0.013334739264919283,0
252,417.953112322351,338.0239580400651,93181.29483032227,326.0638427734375,285.77622724966915,94064.86034070083,4.835182375559752,0.02033589807858094,1.0207580312871483,6441.7998046875,127.0,132.7537880263906,11.623058701484275,False,False,science_V_000.fits,91653.12108467922,350.37405533181965,261.58649503280054,-7.959990020739137,0.0041504436223432075,16.466539379922622,0.013893533459312515,0
253,467.6652035937647,346.3124109449801,1147600.8544006348,916.1078491210938,1252.6918697417923,1155580.5015509098,5.031551152010729,0.09820192252137383,1.1088956884848773,59916.4453125,210.0,132.73968953763804,11.62535846161668,False,True,science_V_000.fits,1694511.5197226587,1091.2571997090704,1552.8067262002176,-11.127233188111855,0.0006991855339632338,13.299296212549907,0.013277535544433327,0
254,464.92556437959684,352.214220477853,794653.2330322266,769.444091796875,1032.7627978486141,837565.1616264248,4.775378956143407,0.17499193165154225,1.2121093579143412,55721.24609375,176.0,132.74046613613524,11.626998012308635,False,False,science_V_000.fits,1538066.2156790497,1042.2676788984347,1475.6921343897193,-11.022059456015544,0.0007357225634661239,13.404469944646218,0.013279509682709679,0
255,246.57727978540555,348.95176301340496,678946.0433654785,716.2161865234375,947.9624394711451,689192.2172086923,5.00461393760618,0.04598744244221886,1.0482042317765126,44749.14453125,185.0,132.8023890370684,11.626097870215007,False,False,science_V_000.fits,736904.621399687,740.7387829670436,994.8238682035809,-10.22315007441996,0.0010913489660843384,14.203379326241802,0.013303951754593831,0
256,273.2466813920051,354.29518387591116,1722519.1067199707,1117.5234375,1541.3717949159081,1712918.1246004447,5.559676620865443,0.00562479718087916,1.0056566144901165,57175.89453125,304.0,132.79482567041197,11.627582117158967,False,True,science_V_000.fits,1697503.8287647034,1091.084455190474,1555.79508138842,-11.129148780331677,0.000697842545581968,13.297380620330085,0.013277464891356757,0
257,255.46418608759794,352.92997794662034,927136.9796142578,838.8952026367188,1105.188081538895,935689.7633688343,5.95188425367142,0.2593510889498306,1.3501673803612235,53599.23046875,261.0,132.7998687442913,11.627202939477959,False,False,science_V_000.fits,947355.0327590998,830.6122919085703,1140.5502205876096,-10.49590379058949,0.0009519089825265645,13.930625610072273,0.0132932396515598,0
258,234.9004900107899,356.32725306131596,574035.903503418,672.7149047851562,853.3123012738164,571770.5743439373,5.077695490310182,0.003341951848944147,1.003353157941326,37886.1328125,215.0,132.80570057131405,11.628146570840947,False,False,science_V_000.fits,570118.65155566,660.5107403182625,863.1481923835973,-9.944534997228294,0.001257837309491227,14.481994403433468,0.01331864273940611,0
259,301.72010863293576,357.39225017359786,690285.1291503906,721.384765625,956.8889752645872,708884.9057555491,4.951997567562815,0.07976686114634168,1.0866811439171902,44023.3203125,180.0,132.78675063300363,11.62844215681728,False,False,science_V_000.fits,1006250.5496477045,854.616844708128,1177.4288745635045,-10.561387200546292,0.0009220939145071417,13.86514220011547,0.013291137908770567,0
260,286.6081239538053,362.0202059210308,1780139.20022583,1167.5931396484375,1524.6228671417427,1770511.0705621657,5.617124285389561,0.01775013029167305,1.0180708909607123,56853.33984375,307.0,132.7910363279633,11.629727863755324,False,True,science_V_000.fits,1752727.7341278207,1124.674435252339,1558.4312039017475,-11.163908020879337,0.0006966621287367709,13.262621379782425,0.01327740290284222,0
261,309.0456276653042,358.6155575071185,703517.1933898926,728.581787109375,965.5981055758676,715650.3259535299,4.902645599146892,0.09864788254193846,1.1094443343852558,45836.16015625,184.0,132.78467310815313,11.628781862027695,False,False,science_V_000.fits,1012969.948536511,856.8262105801214,1182.2350157223495,-10.568613277722053,0.0009183453252199892,13.85791612293971,0.013290878370489301,0
262,18.26524290893049,381.961388309713,1250647.4342041016,954.2671508789062,1310.5841829012147,1245403.3925581265,5.174352905336108,0.008602561918761964,1.0086772081390603,62727.00390625,255.0,132.86713962276767,11.635259447278393,False,True,science_V_000.fits,1244152.4588176748,938.236692925868,1326.0539352152343,-10.791805879522439,0.0008187449779889821,13.634723521139323,0.013284367996324443,0
263,12.105871800674146,393.6747619092316,1052429.1665344238,879.4865112304688,1196.6404863469652,1047774.5958341542,5.110806570402967,0.005710589236389674,1.005743387362442,62292.51171875,238.0,132.8688872546295,11.63851274886154,False,True,science_V_000.fits,1048550.0376271609,866.2774301587792,1210.4090457891452,-10.606094774460711,0.0008969695028114738,13.82043462620105,0.01328941849787871,0
264,368.97470570562905,397.0343309596247,1414718.9466247559,1015.1861572265625,1393.5561833207978,1414045.3225218127,5.276701798852964,0.029654179085950028,1.0305604233530024,58683.3515625,251.0,132.76767605698998,11.639452342707362,False,True,science_V_000.fits,1433690.1785036768,1007.7325624495977,1422.6891458371265,-10.945760149330308,0.0007631322718506873,13.480769251331454,0.013281056455987489,0
265,361.3549299622497,404.3126711037166,916927.6608886719,828.1149291992188,1107.24686702042,917761.6160989279,5.061877898933721,0.03541004107244805,1.0367099416127217,57095.1015625,214.0,132.76983688018296,11.641474335432239,False,True,science_V_000.fits,964064.4315733312,838.3205050548579,1149.9950505329043,-10.514887024518051,0.0009440910197803808,13.91164237614371,0.013292682106197263,0
266,253.16194709224723,422.252778025735,554380.9920654297,659.6737060546875,840.3866744682273,562749.0866837697,4.7264813899545945,0.06400004900661249,1.0683761243135628,36954.875,162.0,132.80052168891908,11.6464592642559,False,False,science_V_000.fits,972786.4952469389,848.0649832418767,1147.0659848827768,-10.524665706184589,0.0009465017830782874,13.901863694477173,0.013292853544222825,0
267,255.0442273930052,429.74119942823245,1115326.877960205,890.306884765625,1252.744303166674,1143059.7528814052,5.004103648758988,0.04339560741250936,1.0453642150807294,58136.79296875,147.0,132.7999878424655,11.648539380350961,False,True,science_V_000.fits,1610099.666559372,1062.017931046217,1516.0757831774345,-11.071753774209117,0.0007161251515571071,13.354775626452644,0.013278438347768146,0
268,264.0155292224165,428.0872428676159,107824.00381469727,342.057373046875,315.22198411996,112631.74059672846,4.648988687160127,0.08281791607919375,1.090296046478754,8253.4697265625,100.0,132.79744341558293,11.64807993701758,False,False,science_V_000.fits,246254.6039052562,485.4157347505637,507.306595720052,-9.03308277076661,0.002140125930077842,15.393446629895152,0.013430719590527475,0
269,251.79894949991768,436.140936420427,455607.0813598633,603.83154296875,754.5267991795557,480276.79489687365,4.7685044256102,0.16916164683062096,1.2036035604101858,32946.57421875,163.0,132.8009082705169,11.65031708232551,False,False,science_V_000.fits,992838.1432105824,853.6099684654953,1163.105141561752,-10.54681800827036,0.000933449574938843,13.879711392391402,0.013291930553224406,0
270,248.20454216335563,453.548868279711,668402.8609924316,725.4666748046875,921.3419226629276,664238.7486999305,5.115408670750444,0.004759202635689963,1.0047819609568798,42411.1328125,244.0,132.80192775239598,11.655152609862613,False,False,science_V_000.fits,660363.8003107862,706.0345982337785,935.3136545471813,-10.104080019481408,0.0011607870736428266,14.322449381180354,0.013309827810799178,0
271,288.4785914298715,424.88602873895576,493050.76748657227,637.357666015625,773.5856863051914,501971.8898116237,4.746891814122988,0.17558805808880473,1.212985825607702,35848.51171875,160.0,132.79050526963113,11.647190567201395,False,False,science_V_000.fits,1030202.3549527245,876.5405261861267,1175.3048765870396,-10.586928219803388,0.0009237603124329386,13.839601180858374,0.013291253621747393,0
272,293.7996146174405,429.40984234505993,989898.3503417969,854.3656005859375,1158.635541579517,1007266.5386515956,5.0291484944794,0.05959544399463279,1.063372134486227,58485.6953125,207.0,132.78899608447932,11.64844712781283,False,True,science_V_000.fits,1276172.739672251,964.1638674162563,1323.6056471314455,-10.819395532591876,0.0008202594196790857,13.607133868069885,0.013284461420711012,0
273,328.42265043432604,428.4262753552641,643388.468963623,701.258544921875,917.4768330777358,645876.6340037418,4.930741224622783,0.07514198459559762,1.0812470491081176,38541.671875,177.0,132.7791763602514,11.648173375618953,False,False,science_V_000.fits,914382.3360738452,819.456638258479,1115.8398057731324,-10.457441443592304,0.0009729891283523002,13.969087957069458,0.013294765795856606,0
274,349.7532247554096,434.57164653086386,1096081.0964050293,909.1333618164062,1205.6329054024704,1088519.3212919557,5.184493733169124,0.007291947048751135,1.0073455101195892,59777.15234375,275.0,132.77312645001322,11.649879923780844,False,True,science_V_000.fits,1084492.412656234,885.0776789889316,1225.3076067798975,-10.642688168897386,0.0008860632170995939,13.783841231764375,0.013288686833072853,0
275,330.1295996938943,436.73283232468833,1204970.9868164062,941.3794555664062,1280.005612711617,1206236.48580038,5.143198628967151,0.056879349428670234,1.060309727492674,59049.71484375,240.0,132.77869206163894,11.65048071548681,False,True,science_V_000.fits,1338132.2133780378,975.6183132312775,1371.5734885563015,-10.870869438457042,0.0007915726055209716,13.55565996220472,0.013282720990542495,0
276,123.9014075022537,440.7364121633652,226947.42626953125,443.51348876953125,511.7035490829523,231922.3718299619,4.909157696903661,0.04685365210713821,1.0491568290753235,14759.8955078125,145.0,132.83718283142616,11.651591217364093,False,False,science_V_000.fits,310302.53356591146,510.92240366847585,607.3378879804586,-9.2840851778837,0.0017876375267978227,15.142444222778062,0.013379078355776335,0
277,119.18792418857998,446.0648258331084,151171.5225830078,370.1523742675781,408.403492972675,155931.9786871392,4.627572180953534,0.1398108183910184,1.1625349648428531,10254.45703125,116.0,132.83851988289922,11.653071156017305,False,False,science_V_000.fits,266895.92748230067,481.5767472545851,554.2126545848494,-9.120476741579553,0.001958995326105064,15.306052659082209,0.013403050115943328,0
278,435.045249514045,444.2524379711371,671434.3203735352,728.797607421875,921.2905112967334,668693.241668948,5.2420039522426265,0.08125514455718352,1.0884414688972819,42275.85546875,233.0,132.74893541975297,11.652565775377964,False,False,science_V_000.fits,665165.2964440071,711.1338291188653,935.35881603071,-10.1119458309567,0.0011607310279142693,14.314583569705063,0.013309822923012532,0
279,415.4482783865229,450.9961930100731,1479019.3927001953,1046.71630859375,1413.00883587764,1469078.3280190197,5.356769202275267,0.007354949414526857,1.0074094455114533,60952.29296875,307.0,132.75449326274634,11.654439965025757,False,True,science_V_000.fits,1461449.524588392,1017.8729865235848,1435.7877101933773,-10.966581424863161,0.0007561702835955979,13.4599479757986,0.013280658237473774,0
280,12.338892232152936,451.5877618941144,1269935.3253479004,954.5263061523438,1330.4351249018557,1300881.6730212,5.0226423565933755,0.08499568853320949,1.092891025176655,65271.6171875,212.0,132.86882513526805,11.654599686661363,False,True,science_V_000.fits,1727701.463094853,1097.3576206008067,1574.4197066303063,-11.14829362661517,0.0006895874050787248,13.278235774046593,0.013277033573506928,0
281,15.898477739070833,459.0218294758192,1698945.041595459,1089.566650390625,1559.2850983336937,1710017.2191568685,5.148247860708901,0.12775631129153187,1.1464685992520058,65482.5703125,179.0,132.867816050704,11.65666494021596,False,True,science_V_000.fits,2342830.935728197,1270.9432353499853,1843.379680983975,-11.478974249044306,0.0005889725330054988,12.947555151617456,0.013272188152954351,0
282,20.72103923997109,466.1709651172086,1413361.2660827637,1004.9606323242188,1406.384708636813,1426119.4763138578,5.156369048997669,0.06773176048568752,1.0726526525466253,65997.96875,222.0,132.866448715802,11.658651125006578,False,True,science_V_000.fits,1766093.4116521247,1109.780648577855,1591.3896263331962,-11.172156050078211,0.0006822339306695231,13.25437335058355,0.013276653676997971,0
283,24.213723231327187,482.02370033875644,1854393.368133545,1154.0657958984375,1606.8350476411997,1842944.0432009408,5.493212853531958,0.0016761268929406103,1.001678941011121,65656.7421875,313.0,132.86545912278507,11.663054880404719,False,True,science_V_000.fits,1831165.5072094325,1128.4458629775115,1622.73226149966,-11.2114408719051,0.0006690567666391513,13.215088528756661,0.013275983077714907,0
284,92.59811643018884,464.9262763633627,694492.7269592285,756.1561279296875,918.4514960696148,690203.2088162794,5.125271454626882,0.0009179521148264813,1.000918795525122,45283.16796875,241.0,132.8460622391091,11.658309340027538,False,False,science_V_000.fits,687314.4089016565,715.4997205171478,960.6075155485462,-10.147510495492886,0.0011302222629187124,14.279018905168876,0.013307197003365662,0
285,105.5659342542327,472.50712431169876,370185.5937805176,551.9541015625,670.681842444104,373519.0821496787,5.072873697982324,0.02853176283515535,1.0293697330943348,22339.904296875,186.0,132.84238451360176,11.660415690110945,False,False,science_V_000.fits,369115.08617805055,553.5220249921982,666.8480557449419,-9.472526363282999,0.0016281070187528026,14.954003037378763,0.01335869837174637,0
286,116.88227107449842,476.227785701417,1168853.082824707,929.7352294921875,1257.1891929524102,1161678.0205848417,5.226182144862707,0.013594635793171994,1.0137819970232052,61500.5625,272.0,132.83917499625989,11.661449657931177,False,True,science_V_000.fits,1145813.1205840006,909.1194008856214,1260.3549318910182,-10.702406351545694,0.0008614240104341335,13.724123049116068,0.013287066683378215,0
287,131.4849586684274,489.09758620081095,1871365.8965148926,1165.8756103515625,1605.1162576002373,1857565.0130812745,5.583521935974622,0.0038630119526149587,1.0038779926847081,62478.0078125,354.0,132.83503365641067,11.665025128438124,False,True,science_V_000.fits,1842194.7839229964,1133.024307547726,1625.90932220172,-11.217960744760454,0.0006677494157729552,13.208568655901308,0.013275917256636247,0
288,105.24455910979427,491.70481800854714,1594494.7304992676,1080.311279296875,1475.9586066129486,1582186.85484725,5.435311312909308,0.002546884588617959,1.0025533877725847,62477.80859375,334.0,132.8424764771965,11.66574836150993,False,True,science_V_000.fits,1570497.052509529,1050.048695564578,1495.64211559267,-11.044714688182122,0.000725908951534021,13.38181471247964,0.013278969595895014,0
289,400.05636177179497,481.6172522898429,56258.40213012695,269.04510498046875,209.10397955097906,58264.38717361113,4.675322106129526,0.0745687278037016,1.0805772725042346,3774.420166015625,98.0,132.75885753763535,11.662946456775517,False,False,science_V_000.fits,72363.31019332925,331.5776606776104,218.23940142845558,-7.70341793665432,0.00497481203162079,16.72311146400744,0.014161668138773268,0
290,410.1767177008617,488.1763382302345,1585027.2911987305,1079.3255615234375,1468.5349330201254,1574632.8478065943,5.404859036353797,0.0018025746978442836,1.0018058298410244,62606.84375,303.0,132.75598677904551,11.664767999974357,False,True,science_V_000.fits,1565605.9359034125,1051.3694341478515,1489.111139294587,-11.041328022178927,0.0007290926589363314,13.385201378482835,0.013279144017145902,0
1,314.0004448161651,0.6633472393436438,61132.14279174805,213.0308837890625,286.96375710612676,61021.072071389266,2.2324295517664434,0.358819231184886,1.5596225723487855,61164.21484375,15.0,132.78327375115722,11.529350547284313,True,True,science_V_001.fits,61355.54810391758,267.6962531663569,229.19838204006857,-7.524256474337918,0.004736944433622561,16.90133646005139,0.02025233907023165,1
2,380.9256648514581,15.744426985566305,96016.44439697266,321.16790771484375,298.96026997262453,96649.25478059967,4.726629942522632,0.009851374066956242,1.0099493892219191,6591.2099609375,123.0,132.76430006296548,11.533538029365598,False,False,science_V_001.fits,97915.5953770705,400.9964128478159,244.18072641021584,-8.03175154652108,0.004446296871834425,16.393841387868225,0.020186335752703816,1
3,177.82302904369527,23.142232497743095,1377567.9727783203,1075.568359375,1280.7814219998147,1369331.9735340816,5.259533236901184,0.002342905176241472,1.0023484072717945,61285.0390625,284.0,132.82188024493388,11.535594332960072,False,True,science_V_001.fits,1366607.4977883943,1000.1165371463156,1366.4482558080745,-10.893731371833248,0.0007945416120846459,13.531861562556061,0.01970659513010144,1
4,479.8367400975584,18.475858074311642,18093.47525024414,182.64822387695312,99.06187350846288,19239.685764071626,4.184443994093056,0.04237745504575874,1.0442527750302533,1259.451904296875,65.0,132.73625841248807,11.534291991566795,False,False,science_V_001.fits,18477.391077798027,262.4479944035463,70.40400944877007,-6.2212235011398676,0.015420996737267026,18.20436943324944,0.02501051250213006,1
5,271.68555482731625,21.96125702805334,366366.1018371582,550.2382202148438,665.8317949889203,365673.72351018153,5.098335837130317,0.05036876611340213,1.0530403427309942,23720.00390625,193.0,132.7952698312201,11.5352670649502,False,False,science_V_001.fits,364613.99254230654,543.2223290780706,671.2058268317337,-9.459205202195017,0.0016175366133586576,14.966387732194292,0.019756898034457723,1
6,499.6221695245441,25.300083741162695,1065250.6388549805,896.328369140625,1188.460251320968,1056670.755458719,5.223439550201874,0.018291463316428058,1.0186322748890628,64756.72265625,284.0,132.73064872286915,11.536186329630231,False,True,science_V_001.fits,1051911.4033127183,870.7275321573819,1208.0833147729018,-10.609569781872477,0.0008986962957965299,13.816023152516832,0.019711069232298945,1
7,99.4773057560968,25.10326786751696,17354.967163085938,167.962646484375,103.3263497946873,18094.11388223059,4.043557376764563,0.017654573426228337,1.0179718589293014,1222.531982421875,60.0,132.84409166497977,11.53613655866422,False,False,science_V_001.fits,19306.15119516595,243.4316077832975,79.30831731741368,-6.2688611315986655,0.01368961083431805,18.15673180279064,0.0239817438907908,1
8,428.6497078089819,38.701488670962235,975539.3387451172,857.161376953125,1138.1046381403462,969255.3080193922,5.122155626593441,0.0047880490551093224,1.0048110847649723,61821.5,260.0,132.75076907890758,11.539913016330074,False,True,science_V_001.fits,967683.2753130925,836.8542624319693,1156.334285136964,-10.518954961806093,0.0009389153413118791,13.906637972583216,0.019712943901572754,1
9,293.864174694613,48.322896207459216,61990.84149169922,271.6448669433594,228.20545880082807,63151.20295794217,4.614607827947942,0.01113112993041343,1.011256426678322,4262.49560546875,106.0,132.78898181783882,11.542589564723185,False,False,science_V_001.fits,61903.61107253452,307.2475509797341,201.4779641860112,-7.5339118335513255,0.0053886786298756005,16.89168110083798,0.020414613702553416,1
10,450.2304260063159,52.50148494239795,1409674.3325805664,1018.5804443359375,1383.959745564919,1400327.0751342028,5.291155608534978,0.0014273583932972178,1.0014293986574683,63612.625,299.0,132.7446500050438,11.54374524842259,False,True,science_V_001.fits,1394723.033025013,992.9529618081887,1404.6214540567887,-10.915841806736331,0.00077294846726448,13.509751127652978,0.019705736336951486,1
11,254.4470494392239,50.994059914217694,73848.69039916992,288.0785217285156,256.3491715941417,74764.99847262082,4.678953447402173,0.012822372441731678,1.0129889212273249,4915.7216796875,112.0,132.80015701868632,11.543331761572192,False,False,science_V_001.fits,73587.4059240385,318.2931414758285,231.19381581028128,-7.721630608060298,0.004696059867323314,16.70396232632901,0.020242815355722837,1
12,487.8515561199328,58.36577370340692,59620.195709228516,275.0019836425781,216.79914784439254,60918.70221128982,4.698783749846702,0.01616094708975535,1.016426413489026,4002.757568359375,109.0,132.73398357185462,11.545372000001377,False,False,science_V_001.fits,59910.004592275516,311.2469116332756,192.48385237911708,-7.498370256241635,0.005640473144010025,16.927222678147672,0.020482517729437023,1
13,205.9884210622065,78.99975504384321,189364.32751464844,412.1728515625,459.4294039425207,189858.62960293546,4.853191452223701,0.004721861925949589,1.0047442636840058,13101.7080078125,147.0,132.81389601103695,11.551110784176151,False,False,science_V_001.fits,189853.58607745456,421.0924982373709,450.85957805506575,-8.750668886012514,0.002408066841306847,15.674924048376795,0.019837272523222673,1
14,13.336526342724937,83.1750724843909,320665.6031188965,512.3370361328125,625.8880004836714,320264.0336789593,4.936662216381453,0.0009659570420199604,1.000966891017207,21283.41015625,178.0,132.86851692028878,11.552262886299399,False,False,science_V_001.fits,321676.2078710306,510.07873340909345,630.6403047253488,-9.323169224986858,0.0017215835903048335,15.102423709402451,0.01976568858671032,1
15,387.52206046584155,80.3967737476064,21460.38360595703,192.65679931640625,111.39177896707386,22216.608107792847,4.234998053544057,0.01123386854719921,1.0113615021690652,1503.7822265625,71.0,132.76242755475167,11.551496758240756,False,False,science_V_001.fits,22575.79232901196,263.91041321384677,85.54339351027723,-6.438729377604337,0.012691804187889314,17.98686355678497,0.023426491175422077,1
16,241.0897896018637,93.1476439464714,34922.6706237793,224.44004821777344,155.59910497744121,35886.294296831344,4.50627405563157,0.025039828475092563,1.0256829244992935,2466.4794921875,90.0,132.80394412830788,11.555041054623526,False,False,science_V_001.fits,35460.94674533158,274.69072225254826,129.09408244494364,-6.9289976898501004,0.008410145371791399,17.496595244539208,0.021411425464528698,1
17,27.482482124425864,101.9811568985414,218556.60397338867,435.2414245605469,502.1502817523865,218620.6361589642,4.876317109506075,0.002557810018215645,1.0025643691874135,14449.337890625,159.0,132.86450745532449,11.55748770556452,False,False,science_V_001.fits,219623.8753424693,438.99643097241625,500.28624345756714,-8.908820750438027,0.0021701576131626854,15.516772183951282,0.019809800082645247,1
18,322.47342102100345,105.1604285833089,586229.4235839844,679.42919921875,862.8263610955601,583388.2901945177,5.074214407343209,0.003847560488408286,1.0038624213883316,37240.25,226.0,132.78086969182206,11.558377337031663,False,False,science_V_001.fits,580264.9174258305,664.7098330758812,872.9597315278309,-9.963687659279763,0.001243699979264607,14.461905275109546,0.01972980955019147,1
19,249.00704578575443,108.6389778248315,1655217.275390625,1101.99951171875,1502.0127121554171,1641787.1085487786,5.67668764506287,0.08321085671930495,1.0907633530885172,58132.16796875,366.0,132.80169942276913,11.55934422221074,False,True,science_V_001.fits,1628987.41607859,1066.8635918921145,1526.8938114098844,-11.08441619753663,0.0007110514116220694,13.34117673685268,0.01970340552692284,1
20,339.0394959782723,122.94254603612666,2000455.964416504,1205.1236572265625,1659.9590858753006,1991022.7585009865,6.25896695706277,0.22862704809448642,1.2963897651968632,58247.71484375,374.0,132.77617233575143,11.563316465717527,False,True,science_V_001.fits,1957930.8189668925,1166.385143038248,1678.6314800502291,-11.284115230257559,0.0006467768613320138,13.14147770413175,0.01970119071418675,1
21,308.8364839515036,115.49516694638503,9283.9501953125,147.64305114746094,62.88105077183755,10474.136639863707,3.882637964097113,0.016014641159637244,1.016275283992549,651.6709594726562,50.0,132.78473597896487,11.561248323985684,False,False,science_V_001.fits,7798.545359211831,265.41035639593827,29.382973087824755,-5.284655880324026,0.03694997088126099,19.14093705406528,0.041869069053114126,1
22,274.4107347522735,127.61940715895126,781818.1372070312,773.6829223632812,1010.5149210465966,777025.7948348181,5.109077277176703,0.0035672959134296356,1.0035800670720656,48952.75390625,251.0,132.79449665361514,11.564616514399006,False,False,science_V_001.fits,775344.2344685958,754.8137460903073,1027.1994097678134,-10.27835827849455,0.0010569515419069507,14.147234655894758,0.019718918373235972,1
23,365.77185571228506,135.34695698180883,200444.3416748047,429.6562194824219,466.52261176683675,200757.86365047452,4.905450162868478,0.006580651727368436,1.0066242435672417,13208.05078125,158.0,132.7685924609633,11.566761416148537,False,False,science_V_001.fits,199917.18515893852,434.62649974245414,459.97468004689796,-8.806747194740204,0.002360347312789705,15.618845739649105,0.019831536367245915,1
24,497.406385698213,138.85936349157254,232558.71017456055,461.3948669433594,504.03402126081596,232425.77121656647,4.982758893407934,0.013707204948335217,1.0138977036201682,14994.634765625,172.0,132.73126914167946,11.56773067665364,False,False,science_V_001.fits,230833.08172096618,460.6557027264788,501.0967634932911,-8.962866998110869,0.0021666474004566902,15.46272593627844,0.019809415847175035,1
25,461.63284127911743,139.49933784779006,69356.21752929688,290.54852294921875,238.7078647838067,70335.89722800018,4.7048039407391595,0.008779051485213185,1.0088568058396743,4337.5244140625,114.0,132.74141220974312,11.567910661126243,False,False,science_V_001.fits,70459.55404484742,322.7170191681042,218.3323154957156,-7.674471599294922,0.004972694937691462,16.751121335094386,0.020308773724470562,1
26,352.01525927121247,139.45407796708244,20585.898498535156,192.7350311279297,106.80932458443984,21519.853946786396,4.30726398449557,0.0264505966104156,1.0271692391966172,1457.658447265625,73.0,132.77249283583373,11.567902676515084,False,False,science_V_001.fits,20035.757623277488,263.2733497414288,76.10249059753068,-6.30913629728759,0.014266287364256489,18.116456637101717,0.02431554133487363,1
27,399.95199849631643,146.42757057431828,157668.6332397461,390.9490966796875,403.29709053894345,158177.89278749222,4.850256878089604,0.007001131149168671,1.0070504925723338,10421.1220703125,145.0,132.75890071573073,11.56983815806146,False,False,science_V_001.fits,157853.86045076684,402.0706990311992,392.6022483884556,-8.550259892540916,0.0027653942494128745,15.875333041848393,0.01988381252685434,1
28,28.312364048687193,149.7129187351853,113660.24331665039,335.25408935546875,339.02716454604325,114201.06331424412,4.756279195611025,0.008979743777344673,1.009061110225508,7577.53125,131.0,132.86427521485442,11.570746566598574,False,False,science_V_001.fits,115736.30879398255,352.0086842398804,328.78822022218264,-8.213295942015185,0.0033021256031202247,16.212296992374124,0.019965536024539533,1
29,329.36545122297474,162.26206902645117,660602.0613098145,716.4351806640625,922.0681495533254,657301.9428406925,5.031231657640126,0.018566768127742495,1.0189180145167116,47047.1171875,228.0,132.77891441503567,11.574238762542226,False,False,science_V_001.fits,657132.2113794442,701.6824990712246,936.5093361303026,-10.098753764059026,0.0011593050470656916,14.326839170330283,0.019724669412706404,1
30,499.05636177637786,165.04725723261876,73572.2982788086,386.0080261230469,190.59784589908014,74867.24899821132,5.1480812960381215,0.009854038619027339,1.0099521070664004,4468.955078125,131.0,132.7307995100699,11.575004973825056,False,False,science_V_001.fits,73219.199507549,403.8063612448238,181.32255094207622,-7.716184315309251,0.005987672213738205,16.709408619080055,0.020580836080868442,1
31,451.9644788768544,168.78538451240271,294711.2043457031,558.2434692382812,527.925933012408,294643.36614552344,5.206683493826738,0.007936531372607192,1.0080000238125773,18758.53515625,188.0,132.74415191822237,11.57604620607999,False,False,science_V_001.fits,293217.3259380179,552.297067521667,530.9050928946219,-9.222595945997732,0.002044998276585563,15.202996988391577,0.019796479818382905,1
32,42.19487294447319,174.82398335961716,242850.27600097656,457.2527160644531,531.1073449517685,242836.10594758423,4.9143124732295185,0.005905554520015732,1.0059406372773407,16462.697265625,167.0,132.86034048196998,11.577722698166255,False,False,science_V_001.fits,244063.7304249947,458.3769272710698,532.45204089573,-9.023379986588036,0.002039056885148859,15.402212947801273,0.019795866948160584,1
33,17.41200334638366,194.14996147588604,328869.22576904297,520.9221801757812,631.3212189545635,328225.3740045503,4.955007194879599,0.0013534211703337684,1.0013552554016856,21374.435546875,184.0,132.8673688769548,11.58308948131605,False,False,science_V_001.fits,330049.6764460841,516.8040869662283,638.6359643236566,-9.351070152392767,0.0017000295327085186,15.074522781996542,0.01976382290095934,1
34,427.44379811905264,195.39481830846987,521575.9264526367,646.7852783203125,806.4127987067952,519560.44906999904,5.03019832054263,0.0005866465674624344,1.0005869909236729,32335.982421875,209.0,132.75110334117065,11.583438961194574,False,False,science_V_001.fits,519187.39210163784,635.3688283135714,817.1433173385161,-9.842932217924744,0.0013286530978876372,14.582660716464565,0.019735346824997276,1
35,264.47043499489297,197.24737807093402,150924.54626464844,383.5044860839844,393.54049754608917,151380.14788915098,4.867546875639044,0.006244600897987285,1.006283840976995,9793.4013671875,148.0,132.79731487725772,11.583957652886554,False,False,science_V_001.fits,151997.23147711196,393.0996900680111,386.6633205709589,-8.509211068160006,0.002807869126031459,15.916381866229303,0.019889764309245203,1
36,186.13218095424727,203.37648422277218,817836.1740112305,788.1615600585938,1037.6504202392598,812797.0389392371,5.108427139640061,0.0027107865446476254,1.002718154882329,53413.2421875,251.0,132.81952806757832,11.585659539921869,False,False,science_V_001.fits,811686.7790950461,769.7792722384575,1054.4409395887278,-10.3280930544298,0.001029645150560509,14.097499879959509,0.01971747358016428,1
37,351.8881072311047,203.51159546704673,414228.7931213379,583.8802490234375,709.4413517397646,412910.73088317586,5.01421768056995,0.005437806094748421,1.0054675375035083,26596.86328125,198.0,132.77252713696052,11.585696429668353,False,False,science_V_001.fits,411323.88636541786,575.1870128266355,715.1133060950963,-9.590081700424314,0.0015182209458924863,14.835511233964995,0.01974901491439384,1
38,42.386330387129654,205.17641565749807,396751.01455688477,595.0740356445312,666.725467407025,395642.04232844466,5.044638970254653,0.004953028678536642,1.0049776832866077,26657.158203125,197.0,132.86028801576097,11.586153935075481,False,False,science_V_001.fits,396110.11559258855,587.8404032862672,673.8395547127617,-9.549161707203526,0.0016112144091375024,14.876431227185783,0.01975638142779735,1
39,302.48873865774647,220.111682518063,645433.490020752,710.6788330078125,908.1929277238748,642036.4237852235,5.086472163452271,0.0008295685276951126,1.000830257283007,41154.37109375,233.0,132.78653435491302,11.590308549176711,False,False,science_V_001.fits,640336.2280357865,694.3462672078451,922.2145466566017,-10.070642057583608,0.0011772748585848042,14.3549508768057,0.019725733733908596,1
40,328.7515182196688,216.19405600097997,21184.583618164062,191.089111328125,110.86232737660997,21908.400659270876,4.222262794026489,0.00887208196926148,1.0089515004146885,1455.9901123046875,69.0,132.77908736936016,11.589219879968676,False,False,science_V_001.fits,20741.964349673162,264.58140218425547,78.39539808330285,-6.3467465827445615,0.013849027194763865,18.078846351644746,0.024073100122122052,1
41,280.06557934022214,227.01336656907125,533093.6356201172,663.2057495117188,803.8133505516262,533434.154622687,6.944206285101901,0.4048190620971136,1.6801613363551078,20821.119140625,265.0,132.79289261181157,11.592225908251452,False,False,science_V_001.fits,518839.0045050262,632.9091597384474,819.7685189442333,-9.842203417496606,0.0013243982598871394,14.583389516892703,0.019735060830896767,1
42,360.4247367085222,226.6886442708832,17099.17742919922,221.0336456298828,77.36006606809313,17956.617353656773,4.150610422804673,0.018257686723386235,1.0185972291063328,1211.6053466796875,65.0,132.77010584336412,11.592134259244562,False,False,science_V_001.fits,17208.519246879565,363.26006989419693,47.37244930854006,-6.143980628799889,0.022918384331972373,18.28161230558942,0.03021540891062705,1
43,42.78776125032161,233.75715190068811,1441228.5244750977,1022.85546875,1409.0246066107252,1432571.8786501656,5.317984715126177,0.0024495242375640602,1.0024555391402044,60281.6484375,297.0,132.8601758994226,11.594093047392011,False,True,science_V_001.fits,1428148.3102898758,1000.2916745146194,1427.7318772875612,-10.941555149987124,0.0007604368980418358,13.484037784402185,0.019705249542299817,1
44,317.8314934417396,232.29959973836853,72066.95376586914,291.0574951171875,247.60384107907294,72916.6020184594,4.674972870615294,0.013351067904790792,1.0135317309637573,4903.34765625,113.0,132.78218355110837,11.59369384775579,False,False,science_V_001.fits,71319.23639415196,322.63437014822824,221.05281703677662,-7.687638585524173,0.004911495879373353,16.737954348865134,0.02029387560377527,1
45,203.872359065374,237.0679024908417,1379237.0476074219,1005.4288940429688,1371.7897464248504,1370648.281138652,5.356569617967104,0.0014827511022768025,1.0014849529178527,56442.23046875,296.0,132.8144982370309,11.595018560491425,False,False,science_V_001.fits,1365014.7987248038,981.1172655286704,1391.2860844307659,-10.892465273489574,0.0007803571186038319,13.533127660899735,0.01970602832843187,1
46,339.666642897613,238.74919280654638,641060.1735534668,708.2966918945312,905.0729459695453,637897.0624521271,5.073242073496715,0.0007490430238695778,1.0007496045098985,41784.1015625,226.0,132.77599175276254,11.595484956305835,False,False,science_V_001.fits,636620.2772580481,693.3752059807581,918.146873102519,-10.064323042540934,0.0011824905489590143,14.361269891848375,0.01972604570477269,1
47,87.24400228087494,238.66548327894066,98329.74331665039,318.8933410644531,308.34680645393746,99070.03734195334,4.742246646192552,0.010546957820361191,1.0106593818713494,6419.908203125,124.0,132.84756997025684,11.595458805865984,False,False,science_V_001.fits,99599.1361467536,340.3504064767997,292.63704185863185,-8.050260803224509,0.0037100566391198146,16.3753321311648,0.020037043582172512,1
48,440.80352444935926,243.75956283785436,577928.1441040039,671.92431640625,860.1089884572426,575358.4262959517,4.879360156304284,0.17963623975486231,1.2189714471311899,59329.234375,193.0,132.747312620596,11.596872945755967,False,True,science_V_001.fits,576095.7489617041,665.2642944730605,865.9652317850838,-9.955858550436986,0.0012537454855571504,14.469734383952323,0.01973044533179519,1
49,354.8325279852875,246.07691848556314,16520.199432373047,179.64263916015625,91.96146031702888,17339.139470598187,4.147433957285469,0.018196702441502066,1.018533959385503,1220.49462890625,64.0,132.77169103255426,11.59752004880896,False,False,science_V_001.fits,16247.356937065564,261.52940381753575,62.124398633207015,-6.081578677942243,0.01747622550698892,18.344014256447064,0.02632749614413672,1
50,266.06757380699713,247.06453873953288,20035.805633544922,187.99913024902344,106.57392726767148,20869.524976593246,4.248544310722729,0.011372128710692264,1.011502941643615,1433.2081298828125,69.0,132.79686184766334,11.597795748105934,False,False,science_V_001.fits,20625.90641867998,261.27195651211093,78.944203174457,-6.340654481517765,0.01375275139076059,18.084938452871544,0.024017842660498695,1
51,233.74788274465314,262.44619438030276,312218.17446899414,514.3656616210938,606.9965352760833,311756.4082605002,4.970128109641607,0.005938264915202329,1.0059737385572898,19929.708984375,179.0,132.80602674991067,11.602068384715173,False,False,science_V_001.fits,311394.24972955725,511.3960801044847,608.9101223965882,-9.287898345377563,0.0017830217630917862,15.137694589011746,0.019771134561680132,1
52,415.1993988990596,262.232395635741,25348.841735839844,208.8052520751953,121.39944509973904,26660.674627611384,4.400173902261701,0.011522728837600638,1.0116570498622093,1779.794189453125,78.0,132.75457225097972,11.602005510742623,False,False,science_V_001.fits,21351.689542794786,276.55861213170454,77.20493452804335,-6.378202489314814,0.014062572640426738,18.047390445074495,0.02419658125677432,1
53,368.18992803062787,267.1302035613319,498957.59765625,635.32373046875,785.3596107422474,496896.3256668877,5.040038112695369,0.001227828141607823,1.0012293375568557,34043.3046875,211.0,132.7679026419389,11.603367789422634,False,False,science_V_001.fits,495612.04264786816,623.1330473025591,795.3550927739934,-9.792476500423508,0.0013650506671345482,14.633116433965801,0.01973783064503919,1
54,427.27123008390623,273.7140704175734,1007372.5792541504,873.0029907226562,1153.9165271590484,1000918.2831773998,5.144849909380388,0.003183253266319075,1.0031934187269123,58143.70703125,263.0,132.7511484659196,11.605194308830255,False,True,science_V_001.fits,998446.4430295364,851.2698551120347,1172.890637479618,-10.552933809399827,0.0009256617499590767,13.872659124989482,0.01971231708662736,1
55,404.2917369860594,270.50197597428377,28824.095733642578,214.97584533691406,134.08062514404318,29825.081466472475,4.367827193589803,0.029882228603787087,1.030802681370098,1925.9066162109375,79.0,132.75766500452318,11.604303082444964,False,False,science_V_001.fits,25568.335693889232,279.9824767955615,91.32119976407952,-6.573878023156007,0.011888805696867899,17.851714911233298,0.02300135422418172,1
56,283.20638873145543,274.5909151916916,492871.80725097656,630.2489624023438,782.0271617303081,490735.11262784747,5.044896636682913,0.005000307242527424,1.005025435966387,31791.052734375,212.0,132.79200161980745,11.605441870676572,False,False,science_V_001.fits,489345.9857599816,618.0822305449833,791.716638299906,-9.778661949121215,0.0013713239655179911,14.646930985268094,0.019738265492864556,1
57,255.1548985376011,277.9934479705607,1675152.8224487305,1104.668701171875,1516.430057873156,1664845.3992767087,5.53053128216863,0.006452886253717538,1.0064947964363624,56713.484375,324.0,132.7999563250113,11.606387128677715,False,True,science_V_001.fits,1653574.828723717,1075.8865741366465,1536.941596330116,-11.1006815057704,0.0007064028994936547,13.32491142861891,0.01970323832025631,1
58,318.2945881137523,276.2693554375398,232636.5252685547,457.3177185058594,508.69781741372447,232727.48777871998,4.926685604458275,0.006009393053914125,1.0060457241868483,15350.75390625,164.0,132.78205144912693,11.605907660069011,False,False,science_V_001.fits,231343.23318438933,459.73733191750233,503.20741241414515,-8.965263876188933,0.002157559632898367,15.460329058200376,0.01980842393573795,1
59,337.5129763785637,280.30991290030363,1303286.8166503906,981.5348510742188,1327.8049324728895,1295260.9498105126,5.2576172458023,0.002298092068061419,1.0023033854599166,59875.44921875,284.0,132.77660148940438,11.607029649514905,False,True,science_V_001.fits,1290165.495227389,957.8920473628982,1346.8798480781297,-10.831235430901538,0.0008060852655485131,13.594357503487771,0.01970706392905189,1
60,41.20775378953765,283.1383644891294,1303188.0259399414,975.989990234375,1335.2473273081343,1295202.6993265967,5.24868234287075,0.001111620028112159,1.0011128571023555,59981.84765625,287.0,132.86062691088404,11.607809950155435,False,True,science_V_001.fits,1292070.1691017295,954.2876931537991,1353.9629384002662,-10.832837123409494,0.0008018683297807073,13.592755810979815,0.019706891892602166,1
61,186.05072090452413,281.27418921341786,147312.4151611328,378.5124816894531,389.18773432151664,147844.94188331167,4.872388084480326,0.004314514498506505,1.0043332101967255,9939.94140625,145.0,132.8195526816536,11.607297788159642,False,False,science_V_001.fits,143178.2449990304,389.38710093722614,367.70156138816844,-8.444314460963755,0.00295266627615396,15.981278473425553,0.01991072156871118,1
62,274.54525453688404,292.2569696851565,1235756.2350463867,958.1309814453125,1289.757098953511,1227303.0944490226,5.268826787716378,0.0011302166643906153,1.00113149549946,57177.31640625,291.0,132.79445760471293,11.610349165109538,False,True,science_V_001.fits,1221783.4654165895,933.1293710212467,1309.339844355591,-10.772107482695368,0.0008291964875890124,13.65348545169394,0.019708022784222512,1
63,168.04577885699084,291.72174002139144,310125.9192504883,514.1048583984375,603.2347568482555,309439.15189808304,4.985985204781036,0.0014834271329220439,1.001485630958195,20824.908203125,186.0,132.82465872529056,11.610199497031997,False,False,science_V_001.fits,304374.2512341264,508.87668658094134,598.1296830066374,-9.263141649511281,0.0018151582020515646,15.162451284878028,0.019774058626060527,1
64,202.45787019941184,289.6280821682009,16906.956787109375,177.88272094726562,95.04552604702702,17621.36533164548,4.146742018033837,0.0162020659146469,1.0164688960540562,1118.8028564453125,65.0,132.81490011526242,11.609618589545727,False,False,science_V_001.fits,17385.193506794847,255.5162401658331,68.03948545701694,-6.155070696499281,0.015956910795362746,18.270522237890027,0.025344458908794398,1
65,350.3733387017664,295.2290834835496,106092.89822387695,336.2747497558594,315.494690876737,107003.28362667144,4.763983966240341,0.010287689992406812,1.010394626689374,7017.576171875,126.0,132.77295418867303,11.611173546598762,False,False,science_V_001.fits,102025.1028223438,358.8709400429784,284.2946904815566,-8.07638947687504,0.0038189246452720303,16.349203457514268,0.020057486898778464,1
66,312.9442072963135,297.880540541039,754415.1273193359,763.4597778320312,988.1530752826573,750318.8628993001,5.094749821326203,0.0023045486276555005,1.0023098718396335,51214.82421875,242.0,132.78356833313288,11.611910856350914,False,False,science_V_001.fits,749093.9712187084,745.4741580407806,1004.8557191941318,-10.24096262864278,0.0010804536206160057,14.184630305746529,0.019720192069924317,1
67,108.13028526768814,298.07545622114964,384291.7299499512,561.4133911132812,684.5075946405584,383113.9100774697,5.01392543924947,0.0011442896538756964,1.0011456005527357,26336.35546875,197.0,132.84164981730387,11.61196247950807,False,False,science_V_001.fits,382356.3191377824,553.4229645675055,690.8934822330513,-9.510792554278929,0.001571443396007857,14.91480038011038,0.019753177708795627,1
68,236.12346644712233,298.5147351410188,123671.3511352539,353.2417297363281,350.1040243109626,124495.70657709698,4.807948113280764,0.007136661847084946,1.007187959886163,7943.23583984375,133.0,132.80535329371313,11.612087436771942,False,False,science_V_001.fits,124767.32706867579,370.6675483636986,336.6017004171464,-8.294874051919107,0.0032254739018088897,16.1307188824702,0.01995300170750391,1
69,426.1328236907789,300.55935789457715,263751.22842407227,485.5483093261719,543.2028561485419,263486.6996929657,4.955192138370456,0.007964623458743159,1.0080285679796137,17183.404296875,173.0,132.75146999261082,11.61265138432257,False,False,science_V_001.fits,261956.21992982106,484.43809837203435,540.7423999271138,-9.100193661198636,0.0020077952092277963,15.325399273190673,0.019792671291430114,1
70,182.7455051067912,309.4758979876605,1759298.5124206543,1130.12939453125,1556.7230805020945,1748553.2114803344,5.582865177209667,0.0016745813864048609,1.0016773903130007,56759.9765625,334.0,132.82049053991355,11.615131530789304,False,True,science_V_001.fits,1736330.3930244464,1100.5520108815379,1577.690446118628,-11.15370279223497,0.0006881578085682122,13.271890142154339,0.019702592631882156,1
71,439.6574108780129,307.86434604908555,35486.12759399414,233.73231506347656,151.82379716881206,37027.54654315497,4.507873428993962,0.028113908724039516,1.0289271643831528,2458.13134765625,89.0,132.74763427898492,11.61467988089054,False,False,science_V_001.fits,34304.773627414725,290.315693703174,118.16368998118571,-6.893008268593482,0.009188101693277077,17.532584665795827,0.021728778335985775,1
72,350.166308822611,319.75574881610186,1840555.2274780273,1158.3707275390625,1588.9172470615288,1828991.2024129187,5.5930058176627035,0.0023535779726530093,1.0023591303699262,59597.515625,340.0,132.77301223963244,11.617986513443963,False,True,science_V_001.fits,1816398.9024618478,1126.374039932546,1612.6072140038175,-11.202649951069795,0.000673257561154275,13.222942983319514,0.019702077834382218,1
73,216.50741489381937,321.8737101481685,83041.99172973633,312.9584655761719,265.34508845080114,83736.52715446313,5.0095813759986365,0.11685915120482349,1.1323222126620553,5233.01611328125,134.0,132.81091630447708,11.61857588463875,False,False,science_V_001.fits,82216.73841729919,331.3057524385342,248.15970689356658,-7.842022484260656,0.004375005167400713,16.58357045012865,0.020170752724258622,1
74,199.4890588734653,330.6186811026264,1057851.2374267578,889.1337890625,1189.7548495397448,1051261.7532897778,5.191284285768826,0.001251189457968982,1.0012527568941885,56071.58984375,270.0,132.8157426511059,11.621004821370052,False,False,science_V_001.fits,1047539.4066069903,867.7762163074408,1207.1538570905727,-10.605047797408947,0.0008993882541341539,13.820545136980362,0.019711100793209854,1
75,17.15403391788841,334.2209531134691,112070.72982788086,333.8040771484375,335.7380496525354,112822.73568609652,4.710291034046627,0.002304700332480647,1.0023100242461287,7687.240234375,124.0,132.86745142654775,11.621998044647443,False,False,science_V_001.fits,114937.3624010885,354.70184031544363,324.0393743062408,-8.205774940692384,0.003350518752001831,16.219817993696925,0.01997359685074072,1
76,223.08374431795906,333.4971795589647,36880.63897705078,228.9414520263672,161.09201130078986,37731.64501062558,4.458220790387865,0.02137201726699689,1.0218387555272141,2435.805419921875,87.0,132.80905143791094,11.621804689804996,False,False,science_V_001.fits,36152.45698312973,282.74203083862085,127.86375225466308,-6.949966419123844,0.008491069445839805,17.475626515265464,0.02144334058822174,1
77,316.9605538035661,338.1278411627306,2049938.4524230957,1216.496826171875,1685.1161534666153,2042975.4325170112,6.242963191348905,0.21427867702119752,1.272715873624036,58035.4375,340.0,132.78242866696087,11.62309059384112,False,True,science_V_001.fits,2023431.9473775162,1185.8935998675483,1706.250837008912,-11.319843380693783,0.0006363073801641332,13.105749553695526,0.019700849787013124,1
78,172.97652997100687,346.9820698755694,228207.935546875,454.0476989746094,502.60784508377503,228005.18506522835,4.95171926100903,0.005717439770406507,1.0057503168607185,15612.9072265625,173.0,132.82326174252168,11.62554970107405,False,False,science_V_001.fits,227629.1921795866,453.0199117119156,502.47061176494276,-8.9476917669154,0.0021607233827794364,15.47790116747391,0.019808768785194438,1
79,69.3760970492227,349.17311649477915,545249.6683349609,655.4868774414062,831.8239267630504,542728.611118678,5.056231307429236,0.0010745369337610278,1.0010756928054099,35649.8515625,221.0,132.8526424682768,11.626154483479818,False,False,science_V_001.fits,542133.8596056744,642.2362266005148,844.1346612838981,-9.889888205287406,0.0012861691976357064,14.535704729101903,0.019732532185539456,1
80,372.72631308763613,350.2941397499553,684311.0,731.1561889648438,935.9299836726183,680931.646076368,5.069459340348438,0.0028021349041557064,1.0028100089282546,44707.58203125,228.0,132.76661348263568,11.626468732176257,False,False,science_V_001.fits,680758.0459040767,715.5655815095477,951.3566100649482,-10.13710383150238,0.0011412124418054765,14.28848910288693,0.01972361430077498,1
81,46.619745115143175,358.4377667603887,873692.3866271973,809.969970703125,1078.672565933223,868900.3060219204,5.0857536373823535,0.0030702048306533447,1.0030796600177165,54344.19921875,246.0,132.85909662187015,11.628726753323594,False,False,science_V_001.fits,868444.3796387067,793.4119777982405,1094.5692829703491,-10.401476896198714,0.0009918970108988622,14.024116038190595,0.019715538413358987,1
82,195.87904933426384,357.96943125052144,141767.466796875,373.6014709472656,379.461746864711,142298.4625948558,4.844043390521471,0.007259730620931104,1.0073128197221937,9840.4091796875,142.0,132.8167668734901,11.628602192901772,False,False,science_V_001.fits,141246.88948832854,386.07910070242133,365.84961276419256,-8.429569105660217,0.0029676128171817564,15.996023828729092,0.0199129435564184,1
83,425.83270362078736,356.56645854967553,38422.68859863281,236.9587860107422,162.14924648074023,39334.56282265044,4.463069244415491,0.007950753765462282,1.008014474881807,2568.92578125,87.0,132.75155240087696,11.628208918848664,False,False,science_V_001.fits,38644.585042113824,293.54833527538375,131.6464118451244,-7.0223434947683705,0.008247091468602072,17.403249439620936,0.021347906523588974,1
84,150.72090244323758,363.4466877414681,191721.62274169922,421.4908752441406,454.86541702865594,191902.55340523267,4.923695094051618,0.002899870622718015,1.0029083043290037,12338.8232421875,161.0,132.829573823306,11.630122629952012,False,False,science_V_001.fits,191569.97893569138,425.1379868369048,450.60659095886234,-8.760440502753776,0.0024094188185079563,15.665152431635534,0.019837436686512295,1
85,189.41054149565068,375.45147514379653,248978.17184448242,469.0406188964844,530.8243290959648,248895.23567024773,4.944650104490609,0.0020257627135984446,1.0020298747581968,15377.595703125,170.0,132.81860165724115,11.633458202739497,False,False,science_V_001.fits,247804.25421531382,469.1484681874542,528.2000710195232,-9.039893768834064,0.0020554711359739115,15.385699165555245,0.01979756441684748,1
86,413.72514416818416,378.52758714570314,723665.0229797363,763.0904541015625,948.3345245509009,722662.5325518863,6.722363548131097,0.36657725314587475,1.578724485292752,31718.859375,284.0,132.75498509773092,11.634309781536324,False,False,science_V_001.fits,706007.3590909383,728.7719442175127,968.7630879492531,-10.17664494393644,0.0011207074397294465,14.24894799045287,0.019722438500699366,1
87,168.90237744010986,380.2158667369664,118250.07556152344,349.6470947265625,338.19836442227427,118817.93697660365,4.832872219498534,0.013660120913317697,1.0138493040816383,8244.0556640625,138.0,132.82441796161245,11.634781213008363,False,False,science_V_001.fits,117914.40413375113,364.6148402365813,323.39441822291724,-8.233539025746014,0.003357200801318785,16.19205390864329,0.019974718833284718,1
88,334.4023424901376,382.41543518381127,953983.6765136719,850.9417724609375,1121.0916038999185,948014.6251883393,5.119340563927378,0.0008480802128278953,1.0008488000633662,56716.98828125,258.0,132.77748130445732,11.635392357595826,False,True,science_V_001.fits,946620.7906525369,830.1666858141454,1140.2779789027368,-10.49506197068003,0.0009521362510611178,13.930530963709279,0.019713578028581934,1
89,63.34379973835017,389.9498675767578,182332.97778320312,411.1338806152344,443.4880859498955,182514.69494133344,4.904143855800706,0.005807378759062565,1.0058413014087892,12225.31640625,157.0,132.85435540929703,11.637481034856165,False,False,science_V_001.fits,182658.25067178803,416.26676087407566,438.8009513136307,-8.70872010921447,0.002474242584820655,15.716872825174839,0.01984541437251799,1
90,318.1897602745741,387.3615794627958,18849.146606445312,187.87962341308594,100.3256567371449,19812.70446351183,4.193285037126486,0.010177525586114844,1.0102821726614577,1369.85009765625,67.0,132.7820791944085,11.636766606485859,False,False,science_V_001.fits,18978.119911339647,266.8647483093142,71.11512491467299,-6.25025483992586,0.015266794529330717,18.175338094463445,0.024915730180936017,1
91,282.4066627101864,392.95911454676224,462932.063079834,613.1890869140625,754.9580919803832,461277.1418045574,5.018600923742314,0.0038015657417860282,1.0038160727933856,30106.123046875,202.0,132.79222748659484,11.638321926202678,False,False,science_V_001.fits,461380.51584057,603.4558318584221,764.5638528667253,-9.714769999689993,0.0014200252809875562,14.710822934699316,0.019741708817806212,1
92,98.39554590952487,393.03010055885665,120783.92874145508,348.4210510253906,346.66082426992375,121459.47532261969,4.805285986340408,0.003100554111254872,1.0031101974467351,8027.9619140625,134.0,132.84441460759155,11.638338347363796,False,False,science_V_001.fits,121264.44686683513,364.7658137462337,332.4446598254912,-8.26395559935641,0.0032658067077086217,16.161637335032896,0.01995956133537304,1
93,407.0832094928708,398.056187444257,947727.1676330566,916.0108032226562,1034.6244436188063,941870.5798530116,5.1299871854015,0.0061956831833343,1.0062343089866828,59188.38671875,258.0,132.75686794069372,11.639734675127428,False,True,science_V_001.fits,938123.0220325219,828.7355097431505,1131.9932728878407,-10.48527135881201,0.000959104639579932,13.940321575577299,0.019713915820000538,1
94,242.40062582600606,397.4793188242733,273522.60064697266,490.23846435546875,557.9378619476157,273096.12948977214,4.963110016135003,0.008299084293433179,1.0083685354747507,16812.203125,177.0,132.8035735569011,11.639577620075793,False,False,science_V_001.fits,272237.8352293897,487.72435256359194,558.1797049879603,-9.141993080778157,0.0019450725103368244,15.283599853611152,0.01978640700882481,1
95,40.99593849392537,402.4487067949419,640364.083770752,709.1845703125,902.9582855822392,639191.4126172941,5.880365120170063,0.2373423890439299,1.3112043800971143,25044.01953125,251.0,132.8606941835845,11.640951673856184,False,False,science_V_001.fits,631780.7428700178,688.3039668418317,917.8804326362358,-10.056037834450159,0.0011828337999120117,14.36955509993915,0.01972606628414844,1
96,221.8712812046917,404.25110574742376,1024980.9441223145,876.9918823242188,1168.7462162202603,1018486.0210583571,5.149017772508939,0.004048198280666382,1.0040646528011474,57955.36328125,264.0,132.8093959440921,11.641458540821777,False,True,science_V_001.fits,1015943.242042419,856.1446349573338,1186.649078392051,-10.571795488506304,0.0009149292910345153,13.853797445883005,0.01971181602125985,1
97,469.53663556846215,404.34324315331475,172783.7996826172,413.238037109375,418.121722025519,173126.4867086786,4.910141281987959,0.0033644772139386214,1.003375835134326,10868.115234375,155.0,132.73915515893526,11.641477901726484,False,False,science_V_001.fits,171803.4917869367,420.21987048274235,408.8419036195775,-8.64220183983931,0.002655549713441876,15.78339109455,0.01986883337111077,1
98,121.25368570149367,406.8296872906616,494972.68881225586,630.69091796875,784.8102370118181,492786.6098727591,5.064222331069983,0.0029891842004339253,1.0029981462117206,33361.57421875,219.0,132.83793236750444,11.642172483627876,False,False,science_V_001.fits,491321.43839609117,617.1512199876272,796.1119130671755,-9.78303616059406,0.0013637529877139137,14.64255677379525,0.019737740941148822,1
99,451.00215017188054,402.7550093281558,7663.058807373047,141.77989196777344,54.04898184796797,8601.045059778458,3.6676928492099923,0.041078225754034414,1.0428379319953764,580.7032470703125,42.0,132.7444118395481,11.64103778169337,False,False,science_V_001.fits,7954.54542119181,258.4672584485078,30.77583392550483,-5.306160289148587,0.03527767931904029,19.11943264524072,0.04040090659113291,1
100,177.02780463969924,410.66893593067726,1051427.938873291,885.9815063476562,1186.7380203088733,1046777.2041446033,5.375903342306548,0.11156298912648832,1.1255721989978777,57436.2421875,263.0,132.82211422083557,11.643240579161844,False,True,science_V_001.fits,1042811.3278954852,865.9445880632084,1204.2471796352017,-10.600136224527352,0.0009015590971355958,13.825456709861957,0.019711199964843124,1
101,307.44174566430644,406.64938867304585,34583.892150878906,227.17433166503906,152.2350342021549,35324.921440909864,4.410685870651396,0.0049077000300331575,1.0049319043370963,2275.60302734375,84.0,132.78512712053546,11.642124500882588,False,False,science_V_001.fits,35263.279709305876,285.5997203396064,123.47098823267173,-6.922928629018241,0.00879315874555147,17.502664305371066,0.021564745210015165,1
102,342.708763302792,412.8604775344939,29707.477630615234,218.0580291748047,136.23656850902034,30621.940871462255,4.387979801598741,0.007139115499900317,1.0071904489454178,2070.350341796875,80.0,132.77512480380597,11.643849116484656,False,False,science_V_001.fits,27639.94729614222,282.1929990616496,97.94696320621276,-6.6584649005162255,0.011084570306832487,17.76712803387308,0.022596156623096685,1
103,57.370027595967635,415.37812365910554,168841.5101928711,398.4659729003906,423.7288041533184,169259.0774048462,4.875947726222381,0.011739065296162088,1.0118785078757364,10714.8828125,152.0,132.85605103412342,11.644544109818302,False,False,science_V_001.fits,167753.53708448805,405.895241325536,413.2926923130552,-8.616301089140192,0.0026269518435559926,15.809291845249117,0.019865031367626025,1
104,411.8125801263105,418.08054117857205,1004680.8137512207,873.8975830078125,1149.6551006506663,998241.8886767139,5.140490590253538,0.005901828212087068,1.005936866578753,60090.92578125,265.0,132.7555257582993,11.645296788233296,False,True,science_V_001.fits,995170.7527892308,851.2175422664484,1169.1144782325482,-10.549365884025274,0.0009286515736605598,13.876227050364035,0.01971245771063735,1
105,136.15622685434056,418.44331862557544,88161.18283081055,312.4566650390625,282.15491200928255,89021.5461509031,4.753340979146838,0.0030803524571866303,1.003089870346902,5759.259765625,124.0,132.83370621227752,11.64539901212311,False,False,science_V_001.fits,87891.7408174439,336.00599602872643,261.57789401451544,-7.914492039941045,0.004150580094278734,16.511100894448262,0.020123267884899473,1
106,35.913051098461644,422.40824350423594,934804.5291748047,836.5924072265625,1117.3954258966216,929464.3513979918,5.093341188152705,0.0025724069059962495,1.0025790412495175,61315.33984375,252.0,132.86213698031173,11.646495677742003,False,True,science_V_001.fits,928048.5335060767,818.9361510604741,1133.2367392797453,-10.473548596060894,0.0009580522430732715,13.952044338328415,0.01971386464772601,1
107,474.627863253909,428.06758615258025,353522.66094970703,553.4840087890625,638.7224478682953,352422.3836989395,5.0340839056356605,0.005896729436186909,1.005931707108098,23293.595703125,196.0,132.73770975762358,11.648067682431323,False,False,science_V_001.fits,350934.1654130587,544.2157261764188,644.8438524161577,-9.417686002245878,0.0016836634108117862,15.007906932143431,0.019762421858904592,1
108,168.77156863918688,432.5412402705823,24312.489624023438,202.8979949951172,119.82616991660527,25135.358080578422,4.369543507532489,0.0066367897500008155,1.0066811310118184,1643.0908203125,78.0,132.82445633329374,11.6493160266344,False,False,science_V_001.fits,23884.787615033758,267.3267306486944,89.34679879215591,-6.499925333700692,0.012151526575961866,17.925667600688616,0.023138240930864022,1
109,2.0001747444555664,435.0019543310269,47807.066009521484,198.7342987060547,240.55770101482227,47596.65262985532,2.6560857024280202,0.0019694392576101727,1.0019733256025198,48124.31640625,25.0,132.87175613037988,11.649991703543648,True,False,science_V_001.fits,46548.89033459941,260.72683490760005,178.53509536559997,-7.224395205094531,0.006081157308464922,17.201197729294776,0.020608228197948022,1
110,148.80808775910074,442.6957259472375,284904.1687927246,497.0472106933594,573.1933761287899,284514.0103631413,4.976754776902836,0.0018617134863867513,1.001865185928184,19077.515625,180.0,132.83011867343748,11.652136181225751,False,False,science_V_001.fits,283849.6899232314,493.67263445857674,574.9755406931488,-9.187342934389308,0.0018882542354604493,15.23825,0.019780902388570092,1
111,434.9235262143452,444.3905711016717,642695.6116333008,714.2122802734375,899.8663694038466,639364.6291029842,5.086261017071406,0.00212749136623247,1.0021320272357692,42070.87109375,228.0,132.74896980060464,11.652604041655856,False,False,science_V_001.fits,636371.3815348308,697.6028593864451,912.2258789112927,-10.063898475577776,0.0011901657529117045,14.361694458811533,0.019726507287601818,1
112,374.4359847817801,448.30500453166667,834824.0163879395,809.2257690429688,1031.6330106185874,832620.7319024778,6.087704941433632,0.2666322717936862,1.363572409227525,42411.11328125,279.0,132.7661253214555,11.653693897624892,False,False,science_V_001.fits,821557.1625260935,779.5589784284942,1053.874286949094,-10.341216339743639,0.0010301987755513416,14.08437659464567,0.01971750249817535,1
113,415.45131427075665,450.996687212013,1477104.529083252,1045.6929931640625,1412.5604156663826,1467250.2209834477,5.35061689135722,0.004578327430405982,1.0045993849205508,60953.0625,305.0,132.75449226603365,11.654439992095465,False,True,science_V_001.fits,1459700.9505326287,1017.3007345910911,1434.8765324733226,-10.965281601110867,0.000756650468126731,13.460311333278442,0.019705103785043105,1
114,179.41557881857943,450.7451753527456,22317.320373535156,197.58265686035156,112.95181838408368,23235.314357403702,4.344423357447399,0.013145284310618566,1.0133203845526904,1486.6490478515625,75.0,132.82143787094378,11.654372909871563,False,False,science_V_001.fits,22831.686833566015,265.52583480118733,85.98668694766089,-6.450966871277965,0.012626373204271183,17.97462606311134,0.02339110718931323,1
115,123.65245347939977,459.4959702639191,26568.463348388672,208.35870361328125,127.5130958661577,27928.082940574102,4.4337174418441485,0.023038665665663816,1.023581962618164,1725.6317138671875,82.0,132.83725400019685,11.656802080812517,False,False,science_V_001.fits,23582.002309041294,268.6780185246149,87.7704936136442,-6.486073567928479,0.012369760671269879,17.93951936646083,0.023253592718392974,1
116,264.49702720370703,461.23994527471115,22680.693817138672,201.39259338378906,112.61930459337506,23892.0467966213,4.352734016265302,0.01343334412650854,1.0136162559787862,1525.0914306640625,76.0,132.79730662932113,11.65728890189274,False,False,science_V_001.fits,21392.109002014953,270.51072072981634,79.08044806616444,-6.380255881143654,0.013729057264465987,18.045337053245653,0.02400428313071211,1
117,61.39928633754589,466.82405623462466,72307.82958984375,288.4032897949219,250.71776969416848,73297.56272774312,4.69143006258068,0.0015734191140556186,1.001575898663134,4778.57958984375,114.0,132.85491108921795,11.65883484712217,False,False,science_V_001.fits,73502.33065446504,318.25265838084175,230.9559047469366,-7.720374649449529,0.004700897347437924,16.70521828493978,0.020243938132674496,1
118,433.2340343019103,469.3484811640495,123587.21264648438,363.2117614746094,340.2621438929473,124433.27405183236,4.857368295648237,0.006423325416242687,1.006464851259651,8154.21142578125,138.0,132.74944772327663,11.659536869131635,False,False,science_V_001.fits,122632.003771857,379.79809906227797,322.8873553465264,-8.276131435461656,0.003362472955420674,16.149461498927653,0.019975605613456106,1
119,175.15821065524165,472.6284263866787,52035.91384887695,417.2281799316406,124.7181191294476,53290.856655921474,5.274368049185462,0.06418968918071588,1.0685926286968552,2801.63330078125,120.0,132.82264585951114,11.66045149222915,False,False,science_V_001.fits,51998.66749313751,437.0043539952089,118.98890026552824,-7.3446024106378776,0.009124380489081077,17.080990523751428,0.021701910389593057,1
120,277.89555219683353,480.2726436778688,1775062.6477050781,1139.0487060546875,1558.3729108945186,1763380.0440657833,5.545911366215627,0.0015625192339171479,1.0015649645210818,60541.8671875,338.0,132.79350631175276,11.662575696444485,False,True,science_V_001.fits,1751073.8614973375,1107.0114732028849,1581.8028122427722,-11.16288303731373,0.0006863687379975203,13.26270989707558,0.0197025302256564,1
121,243.588415880213,481.0327717099161,1236702.9028015137,959.8226318359375,1288.4702462536884,1227675.2565992824,5.238171515760811,0.002723499592266254,1.0027309372988862,60372.9609375,292.0,132.80323695713923,11.662786897624905,False,True,science_V_001.fits,1223427.5058869992,934.108912353163,1309.7268313231255,-10.773567474942034,0.000828951483648841,13.652025459447275,0.01970801247743281,1
122,195.74364577492943,481.45871447101547,165043.09188842773,399.6370544433594,412.9824550886818,165496.94370900263,4.9079351951507135,0.0012843048410561275,1.0012859564010874,10491.923828125,153.0,132.81680733945933,11.662904744978789,False,False,science_V_001.fits,164821.21837246523,407.107121493646,404.85958036732035,-8.597154674435444,0.002681670516515795,15.828438259953865,0.019872341382120875,1
123,326.12074712326125,493.10905131269055,26659.265625,211.4452667236328,126.08116529676069,27955.431272840066,4.393972087535819,0.005835229349256399,1.0058694791060006,1864.417236328125,78.0,132.77982778829136,11.666140730355838,False,False,science_V_001.fits,27665.046602385937,278.74142280044646,99.24985789496955,-6.659450389364629,0.010939058483579234,17.766142545024678,0.02252513253580477,1
124,357.7563495283225,493.50605629455276,3331.329345703125,109.64673614501953,30.38238494666258,4122.096171544514,3.1658870696142714,0.009494549158981513,1.009585559727026,251.28317260742188,28.0,132.77085475655431,11.66625024459598,False,False,science_V_001.fits,3972.325013508959,250.16025522375102,15.879121205548776,-4.552233811589465,0.06837280136262294,19.873359122799844,0.07115165888031774,1
125,8.498061866563045,507.9991380827968,266517.1393737793,438.6080627441406,607.6430462913092,266441.05622373696,3.4544202030052227,0.338033262147467,1.5106499206350925,67132.28125,48.0,132.86991827982678,11.670269111995179,True,True,science_V_001.fits,266139.41449306323,469.34057042348417,567.0496676921125,-9.117394866782153,0.001914647096820972,15.308198067607156,0.019783439254936655,1
126,245.9996872585805,509.77730668373067,57181.996337890625,211.57464599609375,270.26866129766023,57295.11374763823,2.4729525976452864,0.14833153119994713,1.1741658129118446,56992.39453125,20.0,132.80255311304205,11.670771486646672,True,True,science_V_001.fits,56327.021100651655,274.31666042934904,205.3357641948941,-7.431413833624109,0.005287437404082758,16.994179100765198,0.02038812373786507,1
127,29.08196537889375,14.006550485901684,1051474.4465026855,873.2850952148438,1204.044878659018,1049594.715988412,5.082906258822645,0.010868740250893572,1.010988167792463,65005.62890625,226.0,132.86404835351416,11.533050452700547,False,True,science_V_001.fits,1064745.273254268,869.6552585310984,1224.3302881335862,-10.622736175984846,0.0008867705148870251,13.802856758404463,0.019710529094737073,1
128,31.710965307000535,22.449259672783683,117813.57247924805,325.2993469238281,362.1697171953905,126001.40926284123,4.524281858619566,0.11561940964643758,1.130734901814404,7911.67626953125,100.0,132.86330356043337,11.535395807438123,False,False,science_V_001.fits,279428.25461874844,489.1603111926596,571.2406510198115,-9.170297669150244,0.0019006000326863054,15.255295265239065,0.019782084716547212,1
129,211.09436948492237,19.487878673380255,1786682.1975402832,1133.956787109375,1575.6175348575696,1776032.9012897385,5.507582811384585,0.0009364955427655364,1.000937373388766,61362.18359375,320.0,132.81244763576674,11.534579789652597,False,True,science_V_001.fits,1764345.2533547631,1108.002081375279,1592.3663709772234,-11.171080807543035,0.0006818154538981592,13.254512126846274,0.019702372130319182,1
130,238.91690246250738,16.952955569744937,1567795.196258545,1101.240966796875,1423.6622533383525,1565425.6726405802,5.329490735422154,0.025076905856767695,1.0257219323323195,61600.93359375,241.0,132.8045598481595,11.533875874632354,False,True,science_V_001.fits,1562531.9667457403,1046.1540812883102,1493.5963972166746,-11.039194151624,0.0007269031995679744,13.386398782765308,0.019703983950205246,1
131,227.39914265569257,16.444302471461867,280670.2700805664,482.0845642089844,582.2013209261258,281506.315966012,4.968314595680974,0.016039789657790182,1.0163012584139064,17480.755859375,152.0,132.80782515734026,11.533734513158528,False,False,science_V_001.fits,294020.4418162893,503.7705548411442,583.6395934434951,-9.225565688671567,0.0018602233505001437,15.200027245717742,0.01977824628631542,1
132,249.44889525429778,24.605267712610242,1701120.099243164,1126.3946533203125,1510.2345294597355,1687778.6097816247,5.623551704138234,0.06620873695790286,1.0709031446087947,60951.83984375,327.0,132.80157401433962,11.53600154546127,False,True,science_V_001.fits,1675955.744846434,1084.997459083371,1544.6632900526026,-11.115278240291532,0.0007028716270994096,13.310314694097777,0.019703112032686234,1
133,341.48891604946994,25.598598609099653,1737405.1816711426,1120.7686767578125,1550.1907018825254,1729464.1387166926,5.661355646568783,0.0854391219458106,1.093420923632323,61748.56640625,313.0,132.77548022109363,11.536276446513586,False,True,science_V_001.fits,1717292.283731651,1094.7726759523057,1568.6291057984586,-11.141732420342738,0.0006921330198366813,13.283860514046571,0.01970273187569561,1
134,340.5171642994844,41.36546245219552,1077977.8737792969,889.8374633789062,1211.4323324688764,1076958.0829259143,5.139562127699429,0.023472966206153578,1.0240371903632408,60403.78125,234.0,132.7757553370835,11.540656148441187,False,True,science_V_001.fits,1074185.8585146999,877.9886876874303,1223.462071412379,-10.632320450689914,0.0008873998020606028,13.793272483699395,0.019710557416194523,1
135,351.7652723999349,41.89757929260931,375443.73474121094,552.294677734375,679.7887973162397,375753.2231108275,5.012023518880147,0.020026396544101543,1.020435648953684,25024.6953125,174.0,132.77256637949276,11.540803676594074,False,False,science_V_001.fits,390312.13739599806,561.1234977189931,695.5904341604738,-9.5331520155168,0.0015608322752603114,14.89244091887251,0.019752336384334334,1
136,61.61149866796803,25.63116389461593,243537.15185546875,451.941162109375,538.8691543801667,244400.09522685737,4.931919179362713,0.014399576538915548,1.0146099536852362,15301.62109375,153.0,132.85482682206307,11.536281380408328,False,False,science_V_001.fits,252386.53200070545,463.9286153043579,544.0201868882966,-9.059787314319843,0.00199569800196206,15.365805620069466,0.019791447793515236,1
137,49.87704268550506,30.466117624908286,1647426.6192321777,1085.6461181640625,1517.461898190308,1638752.9414895778,5.378502749064298,0.006010259402888574,1.0060466010436668,64292.52734375,294.0,132.85815387438103,11.537623778085624,False,True,science_V_001.fits,1626577.2329616663,1064.8735703547077,1527.4838987879623,-11.082808597116841,0.000710776722989675,13.342784337272468,0.01970339561594264,1
138,37.12424135443351,41.145059689804285,128134.27426147461,352.0141906738281,364.0031500326707,128804.39362735921,4.849308338407935,0.01906406494449231,1.019434566787905,8872.763671875,141.0,132.86177002582266,11.540589404314893,False,False,science_V_001.fits,83398.6082554457,364.0983702906298,229.0551539378642,-7.857518882169307,0.004739906443207639,16.568074052220002,0.02025303207766099,1
139,13.149021793439232,28.572409799436713,384596.72424316406,552.2218017578125,696.4533508436821,385220.10947639024,4.985850571309096,0.00743885732416838,1.0074946086486058,24917.2890625,178.0,132.86856635651114,11.53709549260952,False,False,science_V_001.fits,382625.7296881973,551.9118643106302,693.2732460211178,-9.511557301114678,0.0015660491822396515,14.914035633274631,0.019752749309642877,1
140,16.434634712515113,41.79432094013244,1724422.3940734863,1102.181640625,1564.5537273653372,1728140.487357237,5.304931092536074,0.03459071027147531,1.0358300988394284,65748.375,239.0,132.86763575748867,11.540768455929399,False,True,science_V_001.fits,1809932.5418469275,1116.666557230904,1620.835270947109,-11.1987778453995,0.0006698398162112975,13.22681508898981,0.019701961339617578,1
141,20.99890711054446,49.50082091844197,609176.4176330566,676.4821166992188,900.5063143508228,612628.6520277839,4.877301724303467,0.07115610521003868,1.0766071732926976,39156.609375,176.0,132.86634225353725,11.542909443290085,False,False,science_V_001.fits,895281.0583909882,805.4139956764965,1111.578720008471,-10.434520364416212,0.0009767189497759785,13.991072569973097,0.01971478062660742,1
142,138.57840084122577,36.39235276358002,1560343.040802002,1055.2994384765625,1478.5784810560724,1556452.867229634,5.27694536877976,0.0397582309600063,1.0414043965195918,61076.7265625,258.0,132.83300669442684,11.53927387276529,False,True,science_V_001.fits,1585734.3899698644,1051.8107966438615,1507.623229415078,-11.05519798623842,0.0007201401376796415,13.370394948150889,0.019703735611967112,1
143,137.92152087105228,46.959815928316175,1115990.6347045898,896.1146240234375,1245.3659440283855,1118009.6680894848,5.127006839342144,0.028037240296711285,1.0288460026032995,59929.328125,207.0,132.83319327404988,11.54220925448054,False,True,science_V_001.fits,1159536.6474356877,909.2456103594958,1275.2732971427074,-10.715333071973063,0.0008513469249552605,13.710259862416246,0.01970896716814543,1
144,128.0053618870876,56.88997998737434,2066486.3756103516,1225.0421142578125,1686.8696606910735,2057759.8437695818,5.789642758661754,0.12050600576551684,1.1370174288346402,61174.078125,327.0,132.8360049681075,11.54496729735196,False,True,science_V_001.fits,2036568.5293829294,1196.1194646365943,1702.646424202854,-11.32686944512185,0.0006376544093752781,13.098723489267458,0.01970089334000363,1
145,220.37557356417526,40.42719673740573,1882715.2536010742,1166.2435302734375,1614.3414344683677,1869050.2356347805,5.684906732719285,0.02950526643992779,1.0304022942316167,60091.375,353.0,132.8098165895983,11.540396360036194,False,True,science_V_001.fits,1849250.6040413892,1133.6579796021072,1631.2244409821396,-11.222111297121963,0.000665573646840599,13.203481637267346,0.019701816757034675,1
146,199.33027484623,44.090266929333346,1772672.670074463,1131.5010986328125,1566.655721515759,1764008.639045073,5.914806202411194,0.19310027392933837,1.239311363841544,60554.4296875,334.0,132.81578318001985,11.541413617146286,False,True,science_V_001.fits,1744227.9506682528,1101.7086977719644,1583.2024873686523,-11.158629978124221,0.0006857619342200997,13.266962956265088,0.019702509096021982,1
147,272.9626495975909,43.57003619910742,461895.28454589844,603.14111328125,765.8162814222094,466404.8913419693,4.985427677937714,0.03291464972567504,1.0340348964197819,30410.73046875,184.0,132.79490766042736,11.541269490530755,False,False,science_V_001.fits,478403.48922380223,610.1996410468518,784.0114235450196,-9.754107720310326,0.001384801250842561,14.671485214078983,0.01973920641142239,1
148,272.1046295951952,52.866519670409396,194078.8480834961,412.7519836425781,470.20694212231416,196213.91543602291,4.847009129111709,0.041153569817017455,1.042919875927539,13227.1318359375,135.0,132.79515087278918,11.543851848582717,False,False,science_V_001.fits,240505.44348503274,461.3402732617686,521.3189860590554,-9.007434150126933,0.0020826020709650717,15.418158784262376,0.01980039965845113,1
149,62.87377617379478,51.27709133393794,1090928.1613769531,894.24658203125,1219.9411027089952,1083935.3948587293,5.151177884517863,0.00636133989813048,1.0064020656135484,62764.796875,264.0,132.8544703504114,11.543405304941487,False,True,science_V_001.fits,1079462.003890452,876.2872108653023,1231.8586765913449,-10.637640274433222,0.0008813511002773647,13.787952659956087,0.019710286020511315,1
150,47.05036711123723,59.40203230415298,1729844.502960205,1106.637451171875,1563.1537692207908,1728203.0547684454,5.403510643725694,0.028273964796450723,1.0290966422346892,63672.31640625,261.0,132.858956951145,11.545661359060606,False,True,science_V_001.fits,1765139.5756759346,1107.894225036491,1593.2383577663254,-11.171569504652489,0.0006814422931180997,13.25402342973682,0.019702359220338406,1
151,38.509673221227345,63.432884953637966,631938.1083374023,683.0247802734375,925.2052437752208,663760.5682122442,4.925228450195721,0.08555598503816464,1.0935606594152572,38846.5,177.0,132.8613786045918,11.546780540089268,False,False,science_V_001.fits,820391.5790367257,770.8374427703346,1064.2861043286857,-10.339674858728287,0.001020120431511996,14.085918075661022,0.019716978494262044,1
152,53.058310882487916,74.65483619685213,819229.844329834,780.8992309570312,1049.0852236156343,814966.7171957998,5.119341130538799,0.005820370382924489,1.0058544454236769,53974.625,232.0,132.85725448305772,11.549898582134487,False,False,science_V_001.fits,807371.2343512276,767.4437856342333,1052.02654508955,-10.322305053963817,0.0010320081798958637,14.103287880425492,0.019717597118608942,1
153,54.373156140559445,89.08863752299995,933395.3567199707,829.3134765625,1125.5036642945795,930002.4864126093,5.178493712836315,0.12589154536636038,1.1440227979709046,61455.21484375,238.0,132.85688251709004,11.55390803942577,False,True,science_V_001.fits,926558.5294907648,815.8207510400268,1135.7378790740086,-10.471804019880846,0.0009559424053771937,13.953788914508463,0.019713762226698434,1
154,155.42401528835552,57.470562831558105,736012.6054992676,749.5149536132812,981.9852185084218,732500.3142474518,5.221590724587739,0.04872378727287208,1.0512193899321736,43366.29296875,246.0,132.8282314224386,11.54512942466394,False,False,science_V_001.fits,728937.3397478287,732.2828115945982,995.4314483505566,-10.21134736777359,0.0010906828408917759,14.21424556661572,0.019720755165759232,1
155,148.35619887449695,72.23716967435897,171685.97534179688,392.8074645996094,437.07411598401586,173223.67417638053,4.863487489537936,0.028787518702016346,1.0296408038985898,11363.0830078125,138.0,132.83023569023555,11.549231055360694,False,False,science_V_001.fits,181133.07783282056,417.9480659573477,433.38656782133666,-8.69961629094281,0.0025051537832791793,15.725976643446499,0.019849291945212597,1
156,144.70171516944663,83.99095177497004,1774000.2423706055,1122.0380859375,1581.0517170532312,1769683.545866093,5.477302920916933,0.023210696078483806,1.023762234071667,60213.11328125,264.0,132.8312721677546,11.552495882855728,False,True,science_V_001.fits,1766292.4743197036,1108.6667310663804,1593.1681043777514,-11.1722784203698,0.0006814723424456488,13.25331451401951,0.019702360259672497,1
157,176.90992876687218,87.78215756042978,399617.78115844727,681.5470581054688,586.3392357224536,402370.2058427363,5.011985893061869,0.015294294087991878,1.0155318426573214,26478.4375,166.0,132.82214053657881,11.553549829924194,False,False,science_V_001.fits,420372.1285812011,692.8875407843407,606.6960420522855,-9.61370665857882,0.0017895287339066465,14.811886275810489,0.019771722442364022,1
158,135.9377425101624,88.5216451635513,224381.29690551758,430.35382080078125,521.3879511700393,230585.13813939007,4.840187340462721,0.11271660314877352,1.1270356275669984,14432.962890625,124.0,132.83375709262808,11.553754131069622,False,False,science_V_001.fits,361343.92369679065,542.261927776067,666.3641778775434,-9.44942376425834,0.0016292892626042653,14.97616917013097,0.019757863719280008,1
159,187.415831639921,93.11168360071771,1645583.7976074219,1083.103759765625,1519.3223943415292,1643056.3472567266,5.450154096004205,0.018085826170375907,1.0184189480632897,58297.40625,257.0,132.81916197941572,11.555030463464885,False,True,science_V_001.fits,1663846.799699128,1077.7548918689947,1543.8081629244648,-11.107405213320241,0.0007032609530599567,13.318187721069068,0.01970312592500242,1
160,196.45146485369185,94.05749439080166,234610.87817382812,455.07403564453125,515.5444165069616,253469.0665400665,4.7200636469797,0.13298227090837578,1.1533789522939761,17514.451171875,129.0,132.8166001769721,11.555293345411814,False,False,science_V_001.fits,483680.95534050156,624.0686858842972,775.0444242449562,-9.766019343114879,0.0014008229283859217,14.65957359127443,0.019740336879726633,1
161,132.9454723591258,100.7563762222189,1759686.4592895508,1123.9296875,1565.6552886361503,1749873.33317183,5.533550783342321,0.009042889008211263,1.009125409069582,59560.796875,313.0,132.83460588994964,11.557152565484808,False,True,science_V_001.fits,1735652.858789524,1099.2086782522279,1579.0021432047463,-11.153279043959241,0.0006875861471577619,13.272313890430068,0.019702572673591816,1
162,151.25700244526558,103.278755475246,147376.08724975586,372.94061279296875,395.17307097784237,148170.51902543416,4.884747091164048,0.029452397504168504,1.030346164812967,9695.19921875,140.0,132.82941416877543,11.557853795236168,False,False,science_V_001.fits,141642.23776924176,391.98465342464414,361.34638571117256,-8.432603822658299,0.003004596262567325,15.992989111731012,0.019918488746625263,1
163,199.60794236606117,112.1245627684894,860365.4522399902,806.7435302734375,1066.4671236326842,854791.1750068467,5.117867229467987,0.00869243694954236,1.0087686579559567,55984.98828125,259.0,132.81570552160002,11.560312022116655,False,False,science_V_001.fits,850784.0317360928,787.2387417687986,1080.7192108260806,-10.379170199255665,0.0010046087726802897,14.046422735133644,0.019716182034931355,1
164,151.60452132747872,113.6400214053399,158025.74880981445,394.9735107421875,400.0920175959931,160369.3240457105,6.406793313338027,0.37298513751357276,1.5948585270124225,7523.623046875,173.0,132.82931594012013,11.56073193274355,False,False,science_V_001.fits,157426.19796575842,396.9703356030088,396.5691736805062,-8.547314391131753,0.0027377317049728338,15.878278543257556,0.019879984158364342,1
165,164.67612160767894,117.4535820305428,520453.92837524414,638.1101684570312,815.6176693339909,518550.680079974,5.069204336550872,0.0026575464383100655,1.0026646278104572,32489.505859375,204.0,132.8256098508551,11.561791603333626,False,False,science_V_001.fits,515261.2067593292,629.132996888561,819.0020382138658,-9.83469048982602,0.0013256377265772952,14.590902444563289,0.01973514404889229,1
166,165.40331305077063,132.5695957079232,1110155.118560791,926.6514892578125,1198.0287426613354,1102792.2297768146,5.221623869147114,0.010558355951089116,1.0106710244253345,57514.45703125,272.0,132.8254040518209,11.565990511962424,False,True,science_V_001.fits,1085491.6355597335,886.1036723967313,1225.0165182406909,-10.643688077224386,0.000886273763523801,13.781904857164923,0.019710506752296207,1
167,192.36654886847592,130.86736535351338,1305011.2440185547,973.2147827148438,1340.928299895059,1300650.4237944232,5.264794726432906,0.009019595837553407,1.0091016893973566,58667.92578125,258.0,132.81775899986846,11.565518236016846,False,True,science_V_001.fits,1289055.821283405,957.2814449778075,1346.5797629800386,-10.83030118517157,0.0008062649015289667,13.59529174921774,0.01970707127758565,1
168,185.51096508818014,141.2651113066357,225515.3804321289,428.7648010253906,525.9652375680305,238377.14754644997,4.788393529357192,0.0720336767767652,1.0776253135206035,14240.9921875,112.0,132.81970299864997,11.568406372836526,False,False,science_V_001.fits,326273.13409093104,541.5423346722046,602.4886942374027,-9.33857516074459,0.0018020255158052716,15.08701777364472,0.0197728574365977,1
169,193.77473880179303,142.65655598666427,489581.71603393555,606.9635009765625,806.6081654765604,494089.5203456032,4.931704376487844,0.06704251822600726,1.0718602074968386,31365.267578125,140.0,132.81735993299515,11.568793033999492,False,False,science_V_001.fits,556535.1795790469,662.8432183286807,839.6181241505599,-9.918353429204508,0.001293087855980242,14.5072395051848,0.019732984352390473,1
170,203.78446082042973,148.62852109071346,1731899.7538757324,1113.7930908203125,1554.9564529980898,1723619.6771672592,5.453207008943019,0.012711599259081163,1.0128752644612675,62458.83203125,285.0,132.81452188378552,11.570452067811273,False,True,science_V_001.fits,1712577.9909191632,1093.7252574888691,1565.8210132690403,-11.138747770079165,0.0006933742687060583,13.286845164310144,0.019702775518309783,1
171,131.10872909585777,150.82830078851828,748148.2710876465,770.0228881835938,971.592250786795,749751.4335719356,6.568287829057923,0.34645447443264143,1.5301152878858377,28835.650390625,251.0,132.83512840458846,11.571061363077098,False,False,science_V_001.fits,733998.2375617219,750.3992002917336,978.1436830907663,-10.218859416821061,0.0011099596294169936,14.206733517568248,0.019721830686509283,1
172,175.85761626963395,148.52517945123802,1347245.3370361328,983.4398803710938,1369.9315676803342,1356183.1610870897,5.244705701225191,0.05863021128341439,1.0622818067736672,58531.19140625,231.0,132.822440247012,11.570422859941987,False,True,science_V_001.fits,1432697.7796555643,1009.3993495603512,1419.3567494169506,-10.945008343630775,0.0007649239702745547,13.480584590758534,0.019705423211103697,1
173,151.9814999957755,150.3669382055527,204884.59344482422,464.99932861328125,440.6126650888509,207763.03396327537,4.855131526671895,0.0725664266821654,1.078244338753625,13627.2412109375,138.0,132.8292101229549,11.570933859814314,False,False,science_V_001.fits,251700.10314136124,515.9407930181094,487.84687419071093,-9.056830357823547,0.002225493402619557,15.368762576565763,0.01981593843686205,1
174,142.8433338590173,153.6220042631526,787876.3402404785,762.89306640625,1032.74806776252,788150.7507624701,5.077435757546534,0.021451579118218378,1.0219218371420886,51247.61328125,193.0,132.8318012616901,11.57183777338389,False,False,science_V_001.fits,796435.4934669641,765.2321950804566,1040.7762488132466,-10.30749838977664,0.0010431636975170965,14.118094544612669,0.019718184139220864,1
175,167.6400753725349,154.2451008564153,1656434.7967529297,1087.3431396484375,1523.3781649539742,1674389.457697142,5.4086447302173015,0.03904907524614609,1.0406358683261046,57766.9921875,262.0,132.82477038563184,11.572011537827864,False,True,science_V_001.fits,1717862.3373233883,1095.498962272698,1568.1095067032734,-11.142092769670299,0.0006923623607655626,13.28350016471901,0.019702739933496777,1
176,195.96179435771313,163.82089745426822,1722642.4208374023,1126.350830078125,1529.4012973896579,1690073.8281616347,6.366640229994858,0.2468901518665948,1.327827543987794,64108.96875,398.0,132.81674017241684,11.574672052307797,False,True,science_V_001.fits,1669318.4810884064,1080.4785570631104,1544.9806663686543,-11.110969877788538,0.0007027272403038193,13.314623056600771,0.01970310688248604,1
177,133.15589006460758,165.52705465615873,607713.8955993652,674.9405517578125,900.3961815846411,613468.8261187114,5.004593967713978,0.030469277396968253,1.0314268302041665,38603.1171875,172.0,132.83454845764274,11.575144417973084,False,False,science_V_001.fits,613244.5248636992,693.3163441052186,884.5089692139616,-10.023706072669489,0.00122746070168721,14.40188686171982,0.019728792538383846,1
178,122.65360825275118,168.0778606755418,1374862.8046569824,988.6487426757812,1390.648412636334,1380372.4487306813,5.177690116046344,0.09321224548234264,1.102793895283604,58127.91796875,209.0,132.83752641458776,11.575852606744204,False,True,science_V_001.fits,1707584.3287718652,1092.3005509185348,1563.291648380043,-11.135577275153146,0.0006944961300887483,13.290015659236163,0.019702815030424255,1
179,114.43700808192463,169.45090669656557,1270573.5520019531,955.2368774414062,1330.1135896314781,1275388.2490973757,5.131134822965204,0.06624849723706616,1.0709487449723394,59019.7734375,226.0,132.8398562446068,11.576233698979667,False,True,science_V_001.fits,1626314.6904042384,1066.3423203491427,1525.1337768079477,-11.082633336476635,0.0007118719790419518,13.342959597912674,0.019703435156412416,1
180,134.22951305177764,183.7962782796745,298614.77658081055,505.98284912109375,590.1677835513846,297729.7469472368,5.01940843035911,0.014007527619780302,1.0142065259240425,20083.150390625,194.0,132.83424466054723,11.580219236556863,False,False,science_V_001.fits,296224.2422573677,498.36547865469566,594.3915759514589,-9.233673367098293,0.0018265736661258875,15.191919567291016,0.019775109774820172,1
181,99.70628997532016,61.22554724363299,835762.9374694824,784.4776000976562,1065.3751456580046,834761.3031399122,5.058436169699478,0.024511717911544606,1.0251276395233233,54732.55859375,209.0,132.84402832926898,11.546170521366784,False,False,science_V_001.fits,880431.2417003032,796.8748755975685,1104.855064027557,-10.41636048628084,0.0009826628264183986,14.009232448108468,0.019715075994751537,1
182,89.75031278748025,62.193526106044615,912647.5402526855,817.7960205078125,1115.9843253895694,918011.8541618381,5.0427482679118905,0.044341885958908644,1.0463993192831322,60444.9921875,218.0,132.8468510409247,11.546438965059618,False,True,science_V_001.fits,955876.1789156299,827.5852533766345,1155.0183803004645,-10.505625971110739,0.0009399850413787943,13.91996696327857,0.01971299487968329,1
183,306.67109195915003,65.36441739673923,173160.56930541992,396.7468566894531,436.45101753372785,174088.71060569864,4.9160994019116,0.02881578059928991,1.0296707669087448,11136.6787109375,136.0,132.78535066381627,11.547323156635713,False,False,science_V_001.fits,210779.7166373853,447.05499239217056,471.4849855708194,-8.864193914866929,0.002302724441342624,15.56139901952238,0.019824760656844267,1
184,302.07475938636316,71.72015355037503,103381.02853393555,337.79840087890625,306.04356996644134,105685.11924044305,4.727540893441898,0.12131587816467415,1.1380654038806108,7734.65625,112.0,132.78665371367165,11.549088699850518,False,False,science_V_001.fits,161370.4419719192,413.6668978255627,390.09754664963975,-8.574181845234051,0.002783150033432805,15.851411089155258,0.01988628973330623,1
185,491.2659670083445,81.23061560910219,554213.9531555176,668.95947265625,828.4716426166891,550686.624474429,5.127515233004316,0.008224769664597065,1.0082929774943215,36698.81640625,236.0,132.73301401545663,11.551723115183771,False,False,science_V_001.fits,546043.0665665166,650.1706517116194,839.8457622303011,-9.897689116492273,0.0012927373677719186,14.527903817897036,0.019732961388256896,1
186,488.9308304752807,99.75510668378203,1514359.6861877441,1042.22705078125,1453.003628194629,1542315.9944003192,5.1861607863920955,0.06354665241952162,1.0678588555251658,63281.33984375,231.0,132.73367485133147,11.556868951535536,False,True,science_V_001.fits,1864845.8890517945,1142.2559565313195,1632.5989620704265,-11.231229242821074,0.0006650132857019209,13.194363691568235,0.01970179783467904,1
187,485.9365688842417,107.21003430579898,1168882.602355957,913.4913940429688,1279.577027193072,1212382.9691680714,4.883000913677469,0.04956022025448503,1.052144513845743,62194.15234375,166.0,132.73452331496208,11.558939953950476,False,True,science_V_001.fits,1936844.7697558512,1162.4599556076435,1666.1604216236592,-11.272358911977117,0.0006516179270072895,13.153234022412192,0.019701350237260416,1
188,492.55247911526965,111.58392265995091,815040.0419921875,780.208251953125,1044.6442215291452,816808.5043652614,4.970444010814722,0.10843680405987055,1.121625482695623,48648.20703125,196.0,132.73264722911202,11.560154494643374,False,False,science_V_001.fits,1216365.4185913755,932.8769787162142,1303.886199727306,-10.767282035554839,0.0008326646913105323,13.65831089883447,0.019708169010249504,1
189,463.67790549599107,89.81807729326243,1790873.982788086,1132.84130859375,1580.86924373475,1806694.8316871822,5.423083041977327,0.04456395306731997,1.0466425285191903,61931.02734375,271.0,132.74083528381288,11.554110207726712,False,True,science_V_001.fits,2038167.1020575282,1190.3515267093198,1712.2396672955604,-11.327721342508468,0.0006340817940019087,13.09787159188084,0.01970077802955732,1
190,461.4864237102478,98.32947815194865,1373311.9054870605,1003.38427734375,1368.6799130664242,1398329.589223605,5.286421274337012,0.11614042482307174,1.131401444397797,61651.4375,253.0,132.74145612285943,11.556474608312962,False,True,science_V_001.fits,1715944.342892372,1098.4104128417923,1562.2069154032365,-11.140879867253373,0.0006949783599695303,13.284713067135936,0.0197028320342338,1
191,297.4365406728028,97.820585921755,1216440.544769287,944.260498046875,1288.2467786012378,1213404.465867231,5.260376224228861,0.029142962541773287,1.0300177692671122,58887.97265625,261.0,132.78796841918913,11.556338871972004,False,True,science_V_001.fits,1207750.0103504355,926.9337400000371,1302.9518273338363,-10.75956449874206,0.0008332618115449537,13.666028435647249,0.019708194247443953,1
192,285.8991148826971,101.26025653733468,562336.1391601562,661.0565795898438,850.6626460159596,562750.639959511,5.0596525763424385,0.015823006319999222,1.0160773991076892,37704.2421875,202.0,132.79123954082368,11.557294451973585,False,False,science_V_001.fits,568636.8982190226,657.5804510269851,864.7411846428012,-9.941709466933588,0.0012555201709844206,14.48388346745572,0.019730558181363052,1
193,352.04235636676253,101.1451706426071,1234118.4022521973,953.6220092773438,1294.1379186365614,1226866.9454114065,5.236970680447972,0.003622985790282307,1.0036361595446437,58937.203125,273.0,132.77248620163743,11.557261318440759,False,True,science_V_001.fits,1220466.4883868443,932.4151063830606,1308.9304109638101,-10.770936521649059,0.0008294558602245036,13.65465641274025,0.01970803369878549,1
194,366.4013097152098,100.90537750433762,894899.2442932129,820.1678466796875,1091.1171998708105,890619.1325398786,5.1328703651349254,0.008129204795227829,1.0081958303788443,58104.359375,238.0,132.7684150707094,11.557194297154535,False,True,science_V_001.fits,886204.1545839376,804.3977619332927,1101.6989312029302,-10.423456328295247,0.0009854779461522568,14.002136606094062,0.01971521650986253,1
195,374.55984389412805,112.08580313038468,380348.0807800293,560.7037963867188,678.3404771486554,379476.3703701121,5.034394407436691,0.006218889796948068,1.0062578064053536,24708.869140625,189.0,132.76610153666672,11.560299709325763,False,False,science_V_001.fits,378391.8726912397,555.1620895164488,681.5880980288522,-9.499476373576346,0.0015928975331873261,14.926116560812963,0.019754896046287815,1
196,73.4231378039222,103.15178778957844,140137.34323120117,365.6112060546875,383.2960831354815,140606.17674512824,4.874039102968431,0.017412565938196956,1.01772113639416,9167.4658203125,145.0,132.85148213810302,11.557815468419445,False,False,science_V_001.fits,139339.9824183831,375.72472715410964,370.8565669174883,-8.414811252541435,0.0029275469193499734,16.01078168184787,0.0199070119860666,1
197,61.99519809152354,115.50469905008475,1180196.2188720703,929.9661254882812,1269.0744173637563,1172207.1227195438,5.204783517105391,0.005649509685816345,1.0056816079851594,59779.68359375,281.0,132.85472293478844,11.5612462399174,False,True,science_V_001.fits,1168285.635299746,909.2209950799892,1284.9303322532335,-10.723494466146112,0.0008449485335879135,13.702098468243197,0.01970869182043334,1
198,421.58846396338197,115.4094620819258,945728.3329162598,844.5588989257812,1119.7896725961432,939742.2645558859,5.137465510891527,0.0002713064006160115,1.0002713800277545,59282.265625,252.0,132.75276739587838,11.561221093680519,False,True,science_V_001.fits,936208.289192704,825.3803779455568,1134.2749527472504,-10.483053079175594,0.0009571753280546307,13.942539855213715,0.019713822050963132,1
199,429.88823254051744,128.82113978638316,1178099.7127075195,933.343505859375,1262.2359349067153,1170948.3196985247,5.211570633772008,0.005183999835081443,1.0052110137293953,60186.69140625,259.0,132.7504135005288,11.564946166374492,False,True,science_V_001.fits,1164035.322070344,913.5929920366008,1274.1289964094972,-10.719537271448186,0.0008521115232912122,13.706055662941123,0.019709000210475655,1
200,421.07959284073047,140.88268958195798,1060064.8710021973,889.3181762695312,1191.9973068007066,1053868.330919604,5.159814761946741,0.003492706638603904,1.0035049483951315,58461.26953125,254.0,132.75291048254684,11.568297008450758,False,True,science_V_001.fits,1049045.250722028,870.2919825402016,1205.3945937317299,-10.606607428926653,0.0009007009037918676,13.818985505462656,0.019711160731080632,1
201,116.20638006054838,118.12249018158708,39518.664306640625,219.90370178222656,179.70895435755995,42093.596051512475,4.356487535504367,0.1781465055625746,1.2167618763786108,2870.99755859375,77.0,132.83935253744392,11.561975881261597,False,False,science_V_001.fits,105934.49911470608,346.1550566634786,306.0319272403187,-8.11721541772799,0.0035476690611676897,16.308377516661317,0.020007612326711305,1
202,109.57791203307413,124.0946095810521,440399.34228515625,590.1781616210938,746.2142297428848,440709.1189838449,5.0459235756280325,0.013164056842632554,1.0133396608969414,28405.353515625,192.0,132.84123215766786,11.563634542672135,False,False,science_V_001.fits,444294.51009769953,587.0100242744392,756.8772111632335,-9.673799241382289,0.0014344466764052834,14.75179369300702,0.019742751391734988,1
203,94.33118653276924,142.7770186470953,57247.98962402344,246.2010955810547,232.52532442600838,63393.66633417132,4.403906087329428,0.1578240849298379,1.1874003781225322,4106.76708984375,79.0,132.84555594699674,11.568823454324296,False,False,science_V_001.fits,189351.88031914213,419.73908024179946,451.1180617493659,-8.747795929412248,0.002406687056132986,15.67779700497706,0.019837105076965282,1
204,86.37127131850909,146.92360562383223,594331.540435791,667.4618530273438,890.4352177433625,597144.6501324847,4.987835248014704,0.05201487153448758,1.0548688686906758,38836.30859375,174.0,132.8478130808254,11.569974922013538,False,False,science_V_001.fits,676846.2774311187,707.5694883664628,956.579231523573,-10.13084698576829,0.0011349817811440173,14.294745948621019,0.019723254774299613,1
205,93.83216893010344,153.01068795808135,954039.6833496094,830.2952880859375,1149.0366102750472,955742.8141771067,5.054612832443672,0.03280937232832637,1.033922343113796,59364.39453125,187.0,132.84569790268347,11.571666116435624,False,True,science_V_001.fits,998563.2273635503,846.7876886162786,1179.236827350768,-10.553060796245823,0.0009206802016513473,13.872532138143486,0.0197120837884308,1
206,92.04460819708486,166.16876066011378,1517402.7923278809,1048.546630859375,1447.1486032855187,1511786.3408809113,5.808637033264343,0.16656308818630317,1.1998508655248232,59310.75,307.0,132.846205353803,11.575321054776852,False,True,science_V_001.fits,1491408.5205175318,1022.1684398568856,1459.0633621268378,-10.988613423829406,0.0007441075063507895,13.436979510559903,0.019704626137773112,1
207,276.27511127659005,152.7732394380105,295416.2572631836,495.75592041015625,595.8905281832547,299873.1570371499,4.899134112147375,0.06354533082336311,1.0678573484814107,19689.669921875,157.0,132.79396788910861,11.571603677368554,False,False,science_V_001.fits,349739.31496913545,536.2890752194339,652.1470063995472,-9.413983011680155,0.0016648086847688916,15.011609922709154,0.019760824456618344,1
208,296.33010047491223,160.60925008942394,321418.22283935547,522.94677734375,614.6289388605923,320665.5670762072,5.0192161623421745,0.01676659743970177,1.0170525100103824,20469.91796875,188.0,132.78828139077805,11.573780173349444,False,False,science_V_001.fits,319390.1452097843,516.9836317606569,617.795468924342,-9.315425653648505,0.0017573777319706432,15.110167280740804,0.019768838401414232,1
209,280.11550510550626,161.7263139583993,767817.5234069824,761.2154541015625,1008.6730626261551,766186.100470972,5.087213216714509,0.017764198693730138,1.018085472622873,50847.1015625,216.0,132.79287891745275,11.574090617372011,False,False,science_V_001.fits,781797.597066284,758.6340007109013,1030.5332958102017,-10.28735770216693,0.0010535321899972445,14.13823523222238,0.01971873538855279,1
210,469.4789817549919,167.15744080982813,27420.945709228516,212.121337890625,129.27009598330665,28544.968538440484,4.471194912099697,0.02928796060412464,1.0301716259977078,1858.2032470703125,79.0,132.73918586711673,11.575593005905993,False,False,science_V_001.fits,32595.30047766888,283.6590376146476,114.91014265496372,-6.837509346316506,0.009448252129143986,17.588083588072802,0.021840056399750382,1
211,475.6072905286458,175.04303348773144,101887.25778198242,332.64019775390625,306.29869291191505,102888.73956942826,4.831245406104309,0.007205249760916077,1.0072575421648642,6600.2939453125,126.0,132.73744772802343,11.577783078905387,False,False,science_V_001.fits,102958.04169162337,372.3085146919256,276.53958378260063,-8.08627255778594,0.003926020228820169,16.339320376603368,0.020078153054638986,1
212,363.3829385817211,174.6338907286974,669650.8642272949,709.0809936523438,944.3926296459427,699736.6885227546,4.827316776473893,0.20352632749837996,1.2555342813267516,43357.46484375,173.0,132.76926860303413,11.577674521282491,False,False,science_V_001.fits,1458185.7508122437,1014.3468722437469,1437.561243311886,-10.964153999178299,0.0007552373890511544,13.46143893521101,0.019705049575228794,1
213,367.09905684985927,180.84087379555663,1676657.2570495605,1095.1724853515625,1530.9526850570346,1695094.7706360845,5.432497813359618,0.05705743620521653,1.0605099805608458,57767.47265625,249.0,132.76821471306326,11.579398569713893,False,True,science_V_001.fits,2014993.8259832493,1183.6920387600946,1702.2956647524088,-11.315306173502304,0.000637785798601508,13.110286760887005,0.01970089759308701,1
214,399.1639493876984,185.3597870415179,1746067.074005127,1125.9168701171875,1550.7957295491922,1735676.7070741546,5.517597138679194,0.00838813428943641,1.0084590902746264,58656.21875,311.0,132.75912257464174,11.58065268924,False,True,science_V_001.fits,1723405.0913788532,1098.536258274086,1568.8194890230575,-11.145590303111597,0.000692049026415456,13.280002631277712,0.01970272892528764,1
215,354.7549091786287,188.93987304205146,31774.307220458984,226.24497985839844,140.44204313547993,32966.406615260275,4.609783462028219,0.02450152648752202,1.0251169296034872,2142.287841796875,92.0,132.77171465103916,11.581648651997828,False,False,science_V_001.fits,29090.74500272656,281.1046343516749,103.48724797732324,-6.714008982798802,0.010491147665245726,17.711583951590505,0.022311046021699532,1
216,376.16778228148894,197.22050814031246,489162.4422607422,629.7117919921875,776.803687784222,487073.41374265554,5.079288178522816,0.009098273919011857,1.0091818125647996,32607.529296875,213.0,132.76564272869382,11.583948174997076,False,False,science_V_001.fits,479654.0495306291,616.9454042310098,777.4659576701002,-9.756942162538634,0.0013964598569095059,14.668650771850675,0.019740027745177142,1
217,391.32958675141543,200.30978274310567,1036173.6622009277,883.2801513671875,1173.0974148995465,1030696.63944242,5.451154604907211,0.1043049039770978,1.1164513509566327,58823.38671875,268.0,132.76134343173067,11.584805767714078,False,True,science_V_001.fits,1021302.5637652874,860.0773639231368,1187.4542995838674,-10.577507929325975,0.0009143088709860025,13.848085005063334,0.019711787234037593,1
218,71.79845647457812,194.81727335445424,366055.8731689453,544.2068481445312,672.6410636268356,366425.0286667377,5.004178933699333,0.015639315453074287,1.0158877896065837,24535.162109375,182.0,132.85194751647794,11.583278004077208,False,False,science_V_001.fits,370791.4051414272,544.032339655499,681.5613302992718,-9.477446020900896,0.001592960092855139,14.948146913488413,0.01975490109076309,1
219,82.33000244803797,195.807767649731,190496.99938964844,410.02569580078125,464.5977101937655,192881.040551833,4.857077532808754,0.030021613911273004,1.0309508070920324,12715.095703125,143.0,132.84896131945484,11.583553658519323,False,False,science_V_001.fits,202511.29153764652,429.2448767282102,471.784993873958,-8.82074498261855,0.0023012601377695695,15.60484795177076,0.019824590625536025,1
220,230.51525625000554,201.12091333850506,1223702.9366760254,940.9876098632812,1300.4453234552373,1229977.3714842093,5.087521466131894,0.0462996634183519,1.0485473912951566,66027.203125,225.0,132.8069430076298,11.585033564452647,False,True,science_V_001.fits,1508791.1126343126,1029.2741063141254,1465.878820207921,-11.0011946671349,0.0007406478523552198,13.424398267254409,0.01970449579384365,1
221,231.22765165841184,210.28773964658865,1668984.451019287,1090.6268310546875,1530.2983600772966,1694612.1242018284,5.429097478860164,0.05949436222344451,1.0632578475171024,60428.3125,247.0,132.80674106626194,11.58757990967572,False,True,science_V_001.fits,1808448.7092668249,1122.6110831160445,1610.9307457103425,-11.197887363865068,0.000673958208874621,13.227705570524241,0.01970210178929429,1
222,241.2560007284009,222.2701389604235,1019117.0034179688,872.4720458984375,1168.07983500322,1012969.7911345295,5.190009970139557,0.002546584600350177,1.002553086250479,55764.86328125,261.0,132.8038975041899,11.590908405748264,False,False,science_V_001.fits,1007801.8565046999,852.5010416490948,1182.170821228779,-10.563059759162215,0.0009183951934048713,13.862533175227094,0.0197119771961027,1
223,256.0366140080178,224.555459282666,52008.97961425781,260.3636169433594,199.75517403252263,52741.35987788119,4.658858456093213,0.031456339724414306,1.0324779780350468,3522.734130859375,105.0,132.79970630720447,11.591543242873847,False,False,science_V_001.fits,51872.961423594934,308.9156205396258,167.9195157984605,-7.3419744803952325,0.006465597490782866,17.083618453994074,0.020724925721488638,1
224,483.60811636941986,221.65027341898843,1597297.2481384277,1081.69384765625,1476.6629685463743,1586953.4417342197,5.433725272605799,0.007685232104140183,1.007744752323334,60981.98828125,307.0,132.73517611375988,11.590729029328552,False,True,science_V_001.fits,1576616.5559139163,1053.911817659934,1495.9662938542392,-11.048937080889775,0.0007257516459162858,13.376655853499534,0.019703941501637533,1
225,471.1818289881903,226.4635524946654,407219.19921875,579.2947998046875,702.9567663235476,407013.795851724,5.050071248164532,0.01878435992013261,1.019143967088217,25837.04296875,187.0,132.73869941646672,11.59206681382081,False,False,science_V_001.fits,408675.8012135799,576.2230602976379,709.2319439671255,-9.58306918088074,0.001530810913460949,14.84252375350857,0.019749986767113915,1
226,412.30485303104365,237.84047961409934,84041.73916625977,310.623291015625,270.5583953201767,85116.76037347686,4.759075949980603,0.03676131744313216,1.0381642869091916,5568.833984375,119.0,132.75539414443344,11.595230107629947,False,False,science_V_001.fits,84727.10930531191,339.2393403388417,249.75614331959292,-7.874677847860307,0.004347040219189791,16.550915086529,0.02016470564912013,1
227,400.45732894881303,242.8594463000869,226000.97677612305,446.998779296875,505.59640706764463,228856.82653063437,4.9408569886978135,0.035098013911648906,1.0363746934068754,14558.173828125,145.0,132.75875347702203,11.596624760255025,False,False,science_V_001.fits,258184.54110794596,481.16230994454804,536.5851309877132,-9.08444746196813,0.0020233508856302256,15.341145472421179,0.019794255329635017,1
228,400.87034047200814,253.802230147173,1337846.5799865723,991.990478515625,1348.648610003266,1331621.3059996222,5.285444805173917,0.018953250776107655,1.019319416522303,58362.93359375,271.0,132.75863591052516,11.599664405012932,False,True,science_V_001.fits,1324763.2816417066,972.0131136466781,1362.906799345149,-10.859967579796088,0.0007966061953184609,13.565625354593221,0.019706678479105084,1
229,386.71931760838515,261.33554780684034,118583.63580322266,353.24737548828125,335.6957306174143,119260.1420060537,4.836100666156054,0.0198957293863532,1.020299604830715,7619.88427734375,135.0,132.76264842394656,11.60175753574042,False,False,science_V_001.fits,116019.38801543872,370.65403625855527,313.012611940121,-8.215948299792199,0.0034685503349868004,16.209644634597108,0.019993734935592717,1
230,129.53844327379755,244.1321242955879,1038273.0531311035,870.7015380859375,1192.4557471364278,1051167.2414204252,5.09522164383047,0.04515242352388793,1.0472875720023547,57278.7734375,222.0,132.83557694670694,11.596979030393467,False,True,science_V_001.fits,1144364.9428544478,902.5484788846309,1267.9262883126828,-10.701033236304944,0.0008562800613944334,13.724559698084365,0.019709180875722494,1
231,138.46184597327854,248.25370479392308,1618432.286529541,1064.182373046875,1520.822302192232,1640887.105736605,5.1170179557270234,0.1573218487428757,1.186692687484753,56919.37109375,179.0,132.83304670464648,11.598124212072024,False,True,science_V_001.fits,2587153.2976217307,1333.12070352753,1940.6744571410102,-11.586677281296813,0.0005594446796602078,12.838915653092496,0.019698517040579573,1
232,143.14753738372852,252.580463714734,1298521.142211914,964.2738647460938,1346.6310658060115,1327073.147896778,4.962049100899247,0.17124710411227906,1.206632284438472,57198.3828125,213.0,132.83171813084857,11.599326237258557,False,True,science_V_001.fits,2350913.6583897043,1272.9514635282633,1846.8211284927024,-11.482713571934601,0.0005878750157499566,12.942879362454708,0.019699344970900597,1
233,171.70716732657067,250.3421729388211,74999.88330078125,292.1825866699219,256.68840896910973,76093.80092299002,4.816450061975941,0.016738225166492482,1.0170231626967567,4878.140625,116.0,132.82361945632988,11.598705260162655,False,False,science_V_001.fits,77695.31124939531,324.33249335028256,239.5545091607073,-7.780608901096054,0.00453216265393547,16.64498403329325,0.02020542238039411,1
234,178.3937570230736,262.46396201443577,1531716.5031738281,1044.0675048828125,1467.0665412058295,1570660.1906241956,5.270046047946399,0.11549629634291803,1.1305775158039308,57088.43359375,224.0,132.82172361379574,11.602072571315988,False,True,science_V_001.fits,2094004.8353394116,1204.4283259462914,1738.5881668751028,-11.357066074512085,0.000624472212963126,13.068526859877224,0.019700471080488578,1
235,171.32843221437875,267.37605560782066,1918293.3391723633,1168.1551513671875,1642.1562982684516,1945986.343322591,5.985081311455625,0.16929105349791895,1.2037910560741685,57004.19140625,279.0,132.8237272557971,11.603436885087989,False,True,science_V_001.fits,2258430.3213698366,1250.5316595138402,1805.976125584721,-11.439138613928437,0.0006011707378736708,12.986454320460872,0.01969974622944365,1
236,153.4133345404212,273.9335011221213,1197527.529083252,941.921142578125,1271.3670762347565,1188780.549010126,5.2723154880976955,0.010230214040881314,1.0103359530529292,56751.578125,291.0,132.82880768266767,11.605257938611393,False,True,science_V_001.fits,1177444.54909025,917.5334211537566,1283.2715647672724,-10.7319730327764,0.0008460407210822108,13.693619901612909,0.019708738674763866,1
237,137.42585973734742,280.30991740596534,571747.628112793,669.7036743164062,853.732255084906,569010.9109003276,5.081750115838859,0.010060277021814112,1.0101625147352895,36033.625,222.0,132.83334154043118,11.607028680514095,False,False,science_V_001.fits,566995.7517677633,656.1148207170667,864.1715350189692,-9.938571386393395,0.0012563477920806178,14.487021547995914,0.01973061086289701,1
238,101.93290362530844,273.8923963427243,905545.7050170898,839.863037109375,1078.206403908166,910405.2008290642,5.023125704196493,0.05066065666855579,1.0533641179251838,56893.6875,213.0,132.84340623613562,11.605244707764495,False,True,science_V_001.fits,987808.5107718398,864.8695152449868,1142.1474492508025,-10.541303783143396,0.0009505777916084045,13.884289151245913,0.019713502818786487,1
239,110.3082203771594,273.51759181760065,361878.2937011719,535.29296875,676.0378238223811,374198.66132629686,4.858911254558751,0.07424556426853146,1.0802000632164053,22780.123046875,152.0,132.84103119210786,11.605140940278917,False,False,science_V_001.fits,579910.8712861539,661.892974237528,876.1399408328606,-9.963024999831646,0.001239185601980354,14.462567934557663,0.019729525493649338,1
240,465.16831061610344,283.78740727648415,2122406.7629699707,1248.9041748046875,1699.415219988265,2112140.8699765597,6.989832299656455,0.31614815686521536,1.4623050446365526,60466.59765625,417.0,132.74040121736257,11.60799045222542,False,True,science_V_001.fits,1978549.5639495149,1174.8296085293246,1684.1161897735137,-11.295489209282628,0.0006446704844907459,13.13010372510668,0.01970112167573149,1
241,497.7216398914275,284.01771536020556,675027.1336669922,732.131591796875,922.0024668110127,670720.0299445414,5.139011406647529,0.006208958965416844,1.0062477509949708,45092.078125,247.0,132.73116981363725,11.608052387426723,False,False,science_V_001.fits,666487.7807781425,711.0214282623491,937.36665912722,-10.114102352979458,0.001158244737455131,14.311490581409851,0.019724607122075872,1
242,481.89164942672227,289.00902865045714,305663.7372741699,551.0579223632812,554.685315045091,304988.92995649006,5.123348126956521,0.02142527265031713,1.0218943653984853,20700.8203125,191.0,132.73565852192002,11.609439890685236,False,False,science_V_001.fits,288544.5589015965,544.0638088814784,530.3505842353402,-9.20515409706663,0.002047136426870092,15.220438837322678,0.019796700805907588,1
243,476.97175049381326,300.31572787298927,245686.67041015625,483.0505676269531,508.6148053134955,250680.62039673535,4.881090485617311,0.1973524055261292,1.2458767794046555,17949.3046875,138.0,132.7370529929537,11.612580943950553,False,False,science_V_001.fits,549083.6155410424,673.3827193064261,815.4109094254603,-9.903718085817166,0.0013314759312761536,14.521874848572143,0.01973553706905316,1
244,473.095434747318,308.2232182069054,1641967.4030456543,1089.968994140625,1506.434964547085,1642442.601909694,5.470928038946561,0.019386132514038756,1.0197693844201283,60332.96484375,267.0,132.73815175986252,11.614777703680751,False,True,science_V_001.fits,1666000.7406294954,1084.9876610730844,1535.5020157388446,-11.108809849387729,0.0007070651740418516,13.31678308500158,0.01970326207532008,1
245,462.84052472397525,320.2747152422269,1103055.9107971191,910.0650634765625,1212.0626920709465,1095790.0421851613,5.202395063083769,0.003179481664437267,1.0031896230123214,59478.421875,265.0,132.74105918462627,11.618125944221035,False,True,science_V_001.fits,1087087.9936137754,887.7264598726075,1224.5754100534268,-10.645283622007808,0.0008865930110034075,13.780309312381501,0.019710521109690727,1
246,446.9962027377206,325.5017683639745,459676.69708251953,616.1155395507812,746.0884648643604,457741.63002121926,5.0678586934204395,0.006827973238746177,1.0068749149742087,29444.302734375,209.0,132.74555215716654,11.619578779653631,False,False,science_V_001.fits,454531.155918945,603.6570164304703,752.9625988722327,-9.698531017467918,0.0014419042879767637,14.727061916921391,0.019743294639550144,1
247,67.80980819267955,288.1938350028847,665008.3858337402,717.2428588867188,927.1732406871848,661055.4075916212,5.099832872527481,0.0074520374290040214,1.0075079872308648,44747.46875,242.0,132.85308343978724,11.609215722285786,False,False,science_V_001.fits,658914.2406806408,700.0610928842958,941.2239122815305,-10.101694108466674,0.001153498105852686,14.323898825922635,0.019724328965229958,1
248,77.10939198768288,306.7633592420217,1474737.8344726562,1037.2388916015625,1421.7918807455897,1465107.713698607,5.388316895098097,0.0032858886726895298,1.0032967213319712,58317.3203125,313.0,132.85044720770512,11.614374390893303,False,True,science_V_001.fits,1457745.2593489045,1011.3557922344651,1441.3772784434223,-10.963825968417895,0.0007532379039389836,13.461766965971414,0.019704973042060578,1
249,371.4007469661625,287.0223263543701,175051.9061279297,408.44683837890625,428.5794127399715,175773.31572445226,4.902489827062051,0.006997248021118008,1.007046554510724,11492.728515625,148.0,132.76699148709042,11.608893276180735,False,False,science_V_001.fits,175800.8997337682,419.6102046820647,418.96240313547935,-8.667174607603288,0.002591401977539542,15.758418326786021,0.019860361513769065,1
250,366.8269108106981,298.1412464522277,291279.4850769043,502.1308898925781,580.0867680919179,291486.40991688275,4.961225685063592,0.009145887964386201,1.0092303073210211,19844.244140625,171.0,132.76828817805972,11.611982008918032,False,False,science_V_001.fits,290348.5627733078,502.46629999218385,577.8468382413395,-9.21192107557845,0.0018788715766002932,15.213671858810859,0.019780008939577355,1
251,35.60639523857254,313.1745952051466,528886.171081543,679.37060546875,778.494339943695,528404.341265242,5.978843012805353,0.2580961479031544,1.347883552799593,28517.345703125,246.0,132.8622171884394,11.616153006666751,False,False,science_V_001.fits,519348.3631183196,657.993877192543,789.2905711132435,-9.843268791916056,0.0013755390470060857,14.582324142473253,0.01973855878523663,1
252,49.41854793438919,314.22519541782225,427071.89724731445,587.0386962890625,727.5021220015467,425729.5566940048,5.073290155697828,0.01972539884297242,1.0201223196231854,27132.29296875,203.0,132.85830032012143,11.616445652367831,False,False,science_V_001.fits,423953.87496910867,577.6316717692872,733.9519207292373,-9.622918396795956,0.001479252208947521,14.802674537593353,0.01974605738738951,1
253,414.5913607392469,323.65931362098036,1109273.859527588,909.776123046875,1219.2822293605457,1103098.642363916,5.188375913608863,0.0072139176980930975,1.0072663364512189,58710.2578125,254.0,132.75474190656237,11.61906856437098,False,True,science_V_001.fits,1098162.3548234224,890.4250878915276,1233.3012285444518,-10.656288253905995,0.0008803202128334443,13.769304680483314,0.019710239950988084,1
254,403.74860160724745,331.74002980926434,468704.3384094238,617.3193359375,759.257504379998,467819.3770133873,5.065678568833382,0.007299808813524322,1.0073534878690813,30724.0078125,198.0,132.75781645266653,11.621313669752533,False,False,science_V_001.fits,467058.24490407045,609.4866704532656,766.3141255521251,-9.728049481575692,0.0014167819224495688,14.697543452813617,0.019741475787391976,1
255,417.94722058853984,338.0299572349481,93418.78387451172,325.8963623046875,286.651815362003,94164.97289190462,4.821870563909077,0.010743487826249232,1.0108601638645187,6276.6650390625,126.0,132.7537895613302,11.623060258119295,False,False,science_V_001.fits,91996.07558461279,350.7189728755544,262.307096848324,-7.964045127505339,0.004139041654018966,16.461547806883967,0.020120891159740112,1
256,499.2780531446676,333.92176758302344,1340033.128753662,997.7959594726562,1342.993140062304,1331098.59360664,5.27350992119724,0.008396982459152769,1.0084680888527116,61298.60546875,290.0,132.73072500947686,11.621914508166602,False,True,science_V_001.fits,1324935.226579778,971.8011389638746,1363.3810184585827,-10.860108491559576,0.0007963291151196131,13.565484442829733,0.019706667280592904,1
257,508.91903563569,340.2022985396618,269145.2899169922,445.1429748535156,604.6266146411959,269307.87579257495,3.431714408856759,0.3071137957944474,1.443238433570166,53631.640625,53.0,132.72799045907146,11.623658433274132,True,False,science_V_001.fits,286419.1350537088,486.96731654364663,588.1691138670848,-9.197126946281934,0.001845897675350134,15.228465988107375,0.01977690404174189,1
258,467.6716801257336,346.3100622802746,1147727.1033325195,916.6822509765625,1252.0446448153868,1155774.9079882987,5.0423464989075555,0.09698064182748745,1.1073959721348081,59917.10546875,213.0,132.7396875654339,11.62535769875559,False,True,science_V_001.fits,1692740.4642960564,1090.8399005265442,1551.7771796566822,-11.12609781396101,0.0006996494176053048,13.299495120428299,0.019702997349539463,1
259,464.9311591277476,352.21366824572567,793412.2883911133,767.9390869140625,1033.1708620008053,836206.7128380344,4.762552262983571,0.17325987753228766,1.2095699396022166,55843.40234375,172.0,132.74046441388273,11.626997748512382,False,False,science_V_001.fits,1536828.8795295449,1041.8916954249823,1475.037075617231,-11.021185656626695,0.0007360492952664852,13.404407277762614,0.019704323480228037,1
260,246.58182497886102,348.9445337700917,679382.0825805664,717.0592041015625,947.4560520170667,689563.1945706484,5.028439551396975,0.05133095255884379,1.0541083876377106,44517.22265625,189.0,132.8023876123946,11.626095752029713,False,False,science_V_001.fits,737162.2954145996,740.7062297580432,995.2154657257288,-10.223529658286436,0.0010909195419388788,14.202063276102873,0.019720768258244602,1
261,273.2438972518379,354.2924384004952,1723932.2123413086,1118.4229736328125,1541.395565884799,1713792.800026449,5.575119682742688,0.00415683803224931,1.0041741894617577,57180.29296875,310.0,132.79482632434735,11.627581244467999,False,True,science_V_001.fits,1697640.9498421552,1090.9541282889875,1556.1066279703925,-11.129236480461133,0.0006977028312102642,13.296356453928176,0.019702928322690577,1
262,255.4654945303935,352.9336948166577,926658.1463928223,837.5595092773438,1106.3788735350327,935536.6193433203,5.9497320557236675,0.2586715841156032,1.3489298110972998,53422.72265625,257.0,132.7998682375637,11.627203861868301,False,False,science_V_001.fits,946434.9759631169,830.0724787327551,1140.1835384399308,-10.494848827739515,0.0009522151157220894,13.930744106649794,0.019713581837784155,1
263,234.90460447522187,356.33694362549454,575100.4842834473,673.7369384765625,853.5979719085174,573011.1599387394,5.0853513743688525,0.003403775593605385,1.0034154008516667,37670.3984375,218.0,132.80569926885562,11.628149152613394,False,False,science_V_001.fits,571109.3392369766,660.8961142704109,864.1438902503559,-9.946420029425331,0.0012563879838176672,14.479172904963978,0.01973061342214897,1
264,301.72463772317053,357.3893082811018,691434.9509277344,721.3588256835938,958.5173512953112,710109.1216116333,4.9490991346737285,0.08338313512152518,1.0909683623730622,44324.3359375,179.0,132.78674921294808,11.628441229493303,False,False,science_V_001.fits,1006818.730284347,854.6671834031523,1178.0243231936797,-10.562000089839847,0.0009216278294293755,13.863592844549462,0.019712128071428067,1
265,286.6064875163983,362.01835307432657,1782966.1930541992,1136.1094970703125,1569.36122587826,1773131.7880402408,5.627133934712467,0.01940693054488185,1.0197910133667023,56857.4609375,309.0,132.79103665642032,11.629727239016987,False,True,science_V_001.fits,1754801.9613808265,1108.456059799882,1583.1046669523682,-11.165192151925122,0.0006858043076141511,13.260400782464187,0.01970251057090811,1
266,309.04856164688186,358.61453614751974,702508.3016967773,727.85546875,965.175549073289,714981.7121419032,4.911817826904073,0.09825185523648317,1.108957091630335,45793.0703125,184.0,132.7846721404446,11.628781468199648,False,False,science_V_001.fits,1011647.8627132549,856.2822598796331,1181.4420432527254,-10.567195294890762,0.000918961709717787,13.858397639498547,0.0197120035986282,1
267,18.26647767508588,381.9606512892816,1252201.1897277832,954.2643432617188,1312.2162622651317,1247356.0813178138,5.176742933123941,0.007421395242929729,1.0074768841554327,62727.87109375,252.0,132.86713913684954,11.635259132558684,False,True,science_V_001.fits,1245530.7027164456,938.7852966952782,1326.74713494233,-10.793007967784803,0.0008183171995673407,13.632584966604506,0.0197075680459947,1
268,12.11081455003174,393.67120501952155,1051887.9497680664,879.2924194335938,1196.2891144286812,1047402.2102755927,5.109618407984392,0.00796435615267832,1.0080282963642222,62292.48046875,238.0,132.868885716897,11.63851165109771,False,True,science_V_001.fits,1048255.6196996962,866.1596370929705,1210.233743075216,-10.605789872378669,0.0008970994291079885,13.81980306201064,0.01971099649013488,1
269,368.9739862305828,397.03685353121716,1415140.9768981934,1015.52392578125,1393.5082581235247,1413956.6618920304,5.2817007714631865,0.030794766129583095,1.0317732148500762,58683.00390625,252.0,132.76767612531526,11.639452933370837,False,True,science_V_001.fits,1433872.7744254328,1007.8232378696974,1422.7423228068292,-10.94589842075215,0.000763103748722466,13.47969451363716,0.01970535263779154,1
270,361.3602368306407,404.31675752152245,916719.4325256348,828.5032958984375,1106.4765065678282,917397.8064130072,5.060667463739076,0.036895453851064186,1.0383088772642535,57094.53125,216.0,132.76983523932591,11.64147536031781,False,True,science_V_001.fits,963950.874275493,838.4081231810294,1149.739425970896,-10.514759127950688,0.0009443009219964621,13.910833806438621,0.019713201147446527,1
271,253.15731411037257,422.25128669593795,554419.3192443848,659.758056640625,840.3373231505394,562603.2952533183,4.721628738624866,0.06187002753953419,1.0659503793245892,37181.37109375,161.0,132.8005228672533,11.646458739922364,False,False,science_V_001.fits,966888.5708931792,845.9572041602813,1142.952109324416,-10.5180629407514,0.0009499085667217878,13.907529993637908,0.019713470560343633,1
272,255.02550497598017,429.7447958623462,1105355.5612487793,885.8150024414062,1247.8401903357862,1133848.5739783566,4.987360630867181,0.03500684743422744,1.0362767832508961,58135.07421875,142.0,132.7999930168411,11.648540269286714,False,True,science_V_001.fits,1600587.7003791716,1059.8479320218084,1510.2050511395785,-11.065320562192614,0.0007189089979408736,13.360272372196695,0.019703690654182635,1
273,264.0072503887335,428.33420748463305,125905.33505249023,343.9408264160156,366.0668504069962,130018.10876243208,4.59054453171352,0.09211051427316996,1.1014556460023643,8186.8134765625,103.0,132.79744562732972,11.648148428199194,False,False,science_V_001.fits,268979.97790333297,488.33010113003286,550.8158872059963,-9.128921757971408,0.0019710760441337192,15.2966711764179,0.01978898016624812,1
274,251.7951893327331,436.13789947495763,453856.17681884766,603.2632446289062,752.3352050033059,478857.00273131474,4.769566495071879,0.17234835964331185,1.208237803490652,33018.90234375,160.0,132.80090920131883,11.650316128653685,False,False,science_V_001.fits,992620.9913809906,854.1978700387489,1162.0504173534903,-10.5465805119652,0.0009342968117275201,13.87901242242411,0.01971272446367594,1
275,248.20127328086025,453.54421214555697,669066.031463623,725.90185546875,921.7031564571146,664577.6835423966,5.116478987461718,0.004638745844468661,1.0046603640890204,42757.83203125,244.0,132.80192854386885,11.655151206413873,False,False,science_V_001.fits,661210.9549327733,706.2375363079915,936.2444233556257,-10.105471974898915,0.001159633075419243,14.320120959490394,0.019724688695084897,1
276,288.4714505487161,424.90715225077577,495620.40560913086,634.833740234375,780.7089859876575,504874.0482779532,4.720300405369807,0.17686467389609262,1.214867067767866,35862.421875,157.0,132.79050715905817,11.647196324832711,False,False,science_V_001.fits,1034911.7884731598,876.0840510279157,1181.2928077607282,-10.591880208880761,0.0009190778043066774,13.833712725508548,0.01971200901122899,1
277,293.7978862627986,429.405315002479,987254.9157714844,852.896728515625,1157.5316011467125,1004377.32207059,5.013967105836659,0.057806299918909176,1.0613528830790675,58483.6875,204.0,132.78899643907081,11.64844576016405,False,True,science_V_001.fits,1277272.2222699136,962.8165973509522,1326.5997135738412,-10.820330542474094,0.0008184081369014768,13.605262391915215,0.01970757182219439,1
278,328.4325595216769,428.4191155338051,645026.3641052246,700.3306884765625,921.0311281779726,647578.9586973558,4.903918786488915,0.07252209897527484,1.0781928053435546,38661.6796875,175.0,132.7791734143509,11.648171276506039,False,False,science_V_001.fits,915654.5833854239,818.8324513004801,1118.2441315450671,-10.458951058153009,0.0009708971139422828,13.9666418762363,0.01971449305597953,1
279,349.7495614592354,434.5722122289643,1093256.070098877,906.847412109375,1205.5568064707882,1086421.6007710288,5.16574540625159,0.007427708679930811,1.0074832923958137,59776.16796875,268.0,132.7731273533373,11.649879970942273,False,True,science_V_001.fits,1082510.0422782039,884.441215884893,1223.9479830156274,-10.640701708857932,0.0008870475012549106,13.784891225531377,0.019710541558209057,1
280,330.126761164515,436.7255271907323,1205903.3187561035,940.7313232421875,1281.8785650721322,1207315.7745036897,5.130127451558763,0.061554318374108186,1.0655917753997899,59048.203125,234.0,132.7786927312121,11.650478576270691,False,True,science_V_001.fits,1339865.126287447,976.2992949642025,1372.391779035931,-10.872274582905979,0.0007911006292697817,13.55331835148333,0.019706456694546452,1
281,123.89765364905044,440.7450147102866,226362.3366394043,443.3572692871094,510.5641709752063,231008.84285730834,4.903245302002852,0.05058952282993434,1.0532851954412046,14731.275390625,146.0,132.83718376074847,11.65159349674821,False,False,science_V_001.fits,309401.55510546896,510.442816200235,606.1434215269627,-9.280928104560015,0.0017911602459777015,15.144664829829294,0.019771870176469766,1
282,119.18558031265637,446.0623409303655,151762.98974609375,372.71478271484375,407.18264148434497,156124.52937655375,4.671004476573,0.15732305727994467,1.1866943893968733,10225.7119140625,121.0,132.8385204119104,11.653070355605728,False,False,science_V_001.fits,267072.6704108756,481.7829461021401,554.3423082357402,-9.121195496218887,0.0019585371418886794,15.304397438170422,0.01978773516561613,1
283,12.343042510037915,451.5889353717039,1269992.177581787,954.3677978515625,1330.7156637522207,1300867.9893369335,5.01696105883123,0.08532252621155034,1.09328154311941,65269.70703125,210.0,132.86882382254348,11.65459990283348,False,True,science_V_001.fits,1728959.6137867055,1097.9239987933224,1574.7534580598704,-11.149083996157989,0.0006894412547203456,13.27650893823132,0.01970263750090617,1
284,15.895806631949915,459.0201184793178,1698071.0033874512,1089.39306640625,1558.73123829321,1709083.6789125386,5.1456910673000875,0.1271296186466977,1.145645471953803,65480.83984375,179.0,132.8678166725028,11.656664354689422,False,True,science_V_001.fits,2342534.5451002126,1270.8734650503816,1843.247663533007,-11.478836884291312,0.0005890147165134646,12.946756050097997,0.01969937901520434,1
285,20.720973177580426,466.16904107588635,1411953.3988952637,1004.145263671875,1406.1246415007224,1424921.7016012934,5.146837039637232,0.06625493899892554,1.070956133281062,65996.46875,219.0,132.8664485987292,11.658650480474172,False,True,science_V_001.fits,1764538.2340512685,1109.4345299010129,1590.4843291732645,-11.171199556790478,0.0006826222554260237,13.25439337759883,0.01970240006679406,1
286,24.171913743755134,481.8578475186048,1916730.7297973633,1172.2977294921875,1635.0204232056708,1907135.9081189241,5.6396641383665616,0.07392412268334414,1.079825125018419,65655.546875,315.0,132.8654708348582,11.663008697507106,False,True,science_V_001.fits,1893297.8231851894,1146.6628234479954,1651.1373565701515,-11.247669212955003,0.0006575467484154594,13.177923721434306,0.019701547222864386,1
287,92.60357892729736,464.9253280799663,696399.6647033691,733.5625,949.3392379018409,692258.9798178233,5.120481849135469,0.0015718932503815397,1.0015743679887967,45180.20703125,239.0,132.8460605540701,11.658308966789198,False,False,science_V_001.fits,689257.9715989515,716.437493546814,962.0629542804818,-10.15057636811787,0.0011285124275593641,14.27501656627144,0.019722883550524747,1
288,105.560764596163,472.5049896461011,369896.0037841797,551.457275390625,670.7609461171107,373453.05683827307,5.079081163226661,0.032520736150967844,1.0336138844171057,22410.982421875,185.0,132.84238584411304,11.660414986861275,False,False,science_V_001.fits,368671.11223179864,553.3569581669728,666.2446487580877,-9.471219646929022,0.0016295815689083544,14.954373287460287,0.019757887825831218,1
289,116.87829675312132,476.22663355878706,1167100.8842468262,928.40283203125,1257.1061224504554,1160199.9469246771,5.217212972405614,0.008380507964254491,1.008451334439836,61500.86328125,268.0,132.83917598778746,11.661449227666276,False,True,science_V_001.fits,1145191.0088502674,908.5921136537164,1260.401660592361,-10.701816698091434,0.0008613920736106815,13.723776236297875,0.019709403632603473,1
290,131.4845498792855,489.09928290719364,1871441.9472351074,1165.7574462890625,1605.344193333218,1858104.187359456,5.579349074372133,0.0016244620803187448,1.0016271052510999,62478.08984375,353.0,132.83503363674672,11.665025489657571,False,True,science_V_001.fits,1842741.2705483274,1133.1994556760317,1626.1402715279323,-11.218282780372533,0.0006676545799950388,13.207310154016776,0.019701887165614163,1
291,105.24357065490491,491.70399854868225,1593402.539642334,1079.661865234375,1475.8347876781174,1581280.6184030287,5.435049332909042,0.004620674345274689,1.0046421240889603,62478.046875,332.0,132.84247662185027,11.665748023768264,False,True,science_V_001.fits,1568919.0870135918,1049.6707554534134,1494.67733464279,-11.04362324038614,0.0007263775096044187,13.38196969400317,0.019703964563885686,1
292,400.05476458522435,481.60496712717446,55444.00686645508,268.00457763671875,206.87708902349289,57468.24335354331,4.676448694085086,0.07117925131362712,1.0766340022165692,3688.006103515625,98.0,132.75885785551392,11.662942934226594,False,False,science_V_001.fits,71711.07543013747,331.0266879151044,216.63230805284377,-7.6935874628873,0.005011717826203292,16.732005471502006,0.02031836388142233,1
293,410.1769709080496,488.1744937325795,1584658.317565918,1079.1878662109375,1468.3804063973616,1574550.675703057,5.402046294687936,0.002413819643146242,1.0024196602666275,62607.1171875,303.0,132.7559865716689,11.664767377530627,False,True,science_V_001.fits,1565272.5342850194,1051.3834315997024,1488.77420666923,-11.041096785985872,0.0007292576638797295,13.384496148403437,0.01970407094964721,1
1,502.9978287761906,1.999697869751928,67384.45645141602,230.43873596191406,292.41809615963626,67440.67169362651,2.6613360458915487,0.0007504043022216189,1.0007509678317135,67222.609375,25.0,132.72969331479558,11.529713618511602,True,True,science_V_002.fits,64758.816369383945,291.3194452527332,222.2948636786077,-7.5828691298594695,0.004884053468593396,16.843635895394694,0.016549908170495276,2
2,381.4210297673158,15.76694191316524,65182.881286621094,350.8373718261719,185.79229728957444,65875.81247639135,4.858511442322476,0.07005114251598032,1.0753279515881162,4704.388671875,119.0,132.76415960142626,11.533544099420263,False,False,science_V_002.fits,67166.95205209746,373.8921241524265,179.64259665634242,-7.62251097662517,0.006043666815153824,16.80399404862899,0.016928419617328095,2
3,177.82407726824715,23.139184354208524,1377511.450378418,1020.0736083984375,1350.4039699068132,1369379.9037290374,5.258580459074872,0.0013781741265311842,1.001380076111721,61284.9921875,280.0,132.82187992386696,11.53559331937081,False,True,science_V_002.fits,1366308.933230323,979.5091681823249,1394.8914186947147,-10.893494143685498,0.0007783401528241934,13.533010881568666,0.015831970678385095,2
4,479.8374556255273,18.408985875341617,18558.30795288086,185.1648406982422,100.2258737830515,19563.56014014069,4.230627631175035,0.029899219847712377,1.0308207358033654,1252.62548828125,67.0,132.73625819010144,11.534273249041693,False,False,science_V_002.fits,19416.743052255893,262.81538185023163,73.87978175235097,-6.275062832788333,0.014695495496174113,18.15144219246583,0.02158710425336897,2
5,271.6818688059408,21.972097339181374,366359.02365112305,550.00634765625,666.0996281448279,365648.389325997,5.09409731909124,0.047107593145865656,1.0494364240989031,23652.935546875,192.0,132.79527085236168,11.53526990925469,False,False,science_V_002.fits,364494.3996131441,543.0945179233515,671.1435810600213,-9.45884902367455,0.0016176866331422224,14.967656001579615,0.015895357567881074,2
6,499.64416155831816,25.434036556009808,1116350.8955078125,915.3757934570312,1219.5547484293568,1107342.7365031084,5.224932569552012,0.024438991878205085,1.0250512184012526,64933.5390625,286.0,132.73064245501686,11.536223370287278,False,True,science_V_002.fits,1102415.0133965488,889.7282178670728,1239.0469260819284,-10.66048467180426,0.0008762379996641155,13.766020353449903,0.015837085438924755,2
7,428.65104365196356,38.699948460233806,976197.9950561523,857.46044921875,1138.4758281802813,969843.2749471428,5.122103774960311,0.003185387631540859,1.0031955667503432,61821.06640625,260.0,132.7507686764781,11.539912421524575,False,True,science_V_002.fits,967930.2092561327,837.0237296748022,1156.39518324312,-10.51923198521571,0.0009388658961334873,13.907273040038454,0.01584067395468607,2
8,120.72447123632786,36.44251743388509,18043.1396484375,174.13645935058594,103.61494494447919,18719.49331386641,4.157255238944362,0.042253161406388684,1.0441172548984183,1187.995849609375,65.0,132.8380684013137,11.539287025140137,False,False,science_V_002.fits,17118.593489663297,245.68956347401266,69.6757047699097,-6.138292071510052,0.015582188993786437,18.28821295374411,0.022200227386354094,2
9,293.9040425263165,48.33824386346041,62598.40869140625,272.4124450683594,229.7927639675117,63441.61781216033,4.626058633596716,0.009215388865171925,1.0093011021382505,4289.70703125,106.0,132.78897049088488,11.542593660624165,False,False,science_V_002.fits,62327.65607213993,307.3964362170948,202.75985251866038,-7.541323861250181,0.005354610326026357,16.88518116400398,0.016694829556222944,2
10,450.2272447030312,52.501115465255126,1411791.9063415527,1019.9223022460938,1384.2151536763886,1402007.0340314775,5.296079050711175,0.0016794122039360815,1.0016822373739118,63612.54296875,303.0,132.7446508832239,11.543744979055024,False,True,science_V_002.fits,1396261.7240383737,993.4096864295022,1405.5245716968957,-10.917038956026499,0.0007724518104220903,13.509466069227665,0.015831682284810147,2
11,254.46543421387057,50.995153190654705,72786.10046386719,284.81549072265625,255.555272921387,73589.98822351574,4.630712085310325,0.01871002495169216,1.0190667645929747,4906.04296875,108.0,132.80015178256957,11.543331898356458,False,False,science_V_002.fits,72723.55846313616,317.01097356300704,229.4039150940688,-7.7088096774323,0.00473270039682976,16.717695347821863,0.016505875778458398,2
12,487.84790379078896,58.37957435298103,59256.678771972656,272.7204895019531,217.2798929782952,60442.2477737704,4.673140349812119,0.02199522751519134,1.0224898979371115,3913.35546875,106.0,132.73398458266146,11.545375666837092,False,False,science_V_002.fits,59266.411082077655,310.49634702206,190.8763553919265,-7.486643446633071,0.0056879753271207,16.93986157862109,0.0168047179532916,2
13,205.97486636698483,79.00384169514038,189704.0467224121,413.8426818847656,458.39652367040077,190145.64291300633,4.872447356015624,0.0008822261355627692,1.0008830051457802,13209.2919921875,151.0,132.81389983030002,11.551111752267262,False,False,science_V_002.fits,190048.16379564052,421.05038308635034,451.3667993900503,-8.75178106879039,0.0024053607874286484,15.674723956463774,0.01599472546452256,2
14,13.33120559176313,83.18001723866392,321539.20053100586,512.2290649414062,627.725411418789,321161.7494373684,4.931026091006828,0.004625542065234356,1.0046470371309624,21558.79296875,176.0,132.86851840531676,11.552264092580383,False,False,science_V_002.fits,322919.1255444233,510.3905304125842,632.6902759802093,-9.327356293431334,0.0017160055104655362,15.09914873182283,0.01590566430802861,2
15,387.45688559811055,80.3737936651968,21731.413635253906,194.63893127441406,111.64988161908683,22721.674087464027,4.296399659995741,0.013921746375083144,1.0141182977354033,1409.994873046875,73.0,132.76244601021466,11.551490210361218,False,False,science_V_002.fits,23082.529788187505,263.89506538667933,87.46859193583332,-6.462830385774616,0.012412455442251388,17.963674639479546,0.020102600137137067,2
16,241.13902992533926,93.16327087967,34621.036224365234,222.67991638183594,155.4744441568745,35663.68728123034,4.485178122347686,0.034157723856206634,1.0353657369323117,2404.7109375,88.0,132.80393014374422,11.555045228717795,False,False,science_V_002.fits,35503.8487780744,274.25717071937794,129.45458703941134,-6.930310461782659,0.008386724834010463,17.4961945634715,0.017899235615219854,2
17,27.47535752753894,101.97831803581997,219384.1146850586,436.1435852050781,503.00892212343894,219487.28964172653,4.879747378277189,0.009188789797979768,1.0092740066960952,14307.044921875,160.0,132.86450945130133,11.557486749640058,False,False,science_V_002.fits,220680.05552446606,439.4315108258783,502.19442640723366,-8.914029585433122,0.0021619116878043502,15.512475439821042,0.015959929332976765,2
18,322.4784665168481,105.15981646964622,586227.5121154785,678.713623046875,863.7332332947603,583513.5997578797,5.062119588128558,0.004961868640286582,1.0049866115517665,37492.52734375,223.0,132.7808682374977,11.55837700000033,False,False,science_V_002.fits,580511.7812741467,664.6531176792212,873.4056394727043,-9.964149469069888,0.0012430650214892854,14.462355556184276,0.01586161066271005,2
19,249.00621674023137,108.6398160275608,1655173.4404296875,1102.434326171875,1501.3805368136168,1641645.1372727412,5.6794099809952385,0.0841847189013164,1.0919232520343205,58131.859375,369.0,132.8016996340159,11.559344288137266,False,True,science_V_002.fits,1628707.8961832477,1066.693581352219,1526.8751257681497,-11.084229878779364,0.0007110601133500027,13.3422751464748,0.01582880566096332,2
20,308.7372886370004,115.44501039239302,9410.301147460938,146.8926239013672,64.0624484574501,10395.654825993079,3.854926522842269,0.030400095620798262,1.0313532370243603,711.2617797851562,49.0,132.78476408079348,11.56123422618022,False,False,science_V_002.fits,8052.254953837797,245.29149377617193,32.827289808856825,-5.319415667156938,0.033073092732348486,19.107089358097223,0.03665889994326438,2
21,339.0345604151476,122.9397073296033,1999074.5916137695,1204.61572265625,1659.5122859642659,1989567.6685886253,6.25766249752338,0.22831072898820837,1.2958583688598668,58247.5546875,373.0,132.776173711413,11.56331551039654,False,True,science_V_002.fits,1956080.7403798443,1165.8794112172488,1677.7727795515125,-11.283088816603563,0.0006471078880479989,13.143416208650601,0.015826061758584194,2
22,274.41481303868886,127.61735655126618,782246.3065185547,798.1909790039062,980.0239881121564,777571.4542772055,5.104418741617293,0.0014183460000833925,1.0014203605628063,48582.4140625,250.0,132.7944954734866,11.564615777858053,False,False,science_V_002.fits,776334.4193221778,754.9712156017914,1028.2967128797852,-10.279743977380388,0.0010558236610126418,14.146761047873776,0.015848036022513997,2
23,365.7697706319114,135.34885662379926,201095.88702392578,431.0199279785156,466.5582122085768,201318.3953034022,4.910971239597721,0.0022304153383865266,1.0022354012115362,13278.0546875,160.0,132.768593028306,11.56676177698419,False,False,science_V_002.fits,200317.71264669287,434.9543710115257,460.54879775282154,-8.808920255320418,0.0023574049162597096,15.617584769933746,0.015987583935884512,2
24,497.41306248291795,138.86907549571868,233587.2846069336,463.421630859375,504.04916182649123,233435.34406759695,5.006448677543758,0.0067818291553966015,1.0068281364099787,15053.3720703125,176.0,132.73126722413295,11.567733207077659,False,False,science_V_002.fits,231392.9539352556,460.96332608290356,501.9769271051292,-8.965497199715616,0.0021628484126973062,15.461007825538548,0.015960056247521635,2
25,461.6420030187171,139.49112229934246,69683.88568115234,291.4264221191406,239.1131359141631,70496.81682925147,4.704742709747363,0.007065035114826257,1.0071153049944648,4371.50390625,115.0,132.7414095887558,11.567908211603498,False,False,science_V_002.fits,70308.383416307,322.47486643121596,218.02748286835498,-7.672139655095723,0.004979647454149374,16.75436537015844,0.01657837057540226,2
26,352.0571794732767,139.46406369168972,20444.434997558594,191.7795867919922,106.603811904825,21759.290396007687,4.282695715429822,0.015549862055017294,1.0157954795836357,1414.878662109375,72.0,132.772480925839,11.567905282298906,False,False,science_V_002.fits,19996.65271105733,263.3697283776845,75.92616218360978,-6.307015134353303,0.01429941891932437,18.11948989090086,0.021319448013447224,2
27,399.94259781647844,146.44885343608985,157545.06216430664,391.8492736816406,402.0552614123376,158067.0369022093,4.856712619980031,0.004008495925129529,1.0040246286326036,10445.2939453125,147.0,132.75890335653116,11.569843903433954,False,False,science_V_002.fits,158084.55510059994,401.9397487909298,393.30410982275885,-8.551845477362225,0.0027604593313028617,15.87465954789194,0.016051966168900436,2
28,28.30767409963585,149.712534416286,113099.47576904297,331.4591369628906,341.2169500148832,113638.9898835653,4.700948431679745,0.005507267989153686,1.005537765950303,7533.05615234375,123.0,132.86427652076603,11.570746292644296,False,False,science_V_002.fits,115398.19680323907,351.41909226184214,328.3777101024891,-8.210119430654267,0.003306253642067073,16.216385594599895,0.016154776238420293,2
29,329.33567668687743,162.17659524036512,629803.5668334961,701.8558349609375,897.340358890866,626708.8983594622,5.0702698450885375,0.0032738253775002057,1.0032845785139937,41491.4765625,227.0,132.7789228354029,11.574214853534778,False,False,science_V_002.fits,626219.9996865083,686.8259105561776,911.7594284982757,-10.046439208124598,0.0011907746342565552,14.380065817129566,0.015857598380503143,2
30,498.8713506871418,165.0529828549327,91546.7006225586,322.3970642089844,283.9563717714754,92621.60639438735,4.805135972207279,0.008020964225899263,1.0080858203012728,6297.4013671875,127.0,132.73085194465668,11.575006409817956,False,False,science_V_002.fits,91163.150706163,345.4236267633278,263.9169519478898,-7.954170190285814,0.004113794100707752,16.472334834968347,0.01633917941852543,2
31,452.04681042289724,168.88716349450843,341266.23791503906,539.038818359375,633.1014136490597,340513.10081452125,4.996603203986211,0.005625042338832542,1.0056568624295035,23391.796875,187.0,132.7441285440857,11.57607430662081,False,False,science_V_002.fits,339537.4918083884,533.0726418245956,636.9441332540025,-9.381841214444552,0.0017045450979403893,15.044663810809611,0.01590443196592257,2
32,42.19433557826518,174.83125387195966,243324.3454284668,457.97039794921875,531.3102037120036,243214.80117349615,4.918023519700791,0.0014257169255081914,1.0014277524964077,16642.0078125,168.0,132.86034061092738,11.577724550814043,False,False,science_V_002.fits,244431.23982609733,458.53085505117485,533.0747912238476,-9.025013650645796,0.0020366748116290036,15.401491374608367,0.01594344775937975,2
33,17.415640247607072,194.15615987499515,327605.0184020996,518.2894897460938,632.0888709562506,327185.4507240847,4.930796148327988,0.004321526422276567,1.0043402830702448,21497.0703125,177.0,132.86736782226774,11.583091036424774,False,False,science_V_002.fits,328961.1562520763,516.1029130140271,637.3944962467893,-9.347483422705162,0.0017033407197473412,15.079021602549002,0.015904302932706497,2
34,427.44163605301475,195.396699312378,522526.361328125,647.7880859375,806.6316325838377,520315.9611066472,5.035431329271571,0.003985163581113116,1.0040011086536036,32492.271484375,211.0,132.7511039303562,11.583439316892298,False,False,science_V_002.fits,519888.85918828915,635.5727936010404,817.9847602391741,-9.84439815139628,0.0013272863417193098,14.582106873857883,0.015868433167791386,2
35,264.45664634501145,197.26024853388776,150344.87548828125,383.0051574707031,392.54008087288344,150762.4647828007,4.870517539226681,0.0017781474883700188,1.001781314929037,9675.6474609375,148.0,132.79731876323086,11.583961061144787,False,False,science_V_002.fits,151202.74035277936,392.3336078519248,385.393291134637,-8.503521029687091,0.002817122209895219,15.922983995567073,0.016061807485872565,2
36,186.1331623119251,203.37922163353375,817602.4278564453,787.2946166992188,1038.4961493631113,812790.5918670536,5.096827261713346,0.0024065248321161192,1.0024123301645604,53169.07421875,246.0,132.81952776553942,11.585660133426233,False,False,science_V_002.fits,811780.5550726701,769.8446947093977,1054.47314328652,-10.328218484701189,0.0010296137051116865,14.098286540552975,0.015846311449340535,2
37,351.89014137962,203.50644048093932,414243.9792175293,583.975830078125,709.351240036957,412935.8335544559,5.015484079603192,0.004217366840992387,1.0042352283526108,26494.232421875,198.0,132.77252653651328,11.585694830767524,False,False,science_V_002.fits,411675.8851522778,575.1098931680376,715.8212544119684,-9.591010443939087,0.0015167194230518888,14.835494581315077,0.01588539958502807,2
38,42.3540512472998,205.17153420451373,404274.9025878906,570.6832885742188,708.4050132218191,403218.96188970905,5.000837461264124,0.008067567042134072,1.008133182033455,26740.01953125,197.0,132.86029714453986,11.586152410316139,False,False,science_V_002.fits,403655.4153758839,563.1366080406605,716.7983924546041,-9.569648832248824,0.0015146518343632572,14.85685619300534,0.015885202307401914,2
39,302.49182508997575,220.11693983485242,645197.6354370117,710.5940551757812,907.9693683581518,641623.5591986433,5.084232653444805,0.0018052735632060335,1.0018085384698938,40999.6171875,233.0,132.7865334558511,11.590309842595826,False,False,science_V_002.fits,639954.4794221371,694.0199904739951,922.098049344468,-10.069994582286279,0.001177423594781313,14.356510442967885,0.015856601416737916,2
40,328.74359679674336,216.19295712492536,21024.3330078125,190.8527374267578,110.15997617472402,21910.212007977254,4.218688011320103,0.005003944512813829,1.0050291098997008,1530.518798828125,69.0,132.77908959177182,11.589219407980623,False,False,science_V_002.fits,20708.738726723583,264.41907140125585,78.31787101051451,-6.345005996129101,0.013862736384320767,18.08149902912506,0.021029049960207852,2
41,280.057389324903,227.01293899809636,532646.3454589844,663.718994140625,802.5178579507856,532753.7442238232,6.954653318504244,0.40448135385492523,1.6792085461525401,20840.703125,268.0,132.79289491038207,11.592225622632343,False,False,science_V_002.fits,518080.87172395346,632.2667676977882,819.4023443781352,-9.840615768587625,0.0013249901070565824,14.585889256666539,0.015868241268380844,2
42,360.3631526783693,226.7274691172378,16760.732971191406,178.93560791015625,93.66907552356481,17561.298748774512,4.129674317927331,0.022864002793064664,1.0233989975381315,1205.174560546875,63.0,132.77012328127915,11.592144878809364,False,False,science_V_002.fits,16581.652890374167,260.7030132012322,63.6036104330527,-6.1036914231998125,0.017069785702539263,18.32281360205435,0.023268499438046302,2
43,42.78201043974953,233.75865811221433,1442234.5992736816,1022.8688354492188,1409.9897751213505,1433510.0152810817,5.317363760285618,0.001459487936354975,1.001461621154798,60282.0078125,295.0,132.86017750638413,11.594093298540672,False,True,science_V_002.fits,1429031.8607198757,1000.419530576973,1428.4325895714057,-10.942226653122201,0.0007600638685552247,13.484278372131962,0.01583108269361354,2
44,317.84451362517524,232.3123109167711,72463.53903198242,291.5330505371094,248.56028809933682,73391.15631887781,4.680505880600945,0.006043880482292319,1.0060806310898565,4980.63916015625,113.0,132.78217983503743,11.59369721150634,False,False,science_V_002.fits,71607.0277080447,322.95338560778384,221.7255830072302,-7.692010992137657,0.004896593281094662,16.734494033116505,0.016553613138170425,2
45,203.8752973496373,237.0630093513056,1376008.5396118164,1004.5856323242188,1369.7274730360916,1367315.9261461608,5.351230891507788,0.0007373163060236942,1.0007378603424857,56441.47265625,297.0,132.8144973799469,11.595017034421463,False,False,science_V_002.fits,1361739.8567383317,979.9177279044939,1389.6471284893946,-10.889857246554858,0.0007812774752250969,13.536647778699306,0.01583211535648478,2
46,339.6721232697758,238.75054663842158,641664.5174560547,708.8021850585938,905.2801063289766,638523.7082427668,5.066647640542204,0.002510980328561341,1.002517301222412,41922.375,227.0,132.7759901748914,11.595485165335914,False,False,science_V_002.fits,637273.8042635397,693.5601794790126,918.8442807403476,-10.065437040954446,0.0011815930324180835,14.361067984299718,0.015856911561272138,2
47,87.23442247524214,238.66551885485725,98011.32131958008,319.0406494140625,307.20637479764355,98815.5321509251,4.742602712022062,0.009183769106437256,1.0092688924747981,6547.611328125,125.0,132.84757266291433,11.595458648398052,False,False,science_V_002.fits,99171.40807137708,339.88148710510325,291.78231776039576,-8.045588072907615,0.0037209245862922695,16.38091695234655,0.016244714892684985,2
48,441.58314583399977,244.1760109368271,374528.1527709961,561.7022705078125,666.7734357427471,373533.7661074699,5.004487292427541,0.001384284492787935,1.0013862033926482,24335.890625,192.0,132.7470915006125,11.596988418710996,False,False,science_V_002.fits,372931.3584657266,554.1836817162799,672.938180551936,-9.483694131961668,0.0016133725673129764,14.942810893292496,0.01589491910041398,2
49,354.88161902722896,246.04902178970852,16178.864990234375,179.8822021484375,89.9414438838351,17121.832211374738,4.157470096816527,0.006603282549630163,1.0066471757291267,1168.5125732421875,65.0,132.77167708894507,11.597512131466836,False,False,science_V_002.fits,15487.438795008735,260.69615368107713,59.408006509966796,-6.02957088177601,0.01827531445307551,18.396934143478152,0.0241667664474695,2
50,266.0334269271026,247.06028652964332,19928.976470947266,187.82443237304688,106.10428163768063,20805.474765315754,4.232421946378414,0.010147666529598087,1.0102516973355213,1418.7908935546875,69.0,132.79687150680806,11.59779440013473,False,False,science_V_002.fits,20949.770081448467,261.15516473477027,80.21962767891303,-6.357570026675417,0.013534094228729426,18.068934998578744,0.020813870105289747,2
51,233.75378616356016,262.43749715275624,312622.37384033203,515.80224609375,606.0895938470014,312079.8537154481,4.9860743173050555,0.004562460818757663,1.004583372275181,20002.05859375,183.0,132.80602505200076,11.602065801947235,False,False,science_V_002.fits,311651.9263585739,511.35157009538085,609.4670371315032,-9.288796413199602,0.0017813924853260627,15.137708612054562,0.015912851452663135,2
52,415.1344555907929,262.262170665932,24398.895782470703,206.4147186279297,118.20327515718796,25948.87432979467,4.374108416490692,0.047395380603425075,1.049753465014108,1696.904052734375,77.0,132.75459064191978,11.602013617551657,False,False,science_V_002.fits,20663.640640587524,274.8920674913444,75.17001428656418,-6.342638975182976,0.014443259194564994,18.083866050071187,0.0214161905652974,2
53,368.1906154499682,267.1341948253013,498639.768157959,634.0402221679688,786.4481632615734,496879.5535516605,5.0323107574430885,0.0009347559030556951,1.0009356304891786,33835.953125,207.0,132.76790242308553,11.603368731179307,False,False,science_V_002.fits,495503.26876836555,622.9383014428553,795.4291261601293,-9.792238183573346,0.0013649236170683494,14.634266841680818,0.015871625583039,2
54,427.27138084104365,273.70860497513235,1006239.0575866699,872.757080078125,1152.942875578387,999846.3532976425,5.1423099333244835,0.001402248516914506,1.001404217578932,58143.765625,264.0,132.75114839965212,11.605192623739145,False,True,science_V_002.fits,997282.1433847498,850.7142935158437,1172.2879831525674,-10.55166698140573,0.0009261376177211071,13.874838043848435,0.015839924654325387,2
55,404.3147239581038,270.55971620777507,29231.14242553711,218.7212677001953,133.6456337003528,30193.516676440915,4.415754996284178,0.010027525395464254,1.0101290951543576,1927.741455078125,83.0,132.75765845980004,11.604318953539089,False,False,science_V_002.fits,25872.876676303338,279.93228997533146,92.42548145690282,-6.5867336701450725,0.011746760556570673,17.83977135510909,0.019698524455937092,2
56,255.16875456329709,277.9923755004055,1662944.2450256348,1101.9986572265625,1509.025654541924,1652443.1360377828,5.542406265564779,0.0018395117182681275,1.001842901757647,56713.36328125,331.0,132.79995237196204,11.606386663862638,False,True,science_V_002.fits,1640959.1380845876,1071.9240934738373,1530.8538618314385,-11.092366290833692,0.0007092120463419819,13.334138734420472,0.015828722749938594,2
57,318.27923385812306,276.27077380681635,232494.51580810547,457.970947265625,507.6621501783992,232532.79197358026,4.930714550741501,0.006185195122351161,1.006223689858507,15339.0615234375,166.0,132.7820557793929,11.60590788742314,False,False,science_V_002.fits,230793.2639199529,459.4322229168158,502.34452963422206,-8.96267969672017,0.0021612656970516697,15.463825328533995,0.015959841840726345,2
58,337.51042074561724,280.3072743052465,1303796.118927002,1002.0859375,1301.0821428945578,1295224.2895145612,5.2705907308686895,0.0005082377609407773,1.0005084961979098,59875.5390625,288.0,132.77660219038628,11.60702874972415,False,True,science_V_002.fits,1289492.0507315253,957.658590402871,1346.5049691550905,-10.83066854706162,0.0008063096868340997,13.595836478192544,0.01583337037648111,2
59,41.20585581029337,283.13980749777056,1303499.8998718262,976.2805786132812,1335.1693441687946,1295176.2562854663,5.251721950242728,0.0017068811390587024,1.0017097995636857,59981.5078125,288.0,132.86062742534702,11.607810183972687,False,True,science_V_002.fits,1291866.646914769,954.1038187654335,1354.0105610167088,-10.832666088726338,0.0008018401268486135,13.593838936527826,0.015833143394688613,2
60,186.04523292165285,281.2836554913588,147230.18585205078,378.3236999511719,389.1645854358396,147708.24836846205,4.853219206933621,0.005634694531760354,1.0056666242283132,9975.01953125,145.0,132.8195542142803,11.607300250670342,False,False,science_V_002.fits,142896.6393554664,388.96033186835604,367.38100944399105,-8.442176911964104,0.0029552425740327227,15.98432811329006,0.01608660749938043,2
61,67.74509025233581,288.3982004913223,717050.6920166016,739.7697143554688,969.2890613146263,713644.3051645777,5.1000089877117905,0.05824515563599009,1.0618474712230703,58840.43359375,235.0,132.85310177937612,11.609272320192893,False,True,science_V_002.fits,711358.3328801605,724.6870442361554,981.6076312361237,-10.184842932089582,0.0011060427460540365,14.241662093164582,0.015851460901880488,2
62,168.04771476496606,291.72232933574645,311632.3280944824,515.5921020507812,604.4164114519143,310777.1348008489,4.992244781451324,0.005005107151075938,1.0050302842628118,20951.1953125,188.0,132.8246581524941,11.610199493870907,False,False,science_V_002.fits,305655.62227273604,509.47473847222807,599.9426452218447,-9.267702845724342,0.0018096729889880286,15.158802179529822,0.015916042174322735,2
63,202.4630476156316,289.6426794981556,16711.78045654297,176.50132751464844,94.68359638913199,17656.50341497467,4.14702231018331,0.028019151500475847,1.0288268555329356,1104.70947265625,64.0,132.81489862344998,11.609622477528527,False,False,science_V_002.fits,16859.85004126541,254.83282988760374,66.16043171792894,-6.1217561428023535,0.016410110572264967,18.304748882451808,0.022788971261592954,2
64,350.3652452706074,295.23481313254433,106328.98291015625,337.98126220703125,314.6002302489307,107240.41814741067,4.78834652994417,0.007144701369315887,1.0071961154653348,7086.49560546875,129.0,132.772956459866,11.611174971475197,False,False,science_V_002.fits,102653.91956329785,358.8510289875803,286.0627705399464,-8.083060715010133,0.0037953208589524955,16.343444310244028,0.01626191694082057,2
65,312.84118993847864,298.0220657978693,779531.1170349121,797.517578125,977.4469408782502,776491.6092798039,5.252457241256965,0.08110762496734447,1.0882667297837378,51388.7578125,240.0,132.78359752085777,11.611950003663257,False,False,science_V_002.fits,774176.1536427394,780.670839894313,991.6806342447057,-10.276721348909529,0.0010948081090913935,14.149783676344635,0.01585068096213785,2
66,108.12950736394941,298.0816094776338,384449.5694580078,561.106201171875,685.1636439859009,383375.24201349216,5.007530391249636,0.00624603869187057,1.0062852968994946,26321.60546875,195.0,132.84165001432166,11.611964021807786,False,False,science_V_002.fits,382914.9128328885,553.5526204145355,691.7407644934233,-9.512377575330028,0.0015695186054201702,14.914127449924136,0.015890527707427063,2
67,236.1221000366828,298.49757857790956,122397.57290649414,350.6647644042969,349.0444017505465,123260.88496302074,4.783096248227097,0.01362046913626802,1.0138085480386452,7865.048828125,130.0,132.80535365729625,11.61208250414698,False,False,science_V_002.fits,123406.77513986581,369.29545001157544,334.1681440591745,-8.282969382787313,0.0032489631920382704,16.143535642466848,0.016143148515421847,2
68,426.12953169788716,300.5554490797232,264102.2365722656,486.1095886230469,543.2977311152432,263903.36275023397,4.959981189790219,0.012303164222041363,1.012456417573061,17111.8125,174.0,132.75147090256795,11.612650131790986,False,False,science_V_002.fits,262444.90007371124,484.48500327790157,541.6987074895533,-9.102217218579101,0.00200425067475528,15.324287806675063,0.015939338221363022,2
69,77.10663943680092,306.76621980638055,1476309.4951782227,1037.1458740234375,1423.434766655458,1466843.617219372,5.382877279371426,0.0020221080051333606,1.0020262052109103,58316.1328125,308.0,132.85044796458638,11.614375018452591,False,True,science_V_002.fits,1459637.6753673092,1011.909584676381,1442.4585926163713,-10.965234535561672,0.0007526732521525816,13.461270489692492,0.015830729584963954,2
70,182.7479563196834,309.4763672069441,1761315.208557129,1131.3521728515625,1556.8231102767502,1749782.2416599642,5.596677889046523,0.0020188676938723837,1.0020229517658388,56760.69140625,339.0,132.82048982097223,11.615131494270928,False,True,science_V_002.fits,1736975.3788695289,1100.6246034145772,1578.17240635975,-11.154106030266748,0.0006879476511088554,13.272398994987416,0.0158277842460154,2
71,439.64306936368274,307.893434793127,35812.932220458984,234.92474365234375,152.44427497793586,36984.44107051784,4.521352964121137,0.024017254358063678,1.024608277621001,2450.44189453125,90.0,132.74763832071713,11.614687794920295,False,False,science_V_002.fits,34095.659383335806,289.8423987040074,117.6351684080387,-6.886369608482998,0.009229382800167845,17.540135416771165,0.01830920503571308,2
72,350.1661904148221,319.75540923407107,1842510.98147583,1159.103515625,1589.6000285033474,1830927.6895242631,5.5977917375111454,0.0012885910585250793,1.0012902536678647,59597.3046875,341.0,132.7730122494252,11.617986252212685,False,True,science_V_002.fits,1817998.1744107995,1126.714430660479,1613.5394425942434,-11.20360548098663,0.0006728685840207384,13.222899544267534,0.01582713601063405,2
73,216.50760491997826,321.89248838816565,83715.32592773438,315.2185974121094,265.5786384909483,84484.52727575993,5.052234230778841,0.12577693488945896,1.143872816800544,5404.11767578125,137.0,132.8109162269738,11.61858093391183,False,False,science_V_002.fits,82837.85803683041,331.70775342932427,249.7314493870592,-7.850194025752937,0.004347470063000643,16.576310999501224,0.016399572497977924,2
74,509.0008419761484,318.0029429949532,57715.19219970703,217.46102905273438,265.40475988325744,57952.51243900933,2.6623265297013856,0.0011029339891587275,1.0011041517957033,57523.32421875,25.0,132.7279688270558,11.617491778636035,True,True,science_V_002.fits,54511.75912694814,286.00934064848525,190.5943316513738,-7.395847367029752,0.0056963918632476,17.03065765822441,0.016807568605465232,2
75,199.4865144606507,330.6218703028374,1059189.104888916,890.2025146484375,1189.8293786635902,1052182.8331375683,5.198459526258143,0.001005439884001036,1.0010064518107928,56071.2734375,273.0,132.8157433489073,11.621005540313632,False,False,science_V_002.fits,1048314.0875072081,867.9736520962882,1207.7717854399962,-10.605850429025296,0.0008989281030476094,13.820654596228868,0.015838357045545978,2
76,499.28766074796266,333.9258310761931,1341322.1816101074,1000.8141479492188,1340.23103526127,1331268.8039366086,5.292363658500068,0.002178510099465125,1.002183266367296,61295.6640625,303.0,132.73072226079228,11.621915469357686,False,True,science_V_002.fits,1324925.4786299122,971.8466765264976,1363.3071045376857,-10.860100503439995,0.000796372289402962,13.56640452181417,0.015832867427951137,2
77,17.17137025264018,334.1935184367365,112936.99139404297,336.1827087402344,335.93932245131754,113427.21360672105,4.727226273586111,0.004834844029496188,1.0048583333133094,7860.68359375,127.0,132.86744648441564,11.621990258146372,False,False,science_V_002.fits,115795.6541688136,355.24068386512414,325.9639434000703,-8.213852525414087,0.0033307364878313282,16.212652499840075,0.01615980469309942,2
78,223.05901885519796,333.4948261486767,36428.96807861328,227.69577026367188,159.98965653348986,37350.171789061525,4.436158630910381,0.018696787635331447,1.0190530178641497,2506.61181640625,86.0,132.80905842601032,11.621803868955258,False,False,science_V_002.fits,35862.78912202243,282.0492611057323,127.15079976252262,-6.94123203030205,0.00853868007144071,17.485272994952112,0.01797093596700422,2
79,172.97766358362924,346.98978145221037,227669.48321533203,453.3917541503906,502.14738387106564,227563.44753588506,4.959949214573716,0.004665337255605584,1.0046872046460655,15697.1240234375,172.0,132.82326139738726,11.62555167629775,False,False,science_V_002.fits,227164.7860425017,452.566223860842,501.94816596024145,-8.945474399245008,0.0021629723418214396,15.481030626009156,0.015960073042415302,2
80,69.37421280384386,349.1801414936831,544839.1636352539,654.8401489257812,832.0185690034795,542347.364963514,5.051568437743441,0.0030111869341422626,1.0030202815665328,35368.734375,219.0,132.85264297916618,11.626156267864237,False,False,science_V_002.fits,541753.651901827,641.9287423848209,843.9467126665262,-9.889126492873627,0.0012864556300831275,14.537378532380536,0.015865070130822608,2
81,372.7331940352753,350.29279381185154,683219.4684448242,730.8389282226562,934.8427431285867,679719.8754744224,5.072624969405663,0.0006939971855716154,1.0006944791521486,44781.72265625,229.0,132.76661150747682,11.626468191174162,False,False,science_V_002.fits,679206.9708214041,714.781888277073,950.2296881900303,-10.134627210290727,0.0011425658590693054,14.291877814963437,0.01585405118290142,2
82,46.614805689249636,358.43688339086316,874138.0534973145,874.3933715820312,999.7080054664015,868859.0306360766,5.099611320553985,0.0011537577468379023,1.001155090441383,54729.0859375,254.0,132.85909799878505,11.628726340752095,False,False,science_V_002.fits,868077.4616762918,857.1938370412222,1012.696806912001,-10.401018075454374,0.0010720879068539838,14.02548694979979,0.015849127882876384,2
83,195.87835422800822,357.9794830030234,141503.23788452148,373.50885009765625,378.8484204524861,142011.67585349397,4.842307476696631,0.007554663393967931,1.0076121707819228,9726.5625,142.0,132.81676704696744,11.628604818136937,False,False,science_V_002.fits,141015.44654678178,385.7934872928929,365.5205471100226,-8.427788591541198,0.0029702844575607446,15.998716433712966,0.01608937761153532,2
84,425.8640342943202,356.5924173634867,38455.682067871094,238.41441345214844,161.29763931235408,39404.821627709825,4.480936708725142,0.01728274891357595,1.0175866953535917,2638.062255859375,89.0,132.75154349052372,11.628215961236487,False,False,science_V_002.fits,38870.929571564215,293.2559425820933,132.54950344504198,-7.028684190564621,0.008190902053813849,17.39782083468954,0.017808322734691188,2
85,150.73603901637497,363.4438835386168,191376.4995727539,420.5312194824219,455.0827398933539,191623.6246989788,4.918412127603156,0.001744593668036254,1.0017476425942402,12175.4443359375,159.0,132.82956950665982,11.6301216845385,False,False,science_V_002.fits,191180.86189222132,424.771852322115,450.0789326013159,-8.758232912005603,0.002412243545204377,15.66827211324856,0.015995761972757885,2
86,189.4142669416067,375.44294732154054,248581.6143798828,468.8741149902344,530.1670670923265,248472.56409248564,4.9482557216128,0.002361691541377109,1.0023672823320366,15560.837890625,170.0,132.81860057671076,11.633455667062579,False,False,science_V_002.fits,247333.19840475646,468.763877069218,527.6285364630071,-9.037827908133854,0.0020576976508474352,15.38867711712031,0.015946146926140187,2
87,413.7243972013959,378.5293094508764,723231.1201171875,763.2096557617188,947.6178854097033,722477.8374931577,6.728255787542405,0.3682083132047458,1.5828001869927606,31428.74609375,285.0,132.75498528571222,11.634310093080929,False,False,science_V_002.fits,705333.6963845434,728.3462394145255,968.4043909549385,-10.175608454502736,0.0011211225497742704,14.250896570751427,0.015852520239361293,2
88,168.9028308702616,380.21659387726504,117840.81674194336,347.96337890625,338.658674692582,118490.24234255309,4.814690220160632,0.016415462897777955,1.0166894275769527,8038.267578125,135.0,132.8244178092089,11.634781248096427,False,False,science_V_002.fits,117962.23748562587,364.1666696720771,323.92376158929613,-8.233979377976576,0.003351714596895063,16.192525647277588,0.01616414157655106,2
89,334.40224743483566,382.4189302375607,954129.1104125977,850.6414184570312,1121.6584211750253,948219.9188464469,5.11721491484229,0.0002335999827995927,1.0002336545645019,56787.70703125,256.0,132.77748130753915,11.635393161539662,False,True,science_V_002.fits,946703.6045136382,830.1497579554987,1140.4009884254974,-10.495156950713607,0.0009520335487423414,13.931348074540557,0.015841459845786877,2
90,63.35445865805383,389.9733576540146,182476.9282836914,410.4900207519531,444.5343834410941,182663.0195637086,4.890111263307964,0.008727982392913503,1.0088048308011182,12198.3369140625,155.0,132.85435236377458,11.637487393532455,False,False,science_V_002.fits,182711.1221498313,416.1730939051383,439.02675311219934,-8.709034336309466,0.0024729700235888233,15.717470688944697,0.01600503242437565,2
91,318.1752907635969,387.27055850282517,19239.570709228516,186.7854461669922,103.00358568636939,19952.167543811032,4.155399000450258,0.006480238726330523,1.0065225061231022,1303.89306640625,65.0,132.78208327588473,11.636741156244943,False,False,science_V_002.fits,19492.60207840663,266.69714674309756,73.08890371138222,-6.279296417045744,0.014854512037658637,18.14720860820842,0.021695668001808388,2
92,282.41305770114894,392.9518897984426,463072.8572692871,614.1029052734375,754.0639415524305,461361.70291716175,5.0309192416180615,0.00505813125888499,1.005083846019351,30159.21875,205.0,132.79222564916978,11.638319752374358,False,False,science_V_002.fits,461293.7564353216,603.3168378219024,764.596191448405,-9.714565815330486,0.0014199652210447392,14.711939209923678,0.015876453741208198,2
93,98.3890209537888,393.01871754773686,121145.12954711914,349.6332702636719,346.491995615174,121862.50087595367,4.816058014776168,0.00494273371402143,1.0049672856844412,8037.8837890625,136.0,132.8444164337824,11.638335018229142,False,False,science_V_002.fits,121962.71151147425,364.9782453459279,334.1643318929255,-8.270189551954562,0.0032490002564004505,16.1563154732996,0.016143155975020414,2
94,242.3952297119053,397.48893821862094,273742.8727722168,489.81280517578125,558.8724302011204,273449.48466464813,4.958002166572822,0.0049585303597319275,1.004983239906096,16850.0859375,175.0,132.80357506351265,11.639580125203556,False,False,science_V_002.fits,272537.3008789767,487.8819262419752,558.6132345140536,-9.143186750272365,0.001943562975095761,15.283318274981799,0.01593182096327693,2
95,407.08652899559087,398.0529443510925,947361.0624084473,848.983154296875,1115.8773382176805,941673.4305718422,5.114284770404899,0.0038929106937437563,1.00390812467408,59186.23828125,252.0,132.75686697560369,11.63973360722282,False,True,science_V_002.fits,938384.49595695,828.7084092077492,1132.3458113017723,-10.485573933361236,0.0009588060371344095,13.940931091892928,0.015841868298423406,2
96,40.99619792441241,402.4485647096692,638867.0702209473,708.8162231445312,901.3155305429275,637659.1185673967,5.883357344628719,0.23584383580825308,1.308633034528625,24920.65625,253.0,132.86069408615066,11.640951467497498,False,False,science_V_002.fits,630515.8133070027,687.3508155170194,917.3129631522064,-10.053861831868167,0.0011835655262835895,14.372643193385997,0.01585705866555188,2
97,221.86868770468837,404.2575000400582,1023836.2609863281,876.8216552734375,1167.6676263966633,1017362.5885519611,5.14747002874395,0.0015883870984980675,1.001590914085907,57954.5703125,265.0,132.80939665588176,11.641460150083308,False,True,science_V_002.fits,1015146.5688340004,855.6422420932038,1186.4147407572966,-10.570943751684556,0.0009151100055508332,13.855561273569608,0.01583928371139321,2
98,469.54396735195974,404.34381441457236,172773.04678344727,412.9706726074219,418.3663834833346,173226.31029635912,4.907638030059136,0.007647122350168956,1.0077060514685858,10775.9267578125,154.0,132.7391530557479,11.641477893067567,False,False,science_V_002.fits,172200.99337247125,420.2610087563597,409.74772768487384,-8.644711005118058,0.0026496791236264848,15.781794020136106,0.016033286675723388,2
99,121.40009052902992,407.0163002523934,541533.4975891113,653.4166870117188,828.7720659013398,539280.9161045463,5.062881703483248,0.06432714565428144,1.0687496119562676,51791.5859375,213.0,132.83789082849148,11.642224159046414,False,False,science_V_002.fits,538167.1932684339,641.6699512095706,838.6978262796468,-9.88191492302851,0.0012945067531843052,14.544590102225653,0.015865725003975924,2
100,450.9995446404453,402.73790242778637,7494.776916503906,140.3148956298828,53.4139791991389,8387.731629585964,3.612284194188634,0.02070542873066672,1.0211432079152944,593.9971923828125,41.0,132.7444125556739,11.641032863016948,False,False,science_V_002.fits,8083.395664052357,258.1376171451829,31.31428791142074,-5.323606466685264,0.03467107420967509,19.1028985585689,0.03810680869635431,2
101,177.24217821898242,410.80966608236116,997172.3570556641,864.76123046875,1153.1187129135515,991109.6673212982,5.134417087509033,0.00285273869170366,1.0028609000920894,57479.15625,260.0,132.8220534008563,11.643279508571439,False,True,science_V_002.fits,989363.0112718579,844.8263297932491,1171.084489653608,-10.543011048094497,0.0009270893856011503,13.883493977159667,0.015839980331321165,2
102,307.43512930841206,406.6863329689178,34631.371185302734,226.38150024414062,152.97792066911214,35616.786288557974,4.416475582515883,0.010015206052390035,1.0101165251361628,2333.392578125,83.0,132.78512897266657,11.642134596371296,False,False,science_V_002.fits,35490.693510767116,285.46818128135357,124.32451613858838,-6.929908088594473,0.008732790874405953,17.49659693665969,0.01806397294683135,2
103,342.76999979504285,412.8197214511152,29954.937072753906,218.3843231201172,137.16615114482323,30760.374988247895,4.365626232796034,0.008403052942702605,1.00847426262015,2206.618408203125,80.0,132.77510741348542,11.643837626960973,False,False,science_V_002.fits,27261.39662416679,281.8534101946219,96.72189740525967,-6.643492127386916,0.011224965898373294,17.783012897867245,0.01939188855133482,2
104,57.371924915587364,415.39748855887024,169199.7188720703,398.3141784667969,424.7895957993739,169493.16724586926,4.878810474664745,0.005340374784244761,1.0053690475101835,11067.1513671875,151.0,132.85605047325103,11.64454932214935,False,False,science_V_002.fits,168078.20113414075,405.79283069753865,414.1970690936611,-8.618400352448516,0.0026212160370321065,15.808104672805648,0.016028607415509977,2
105,411.81083575229326,418.0839785257666,1002938.2748413086,870.7102661132812,1151.862236927874,997273.8070670562,5.1158434678861475,0.002381923844327005,1.002387610951784,60087.53125,251.0,132.7555262290938,11.645297576220946,False,True,science_V_002.fits,994974.7461544072,851.03081450207,1169.1406811591862,-10.549152018757031,0.0009286307606057674,13.877353006497133,0.015840070620337852,2
106,136.1444945670594,418.4234596607496,88297.03283691406,312.06072998046875,282.9482352439552,89026.21968085197,4.743692436117667,0.017736655568735826,1.0180569250285987,5799.71826171875,123.0,132.83370951523972,11.645393328455336,False,False,science_V_002.fits,87739.76060232517,335.69907822139135,261.36431790992697,-7.912612986789256,0.004153971776568831,16.513892038464906,0.016349341383929735,2
107,35.91318462688269,422.4101430495399,933698.1178588867,836.01123046875,1116.848774071329,928122.2406111861,5.102100020822848,0.0026227433178306336,1.0026296401890649,60896.95703125,252.0,132.8621369187095,11.64649603849494,False,True,science_V_002.fits,926318.6374730781,818.1041335113217,1132.274730720767,-10.471522879333664,0.0009588662279064385,13.9549821459205,0.015841871941496263,2
108,474.6227469904739,428.05895614687506,354696.61328125,552.9605102539062,641.450169955865,353741.77351748897,5.028962336092688,0.0057937125835597625,1.005827475300539,23282.591796875,192.0,132.73771118544954,11.648065118616573,False,False,science_V_002.fits,352390.5781741035,544.9037196648943,646.7024640441383,-9.422182594576379,0.0016788245914676145,15.004322430677785,0.015901695952843,2
109,95.95562276098926,427.67948369097905,39427.24905395508,233.62039184570312,168.76629964731498,40492.2843972464,4.515529565496824,0.018938586641462973,1.0193041805371075,2678.83740234375,92.0,132.84510812209578,11.647962893828705,False,False,science_V_002.fits,40416.049759638954,281.6903597055925,143.47686517167153,-7.071006532972062,0.007567073609400017,17.3554984922821,0.01753014789378074,2
110,168.72182295963592,432.5575080831379,24021.816192626953,200.75987243652344,119.65447029371971,24821.392903514206,4.348308607730928,0.015729581614508437,1.0159809553560595,1620.367919921875,76.0,132.82447041871725,11.649320377370055,False,False,science_V_002.fits,23723.164465778824,266.42751241978243,89.04172189394868,-6.492553423288452,0.012193160429816271,17.93395160196571,0.019967940390410433,2
111,148.80643673119243,442.69559456957063,285440.0308227539,496.69036865234375,574.6840463148711,285115.56868622603,4.970829973264172,0.0022976612183095435,1.0023029526232394,18921.939453125,178.0,132.8301191178726,11.65213597777722,False,False,science_V_002.fits,284596.04526681046,493.8340024460355,576.2990070695064,-9.190194026177412,0.0018839178736760444,15.236310999076752,0.01592465474421669,2
112,434.9221070497032,444.39265133794083,642375.643371582,714.3713989257812,899.2180318774505,639222.4711759659,5.083102358059773,0.002888336425846405,1.002896703078864,42211.6796875,228.0,132.7489701792256,11.652604452663425,False,False,science_V_002.fits,636627.6204268716,697.6324544984254,912.5544781092298,-10.064335566016158,0.0011897371894437686,14.362169459238006,0.015857520510713288,2
113,374.43514118018294,448.3028060882513,835420.1800231934,808.9535522460938,1032.717116704184,833320.7673929711,6.0850028791036666,0.26648400923442084,1.3632967959652638,42353.2421875,276.0,132.76612553700414,11.653693120068727,False,False,science_V_002.fits,822321.8578389721,779.750557294499,1054.5960501678676,-10.342226459632515,0.0010294937097736915,14.084278565621648,0.015846303653098748,2
114,415.4486999448823,450.99546754472004,1476737.0389404297,1065.45654296875,1386.0133936816442,1466543.9163604567,5.352804683097606,0.0043706404094590035,1.004389826763703,60949.91015625,308.0,132.75449298379226,11.654439486509878,False,True,science_V_002.fits,1459057.9282713712,1017.0815380267471,1434.5535473017317,-10.96480321108977,0.0007568208255746924,13.461701814164394,0.015830927323747357,2
115,179.36069026843268,450.74018348481604,22666.853393554688,197.32211303710938,114.87234271250605,23687.384949952655,4.325893242965191,0.024127746166694997,1.0247242874996387,1542.2900390625,74.0,132.82145341476834,11.654371355184056,False,False,science_V_002.fits,23368.760423071424,265.77075183269955,87.92826246652552,-6.4762110645531585,0.012347565726245624,17.950293960701003,0.020062598573756658,2
116,123.68304685111379,459.506333611506,26738.43389892578,210.09056091308594,127.27099105603045,28199.052472656927,4.490118256338537,0.02653428500321542,1.027257544456307,1732.3607177734375,84.0,132.83724529963425,11.656804793726979,False,False,science_V_002.fits,24041.10640079501,268.61068659937155,89.50167510145242,-6.507008000410823,0.012130499219923332,17.919497024843338,0.019929738921830052,2
117,264.4929625247506,461.2663085330001,22349.047119140625,199.16819763183594,112.2119263259741,23240.521608863986,4.304245586905718,0.010740774946750742,1.010857391748025,1468.1239013671875,74.0,132.79730775829663,11.657296058117335,False,False,science_V_002.fits,20196.72840754969,269.39555767809475,74.9705324825107,-6.317824437555987,0.014481689859322723,18.108680587698174,0.021442127304662606,2
118,61.390923831484834,466.838522228334,71586.70248413086,286.4372863769531,249.9210329409501,72499.2388502355,4.683327290912596,0.006744083062935169,1.0067898745408255,4754.88671875,112.0,132.85491343801456,11.658838698091753,False,False,science_V_002.fits,72928.04520650515,317.1123908851131,229.9753882304975,-7.711858305816004,0.004720939959504864,16.714646719438157,0.016502507575183744,2
119,433.23962520661087,469.3526499481724,122884.28701782227,361.361083984375,340.0595483688988,123806.57285294787,4.8234747652754475,0.007844052116949496,1.0079060677242184,8085.14306640625,135.0,132.74944611353797,11.65953785994258,False,False,science_V_002.fits,122276.15206768038,379.38927611160165,322.29733354854096,-8.27297628246708,0.003368628551922176,16.15352874278708,0.01616765723562237,2
120,174.91782457826025,472.2195875575269,89009.67575073242,313.5105895996094,283.9128205028368,89873.88371173083,4.741468088968859,0.012333073800679162,1.0124870778534,6128.42138671875,121.0,132.82271400738603,11.660337753774671,False,False,science_V_002.fits,89135.38239434667,338.7801557716268,263.10685816684384,-7.929747203952569,0.004126460281440196,16.496757821301593,0.01634237304133187,2
121,277.897365116755,480.27069578575214,1773606.6709594727,1139.0614013671875,1557.077317193486,1761402.9642857597,5.551945775213078,0.0012166003239081347,1.0012180822431598,60541.89453125,341.0,132.79350577375345,11.662574988446343,False,True,science_V_002.fits,1748742.007103142,1106.3075741349073,1580.7014685500958,-11.161436230276042,0.0006868469610494273,13.265068794978122,0.01582773644320785,2
122,243.58164969935774,481.0273560839086,1235706.765411377,959.7742919921875,1287.4972540121294,1227092.8235084373,5.241295301374379,0.000672949074850715,1.0006734022402655,60371.703125,293.0,132.8032388524233,11.662785226358602,False,True,science_V_002.fits,1222099.3870239267,933.7909685598208,1308.7504893185699,-10.772388189709226,0.0008295698904114978,13.654116835544938,0.015834571935193716,2
123,195.763880790354,481.46419762028415,164611.68490600586,399.7830810546875,411.7525045625634,164975.20448100232,4.903571404564641,0.006557314996064156,1.0066005971910077,10567.1767578125,154.0,132.81680157640088,11.662906101501058,False,False,science_V_002.fits,164276.21243447164,406.5721108044601,404.051847308041,-8.593558576962494,0.0026870313976619055,15.83294644829167,0.016039501859464587,2
124,326.0589983955626,493.15069066224635,26514.022430419922,211.0959014892578,125.6017868815381,27852.009075047266,4.378489577768685,0.02011226219960649,1.0205250677437332,1981.69873046875,78.0,132.7798452778676,11.66615213114021,False,False,science_V_002.fits,27650.08127348398,278.3324015529345,99.34194193422127,-6.658862904514631,0.010928918630550734,17.76764212073953,0.019222037992911833,2
125,357.8636903504104,493.39725312638234,3147.6640014648438,104.13274383544922,30.22741825029396,4293.804450440393,3.032986389062563,0.10255257296356568,1.114271398941124,282.9418029785156,25.0,132.77082429010582,11.666219851563321,False,False,science_V_002.fits,3942.3838217086677,249.89663400189272,15.776058118809267,-4.544019133904197,0.0688194726352812,19.882485891349965,0.07061278422471362,2
126,29.026607436716567,14.280386154720881,1120055.5044250488,900.02197265625,1244.475733319499,1117840.8549847694,5.285711101774432,0.10153808985099477,1.113013238184082,65618.765625,233.0,132.86406404116562,11.533126347669679,False,True,science_V_002.fits,1130805.545359741,894.5161781556732,1264.1532629306412,-10.688091697941754,0.0008588357375932889,13.73841332731241,0.01583613213483376,2
127,31.87621976295872,22.631180149536128,111261.26629638672,316.2281799316406,351.8385563248607,113756.23151992924,4.430604326352146,0.18540190414377078,1.2275992358524896,7851.248046875,95.0,132.86325669779075,11.535446184041199,False,False,science_V_002.fits,309677.46399041027,509.61207166657687,607.6729363526979,-9.281895878547466,0.0017866518896109795,15.144609146706697,0.015913441084265765,2
128,211.0933675507925,19.487508612437992,1784911.423614502,1133.0902099609375,1575.2597700725307,1774002.3044454912,5.504225579899184,0.0019266940729881776,1.0019304133890232,61361.65625,317.0,132.81244789599472,11.53457951993984,False,True,science_V_002.fits,1761850.8249241123,1107.3378948313466,1591.0688446117447,-11.169544709351687,0.0006823714785672486,13.256960315902477,0.015827542860548795,2
129,238.91584889879502,16.954820777457435,1566369.2098999023,1056.514404296875,1482.5819728812337,1564066.189387912,5.323108326976504,0.025612760709956772,1.0262860182042395,61600.24609375,240.0,132.8045601230416,11.533876225834163,False,True,science_V_002.fits,1561210.8182371047,1045.7479338251821,1492.9131272833981,-11.038275754078523,0.0007272358854366901,13.388229271175641,0.01582954055558196,2
130,227.4000232086276,16.44883978932117,281991.0664367676,484.6094055175781,581.8935068657865,282571.7626021998,4.98997613610238,0.008348183247112173,1.0084184621114776,17426.46484375,157.0,132.8078248839206,11.53373560662352,False,False,science_V_002.fits,295811.73998720694,504.12885699124314,586.778034791897,-9.232160389052481,0.0018502737587732774,15.194344636201683,0.015920709630859804,2
131,249.45264830539892,24.602575362215298,1701410.222229004,1110.1611328125,1532.5795255672697,1688324.3803113252,5.6150882651934975,0.061545811767313774,1.0655821163558532,60951.203125,326.0,132.80157292651563,11.536000630686718,False,True,science_V_002.fits,1676497.8808250949,1081.7096662738045,1549.8593875010602,-11.115629396030457,0.0007005151620564401,13.310875629223707,0.015828335467130396,2
132,341.6218008827882,25.516527689429008,1695223.4935913086,1107.775146484375,1530.2956551889201,1684572.628115742,5.455856041283682,0.006332020556112816,1.0063723705373464,61749.58984375,311.0,132.7754425258084,11.53625347899851,False,True,science_V_002.fits,1674483.868394451,1081.5844340425508,1548.1767448666656,-11.114324294039621,0.000701276520009674,13.312180731214543,0.015828369180849428,2
133,340.5139764624169,41.368367754162136,1076836.6102294922,888.9584350585938,1211.3464114421895,1075700.7484872206,5.136081270109987,0.023730410314981687,1.0243072308773216,60404.94140625,232.0,132.77575621699773,11.540656788637463,False,True,science_V_002.fits,1072513.555598148,877.2164012154909,1222.632812282179,-10.630628848989954,0.0008880016870914999,13.79587617626421,0.015837740658440663,2
134,351.76627678306784,41.895403353094366,374608.9241027832,551.9484252929688,678.7027681145108,375041.4868735607,5.017313560622659,0.014827429883887744,1.0150505914736747,25014.873046875,175.0,132.77256607100483,11.540802905234324,False,False,science_V_002.fits,388837.5480505903,560.2131835365726,694.0885353605851,-9.529042363723647,0.0015642096716609352,14.897462661530517,0.01589000421852256,2
135,61.61407928453888,25.64928619788355,242244.28741455078,449.7055358886719,538.6731273739985,242934.53923914762,4.897243061530506,0.012928918457902894,1.0130982648561684,15391.9501953125,149.0,132.85482606759072,11.536286247604076,False,False,science_V_002.fits,251178.57490031054,462.8863284045201,542.6355445970389,-9.054578354225683,0.0020007904215088614,15.371926671028481,0.015938903490471,2
136,49.87596254574092,30.466338023893435,1649881.682800293,1086.3184814453125,1518.782669153504,1641246.5263031893,5.380337642102013,0.004425155410958448,1.0044448244499238,64293.4453125,294.0,132.85815415677376,11.537623672340533,False,True,science_V_002.fits,1628978.7799726774,1065.4839163488637,1528.8628528103588,-11.084410441471471,0.0007101356397038911,13.342094583782693,0.015828764158787784,2
137,37.10880604958686,41.14293193877091,127422.26010131836,350.40704345703125,363.6406929615373,127977.8997909491,4.836459246090969,0.015005097264898737,1.015233680116753,8656.93359375,139.0,132.86177437789067,11.540588645443123,False,False,science_V_002.fits,85228.41367430691,403.7862930038218,211.07307293737242,-7.8810828869194625,0.005143716272715367,16.5454221383347,0.016628388354315758,2
138,13.13673158808286,28.573177946603266,385206.98974609375,552.6854248046875,696.9733096946086,385825.26446478267,4.990653599378263,0.004838345240317787,1.0048618686393078,24947.953125,179.0,132.86856981704992,11.537095538260221,False,False,science_V_002.fits,383443.90354773984,552.0619636409818,694.5667856173876,-9.513876467102492,0.0015631326209112366,14.912628558151672,0.01588989822995427,2
139,16.43619375187757,41.792913023254464,1724144.5598754883,1101.872802734375,1564.7401003064074,1728161.2319487107,5.307123597650912,0.03333617015498169,1.0344857944672725,65749.78125,238.0,132.86763529154035,11.540767898038366,False,True,science_V_002.fits,1809303.7721281408,1116.2440937583035,1620.8854158738359,-11.198400595617619,0.0006698190935444305,13.228104429636545,0.015827006659056658,2
140,20.997183297332157,49.5032114438922,611339.4920349121,696.198486328125,878.110918136616,614604.4883821396,4.890841980799653,0.07251428358093581,1.0781837200263382,39156.9453125,180.0,132.86634271856448,11.542909940306906,False,False,science_V_002.fits,894211.2203052529,819.9984849767674,1090.5035029797502,-10.43322216146208,0.0009955951512612066,13.993282863792084,0.01584413746068122,2
141,138.58036027046546,36.39242222326402,1560217.4817199707,1055.271484375,1478.4986658139753,1556207.9747292022,5.276254523446689,0.03961870056399641,1.0412530945649014,61076.5859375,258.0,132.83300611508437,11.539273725216274,False,True,science_V_002.fits,1584999.379446176,1051.6394572181882,1507.1699417201778,-11.054694615341479,0.0007203567228529376,13.371810409912685,0.015829226006849058,2
142,137.92266164434469,46.96046414763637,1117143.820098877,896.568115234375,1246.0222498620092,1118892.3139209412,5.12928870763541,0.030570957719600944,1.0315350132771848,60114.8046875,207.0,132.83319292681844,11.542209267671916,False,True,science_V_002.fits,1157539.9217561367,909.243447956761,1273.0803002840923,-10.71346181926893,0.0008528134476338392,13.713043205985233,0.015835806671723806,2
143,128.00672623645698,56.886741144812625,2063939.0917663574,1211.3614501953125,1703.8177097624996,2055938.5667709678,5.782782413265629,0.12092532655024846,1.1375597889491018,61173.30078125,322.0,132.83600455734688,11.54496623081608,False,True,science_V_002.fits,2034425.0018707586,1185.6481033379107,1715.8758961814372,-11.325726085092871,0.0006327380683044446,13.100778940161293,0.01582548070773298,2
144,220.37784025061578,40.42951249679618,1879929.4153137207,1165.6138916015625,1612.8234476775865,1866323.9829529866,5.679547681558144,0.028903104735406693,1.0297633581945822,60090.96875,354.0,132.80981592317738,11.540396836417484,False,True,science_V_002.fits,1846553.097049992,1132.8308239987134,1630.0342980887049,-11.220526374458258,0.0006660596045574234,13.205978650795906,0.015826847998403545,2
145,199.3376516021495,44.14890147671769,1737853.908630371,1121.4686279296875,1549.6232933760934,1729404.19274606,5.920254674813572,0.18481269259266908,1.2267119359113405,60554.3359375,336.0,132.81578106573485,11.541429737709764,False,True,science_V_002.fits,1709530.4604786043,1090.9941923281574,1566.947351782418,-11.136813982733667,0.0006928758638667761,13.289691042520497,0.01582799921438197,2
146,272.95956434778077,43.56926330569246,463251.44442749023,603.943115234375,767.0448304518119,467506.6341606455,4.980175772972635,0.0346946125661417,1.035941592181903,30131.525390625,184.0,132.7949085113218,11.541269108947517,False,False,science_V_002.fits,479633.31046482536,610.5787326398564,785.5388417986909,-9.756895216950609,0.0013821086141507833,14.669609808303555,0.015873112687467977,2
147,272.1055389804132,52.867095736378886,193104.1530456543,411.6587829589844,469.0878976457894,195212.3486898052,4.836848179731178,0.041632730482014546,1.0434413108692182,13306.8037109375,134.0,132.7951505911556,11.54385184169052,False,False,science_V_002.fits,239341.1423986881,460.2529027178447,520.0209297656831,-9.002165273112093,0.0020878005823519582,15.424339752142071,0.015950059355357152,2
148,62.87733448879494,51.278701473225304,1092506.7168884277,894.8380126953125,1220.8988681624328,1085550.0528331352,5.152289305430687,0.004926626132136458,1.0049510179465326,62764.75390625,264.0,132.85446931783014,11.54340558548377,False,True,science_V_002.fits,1080387.5910623756,876.7693261154689,1232.2369851247404,-10.63857084253119,0.0008810805170647379,13.787934182722974,0.01583735410494121,2
149,47.06854466912544,59.3981268593286,1727560.6606750488,1106.03662109375,1561.938029652833,1726888.093774824,5.394863661335436,0.034584368785233854,1.0358232948245483,63672.76171875,262.0,132.85895177347481,11.545660108350223,False,True,science_V_002.fits,1764003.3283058072,1107.516732349601,1592.7554652501435,-11.17087037458975,0.000681648893183669,13.255634650664414,0.01582751172425172,2
150,38.533849498317885,63.394924311848214,640757.7496337891,685.1175537109375,935.2522733699149,666921.2061660053,4.9305328220346505,0.06441283351759264,1.0688474958028444,39209.12890625,178.0,132.86137172408274,11.546769830015634,False,False,science_V_002.fits,829857.6398641667,772.7425740652607,1073.912150974721,-10.352130865450341,0.0010109765487005431,14.074374159803822,0.015845111414873974,2
151,53.06158406139251,74.65374630909794,818977.1242370605,781.8569946289062,1047.4768785892522,814414.8508204762,5.1369907781068616,0.004161646532548469,1.0041790382124347,53994.19140625,238.0,132.8572535311434,11.54989811266417,False,False,science_V_002.fits,806830.8548808773,767.0148228156661,1051.9103814956911,-10.321578119485045,0.001032122145668212,14.10492690576912,0.015846474632905765,2
152,54.67297297524452,89.53481792952547,769391.8157348633,760.4146728515625,1011.8055887186348,765161.5785051853,5.102405093773443,0.0014894336519695184,1.0014916553736803,47952.40625,237.0,132.8567975136343,11.554031827928533,False,False,science_V_002.fits,762826.7425489622,745.8156559765844,1022.8087013675025,-10.260686648484805,0.0010614888185331347,14.165818376769359,0.01584841445317537,2
153,155.42845119790348,57.47041605198136,736963.8438415527,749.9381103515625,982.699550361659,733448.2413369678,5.224338505932698,0.04808114871539826,1.0505097137749855,43610.1875,246.0,132.8282301409645,11.545129217107322,False,False,science_V_002.fits,729875.156349008,732.5664457799891,996.3262179881641,-10.212743327268473,0.0010897033325011805,14.21376169798569,0.01585032919281525,2
154,148.36452551477282,72.24476995382071,173338.05993652344,395.33636474609375,438.45716051912007,174807.58741543663,4.890164781878967,0.030017320204701603,1.0309462435051278,11153.8779296875,141.0,132.8302333058825,11.54923299988577,False,False,science_V_002.fits,182583.9117419748,418.84824465600036,435.919009024213,-8.708278142339111,0.002490600266389611,15.718226882915053,0.01600776598575476,2
155,144.71687333392347,83.91745212232036,1729145.9518432617,1109.0550537109375,1559.116426238245,1724681.570047405,5.47175841664556,0.015466631413484255,1.0157096061006947,60212.671875,267.0,132.83126784397552,11.552475299856773,False,True,science_V_002.fits,1720444.498329419,1094.7078918116329,1571.60143924993,-11.143723541065542,0.0006908240046650545,13.282781484188622,0.01582790952631359,2
156,135.9417861538113,88.52536244801064,224573.07919311523,429.2441101074219,523.1826690339769,230813.2282735421,4.810926387675716,0.10558893621428866,1.1180541481311397,14410.466796875,120.0,132.83375592245716,11.553754996874263,False,False,science_V_002.fits,359358.6157521859,541.4738243755384,663.6675672487416,-9.44344202825125,0.001635909382314416,14.983062997002914,0.01589722245157598,2
157,132.94615677112304,100.75879894530789,1759195.7715759277,1123.3463134765625,1566.0315527555533,1749935.7964919966,5.531714294074521,0.007892520013172866,1.007955307436325,59559.99609375,309.0,132.83460567215232,11.557153071579888,False,True,science_V_002.fits,1735711.4190402918,1099.0829794828514,1579.2360098752429,-11.153315675657522,0.0006874843235659049,13.273189349596642,0.0158277641144571,2
158,151.25816394900852,103.28149490666489,147112.5036315918,371.5365295410156,395.9570376924441,148280.35219996207,4.872707817944223,0.026483749798983047,1.027204219542832,9691.3388671875,137.0,132.8294138157092,11.55785438931594,False,False,science_V_002.fits,143207.8207542398,391.68773546596196,365.61732162452324,-8.444538713971621,0.0029694982589336338,15.981966311282543,0.0160892324887658,2
159,199.60162539086636,112.1241096967006,861119.2401733398,807.5556640625,1066.3280297501503,855382.9024736275,5.126329102291134,0.006417501962127425,1.0064589523011935,56046.15234375,262.0,132.81570728881948,11.560311729260972,False,False,science_V_002.fits,851647.7378037442,787.2966582957184,1081.7367619053891,-10.380271866934985,0.001003663773141656,14.046233158319179,0.015844646513484106,2
160,151.60140100590064,113.65025446620791,157920.59423828125,394.50225830078125,400.3033972948198,160113.18877491285,6.401073056030344,0.3736057019500212,1.5964385421659952,7532.61328125,172.0,132.82931680129332,11.560734608263802,False,False,science_V_002.fits,156580.7800724515,396.51937654672525,394.88809206780405,-8.541468004923766,0.002749386526989982,15.885037020330397,0.016050065683433857,2
161,164.67896303207192,117.4509470642814,520300.1205749512,637.758544921875,815.8261848748535,518545.5123201552,5.064806631920537,0.005422002213249955,1.0054515605868173,32535.04296875,203.0,132.82560902132997,11.56179070456358,False,False,science_V_002.fits,515534.8641694708,628.9421348153764,819.6856843130793,-9.83526697585124,0.0013245320990445853,14.591238049402923,0.015868203031507586,2
162,165.40105137890717,132.5724572214966,1112965.7047424316,906.9395751953125,1227.1663241762835,1105588.4055716146,5.222227426850104,0.008734212738463643,1.0088111713838048,57514.80078125,272.0,132.8254046693297,11.565991139865023,False,True,science_V_002.fits,1088325.7593743284,886.1390881945426,1228.1658419918363,-10.646519145358177,0.0008840011363931231,13.779985879895987,0.015837516856404336,2
163,192.36576913840068,130.86349254550097,1307401.0401916504,973.696044921875,1342.7198836948653,1302967.3079158915,5.2622687842667215,0.0031685548387920814,1.0031786264911413,58668.2265625,256.0,132.8177591970583,11.565516993317745,False,True,science_V_002.fits,1290997.2168744442,957.945941054558,1347.672307534646,-10.831935139084605,0.0008056112705811378,13.594569886169559,0.015833334825204527,2
164,185.5067759796043,141.2458431375548,224724.14645385742,428.1322326660156,524.8942483365038,237460.95886034064,4.784777994113076,0.07447127891758387,1.0804634985616535,14450.9462890625,112.0,132.81970416221822,11.568400853582963,False,False,science_V_002.fits,321931.6854943717,539.3946065001659,596.8389034944358,-9.32403118246934,0.0018190838325774818,15.102473842784823,0.01591711494453979,2
165,193.77359800324865,142.65826259692278,489135.81286621094,606.7138061523438,806.2051792890809,493736.060877824,4.934971906627466,0.06900939527366678,1.074124695698677,31335.12109375,140.0,132.81736023266234,11.568793341132398,False,False,science_V_002.fits,554026.283989046,661.9672909390447,836.9390626584023,-9.91344779633411,0.0012972270604163804,14.513057228920054,0.015865947189311565,2
166,203.78435929679677,148.62244117586084,1731486.8686828613,1113.13671875,1555.502427974202,1723387.6641174317,5.449314192824244,0.01420411436016289,1.0144087782948532,62458.73828125,281.0,132.81452188866345,11.570450212039002,False,True,science_V_002.fits,1711553.5251585816,1093.497712926594,1565.20997248165,-11.138098087323252,0.0006936449544073732,13.288406937930912,0.015828032900222375,2
167,131.1104074695341,150.8450899822479,753082.1389160156,770.107177734375,977.8926371411751,754529.4520929512,6.558636848449669,0.34552659085609794,1.527945957816791,28988.720703125,249.0,132.83512790545657,11.57106585989123,False,False,science_V_002.fits,738902.7682218814,750.6965468346295,984.2895525995456,-10.226090108042474,0.0011030290803479786,14.20041491721169,0.01585125090710006,2
168,175.85526029303816,148.52421660997982,1348036.9212341309,983.5547485351562,1370.576394696697,1356883.7903543534,5.240923066336656,0.05910235858364321,1.0628148652755416,58531.20703125,230.0,132.8224408911781,11.570422425528662,False,True,science_V_002.fits,1432368.2595391623,1009.2664012048779,1419.2172233507217,-10.944758595864228,0.0007649991714705242,13.481746429389936,0.015831320409242487,2
169,151.9845188983403,150.36956011344708,205622.5817565918,421.0274353027344,488.38285706664584,208578.17188506716,4.838021570089115,0.07385350087714637,1.0797427846966894,13443.109375,136.0,132.82920924322244,11.570934421301454,False,False,science_V_002.fits,250800.6750958035,476.78692207633566,526.0225553243032,-9.05294362698531,0.0020639799358615806,15.373561398268853,0.015946958811741702,2
170,142.8475511868187,153.6155713258642,787375.794128418,762.2705688476562,1032.9347954738878,787876.5283360269,5.071423450389579,0.023213275530510558,1.0237649375743902,50806.0,191.0,132.83180004187102,11.571835819681931,False,False,science_V_002.fits,796855.4397194899,764.9452345839026,1041.7156728258399,-10.308070728263578,0.0010422229676691384,14.118434296990586,0.015847135731168714,2
171,167.64028791552403,154.24209566088626,1653861.0249023438,1086.697998046875,1521.914117698599,1671578.0042356683,5.407111777217011,0.03963732241706863,1.0412732849185986,57766.8828125,263.0,132.82477030146677,11.572010536150644,False,True,science_V_002.fits,1714202.577984612,1094.342054538097,1566.4230126915368,-11.139777233793822,0.000693107794767695,13.286727791460342,0.015828009368929336,2
172,195.9646644511891,163.82035474641089,1725171.9097595215,1127.037109375,1530.714379685526,1692506.0052366322,6.363503910668109,0.2473236531540668,1.328592301578851,64108.42578125,397.0,132.81673933478888,11.574671734696292,False,True,science_V_002.fits,1671985.4122228746,1081.1787515602016,1546.4467922719587,-11.112703083983273,0.0007020610120086618,13.31380194127089,0.015828403957200792,2
173,133.15400194067135,165.5281465060006,608096.861328125,675.9755859375,899.5840589194726,613644.6207072126,5.012626866159172,0.03285549161317103,1.0339716467686644,38825.7734375,176.0,132.83454896921484,11.575144554295079,False,False,science_V_002.fits,614169.4219118075,692.9322077522173,886.334067085861,-10.025342349336393,0.0012249331717211613,14.40116267591777,0.015860199981177096,2
174,122.6552692301918,168.08138996519267,1374037.9659729004,987.6031494140625,1391.2855247455486,1380011.83581027,5.1556353177168575,0.0906494001332494,1.0996858638973048,58128.484375,204.0,132.83752591992382,11.57585342025663,False,True,science_V_002.fits,1704798.5011701996,1091.450013615306,1561.9574693331538,-11.133804511245899,0.0006950893486642231,13.292700514008265,0.015828096264882064,2
175,114.43478857932156,169.44713494756436,1272069.7893066406,956.4550170898438,1329.9839162087326,1276551.104680026,5.139866724201594,0.06596955413349026,1.0706289119647376,59020.4921875,231.0,132.8398568499515,11.57623248427992,False,True,science_V_002.fits,1624161.5508430197,1065.5331406782668,1524.271267441909,-11.081194936842902,0.0007122747920204937,13.345310088411262,0.01582886027315596,2
176,134.2435921171789,183.77542230581432,301296.3285827637,576.1727294921875,522.9270896738077,300285.3336029983,5.042770795986826,0.014938131846794378,1.015164663590928,19995.287109375,193.0,132.83424064389374,11.580213276795638,False,False,science_V_002.fits,298445.6045511333,549.9655248066085,542.6623871670494,-9.241784841716044,0.0020006914532401266,15.18472018353812,0.01593889106741166,2
177,99.70945341237577,61.22064820134604,837085.4247436523,785.6919555664062,1065.4117288755954,836089.6803427387,5.062010429858517,0.022738818211909262,1.0232679028244058,54612.9765625,212.0,132.84402740833548,11.546168993752419,False,False,science_V_002.fits,880509.3928259669,796.7900621370827,1105.0707515908762,-10.416456856942029,0.000982471030417745,14.010048168312135,0.01584331819706204,2
178,89.75723464728445,62.20202039540864,909413.5055541992,815.5715942382812,1115.0627510556733,915167.1049852974,5.03090112692672,0.04776245884476138,1.0501581346885533,60443.7109375,212.0,132.84684905502994,11.546441157990246,False,True,science_V_002.fits,953287.3435606412,826.477358496021,1153.4343122180408,-10.502681441778641,0.0009412759690772608,13.923823583475523,0.0158408169807529,2
179,306.75819472107577,65.24712712928738,168629.5135192871,390.15008544921875,432.2170359776472,170387.9687689445,4.773743410154256,0.061722563118908,1.0657828491795334,11028.4033203125,129.0,132.78532594669133,11.547290407889008,False,False,science_V_002.fits,215381.6601849674,442.8436682361492,486.36048256675934,-8.887643674607773,0.0022322948490186463,15.53886135064639,0.01596961560153225,2
180,302.35992809953666,71.55830237984401,122821.07287597656,342.9700622558594,358.11018625978704,124352.97621173147,4.734336430759243,0.06790928715649058,1.0728569507460504,7621.408203125,116.0,132.7865728415991,11.549043570617282,False,False,science_V_002.fits,187715.82628574834,421.5911205670377,445.25564493215984,-8.738374097666972,0.002438374476230211,15.688130927587192,0.015999723505550904,2
181,491.2637197646855,81.23071152765414,553725.1932373047,668.9681396484375,827.7302915028265,550294.632627097,5.135431153393337,0.004719913292551836,1.0047422965209383,36618.140625,237.0,132.73301462881759,11.551722975067948,False,False,science_V_002.fits,545930.4088893383,649.7911419447543,840.162897966611,-9.89746508812155,0.0012922493990482628,14.529039937132614,0.015865540982805713,2
182,488.9326060824217,99.75524583951173,1516572.4559936523,1043.40966796875,1453.4774811374218,1544239.297841915,5.192392425297123,0.0644583355613324,1.0688994814570958,63281.41015625,234.0,132.73367432412047,11.556868823169495,False,True,science_V_002.fits,1863256.923442362,1141.7149506505812,1631.9808393335186,-11.230303733154894,0.0006652651635563239,13.19620129209927,0.01582681458492481,2
183,485.9356032165976,107.21409082103955,1170432.0774536133,913.4972534179688,1281.2650208572488,1214701.5835277797,4.8792901606459065,0.0494007422359759,1.0519680000089366,62194.3828125,163.0,132.73452356471864,11.558940913914393,False,True,science_V_002.fits,1933533.0256302992,1161.4277726404787,1664.7897279350032,-11.270500860093996,0.0006521544323478599,13.156004165160168,0.015826268908728236,2
184,492.5490163441924,111.58895685150291,817852.8983764648,781.5863037109375,1046.4012668765242,819420.4368657772,4.975732274494607,0.11022744075665503,1.1238827154327973,48830.36328125,197.0,132.73264818679843,11.560155726348892,False,False,science_V_002.fits,1216704.3715120875,932.8425586607378,1304.2976654698132,-10.767584545134795,0.00083240201124559,13.658920480119368,0.015834720561982544,2
185,463.6717531982834,89.81421142055122,1789822.9257507324,1131.5118408203125,1581.7977869795548,1806229.5872492217,5.412752445695551,0.04097737277196778,1.0427282648068577,61930.984375,264.0,132.74083700458027,11.554108967321888,False,True,science_V_002.fits,2034927.1411444182,1189.35367163057,1710.952082364694,-11.325994034767833,0.0006345589751990379,13.100510990486331,0.0158255536162484,2
186,461.4868968136898,98.329002211012,1374615.78515625,1004.080322265625,1369.0297027777042,1400105.4904340506,5.2936853763907985,0.11782820086126189,1.1335660479923493,61651.4609375,255.0,132.74145596497377,11.556474309174368,False,True,science_V_002.fits,1713918.690482661,1097.678786015377,1561.4027640128331,-11.139597411135572,0.0006953362867180609,13.286907614118592,0.01582810711106587,2
187,176.95119399026495,87.82559498964797,393124.88049316406,557.5745239257812,705.0624869394013,395915.9821240712,4.9713275725188835,0.03030510909607642,1.0312522107524222,26413.896484375,166.0,132.82212881409563,11.553561729848749,False,False,science_V_002.fits,415047.11701157136,571.7650139135652,725.9050604910128,-9.599865377848856,0.001495650132629764,14.826639647405308,0.015883401760548102,2
188,187.4138998253541,93.11301511802955,1644416.9893798828,1083.1092529296875,1518.2374122757437,1641615.5501081971,5.4535009652117745,0.020302986664165523,1.0207237404909857,58297.97265625,260.0,132.81916250333376,11.555030666388511,False,True,science_V_002.fits,1661430.7041697495,1076.8924173091573,1542.8010054348645,-11.105827454562379,0.0007037200495562143,13.320677570691785,0.015828477629762583,2
189,196.45522838739117,94.05492787331546,233093.42080688477,454.8338928222656,512.4803241036616,251941.20325514892,4.725727929551645,0.1323813037308359,1.1525800496232816,17611.67578125,129.0,132.81659908605545,11.555292465645332,False,False,science_V_002.fits,478115.399672259,621.5741469869123,769.2009102854886,-9.753453704442133,0.0014114647883048436,14.67305132081203,0.015875695733301626,2
190,297.4335845572436,97.8154685349028,1216794.0030212402,944.089599609375,1288.8543667091544,1213790.0305275288,5.257786482919996,0.02692053890328483,1.0276653037902412,58887.5546875,259.0,132.78796923357942,11.556337283604984,False,True,science_V_002.fits,1208090.216893034,926.960905048478,1303.280656512535,-10.759870292609278,0.000833051572257075,13.666634732644885,0.015834754721491175,2
191,285.89688143575256,101.25938601807468,561018.2818603516,660.2210083007812,849.7431538936501,561270.388523434,5.058562513650134,0.01553229391050892,1.0157773523848805,37255.1328125,201.0,132.79124015026576,11.557294043275744,False,False,science_V_002.fits,567064.3300742961,656.6609641808343,863.5572403511035,-9.93870269857261,0.0012572414997743268,14.487802326681553,0.015862727960741868,2
192,352.04211216647604,101.14395366702185,1235433.7580566406,954.1528930664062,1294.796428365132,1227939.3168836506,5.2423215203114255,0.005445261377833299,1.0054750745900392,58938.23828125,274.0,132.77248624711277,11.557260813492658,False,True,science_V_002.fits,1221076.600957791,932.5859920600077,1309.3447803784086,-10.771479146781447,0.0008291933616493482,13.655025878472717,0.015834552213395567,2
193,366.4026384482223,100.90174631931592,896390.9215698242,819.7013549804688,1093.557935610809,892490.0473989807,5.132886304605843,0.003411135438322943,1.003422811110601,58105.42578125,233.0,132.7684146703004,11.55719312154592,False,True,science_V_002.fits,887335.2901441789,804.9087499621012,1102.404825622729,-10.424841259428765,0.0009848469226236445,14.001663765825398,0.01584346570762686,2
194,374.563330593102,112.08409158188815,381614.7028198242,561.4085083007812,679.7451359881593,380705.606433599,5.033338337058383,0.006068187575105521,1.0061052352880233,24570.8984375,189.0,132.7661005243522,11.560299066875052,False,False,science_V_002.fits,379488.74888343894,555.6978317710697,682.9048579764417,-9.502619135092157,0.0015898261482823624,14.923885890162007,0.01589254634567757,2
195,73.42684936641992,103.14887647610931,139270.7688293457,364.6163330078125,381.96525010403633,139807.25194693566,4.872694162143092,0.01603134533500794,1.0162925366158804,9008.5029296875,144.0,132.8514810617852,11.557814493001612,False,False,science_V_002.fits,138544.2481824412,374.99091577935957,369.4602785096775,-8.40859312473386,0.0029386108958166708,16.0179119005203,0.01608356043184343,2
196,61.98955723221339,115.50734823299591,1178152.8365478516,928.8721923828125,1268.3691536997849,1170583.973500241,5.18971111713403,0.004493782547688396,1.0045140677867275,59778.79296875,278.0,132.85472451044137,11.56124680859492,False,True,science_V_002.fits,1167252.4580101562,908.6797230481573,1284.5587156876563,-10.722533866902943,0.0008451929730738683,13.703971158351221,0.015835398110861643,2
197,421.59193083037025,115.4089795247808,943080.3525085449,844.6917724609375,1116.478676903601,936945.2896276445,5.138638477969684,0.004046875762464763,1.004063319511712,59038.22265625,258.0,132.75276638915673,11.561220792571829,False,True,science_V_002.fits,933484.5453981869,824.130542823951,1132.6901466356596,-10.479889704649597,0.0009585145621905243,13.946615320604566,0.015841850659997977,2
198,429.89238734935867,128.82274179429683,1179807.6852416992,934.5166015625,1262.4791076681522,1172451.0840313775,5.220813222138632,0.004543704733661502,1.0045644442204726,60186.34765625,262.0,132.75041229863902,11.56494644427008,False,True,science_V_002.fits,1165528.920533878,913.9731332826958,1275.233240552351,-10.720929509635722,0.0008513736667731019,13.705575515618442,0.015835729199762852,2
199,421.07693765408095,140.8806090076907,1061601.2796936035,890.7105102539062,1191.8589344937482,1055234.064817353,5.170055521635436,0.0037995935241487144,1.00381408549871,58460.50390625,258.0,132.75291121170514,11.568296263729362,False,True,science_V_002.fits,1050424.5166290896,870.6715542784829,1206.4532388445448,-10.608033997834683,0.0008999105518915979,13.81847102741948,0.01583841283617626,2
200,116.22542995129606,118.12831512524478,39500.753356933594,219.97702026367188,179.5676353356667,42031.11610096611,4.359982199244144,0.179058606813568,1.2181137512369347,2834.70068359375,77.0,132.83934711260508,11.561977333122746,False,False,science_V_002.fits,104095.02180280109,344.4248611138043,302.228536773384,-8.098196775260318,0.0035923146490103816,16.328308249993842,0.016215739474511843,2
201,109.5871946272415,124.09311543581317,438510.020111084,587.247802734375,746.7205804249414,439240.8640925553,5.020190150412444,0.009270711321661462,1.0093574616472971,28212.236328125,184.0,132.841229501853,11.563633961097972,False,False,science_V_002.fits,442802.38084336004,586.1343122468286,755.4623088792836,-9.670146742319313,0.0014371332457480492,14.756358282934851,0.015877998429707108,2
202,94.32907673948417,142.77196401297246,57162.60073852539,246.0916748046875,232.28173315449584,63473.922069606895,4.401021274673285,0.1517827008581779,1.1789431800220804,4019.362548828125,79.0,132.845556521135,11.568821883260643,False,False,science_V_002.fits,187253.89694282552,417.91636845675714,448.0654769141955,-8.735699035472384,0.0024230833570958463,15.69080598978178,0.01599740026139191,2
203,86.27862046681071,146.83412404549375,630551.8941650391,684.478759765625,921.2146982923894,633678.8675679597,4.8819451329197765,0.04197091043635248,1.0438096409530413,58211.6328125,170.0,132.84783932284842,11.569949894820352,False,True,science_V_002.fits,705209.1027670603,720.6184009490443,978.6165629941032,-10.175416647771574,0.001109423282882391,14.25108837748259,0.01585169713905576,2
204,93.8147551390717,153.01344360651373,957704.9873352051,832.5845336914062,1150.279579526965,958655.1066918344,5.088846901759761,0.04004436385656984,1.041714806756535,59364.8359375,192.0,132.84570281648777,11.571666714213116,False,True,science_V_002.fits,999535.5686948755,846.9939759027244,1180.0976124175766,-10.554117507027312,0.0009200086404511986,13.872387518226851,0.01583956748356002,2
205,92.04337853260405,166.16799093592618,1518250.014831543,1049.2823486328125,1446.9413469213346,1512612.6762626818,5.80953052848747,0.16487814984195326,1.1974300514478817,59311.5546875,311.0,132.84620567859292,11.575320674003374,False,True,science_V_002.fits,1492037.6477552396,1022.2819849804914,1459.5167181623697,-10.9890713280053,0.0007438763711915338,13.437433697248863,0.01583031377526561,2
206,276.2752236882635,152.77867953091257,295698.3885498047,495.6361999511719,596.6036955713399,300197.88709757535,4.901950880950842,0.06286639173598407,1.0670837020266941,19651.470703125,156.0,132.79396783339473,11.571605021598335,False,False,science_V_002.fits,349088.022871657,535.7615424696675,651.573499028107,-9.411959245360352,0.001666274029897533,15.014545779893812,0.015900375822931294,2
207,296.32832889481296,160.60671006771503,321010.8603820801,524.218994140625,612.3602234373959,320085.9498031916,5.038907347712876,0.014758292538342377,1.0149793623499406,20361.376953125,193.0,132.78828186932222,11.573779300902123,False,False,science_V_002.fits,318797.4021899647,516.4091881388414,617.3348761258932,-9.313408808461178,0.0017586889093539454,15.113096216792986,0.015910325856110918,2
208,280.1167085189237,161.7300521222117,766172.510925293,761.1119995117188,1006.6488393519229,764418.0859876418,5.091485308568484,0.017611949829789753,1.0179276914318514,51117.34765625,219.0,132.79287855239917,11.574091488836183,False,False,science_V_002.fits,779580.0267834102,757.5802057779488,1029.0395932175527,-10.284273633425535,0.001055061444822822,14.142231391828629,0.015847985260596966,2
209,469.50956838491555,167.1587833148948,26958.58953857422,209.68463134765625,128.5673125651111,28600.313108583243,4.417132047244993,0.008927413234409709,1.0090078298538605,1811.377685546875,77.0,132.73917717058924,11.575593210108103,False,False,science_V_002.fits,31959.625515709016,282.797846379121,113.012266270457,-6.816126078695372,0.009606921760171952,17.61037894655879,0.018502389788181754,2
210,475.62419558783773,175.06536009392596,101763.29898071289,332.9230041503906,305.6661681892777,102774.96285714988,4.82640716854788,0.016125504154439363,1.0163897979087066,6727.4580078125,127.0,132.73744290948534,11.577789112800867,False,False,science_V_002.fits,102753.62824122632,356.2658131760402,288.41843489050433,-8.084114788545557,0.003764322486571211,16.342390236708606,0.016254710269661923,2
211,363.3824631517024,174.6371648089197,669720.7521972656,708.7931518554688,944.8747500509564,699911.1066409086,4.817122633273478,0.2019881035977651,1.2531141509398673,43418.8515625,171.0,132.7692687139475,11.577675263857095,False,False,science_V_002.fits,1454824.0231498983,1013.0996981161549,1436.0126904145009,-10.961648033639484,0.0007560518143378078,13.46485699161468,0.015830890578666462,2
212,367.0979152227339,180.8424316744481,1675329.859741211,1095.18115234375,1529.7285350062039,1693300.0078536551,5.4355765343599645,0.05453044106933724,1.05767551218784,57765.9453125,251.0,132.76821501292818,11.579398835587138,False,True,science_V_002.fits,2012013.1329112498,1182.6754209195794,1701.2386469880516,-11.313698901894593,0.0006381820692365363,13.11280612335957,0.015825699305915115,2
213,399.1517825825532,185.39936479930432,1721966.8427734375,1136.54443359375,1515.0897684911304,1711210.8630382526,5.5354294678322775,0.0008412350557558401,1.0008419433279983,58655.38671875,319.0,132.75912599914022,11.58066351663553,False,True,science_V_002.fits,1699259.2678707128,1090.9464742988343,1557.6009528449588,-11.130270992218758,0.0006970334719023949,13.296234033035406,0.015828181760034834,2
214,354.75750114164896,188.91663764759684,31611.28109741211,223.9958953857422,141.1243766006269,32948.304438973486,4.606589486893508,0.05197743751640649,1.0548272156943586,2051.91943359375,89.0,132.7717138929451,11.581642030745607,False,False,science_V_002.fits,28484.858925778455,281.13001446189867,101.32272422174611,-6.691157056314663,0.010715266573606247,17.7353479689395,0.01910137219969263,2
215,376.1457902471135,197.21486504372407,490610.63583374023,658.941162109375,744.5439199202823,488554.541315033,5.1031266690596295,0.014999467334222527,1.0152278773836074,32901.03515625,215.0,132.76564894100764,11.583946441300101,False,False,science_V_002.fits,481280.8970833405,646.018056781535,744.9960446633398,-9.760618434239177,0.0014573231734278842,14.665886591014987,0.015879838569694497,2
216,391.15850022253926,200.55316673382265,1092072.1871948242,903.973876953125,1208.079364943256,1088010.153683036,5.740643970608539,0.20249954771108214,1.2539177841591,58823.12890625,267.0,132.76139191087032,11.584873213887008,False,True,science_V_002.fits,1077353.0272011035,881.2343236866946,1222.5500054218667,-10.635516964790632,0.000888061834023187,13.790988060463532,0.01583774403091538,2
217,71.79939041448144,194.80808896411196,365732.1121520996,543.3945922851562,673.050702646991,366234.51565625303,5.005119496329898,0.012070706248575425,1.0122181884117838,24200.45703125,180.0,132.8519472273397,11.583275286000136,False,False,science_V_002.fits,370558.01624352834,543.6731174109889,681.5823780439111,-9.476762405921779,0.0015929109011237575,14.949742619332385,0.015892855228267385,2
218,82.33274089434258,195.82250189794803,191804.05950927734,412.3717346191406,465.1241668792461,194278.78791998862,4.9013186444423305,0.037910725916389665,1.0394045822332856,12664.1533203125,147.0,132.84896051983807,11.583557584588714,False,False,science_V_002.fits,203745.40085050664,429.88979431110334,473.9479828243139,-8.827341409499887,0.0022907577188749305,15.599163615754277,0.015977892636212455,2
219,230.51916942842965,201.11791397583494,1222476.0359191895,939.7765502929688,1300.8156412692902,1229622.645134997,5.079857489827355,0.04353674205796276,1.0455184678516958,66026.6328125,220.0,132.8069418741944,11.585032564416748,False,True,science_V_002.fits,1506650.9557006496,1028.4355412230818,1464.9930844560693,-10.999653502553228,0.0007410956485184398,13.426851522700936,0.015830183351054405,2
220,231.22667370963916,210.28742733676984,1672139.8754882812,1092.34033203125,1530.7865382749999,1697897.3251558158,5.438215159605439,0.060601788964504855,1.0645112884531722,60427.75390625,252.0,132.80674131974848,11.58757965601047,False,True,science_V_002.fits,1809399.2103701576,1122.8494235712878,1611.4353112595081,-11.198457865172596,0.0006737471820394764,13.228047160081568,0.015827173387344098,2
221,241.25604287335815,222.27277833615628,1018026.2667541504,872.26025390625,1167.1129828455616,1011915.455049803,5.1886478797009845,0.006196618008688204,1.0062352555052407,55764.58984375,262.0,132.80389746843565,11.590908972002225,False,False,science_V_002.fits,1007291.096902599,852.0408877751794,1182.2098110019153,-10.562509362513895,0.0009183649043479653,13.863995662740269,0.01583947209553668,2
222,256.0069019303198,224.53337208049757,52004.10543823242,261.58123779296875,198.80671059210914,52770.86505217998,4.685015549488902,0.027902974320710205,1.028703898462411,3448.8876953125,107.0,132.7997147085866,11.591536940642332,False,False,science_V_002.fits,51987.41515729231,298.95406883182505,173.8976671581531,-7.344367435569069,0.006243326996518007,17.082137589685093,0.017000723930268313,2
223,483.6106588007897,221.64873047335405,1596096.1401367188,1080.7535400390625,1476.8363748121794,1586200.145367662,5.422356561624209,0.005691732298788943,1.005724313559162,60981.24609375,303.0,132.73517536915517,11.5907284336663,False,True,science_V_002.fits,1575631.8356661082,1053.6884738370354,1495.3488386642418,-11.04825874192243,0.0007260513212220295,13.378246283331734,0.015829486178925562,2
224,471.175321962587,226.464614240043,406875.07681274414,579.4417724609375,702.184578589686,406737.35003714566,5.050295460155991,0.01268977745685651,1.0128528776134513,25670.138671875,188.0,132.73870123776726,11.592066942232496,False,False,science_V_002.fits,407766.14439570985,575.8295539766949,708.13688109557,-9.580649785956068,0.0015331781594545622,14.845855239298096,0.01588697949379855,2
225,412.29448350641843,237.8274233958097,84448.89468383789,312.05267333984375,270.6238462244099,85463.1132051021,4.792425561358306,0.024318673293686865,1.024924811644988,5661.306640625,121.0,132.75539706165824,11.595226314448439,False,False,science_V_002.fits,84906.49813966913,339.37327099480797,250.186167846342,-7.876974197360025,0.004339568447552263,16.549530827894138,0.016397479577018485,2
226,400.4576424845584,242.8537439445706,227403.7540283203,448.3384704589844,507.2144574065143,230118.3979378523,4.953200741423621,0.038136006058808736,1.0396480233162158,14401.4482421875,146.0,132.75875336456113,11.596623009349143,False,False,science_V_002.fits,259379.06472774583,481.6586094233039,538.512256717063,-9.08945917388009,0.002016110100480837,15.337045851374073,0.01594083379579023,2
227,400.8721394592514,253.799812060309,1336732.226196289,992.0796508789062,1347.4041373714774,1330576.1227178923,5.291912871499596,0.018859747742173694,1.0192222749996986,58363.5390625,274.0,132.75863537670065,11.59966356634372,False,True,science_V_002.fits,1323757.4178772466,971.4423488776016,1362.6721332528973,-10.859142890935749,0.0007967433790608719,13.567362134318415,0.015832886097607864,2
228,386.70400049418305,261.3276405534355,118727.95706176758,353.3102722167969,336.04445270392307,119588.40367483681,4.837659053559234,0.015994854986427276,1.0162548489380172,7556.85888671875,135.0,132.76265274394498,11.601755172933338,False,False,science_V_002.fits,116283.82217123752,370.70424520149686,313.68354605173533,-8.218420119794184,0.0034611314927590667,16.20808490545998,0.016187183614758797,2
229,129.53883731073324,244.13024109756333,1036350.9443054199,869.9047241210938,1191.3384484174342,1049405.4917224506,5.091182407677175,0.04427055016769588,1.0463212158791002,57277.44921875,221.0,132.83557681107177,11.596978340390608,False,True,science_V_002.fits,1141173.6407378078,901.2632905463985,1266.1934117453754,-10.698001203045884,0.0008574519421195096,13.72850382220828,0.015836057148191644,2
230,138.46231123054986,248.2534291995098,1616447.5083312988,1063.498291015625,1519.9342791492552,1638771.2602775167,5.113610238864853,0.1568429306329856,1.1860186391495628,56918.01953125,178.0,132.83304654887422,11.598123968626952,False,True,science_V_002.fits,2581749.9670122103,1331.7187022569658,1938.6601409417174,-11.584407324400498,0.0005600259566241527,12.842097700853666,0.015822740320179683,2
231,143.14863297336873,252.57853985327841,1298906.732788086,963.8665771484375,1347.6001384246065,1328355.6344651217,4.955102287648347,0.17061279178758493,1.2057094564495492,57197.140625,209.0,132.83171779628225,11.599325535980483,False,True,science_V_002.fits,2347357.6202723286,1272.0538436372412,1845.3288215854311,-11.481070022706469,0.0005883504269267365,12.945435002547695,0.01582376814771412,2
232,171.70024681340703,250.35414859129406,74856.26574707031,292.1461181640625,256.22885635958636,75934.60529365286,4.830182462403984,0.009777740760684162,1.0098742889987096,4790.70458984375,116.0,132.82362139522354,11.598708419667084,False,False,science_V_002.fits,77230.5961319477,323.9455311113102,238.40611681539352,-7.774095341811952,0.004553993892869355,16.65240968344221,0.016455526200764244,2
233,178.39342686861247,262.4669738781616,1530896.1114501953,1043.6668701171875,1466.8436407091274,1569483.174654255,5.2696208240588,0.11692880207778411,1.1324115228227425,57088.3828125,223.0,132.8217236836588,11.602073241031666,False,True,science_V_002.fits,2090059.9539403692,1203.3566327365195,1736.8582987633704,-11.355018734404672,0.0006250941719154695,13.071486290849492,0.01582517693081217,2
234,171.3247916180788,267.37554090307987,1918467.759979248,1168.7288818359375,1641.4994014399283,1945812.5615820386,5.987585232813581,0.16871295013281118,1.2029539016152913,57004.296875,283.0,132.82372826433425,11.603436575124146,False,True,science_V_002.fits,2255816.7074021264,1249.644516542596,1805.1667314504105,-11.437881396231226,0.0006014402886361998,12.988623629022937,0.015824260254070074,2
235,153.4140060602703,273.93565916355436,1198753.9693603516,943.022705078125,1271.1825101401355,1189740.4667504455,5.279244275650644,0.008738099616050543,1.0088151270745562,56751.43359375,295.0,132.8288074684746,11.605258371180055,False,True,science_V_002.fits,1178091.3695673973,917.7340727830327,1283.6957943544908,-10.732569310185804,0.000845761125630194,13.69393571506836,0.015835428445399712,2
236,137.42673577606647,280.30617786091614,571886.8111877441,670.9613647460938,852.3394061655971,568829.0531198992,5.089526643048998,0.004827269749930085,1.0048506853164245,36190.828125,227.0,132.8333412680515,11.607027474874199,False,False,science_V_002.fits,566703.2818068374,655.9082420450978,863.9978056074999,-9.938011193215097,0.0012566004137436616,14.488493832039067,0.015862677162684986,2
237,101.93803157836761,273.88859549535084,906157.0583496094,818.224609375,1107.4673726102867,910630.0737220286,5.036768682946203,0.05392802524078344,1.0570020322761475,56892.22265625,220.0,132.84340475797575,11.605243485284904,False,True,science_V_002.fits,987601.8804070475,842.0971981625223,1172.788464991951,-10.541076644448694,0.0009257423929450495,13.88542838080547,0.015839901551014852,2
238,110.31062165457436,273.5287164159482,360187.71688842773,533.8080444335938,674.7513842182935,372664.4731013824,4.849628229355074,0.07259392967333489,1.0782763149779306,22778.7421875,150.0,132.8410304877845,11.605143863634344,False,False,science_V_002.fits,576891.2113521739,660.2384250259771,873.7619464203043,-9.957356680916536,0.0012425581183158412,14.469148344337627,0.015861570945058995,2
239,283.2005624834936,274.59901340968946,493391.25408935547,632.1361083984375,780.5142714270789,491135.7475290056,5.059213282774649,0.008584574182162852,1.0086589072134733,31927.990234375,218.0,132.79200324811532,11.605443953320883,False,False,science_V_002.fits,489485.5713684073,618.1597053166969,791.8432197349923,-9.778971610469288,0.0013711047502097111,14.647533414784876,0.0158721583410636,2
240,274.54160686170263,292.25372667938865,1234093.3153381348,957.831298828125,1288.4245031959254,1225766.4754906115,5.266568657485102,0.002458445695787459,1.0024645045463818,57176.19921875,292.0,132.7944586153308,11.610348097388263,False,True,science_V_002.fits,1219917.853402459,932.5486268251128,1308.1546831029098,-10.770448342090141,0.0008299477225619429,13.656056683164023,0.01583459173423593,2
241,465.1693758276634,283.7823696242629,2123309.1549987793,1251.3717041015625,1696.7853340772435,2112230.760358424,7.006112691210184,0.31592104495546036,1.4618195642853697,60466.5546875,433.0,132.7404008918155,11.607988885910432,False,True,science_V_002.fits,1977135.6240037275,1174.3985356677415,1683.5303893491014,-11.29471302726463,0.0006448948037224094,13.131791997989534,0.01582597142281052,2
242,497.71440508978617,284.02250698473347,673331.3645019531,755.4663696289062,891.2790715392152,668822.6630323268,5.144538967015225,0.009233021782248385,1.009319064911567,44508.4140625,248.0,132.73117184116487,11.60805355201235,False,False,science_V_002.fits,664396.4956943587,709.941491555585,935.8468318826801,-10.110690206876487,0.001160125741747562,14.315814818377676,0.01585532635754977,2
243,481.89757852799073,289.01167045799707,305432.7917480469,520.1089477539062,587.2477162084219,304696.688530331,5.109445690672944,0.017797284722687046,1.0181197673818914,20549.1328125,192.0,132.73565681661006,11.609440457241993,False,False,science_V_002.fits,287290.540175961,512.0969143702389,561.0081453610438,-9.200425188785653,0.0019352660188227467,15.22607983646851,0.01593081092510225,2
244,476.9620444485391,300.3155979290685,246502.3663635254,483.2667236328125,510.07519100532693,251405.06434850543,4.879215460224686,0.19853371812727816,1.247713126076097,17864.115234375,138.0,132.73705572164835,11.612580741545274,False,False,science_V_002.fits,548776.3786148921,672.5854778258024,815.920647571614,-9.903110397651746,0.0013306441051973835,14.523394627602418,0.015868714374593917,2
245,473.0945930680784,308.22342635018924,1641435.6587524414,1090.3541259765625,1505.4151854401518,1642196.653478764,5.471828132998348,0.01754652840955173,1.0178599077889627,60242.9375,270.0,132.73815197476222,11.614777594643103,False,True,science_V_002.fits,1665327.0776783072,1084.6486627682104,1535.360836040774,-11.108370733031865,0.0007071301901901369,13.318134292222298,0.015828629608201257,2
246,462.91525605642556,320.16359633358485,1140355.8177185059,923.9007568359375,1234.2838873991805,1133976.1862157658,5.271681464161177,0.0479994829309448,1.0504195975425747,59477.5078125,266.0,132.74103797448115,11.61809490666958,False,True,science_V_002.fits,1124727.3815105658,901.6033193941411,1247.4747567104782,-10.682240044485265,0.000870318212180045,13.744264980768898,0.015836759010548825,2
247,446.98928371432936,325.5032319939853,459161.6940612793,616.989013671875,744.1975203556365,456887.69132978073,5.077404800151201,0.010852061130923518,1.010971120400181,29265.765625,213.0,132.745554095469,11.619579019679135,False,False,science_V_002.fits,454082.6655996598,602.9829518227564,753.0605371628068,-9.697459182095958,0.0014417167630246953,14.729045843158206,0.01587841394448871,2
248,371.3907974492123,287.0344438240021,174975.33618164062,408.32965087890625,428.5148918404926,175635.06591075595,4.911028560476654,0.00269652044106794,1.0027038113235707,11453.5859375,148.0,132.7669942843703,11.608896475558206,False,False,science_V_002.fits,175363.35994613348,419.28365567046524,418.2451607032348,-8.664469018858462,0.002595845934414426,15.762036006395702,0.016024478097053988,2
249,366.832371802476,298.1346191038166,290359.97872924805,501.4683837890625,579.0195117293475,290582.81295806373,4.970290288310268,0.0036052970104196724,1.0036183422087677,19706.00390625,171.0,132.76828660583897,11.61198000091321,False,False,science_V_002.fits,289396.08786789165,501.679038362306,576.8550522114771,-9.208353513831273,0.001882101917696265,15.21815151142289,0.0159244400151573,2
250,35.625030324286854,313.1860187867362,531282.2491760254,708.9508056640625,749.3922637952038,530778.2857694919,5.975764072701852,0.2530994279502635,1.338866292812813,28486.529296875,244.0,132.86221188065403,11.616156014107503,False,False,science_V_002.fits,522431.0020293034,688.8337077144256,758.428334993576,-9.84969422623005,0.0014315129721639373,14.576810799024114,0.015877490719796397,2
251,49.420164537398534,314.21980681142236,426830.5398864746,587.772216796875,726.1835923659874,425387.72240713215,5.093462197058649,0.02418540119560386,1.024784832308552,27057.669921875,206.0,132.85829983751628,11.616443988719617,False,False,science_V_002.fits,423821.9580706744,577.3227312903587,734.11617991102,-9.622580508056448,0.0014789212248824083,14.803924517197716,0.01588183522635702,2
252,414.59415673613853,323.65653659050236,1110375.8184509277,911.0283203125,1218.8159178959966,1103645.071183334,5.206617894347545,0.008616405931969107,1.0086912936460979,58711.37890625,259.0,132.75474108998958,11.619067625944355,False,True,science_V_002.fits,1098290.4184519353,890.2935734283648,1233.627256481939,-10.656414861060801,0.000880087558292285,13.770090164193363,0.01583729889463503,2
253,403.75597855521715,331.7345302556156,467368.298828125,616.4461669921875,758.1656336814374,466574.5617426812,5.05985233879213,0.007534701777636044,1.007591904514074,30798.494140625,198.0,132.75781433707422,11.621311974889405,False,False,science_V_002.fits,465600.2505366208,608.5209659262526,765.1342790267105,-9.724654887373578,0.0014189666177041047,14.701850137880585,0.015876364458839616,2
254,417.9543064809744,338.0137220148825,93512.46997070312,325.82965087890625,286.9980363004372,94518.61845208205,4.830990340305333,0.023437358884606296,1.0239998520298064,6428.19775390625,126.0,132.75378752878453,11.623055581112263,False,False,science_V_002.fits,92488.66461631045,350.3877328792974,263.96090940823893,-7.969843146530403,0.004113109029795275,16.45666187872376,0.01633900694836533,2
255,317.11094846240564,338.8650129175592,1774370.873413086,1139.1419677734375,1557.6380500503062,1762769.4296276676,5.603945614409588,0.004190318137699767,1.0042079507902186,58033.2890625,343.0,132.78238597935658,11.623295194239299,False,True,science_V_002.fits,1749852.6389318646,1106.305052255893,1581.7089828557669,-11.162125566051753,0.0006864094544369185,13.264379459202411,0.01582771746357912,2
256,246.58092445487028,348.94705098532074,678640.6343688965,716.665771484375,946.9416028663962,688689.3329338792,5.023903634209219,0.0491682602086414,1.051710789775939,44528.30078125,188.0,132.80238784397272,11.626096284347827,False,False,science_V_002.fits,735838.3133853805,740.1551181057087,994.1677026683593,-10.221577866003253,0.0010920692727051653,14.20492715925091,0.015850492025931997,2
257,273.24113423512085,354.294017840807,1724245.0187988281,1118.1650390625,1542.030879667354,1714418.3295931248,5.562755696954441,0.005020275269509988,1.005045605598516,57177.734375,306.0,132.79482708411578,11.627581516309174,False,True,science_V_002.fits,1698729.953147342,1091.2952537183367,1556.618108032003,-11.12993273560513,0.000697473577107892,13.296572289649033,0.015828201147272257,2
258,255.46433441517476,352.9332557682056,926918.4689941406,838.4802856445312,1105.4743741310838,935939.1598427435,5.949470034601277,0.2574077013754026,1.3466339495469637,53318.65625,260.0,132.79986854275776,11.627203573004476,False,False,science_V_002.fits,947022.1935678067,830.1731834321836,1140.7525712316249,-10.495522266192927,0.0009517401296126936,13.930982759061237,0.01584144221471209,2
259,234.908403845686,356.330723193385,574391.8482666016,673.096435546875,853.3574357735556,572414.2985063216,5.072321705777356,0.003765693014477267,1.0037799270594001,37817.05859375,216.0,132.8056981675107,11.628147257831086,False,False,science_V_002.fits,570679.212884142,660.6365231703134,863.8323690393662,-9.945602007953463,0.0012568410711529185,14.480903017300701,0.015862696228758966,2
260,301.7178717945481,357.3913926201912,691335.6700744629,721.5076904296875,958.1819837051828,710425.6010277575,4.953992843761237,0.08286419565933734,1.0903510638960487,44209.1953125,179.0,132.7867511079242,11.628441641657762,False,False,science_V_002.fits,1003832.4032054426,853.5563260301795,1176.0587703381975,-10.55877489999064,0.0009231681505914767,13.867730125263524,0.01583975131124266,2
261,286.6069331069579,362.0165218484922,1781153.9110412598,1136.0736083984375,1567.815586837031,1771364.8592507807,5.626273116372965,0.01755252118430084,1.0178661165739462,56855.15625,311.0,132.7910365062611,11.629726563433296,False,True,science_V_002.fits,1753196.919911394,1107.9759481970177,1582.3420379876734,-11.16419862153126,0.000686134839330141,13.262306403722905,0.015827705556570405,2
262,309.04853338837773,358.61096086083336,701878.1554870605,727.7357177734375,964.4684716513707,713676.025836315,4.907519437858016,0.09622000145032306,1.1064639642443186,46105.01171875,184.0,132.78467212471088,11.628780308159083,False,False,science_V_002.fits,1008335.4004301747,854.876789343105,1179.5096240769253,-10.563634410484436,0.0009204672669370207,13.862870614769728,0.015839594128551703,2
263,467.6693006259695,346.31111502196103,1146234.2338256836,915.90673828125,1251.4748346285298,1154382.2794157856,5.036084324690695,0.09712306308392771,1.1075706545519568,59915.1171875,211.0,132.73968821640975,11.625357824417822,False,True,science_V_002.fits,1690333.5205247442,1090.0399385878075,1550.707878387137,-11.124552883848342,0.0007001318656671925,13.301952141405822,0.01582831850820136,2
264,464.9315764688505,352.2172351776479,793999.3210449219,794.9303588867188,998.8287806203542,836265.9548877067,4.768804305663075,0.17259935439580543,1.2086043264684279,55860.75,176.0,132.74046427153894,11.62699857239576,False,False,science_V_002.fits,1532896.9307060656,1059.731936698346,1446.4949838936548,-11.018404260637935,0.0007505729450077512,13.40810076461623,0.01583062986471242,2
265,18.267270051064052,381.95807971434476,1251460.87789917,954.4912719726562,1311.1286762347902,1246159.0342123932,5.174283909589734,0.0059904393948073675,1.0060265410235694,62727.6875,255.0,132.86713888810405,11.635258251379101,False,True,science_V_002.fits,1244627.3135125106,938.2793501964943,1326.4997393919637,-10.792220192549387,0.0008184698177910382,13.634284832704777,0.01583399428477799,2
266,12.10635428404655,393.67182048198373,1052312.2575683594,879.564208984375,1196.4018622170347,1047685.2256706676,5.1102540603101465,0.007201087487917701,1.0072533192745918,62293.078125,239.0,132.868886958055,11.638511654852818,False,True,science_V_002.fits,1048270.9610974399,866.0884692823531,1210.350903258237,-10.605805762194818,0.00089701259120584,13.820699263059346,0.015838248443452607,2
267,368.9734562160031,397.0348497342239,1416084.4899597168,1030.0328369140625,1374.795481474406,1414735.9158678777,5.281131418947337,0.031588235879603244,1.0326185999075452,58682.1875,252.0,132.76767625190485,11.639452209871596,False,True,science_V_002.fits,1434563.6284484132,1007.8771086382523,1423.3517322232462,-10.946421413166208,0.0007627770251167355,13.480083612087956,0.01583121318654363,2
268,361.36166149720555,404.3187709700759,914737.2672119141,827.1189575195312,1105.9319326389805,915674.8749974864,5.051605991625039,0.0335173973022016,1.0346797730333093,57094.01171875,213.0,132.76983481141997,11.641475752660577,False,True,science_V_002.fits,962270.8088742017,837.538872107205,1148.9267434873532,-10.512865152494943,0.0009449688643373031,13.913639872759221,0.015841036844926347,2
269,253.23473618921426,422.1585793683016,553918.0320129395,653.4939575195312,847.6253309448301,564925.6650652037,4.597753252464398,0.03693012004382146,1.0383462517231894,36992.92578125,151.0,132.8005008851912,11.64643282103651,False,False,science_V_002.fits,1035551.3381776845,869.7311923919056,1190.6567767562135,-10.59255095957619,0.0009118496792651243,13.833954065677974,0.015839095681424588,2
270,254.6101185299178,429.6172472966437,1211010.1797485352,929.4337158203125,1302.9548628755144,1240556.5436514225,5.4244717275973375,0.20452123930817856,1.2571045883491698,58135.30859375,169.0,132.80011080447838,11.648504672227878,False,True,science_V_002.fits,1721772.4191304017,1096.9056682359692,1569.6631615545718,-11.1445612406044,0.0006916770595066642,13.281943784649764,0.015827946781638954,2
271,264.0122228162707,428.07127941589454,107956.99008178711,342.237548828125,315.4446098958129,112730.17306671492,4.641479178004876,0.07839586353113881,1.0850645742883855,8373.06640625,100.0,132.797444193916,11.648075225757578,False,False,science_V_002.fits,245377.58706920146,484.4794803968078,506.47673843323054,-9.029209102774043,0.002143632505924316,15.39729592248012,0.015957463535543562,2
272,251.83905653855203,436.1934521499296,455859.7162780762,599.3818969726562,760.5496905737753,481264.2183583131,4.65361212055955,0.13971368979874144,1.1624037115806902,33127.0,151.0,132.8008967359068,11.650331393073063,False,False,science_V_002.fits,1010625.9083998664,859.3694973362346,1176.008587147295,-10.566097943080186,0.0009232075444564899,13.860407082173978,0.015839753607234188,2
273,248.20254343163157,453.54813598841395,669036.2016296387,725.7091064453125,921.9068572898713,664983.3435662584,5.112985354016974,0.0021541692504157828,1.0021588197134597,42578.91796875,243.0,132.80192815981633,11.65515212946551,False,False,science_V_002.fits,661463.7050576259,706.3273561511568,936.4832032869333,-10.10588692193457,0.0011593373978191338,14.320618103319594,0.015855268694340348,2
274,288.48336907440785,424.89197083304634,486280.5542907715,635.16015625,765.6030522471418,495294.35301599087,4.7687194329994895,0.18620218594430538,1.2288064464271982,35673.75390625,158.0,132.7905037550926,11.647191940758285,False,False,science_V_002.fits,1022582.4535956354,874.8342894443679,1168.887029159667,-10.57886771512287,0.0009288322762726938,13.847637310131294,0.015840082435555472,2
275,293.7947422208364,429.4092787126772,987913.3780212402,853.6226196289062,1157.3186503079241,1005005.3497310071,5.031863904443906,0.05849432676106825,1.0621284910157134,58485.296875,207.0,132.78899730693198,11.648446694321608,False,True,science_V_002.fits,1267804.6801426606,962.309175149679,1317.460866925086,-10.812252750669078,0.0008240851984727191,13.614252274585086,0.015834285540626356,2
276,328.4332078003031,428.42079660766797,645506.6192321777,700.451416015625,921.5580188330698,647918.8746965942,4.905456776972324,0.07363047298157455,1.0794828314555625,38791.48046875,175.0,132.77917320665318,11.648171576551327,False,False,science_V_002.fits,913495.7849499002,817.8872394922829,1116.896976552621,-10.4563882434724,0.0009720681699319193,13.970116781781764,0.01584267650034999,2
277,349.7507694014692,434.5741649780227,1094454.687866211,908.404541015625,1204.8097939301097,1087113.235375443,5.177318343163545,0.007697274007500199,1.0077569816205043,59776.52734375,274.0,132.7731269868928,11.649880346434234,False,True,science_V_002.fits,1083215.3819346095,884.5194011791586,1224.6372216263069,-10.641408920233967,0.0008865482616625032,13.785096105020196,0.01583765923323279,2
278,330.1261497999667,436.7284935920003,1206657.6289978027,940.7080078125,1282.7121901553019,1208374.3345641107,5.136211187546888,0.06017028166724525,1.0640225356716604,59049.50390625,233.0,132.77869288074618,11.650479233377018,False,True,science_V_002.fits,1338643.3483751798,975.7358588866066,1371.9321025084391,-10.871284084934388,0.0007913656936920621,13.555220940319776,0.015832616392400207,2
279,123.89014669007977,440.74185126656704,226849.45162963867,442.6490478515625,512.4815081624441,231621.40083194576,4.898486687884091,0.05335043999300093,1.056357116980656,14835.349609375,143.0,132.83718586593565,11.651592450835352,False,False,science_V_002.fits,309461.36645091866,510.27860329674473,606.455697831712,-9.281137971207862,0.001790237941339741,15.145367054046302,0.015913844100479288,2
280,119.19102728400571,446.07866239757305,151030.54776000977,371.2198791503906,406.8492994116391,155455.2068472068,4.637457520124182,0.14319113794038618,1.1671214482961585,10219.67578125,119.0,132.83851884381286,11.653074722641103,False,False,science_V_002.fits,265888.14917960425,480.62777366849383,553.2101217334078,-9.116369326427732,0.0019625454368009543,15.310135698826432,0.015934147820302638,2
281,12.344738937180773,451.5871729504288,1269432.752532959,954.1927490234375,1330.3735055963816,1300342.003621455,5.017974531293316,0.08457478017585407,1.0923885188482145,65271.59375,211.0,132.86882331742123,11.65459924648118,False,True,science_V_002.fits,1725126.67352883,1096.5466888341361,1573.235951642888,-11.146674349513022,0.0006901062735479906,13.279830675741142,0.015827878216505754,2
282,15.89478275732169,459.0229594020131,1700125.2445983887,1089.9306640625,1559.8471541864044,1711502.9491781201,5.144998087528455,0.12669978496771706,1.1450815914009975,65482.515625,179.0,132.86781693924058,11.656664976859298,False,True,science_V_002.fits,2338710.1993493102,1269.7857043700906,1841.814875770307,-11.47706289818647,0.0005894729238441649,12.949442127067694,0.015823809923520078,2
283,20.72153105684355,466.1707612142178,1413852.4660644531,1005.280029296875,1406.42649297763,1426329.5311097833,5.157680664253484,0.06796508006216406,1.0729211734542061,65997.8984375,223.0,132.86644841676085,11.658650791419891,False,True,science_V_002.fits,1763048.5546503465,1108.8105337144696,1590.0358997710875,-11.17028255655656,0.0006828147717647789,13.256222468697604,0.015827561978406127,2
284,24.213852554194602,482.02343254439756,1855345.598815918,1164.9151611328125,1592.6873138226665,1843478.1645035855,5.500917185089424,0.0020877071582405815,1.0020920747977715,65656.6640625,321.0,132.86545892655408,11.663054529046752,False,True,science_V_002.fits,1831503.3648584492,1128.4651676146407,1623.003897169371,-11.21164117627082,0.0006689447892845697,13.214863848983343,0.01582696968149172,2
285,92.59555138269089,464.92735883184235,694633.5605163574,732.3410034179688,948.5110860574189,690433.663270486,5.110163787220531,0.0013718116777814426,1.0013736961301747,45493.14453125,237.0,132.8460628071659,11.658309363617892,False,False,science_V_002.fits,687665.6161863621,715.4841819908153,961.1192441361195,-10.148065148601608,0.0011296204988339997,14.278439876652556,0.015853123497883093,2
286,105.56581041561003,472.51153485455177,370123.96197509766,551.863525390625,670.6802405778008,373374.49247816746,5.0827101417300256,0.03409057316426145,1.0352937575896117,22335.17578125,186.0,132.84238438940207,11.660416638275718,False,False,science_V_002.fits,367707.30541369476,553.1497887706543,664.7517776891943,-9.46837751975832,0.0016332412133956275,14.958127505495844,0.015896948104239413,2
287,116.88497773929355,476.23035786268497,1168168.782043457,929.5972290039062,1256.6396989965083,1160964.8427316658,5.231830749556611,0.009772496443459788,1.0098689406306738,61501.203125,273.0,132.8391740691566,11.66145009554412,False,True,science_V_002.fits,1144981.7148484127,908.5382622447316,1260.246004410974,-10.701618251857637,0.0008614984663311392,13.724886773396527,0.015836276764922934,2
288,131.48402959650485,489.0990795281989,1871430.5317382812,1166.63720703125,1604.123818835269,1857210.919754872,5.586181960582197,0.002843572644828596,1.0028516816086428,62478.70703125,360.0,132.83503376047773,11.665025266239564,False,True,science_V_002.fits,1841897.414874928,1132.8022577092083,1625.9655225261258,-11.217785469916643,0.0006677263354964866,13.20871955533752,0.015826918228981364,2
289,105.24553954655401,491.70303509832127,1594735.7826538086,1079.89794921875,1476.7467461231101,1582303.4345059823,5.435317398747662,0.0014328257485296536,1.0014348816839527,62478.359375,331.0,132.84247603952335,11.665747589319519,False,True,science_V_002.fits,1570553.5425210586,1049.872841975742,1495.9464420143056,-11.044753740880495,0.0007257612769465831,13.381751284373669,0.01582947287811133,2
290,400.04249574408544,481.5649479533478,55036.377044677734,265.6869812011719,207.14743641505527,57286.78049755695,4.596888978064008,0.06544194503058098,1.070024483425722,3750.079345703125,95.0,132.75886131321943,11.662931651394326,False,False,science_V_002.fits,70988.8885897297,330.0118655045487,215.11010969619582,-7.682597816197453,0.005047182587249643,16.743907209056708,0.016598781106960326,2
291,410.1709270078548,488.174054155999,1585439.751586914,1080.0877685546875,1467.8804794803482,1574640.5644266773,5.408588396464355,0.0009598566375621509,1.000960778847516,62605.35546875,306.0,132.7559882621663,11.664767088780943,False,True,science_V_002.fits,1565358.4764072238,1051.3152174452098,1488.952552414475,-11.041156397274008,0.0007291703138823575,13.385348627980155,0.015829629544445896,2
1,268.9997302088187,0.6624000559954221,49660.75827026367,194.0369415283203,255.93455493120894,49559.68366118896,2.2317582866011674,0.3590845984491394,1.5602683249306248,49798.37109375,15.0,132.79603127849026,11.529350652474182,True,False,science_V_003.fits,48643.255651628446,252.45368423492076,192.6819004406506,-7.272178459532985,0.005634675584562312,17.154066217563113,0.015350607523114155,3
2,380.93701047048523,15.746888307425316,95605.1244506836,319.7514343261719,298.99826611304195,96215.03889179316,4.7109686728611235,0.008107641811009425,1.008173912969561,6534.6162109375,121.0,132.7642967678834,11.533538629751874,False,False,science_V_003.fits,97588.31911150257,344.7084701949955,283.1039198320209,-8.028116468181736,0.003834987522052672,16.39812820891436,0.01478508409444214,3
3,177.82299563772747,23.139106819772387,1377475.4014892578,1001.0263671875,1376.0630555211399,1369073.8607588983,5.264375751495179,0.0012362287173757203,1.0012377588704366,61284.296875,287.0,132.82188017583067,11.5355933817961,False,True,science_V_003.fits,1366400.226107555,979.7895368470836,1394.5854438337506,-10.893566687067398,0.0007785109222245884,13.5326779900287,0.01430026788705195,3
4,479.8152410024057,18.460674888106027,17954.429229736328,183.2066192626953,98.0009854556179,19113.981300148596,4.199702941380991,0.02421577932541885,1.0248167359261846,1275.6475830078125,66.0,132.7362644300182,11.534287692431125,False,False,science_V_003.fits,18579.65877328655,262.8964622250427,70.67291288759195,-6.2272162081634805,0.01536232137094517,18.199028468932617,0.020973614383067715,3
5,271.68307713191,21.972677535878063,366779.3748779297,550.2276611328125,666.5956671876543,366109.0891013626,5.091634962735096,0.049911129671244,1.0525331168798697,23531.015625,192.0,132.79527045510451,11.535270154400237,False,False,science_V_003.fits,365190.90579262126,543.8479256751044,671.494527333707,-9.460921758865911,0.001616841174135808,14.965322918230187,0.014370308200167702,3
6,499.62998204578207,25.310491366485888,1062846.5070800781,895.53271484375,1186.8315802014229,1054333.7774676057,5.217525789384673,0.02294094047396622,1.0234795842178617,64757.53125,285.0,132.7306464287879,11.536189137185744,False,True,science_V_003.fits,1049459.2551149204,870.057817093368,1206.1948464768525,-10.60703582883037,0.0009001033317056501,13.81920884826573,0.014307402573254652,3
7,428.65019614564403,38.70255995303309,975615.3869934082,856.6131591796875,1138.9217834660396,969881.6742961972,5.117504529885256,0.0018456847673140597,1.001849097618622,61821.6015625,257.0,132.75076886192267,11.53991323096415,False,True,science_V_003.fits,968128.376394585,837.4080172487229,1156.1011555338814,-10.519454248363278,0.0009391046750564224,13.90679042873282,0.014309909153315372,3
8,293.8913799194399,48.342654213086114,62414.29202270508,272.2496643066406,229.25388055724662,63208.746651004054,4.613719446939042,0.016967023943299298,1.01725987261522,4231.4814453125,106.0,132.7889740261374,11.542594969841039,False,False,science_V_003.fits,62709.423966540446,308.0161002682068,203.59138341124327,-7.547953902717351,0.005332740422549939,16.878290774378744,0.015242365393852896,3
9,450.2266575841623,52.501640380219754,1410750.0708312988,1019.0639038085938,1384.3587880591576,1401125.1610836622,5.2948636048255295,0.00182264764341733,1.001825975753822,63612.91796875,300.0,132.74465099494589,11.543745208881557,False,True,science_V_003.fits,1395269.597937129,993.4399500802134,1404.4830770339672,-10.916267202355186,0.0007730246221925411,13.509977474740912,0.014299970260526495,3
10,254.4460696499027,50.999883432955436,73146.15130615234,287.2967529296875,254.60138536286905,74120.71058848854,4.669425063880212,0.02705598508674456,1.0278083678732088,4955.78173828125,112.0,132.8001572179698,11.543333296294012,False,False,science_V_003.fits,72988.11510529826,318.2491804786684,229.34266474942424,-7.712752244739299,0.0047339643549804255,16.713492432356798,0.015043337425573206,3
11,487.8117325045115,58.35273892005392,59298.94271850586,274.5314636230469,216.00053391303788,60378.45298622184,4.68402205087783,0.01094768666302015,1.0110688651301807,3984.9873046875,109.0,132.7339947847737,11.545368298864217,False,False,science_V_003.fits,58832.53250275579,311.18944234841035,189.0569681888063,-7.478665732571117,0.005742713481556203,16.94757894452498,0.015390592597969502,3
12,205.9747135924389,79.00090094597223,190215.90557861328,415.0098876953125,458.3406593875275,190537.21032833162,4.894272207768078,0.00692529274468956,1.0069735868752814,13027.6328125,153.0,132.81389981889023,11.551111019376576,False,False,science_V_003.fits,190379.25254247803,421.9315347275265,451.2088736515522,-8.753670917496088,0.002406202677739082,15.672573759600011,0.014480379612143632,3
13,13.328682371079058,83.17117518121975,319759.94522094727,511.1904602050781,625.5201732298892,319360.40978595277,4.931094011610586,0.004268532132681413,1.0042868306068742,21392.8125,176.0,132.8685190654319,11.552261720274412,False,False,science_V_003.fits,320958.0525983015,509.7870740567803,629.5923708778718,-9.32074256474544,0.0017244491042452674,15.105502112350658,0.014382812906332285,3
14,387.47996980666755,80.36898393756788,21214.35137939453,193.00802612304688,109.91434815187382,22059.477909538684,4.2638435798993894,0.008556404739046397,1.0086302486394039,1448.2772216796875,72.0,132.76243941085528,11.551488957470834,False,False,science_V_003.fits,22422.750862559067,264.33787827089395,84.82609836029701,-6.4313441028889775,0.012799126931295519,17.99490057420712,0.019175745946086176,3
15,241.08151341117807,93.14279809056525,34895.31463623047,225.73348999023438,154.58634267223752,35734.21075180964,4.522899432692742,0.023325224495582053,1.0238822841344861,2480.928466796875,92.0,132.80394639628648,11.555039625601006,False,False,science_V_003.fits,35126.99632251037,274.9703937168686,127.74828536151394,-6.918724412175235,0.008498744205666523,17.50752026492086,0.01661686599388635,3
16,27.468920050090084,101.97495880363844,219094.7211303711,435.62188720703125,502.94699959886395,219215.19626873347,4.885233687062334,0.0009272330816775254,1.0009280936408043,14200.134765625,159.0,132.86451122160986,11.557485900103238,False,False,science_V_003.fits,220561.77778868141,439.7497842565722,501.5619920349854,-8.913447508153324,0.0021646377062882975,15.512797168942775,0.014442203390927277,3
17,322.47580213029283,105.15649028507558,584987.8927001953,679.1427612304688,861.3621849407863,582033.997651437,5.072460720487286,0.006479321286340545,1.006521576676924,37345.3984375,227.0,132.78086893829374,11.558376160095772,False,False,science_V_003.fits,579340.4351494868,664.4005896440731,871.9745951156455,-9.961956477048652,0.0012451050822828266,14.464288200047447,0.014333243493757886,3
18,249.00764990165516,108.64056229547823,1653433.0479431152,1101.5025634765625,1501.0705401579364,1639853.4496623338,5.675110135883013,0.0803767151716741,1.0874017834233924,58131.81640625,366.0,132.8016991729879,11.559344579421714,False,True,science_V_003.fits,1627709.593192571,1066.5470306298657,1526.148914625267,-11.083564181744023,0.0007113984681282459,13.342680495352075,0.014296771319633026,3
19,308.7619445253004,115.46930431491488,8950.034393310547,145.9506072998047,61.3223511631289,9934.140159893306,3.8395335224615628,0.028381110564082435,1.0292101263907698,662.0428466796875,49.0,132.7847570350431,11.561241058109136,False,False,science_V_003.fits,7982.6171831998045,245.7121111658138,32.48768302598197,-5.3099851305736685,0.03341881903771695,19.11625954652243,0.036341560894671256,3
20,339.0343886605558,122.940776839325,1998709.3526000977,1234.8961181640625,1618.5242816793425,1989485.984787905,6.253020559434593,0.22709558892373283,1.2938210542847115,58247.08203125,371.0,132.77617370539056,11.563315891471941,False,True,science_V_003.fits,1957527.9621596006,1168.3664901442119,1675.4400084839665,-11.283891810093024,0.0006480088779677664,13.142352867003074,0.014293757304898923,3
21,274.4118320083304,127.62241280889532,782682.7713317871,773.9664306640625,1011.2619104942911,777710.9118559412,5.105883289215783,0.0008955040159314143,1.0008963066621468,48989.34375,250.0,132.79449626399182,11.564617266374993,False,False,science_V_003.fits,776201.7501666767,755.4573317481486,1027.4594176887858,-10.27955841815341,0.0010566840707365583,14.146686258942688,0.014318106146092599,3
22,365.7662129667085,135.34612317121454,200930.19311523438,430.4882507324219,466.7495402566198,201146.8033057002,4.906673426821429,0.00464427489787389,1.0046659448283148,13205.4111328125,159.0,132.76859398241942,11.566761101786339,False,False,science_V_003.fits,200501.5230593974,435.4053083193816,460.4939793529667,-8.809916063984755,0.0023576855478664484,15.616328613111344,0.01447239660623093,3
23,497.40430777134577,138.85026763094444,233430.3272705078,462.689697265625,504.50729430549234,233270.73231071292,4.992089044321989,0.0033802305074126515,1.003391695219064,14949.21875,174.0,132.73126965299042,11.567728067246657,False,False,science_V_003.fits,231526.0246244581,461.6038600649867,501.56864934331963,-8.966121411189892,0.002164608975105315,15.460123265906207,0.014442199084645412,3
24,461.39152139831157,139.20706881031177,35901.477294921875,332.60888671875,107.93902005775247,37445.70084574097,5.434706429124452,0.07932622558573776,1.0861610570326123,1636.91748046875,116.0,132.74148057132982,11.56782940616716,False,False,science_V_003.fits,36547.3093601643,360.48027959263686,101.38504497795226,-6.9617603975186535,0.01070867996592695,17.464484279577444,0.017848456767969367,3
25,352.04539131938884,139.48000829445053,20587.506286621094,193.67906188964844,106.29701572156073,21687.643856925642,4.320385087727544,0.004152505642998405,1.0041698208475984,1449.9837646484375,74.0,132.77248421308346,11.56790979565423,False,False,science_V_003.fits,20397.761965326725,264.2257046693191,77.1982498480029,-6.328578172577593,0.01406379033381787,18.097666504518504,0.02004200042258794,3
26,399.9356177602454,146.42829698370392,157523.1321105957,393.0093688964844,400.81266396498063,157934.37408662814,4.881375933551285,0.003245705674544186,1.0032562745834375,10391.99609375,150.0,132.75890528178857,11.569838277575792,False,False,science_V_003.fits,157866.00490904792,402.3681973965948,392.3421531087037,-8.550343420246937,0.0027672275114909517,15.875901256849161,0.014544728615061151,3
27,28.310638702824416,149.71300411453325,145119.05673217773,369.2911376953125,392.96652943756726,145641.6144907852,4.81665732546047,0.0017770293019965244,1.0017801927566885,9611.8046875,142.0,132.86427562554516,11.570746507286714,False,False,science_V_003.fits,147267.02308294026,380.89124394951216,386.6379850476709,-8.47488564378682,0.0028080531194216154,15.951359033309279,0.014552551140845365,3
28,329.33463865927945,162.1717865003625,630455.4715576172,701.9747924804688,898.1169670350499,627384.9496183388,5.064453157752986,0.0015211421026168903,1.0015234595010056,41641.90625,226.0,132.7789230751354,11.574213601780851,False,False,science_V_003.fits,627028.7282558599,687.6186863281732,911.8843637076551,-10.047840471879944,0.0011906114889234675,14.378404205216155,0.01432861256727192,3
29,498.8790093827426,165.0636697461635,91970.48825073242,325.1152648925781,282.88578907889956,92726.75947279569,4.824498584006517,0.0105229835337044,1.0106348943518517,6350.64599609375,131.0,132.73084971763683,11.575009461866436,False,False,science_V_003.fits,91227.98420915692,346.4732397092178,263.30456079586753,-7.954942070832303,0.004123361922476201,16.471302606263794,0.014862492924444165,3
30,452.0527660364946,168.88617398200492,340809.6729736328,538.4674682617188,632.9252797273621,340031.73055863706,4.992120426540861,0.004998538863905555,1.0050236497725322,23392.591796875,186.0,132.7441268007513,11.576074115418193,False,False,science_V_003.fits,339318.5313949041,533.3453179130058,636.2079500813213,-9.381140820698466,0.0017065174992881241,15.045103856397633,0.01438067398840551,3
31,42.19108160724944,174.82346644072754,243268.45877075195,457.7923889160156,531.3947209711711,243185.1062918141,4.914961290840793,0.009213925786256683,1.0092996117184716,16611.453125,168.0,132.86034147844268,11.577722471434676,False,False,science_V_003.fits,244342.60456357422,458.88719886882996,532.4676852304569,-9.024619871331707,0.002038996975995077,15.401624805764392,0.014423906927512508,3
32,17.42166803539986,194.14753273126888,328405.0886230469,519.48193359375,632.1780747044597,327954.9201568542,4.942602094795776,0.0012953359803181685,1.0012970160518773,21557.943359375,180.0,132.8673660578301,11.583088724378605,False,False,science_V_003.fits,329646.56669897115,516.9083355853328,637.7273183758749,-9.349743266250991,0.001702451766947972,15.076501410845108,0.014380192085094362,3
33,427.43482236871046,195.3948897797093,522226.55682373047,647.552490234375,806.4621242282859,520097.7468654123,5.039977794616274,0.00445167293843729,1.0044715789454206,32305.564453125,211.0,132.75110580777948,11.5834388985544,False,False,science_V_003.fits,519597.08217141364,635.8713323008634,817.1418583871077,-9.843788633043694,0.0013286554701076973,14.582456044052405,0.014340742928581956,3
34,264.4683910931348,197.22890289164627,151651.71017456055,430.40374755859375,352.34755978493234,152142.60619760858,4.8640174986749605,0.0058836629465361945,1.005918485319309,9671.162109375,146.0,132.79731537836355,11.583952437977503,False,False,science_V_003.fits,152804.4963322281,440.0902252528636,347.21174787381585,-8.514962208323727,0.0031269103267628105,15.911282468772372,0.014617426263779891,3
35,186.13129548126133,203.3790690666733,816534.9444274902,786.6914672851562,1037.9354275257654,811808.1291603022,5.103376274583157,0.0024623459738108977,1.0024684240879256,52893.3125,246.0,132.81952824020362,11.585660174996592,False,False,science_V_003.fits,811107.7258176439,769.6638500954548,1053.8467224581864,-10.327318219251914,0.001030225721504844,14.098926457844184,0.014316177821704941,3
36,351.8881794254019,203.50565500784555,413367.31091308594,583.293701171875,708.6778240234793,412120.3370625711,5.008912867290554,0.00377111435195987,1.003785389488588,26401.98046875,197.0,132.77252703816055,11.58569469661861,False,False,science_V_003.fits,411086.0421557593,575.2408928983865,714.6328559579224,-9.589453701982753,0.0015192416510778593,14.836790975113345,0.014359654507675177,3
37,42.364416536465704,205.17969539206038,404419.38482666016,570.7286987304688,708.6018027939584,403244.46056279284,4.998169859180144,0.000764438200640094,1.000765023013456,26597.037109375,197.0,132.86029415122766,11.586154761905341,False,False,science_V_003.fits,404027.0622429884,563.553833396919,716.9271829944706,-9.57064801323556,0.0015143797386301277,14.855596663860538,0.014359140934547572,3
38,302.4914552995242,220.1101284251856,645690.9959716797,760.835693359375,848.6602319098776,642686.676149046,5.073678446399446,0.004880908436030285,1.0049048485527086,41528.45703125,229.0,132.7865335061081,11.590308034528089,False,False,science_V_003.fits,641224.818810038,724.8923361275127,884.579387658532,-10.072147682823703,0.0012273629875932687,14.354096994272396,0.01433171316656666,3
39,328.75215016642636,216.18728521835104,20937.039611816406,190.9136962890625,109.66756193393074,21818.70455768214,4.226247561915024,0.001885367216951206,1.0018889285408974,1448.162841796875,69.0,132.77908711181388,11.589217916262506,False,False,science_V_003.fits,20571.877004222075,265.2545077053829,77.55523999264577,-6.337806671749545,0.013999054094900001,18.08843800534655,0.01999662716403351,3
40,280.0638231927831,227.00886500491828,532155.3042907715,662.4269409179688,803.3418803186488,532521.6287990627,6.941995162111267,0.40630270467909047,1.6843600398406275,21030.107421875,263.0,132.79289303132225,11.592224574908615,False,False,science_V_003.fits,518572.2622164724,633.1631274332389,819.0184168157376,-9.841645082001907,0.001325611216681908,14.584599595094192,0.014340461201900695,3
41,360.5469777318056,226.6718145231442,11499.032409667969,263.41912841796875,43.65298935854948,12585.401166896101,4.562501127951408,0.05989224998116127,1.0637078568706206,535.548095703125,65.0,132.77007110252077,11.592129497832719,False,False,science_V_003.fits,11851.288611705842,324.7605767659072,36.49238688305584,-5.73903581035491,0.02975141098550922,18.687208866741187,0.0330005763285144,3
42,42.783383684276004,233.75901469015002,1443390.7717590332,1023.9491577148438,1409.631289682645,1434497.2353677396,5.326798290027769,0.003328131585926375,1.0033392450327931,60281.96875,300.0,132.86017706233392,11.594093481656065,False,True,science_V_003.fits,1430083.0449766717,1001.0288038661917,1428.6132821087456,-10.943025018276835,0.0007599677348634345,13.483219658819264,0.014299270378010891,3
43,317.8435016800408,232.32268731043288,72093.4006652832,290.7616882324219,247.94669856110812,72806.44045195427,4.659469407603548,0.0073434477163758505,1.0073977728746988,4816.53857421875,112.0,132.78218006711054,11.593700177840859,False,False,science_V_003.fits,71121.5106933456,323.2646259644888,220.01018664243958,-7.684624306334355,0.004934771505668867,16.74162037076174,0.015107731537149699,3
44,203.8764246319992,237.0668790665002,1377369.4621276855,1014.9119873046875,1357.1319280458792,1368689.374403813,5.357794144251878,0.0005361501366555332,1.0005364377478274,56442.70703125,297.0,132.81449700566188,11.595018193343785,False,False,science_V_003.fits,1363304.855995582,980.6262593505414,1390.2389855422437,-10.891104328140626,0.0007809448672427624,13.535140348955473,0.01430040059827343,3
45,339.67385639527004,238.74223481598543,642148.3761291504,710.3155517578125,904.0325451695809,638638.6131032202,5.075519047166288,0.0028857221906217756,1.0028940736832708,41831.31640625,232.0,132.77598962894118,11.595482940441553,False,False,science_V_003.fits,637048.1825838652,694.1232210511992,917.7739099681784,-10.065052576696136,0.0011829710871140847,14.361192100399963,0.014327979724244941,3
46,87.23087963200604,238.66232216222133,98768.20281982422,320.27593994140625,308.3847098782807,99545.61559306044,4.7638146988673835,0.013995169853069811,1.0141938147006686,6493.568359375,126.0,132.84757361271505,11.595457844249466,False,False,science_V_003.fits,100295.79046101021,341.35078334230803,293.8203026194118,-8.057828637850172,0.0036951156551163094,16.368416039245925,0.014749422432424664,3
47,441.5741223155175,244.17303923170766,375266.2437133789,562.4662475585938,667.1800225208826,374316.37947278295,5.002138395819931,0.0050597906455759345,1.005085522323858,24258.107421875,193.0,132.74709400483107,11.596987677688507,False,False,science_V_003.fits,374207.35807809053,555.2150020020973,673.986395772276,-9.48740268110436,0.0016108633747065014,14.938841995991739,0.014369636849878882,3
48,354.91432015695693,246.0583762786469,16507.098846435547,180.57611083984375,91.41352513166038,17412.87238334606,4.171199019075662,0.03248326023580039,1.0335738482868184,1202.455322265625,65.0,132.7716677610229,11.597514813018337,False,False,science_V_003.fits,16282.255967924275,262.4437651601062,62.04093268510737,-6.083908318689111,0.017499736915796194,18.342336358406985,0.02258611021197555,3
49,266.04481246015416,247.05578639751323,19631.69091796875,187.33114624023438,104.7967266094287,20436.438501234843,4.2305040218035925,0.012297808920344044,1.0124509280544385,1471.8792724609375,69.0,132.7968682235675,11.597793234048837,False,False,science_V_003.fits,19900.168003810846,261.2387931650891,76.17615960748599,-6.301763731248574,0.014252490616412043,18.124480945847523,0.02017486235780407,3
50,233.7548983148056,262.43774157426674,311626.7029724121,514.5269775390625,605.6566838592125,311130.07776188746,4.968397362136219,0.0017869433704678084,1.0017901422532995,20036.28515625,181.0,132.8060246819415,11.602065953834181,False,False,science_V_003.fits,310823.9445643663,511.27458038968786,607.9393666069996,-9.285908043118056,0.0017858688869902505,15.140336633978043,0.014390306114428075,3
51,415.1594244915915,262.218385574663,24871.199249267578,209.70864868164062,118.59882463419345,26456.558141166777,4.4118680615075965,0.03425655251219217,1.035471690334844,1784.4691162109375,80.0,132.75458350872884,11.60200153791007,False,False,science_V_003.fits,21743.503481886393,276.94773085187006,78.51121731528559,-6.397945679748541,0.013828597200831095,18.028298997347555,0.019877667944913958,3
52,368.1865481778554,267.1347659154675,498755.71060180664,635.1585693359375,785.2459758564843,496744.38724292116,5.038678254698569,0.0016305281516648673,1.001633191115756,33784.44921875,211.0,132.76790352173808,11.603368973928276,False,False,science_V_003.fits,495431.6811943325,623.3291480323852,794.8155204328616,-9.792081311074144,0.001365977352088848,14.634163366021955,0.014344248900233359,3
53,427.269874037836,273.7138944548651,1006530.1817626953,871.7931518554688,1154.5516039217111,1000502.4716256959,5.134448327757883,0.0001929302539059874,1.0001929674831715,58142.6796875,258.0,132.7511487719836,11.605194177095832,False,True,science_V_003.fits,998230.3114478696,851.4879533710973,1172.336387726696,-10.552698756947198,0.0009260993784431663,13.873545920148901,0.014309061550087031,3
54,404.2985349078099,270.5619122361131,29006.299560546875,216.88580322265625,133.73996420950078,29975.664493492215,4.395571485709424,0.029665766200716592,1.0305727296506506,1937.66552734375,81.0,132.75766299579823,11.604319648200757,False,False,science_V_003.fits,26050.601057508593,280.7711705652287,92.7823216502797,-6.594166244276377,0.011701582593419909,17.83207843281972,0.018461273454885338,3
55,255.0917118125067,278.01128942288517,1695101.1033325195,1110.963623046875,1525.793525699444,1685343.368848505,5.581432611208898,0.029272191408863946,1.0301548911546565,56713.421875,326.0,132.7999741647568,11.606392001718238,False,True,science_V_003.fits,1674129.1515998791,1082.2997577651672,1546.82576577193,-11.114094271122406,0.0007018890065218114,13.312150405973693,0.014296301289595937,3
56,318.28697065833586,276.26364329344096,232438.48928833008,457.8555603027344,507.66772196594405,232460.5505564074,4.931860609284563,0.011930175154014622,1.0120742227462256,15316.0068359375,166.0,132.78205353085923,11.605905990575218,False,False,science_V_003.fits,230961.9643525769,459.8768115538341,502.2257233892734,-8.963473035547292,0.0021617769648936873,15.462771641548807,0.014441774892005871,3
57,337.51091860905393,280.30851351217507,1305535.9924926758,983.7284545898438,1327.1304559722294,1296777.6292012543,5.2744571192928555,0.0015964417051200774,1.001598994406477,59876.39453125,293.0,132.77660199447996,11.607029177922444,False,True,science_V_003.fits,1291746.2636158762,958.5769506592444,1347.5665805729009,-10.832564909090937,0.0008056744769808913,13.593679768005162,0.014301772398842205,3
58,41.205615264176885,283.1395364220519,1303252.680480957,976.1653442382812,1335.0737025989256,1295116.7937727687,5.246308691145611,0.0010346895021418057,1.0010357611933753,59981.81640625,288.0,132.86062743887442,11.607810192645198,False,True,science_V_003.fits,1292220.1052383105,954.5097427284753,1353.8050450323187,-10.832963108554186,0.0008019618511423717,13.593281568541913,0.01430156373254736,3
59,186.04759377498618,281.28481400551993,147141.79397583008,379.1663818359375,388.0665613427122,147558.15359611323,4.868552866503909,0.015348393212055611,1.0155876384157072,9981.8271484375,147.0,132.8195534901371,11.607300656510386,False,False,science_V_003.fits,142692.59803976744,389.5677657268167,366.2844069594563,-8.440625487383572,0.0029640901424454447,15.985619189712528,0.014583463674928824,3
60,67.80234813634834,288.1929146528123,665448.8849487305,715.7042846679688,929.7818934498165,661939.566346196,5.074788099487444,0.006310687621768896,1.006350765317849,44838.83203125,233.0,132.85308547673674,11.609215383326235,False,False,science_V_003.fits,660294.1347383196,700.9179231022301,942.0420180095958,-10.103965472887143,0.001152496363478493,14.322279204208956,0.014325495811777594,3
61,168.0515504508276,291.72232792099686,310115.64334106445,513.2346801757812,604.2375063876253,309621.6591472476,4.979467446849932,0.003421312738623894,1.0034330583047344,20829.2734375,183.0,132.82465701009005,11.610199577555742,False,False,science_V_003.fits,304066.96344260254,509.3949912272354,596.9178509392954,-9.262044966706581,0.0018188432433232967,15.164199710389518,0.014394435491856187,3
62,202.46742931363647,289.63041048523866,16559.013793945312,175.40711975097656,94.40331622487132,17738.193877522674,4.130046630267588,0.016765005103985042,1.0170508629076593,1139.9429931640625,63.0,132.8148973260255,11.609619153518835,False,False,science_V_003.fits,17468.252280811463,256.34683421521777,68.14303884145443,-6.160245512747661,0.015932661919085427,18.265999164348436,0.021394889534963744,3
63,350.35396814015695,295.22262546024996,106915.85372924805,339.3912048339844,315.0224643609922,107707.5036544076,4.8081302583637004,0.005105811260564641,1.0051320143572593,6937.9775390625,131.0,132.77295960347683,11.611171670294286,False,False,science_V_003.fits,102524.50234561083,359.7384564667899,284.9973376562692,-8.081691048784133,0.0038095092709583334,16.344553628311964,0.014778495974589016,3
64,312.9451355703436,297.8785070124076,753453.3265686035,762.37841796875,988.2930954106412,749147.8889337676,5.086224247412367,0.004106168533422383,1.0041230986714473,51358.94140625,239.0,132.78356799143003,11.611910208546464,False,False,science_V_003.fits,747635.6065395225,745.2515674057147,1003.1989723176389,-10.238846815797826,0.0010822379507544385,14.187397861298273,0.014320014712544097,3
65,108.1279332812418,298.07392619146094,384226.9169921875,560.7471923828125,685.2052443802204,383158.617393994,5.005157491480843,0.004843550619055614,1.0048671247843177,26322.208984375,194.0,132.84165040570875,11.611961971483835,False,False,science_V_003.fits,382584.3905167607,553.9398274929852,690.660558292508,-9.511439991021772,0.0015719733622608075,14.914804686074326,0.014365329186520014,3
66,236.1154805397115,298.4902804193027,123750.90121459961,353.7589416503906,349.8170269202663,124419.95077991328,4.8109571100826924,0.009454538420174186,1.0095447799085315,8004.5556640625,134.0,132.8053554797405,11.612080560831748,False,False,science_V_003.fits,124709.71724142601,370.99817192711436,336.14644674294044,-8.294372610381833,0.003229842262263334,16.131872066714262,0.014639790416004205,3
67,426.127318062116,300.55924337098185,263748.2561340332,484.6556396484375,544.19722903741,263585.6036407839,4.9398421907401895,0.006465808377752125,1.0065078871288715,17187.728515625,170.0,132.75147147543004,11.612651269850701,False,False,science_V_003.fits,262660.8251806208,485.1069996736809,541.4492583230217,-9.103110134835873,0.0020051740459717934,15.323134542260226,0.014419164516020516,3
68,1.9964120137075672,298.9978459889232,39549.830078125,183.5220489501953,215.5045146038999,39232.86216811483,2.6536983617404757,0.0024224363039629937,1.0024283187514642,39911.1640625,25.0,132.8717474064337,11.612212743499972,True,False,science_V_003.fits,40099.623375141804,246.8414750832485,162.45091454593685,-7.062472608155824,0.006683249540543477,17.363772068940275,0.015765703498626403,3
69,77.10543822545779,306.76218274363634,1475935.3345947266,1037.454833984375,1422.6502072638234,1466097.218581306,5.3853896775813155,0.0018084748462727784,1.0018117513530225,58316.12109375,311.0,132.8504482503553,11.61437398097315,False,True,science_V_003.fits,1458925.6907737432,1011.9921311117845,1441.6373862225125,-10.964704804067903,0.0007531020008053714,13.461539873028196,0.014298907126387083,3
70,182.74805931036758,309.4802583143332,1761326.9854736328,1131.2928466796875,1556.9151618372534,1750150.2609095788,5.590155712978178,0.0031265502314798965,1.003136356206704,56759.87890625,338.0,132.8204897371632,11.615132659121551,False,True,science_V_003.fits,1737822.7116076662,1101.2411166038019,1578.0583247445982,-11.154635545838907,0.0006879973844919299,13.271609131257192,0.014295626001910304,3
71,439.6695775741081,307.85867834239303,35500.531341552734,233.2097625732422,152.2257514001087,36667.756227676684,4.484188827507347,0.018514139025330834,1.018863378232413,2441.88037109375,88.0,132.74763075051246,11.614678222985926,False,False,science_V_003.fits,34116.72009727824,290.69517653163365,117.36252559927024,-6.8870400551240945,0.009250823416216181,17.539204621972,0.017013797820105887,3
72,350.1663976614781,319.75713056058146,1844160.0518188477,1158.7020263671875,1591.574028398602,1832386.7476588013,5.594429107864984,0.0010568926925896838,1.001058010896575,59598.859375,336.0,132.77301213591028,11.61798681433892,False,True,science_V_003.fits,1820145.5526212128,1127.5324210369251,1614.2733624877342,-11.204887171163838,0.0006725626682749958,13.22135750593226,0.014294891497600933,3
73,216.48413909108305,321.7756326453482,77807.9609375,417.0194396972656,186.58113634698788,78606.97629029572,5.135710808258633,0.11197543316251024,1.1260949723061005,5279.03173828125,139.0,132.8109228256577,11.618548557722624,False,False,science_V_003.fits,77120.17835350608,429.4553116077845,179.57672490947988,-7.772541937230043,0.006045883733247024,16.653702739866052,0.015506266233409229,3
74,199.48662210515712,330.6228287687158,1059608.5655517578,890.1456909179688,1190.3765601100977,1052842.1013362873,5.189668020625646,0.0025521224996161163,1.0025586524942154,56071.62890625,272.0,132.81574326371214,11.62100589054131,False,False,science_V_003.fits,1049343.9229941175,868.6284236674976,1208.046955870507,-10.606916503435249,0.000898723344091915,13.81932817366085,0.014307315822146446,3
75,499.28989022089155,333.9306644902191,1340777.0903625488,1000.981201171875,1339.4628078857684,1330548.8557117712,5.297698580394487,0.0015708587948163322,1.0015733302745151,61297.51953125,306.0,132.73072157349068,11.62191689580615,False,True,science_V_003.fits,1324446.2525760473,971.8557252398467,1362.8013070038598,-10.859707721199216,0.0007966678593719056,13.566536955896883,0.01430126784811691,3
76,17.162627979332875,334.1982882298617,112051.24240112305,334.8563537597656,334.62480595936796,112641.55700095711,4.71439072824498,0.0026120336348418594,1.0026188742223963,7674.34326171875,126.0,132.86744890930328,11.621991666497392,False,False,science_V_003.fits,114933.37720662256,355.1307707802719,323.6367745720763,-8.205737294579421,0.0033546867516386233,16.220507382516676,0.014667839158752933,3
77,223.0697411792868,333.4922855936402,36611.869232177734,227.15716552734375,161.1741771261476,37490.222101053354,4.423313222072708,0.009578087061047125,1.0096707140016978,2460.10888671875,85.0,132.80905533053945,11.621803247326024,False,False,science_V_003.fits,36213.77076491985,282.8812628514939,128.01756609779858,-6.9518062444330075,0.008480867376986244,17.47443843266309,0.01660772994275424,3
78,317.11023530336166,338.86315360210995,1772191.8913269043,1146.9766845703125,1545.0984446042282,1761009.7884599715,5.593228642427321,0.0007226414458569863,1.0007231640341603,58034.25390625,337.0,132.78238612694304,11.623294761760693,False,True,science_V_003.fits,1748555.6246569562,1106.1988361378749,1580.6883604775544,-11.16132050539858,0.0006868526568209755,13.264924171697519,0.014295570955985224,3
79,172.9863069232319,346.9781599550643,228010.2487487793,453.9842224121094,502.2426716446555,227818.2409574841,4.952899303331452,0.0021100695603938346,1.0021145313686695,15625.7607421875,173.0,132.82325889122484,11.625548532286958,False,False,science_V_003.fits,227672.01185122106,453.3431359114586,502.2068138155006,-8.947895987187582,0.002161858362198291,15.478348689908517,0.014441787076523214,3
80,69.38438896418883,349.18095750410413,545042.6541442871,654.3215942382812,832.9889444941679,542766.3304682776,5.046429201821794,0.0056831881314589605,1.005715671367136,35608.1171875,216.0,132.85264003861894,11.626156579042547,False,False,science_V_003.fits,542354.6982772453,642.6356316355457,843.9536676435455,-9.890330390763143,0.0012864450284711117,14.535914286332956,0.01433689377782734,3
81,372.73131472835485,350.2924974303113,684214.3232421875,732.1812133789062,934.4876797434357,680628.266869182,5.08635244562048,0.003120284219132685,1.0031300508674594,44984.1953125,233.0,132.76661198575337,11.626468192892839,False,False,science_V_003.fits,680065.14069299,715.5806227499243,950.3683010302168,-10.135998159073267,0.0011423992138869545,14.290246518022832,0.014324687024480353,3
82,46.61943408312123,358.4386756472699,873447.7265319824,810.73095703125,1077.3583011192638,868557.9873585125,5.087185956997522,0.002288942331565069,1.0022941936084322,54799.25390625,250.0,132.8590966316148,11.628726922853513,False,False,science_V_003.fits,868287.4799953185,793.6150733874745,1094.0914671505816,-10.401280721270664,0.0009923301959639298,14.024963955825434,0.014313500676048752,3
83,195.88811195559543,358.0061432543716,143315.1632385254,503.0379333496094,284.89931620906594,143964.30446250067,4.8937886702947,0.017673620305828086,1.0179915969591802,9807.7265625,146.0,132.81676422545098,11.628612307905557,False,False,science_V_003.fits,143031.22268353662,541.707527504223,264.03772408797033,-8.443199001952758,0.004111912431264079,15.983045675143343,0.014859320517029382,3
84,425.82045308118006,356.5858186521683,37785.48098754883,234.66986083984375,161.0154829952214,38828.60176747262,4.430881492952518,0.018110136970403645,1.0184441632939618,2640.6513671875,85.0,132.75155579568798,11.628214214311125,False,False,science_V_003.fits,38187.25260350499,293.77540976718024,129.9879136710889,-7.00941790907747,0.008352314990970385,17.416826768018627,0.01654245290438558,3
85,150.7412365194426,363.44634393890885,191793.86724853516,494.0975036621094,388.17007944183865,191963.00601221333,4.928848448373142,0.005939518569373803,1.005975007235803,12017.8544921875,160.0,132.8295679780406,11.630122452118478,False,False,science_V_003.fits,191544.58130308683,494.2555614515102,387.54158019095684,-8.760296550358664,0.0028015058396186378,15.665948126737435,0.014551289199065613,3
86,189.41565934880447,375.4542158541757,249570.70825195312,468.8160400390625,532.3425116409381,249510.52286496534,4.942682932360025,0.0026094769367875914,1.0026163041220537,15422.138671875,168.0,132.8186001273454,11.633458881220164,False,False,science_V_003.fits,248631.7717975159,469.98517964571965,529.0204512085625,-9.043513436159381,0.0020522836074100483,15.382731240936717,0.014425791153024165,3
87,413.7326202044729,378.5333666958215,722021.7438659668,762.2476806640625,947.2272099758293,721210.398303861,6.720617555241494,0.368854335845886,1.5844202959711986,31137.876953125,283.0,132.75498289874983,11.634311303716293,False,False,science_V_003.fits,704904.9720401447,728.5487981902179,967.5466815554338,-10.17494830871701,0.0011221164008899524,14.251296368379089,0.014323083732303336,3
88,168.90536734588173,380.21017610879187,118043.89462280273,348.1316833496094,339.0782863743481,118578.78702937686,4.810661556578828,0.006845861774862905,1.006893050646798,8133.5537109375,135.0,132.82441703501547,11.63477954942988,False,False,science_V_003.fits,118046.3579889335,364.91732172689,323.4879545599682,-8.23475335554877,0.0033562300688347053,16.19149132154733,0.014668192208325348,3
89,334.402065499143,382.4169897353559,954626.3135681152,850.3607788085938,1122.6132923317602,949153.9744612878,5.114142055617758,0.0027115131071042686,1.0027188854005045,56788.41796875,254.0,132.77748130448592,11.635392706501069,False,True,science_V_003.fits,947897.0228358638,830.8854505101605,1140.8275620350057,-10.496524772124125,0.0009516775682236594,13.929719904971973,0.01431073976352328,3
90,318.2131617294606,387.30498803327646,18979.808471679688,189.03469848632812,100.40383391863053,19938.769591785167,4.2162822773535105,0.018218273518867623,1.018556337959319,1330.9658203125,68.0,132.78207248010904,11.636750803320838,False,False,science_V_003.fits,19647.011317971577,267.6849527576819,73.3960243770473,-6.2878631123677415,0.014792354343643777,18.138381564728355,0.020559798866072187,3
91,63.359087274449095,389.97332774308103,181584.11190795898,408.02752685546875,445.0290726887149,181990.81089813437,4.862757987463979,0.007025684279868383,1.0070753937626,12085.6787109375,150.0,132.85435099639136,11.637487469455412,False,False,science_V_003.fits,182410.7925154164,416.39202205516614,438.07465766298833,-8.707248199581494,0.0024783446862503312,15.718996477514604,0.014492542039590278,3
92,282.4023302235279,392.9434606267774,463451.8342590332,613.85986328125,754.9798610089207,461861.75902669824,5.022018564566507,0.003144576176235536,1.003154495728351,30252.875,203.0,132.79222863694906,11.63831749500595,False,False,science_V_003.fits,462166.57580168627,604.1941991448658,764.9305081972063,-9.716618208563597,0.0014193446180605159,14.709626468532502,0.014349429310263305,3
93,98.38458252372655,393.0141626793582,121146.87210083008,350.6192626953125,345.5225795911461,121817.70702012908,4.831322977377705,0.01321407562051069,1.0133910256460334,8025.13134765625,138.0,132.84441763768257,11.638333836781582,False,False,science_V_003.fits,121989.15571540451,365.7263359895009,333.5531070940063,-8.27042493797601,0.0032549539395956336,16.155819739120087,0.0146453510553457,3
94,242.3935315778812,397.4813450276737,272803.0397338867,488.8623352050781,558.0365270305507,272563.4231078549,4.955547473685965,0.0019921940580810427,1.001996170817723,16861.45703125,174.0,132.8035754904063,11.639578099964472,False,False,science_V_003.fits,272056.1631631877,487.87159516962873,557.6388661623067,-9.141268296203732,0.0019469589834579348,15.284976380892367,0.014411184256288371,3
95,407.08826492671596,398.05234342905953,946006.5164489746,848.3527221679688,1115.1098967790792,940655.358269282,5.11681230287938,0.002891277581272056,1.0028996613070023,59187.24609375,252.0,132.7568664286014,11.639733524212444,False,True,science_V_003.fits,937297.3118456091,828.6666389172858,1131.0909210370255,-10.48431530273615,0.0009598697857150075,13.94192937435995,0.014311286888010973,3
96,40.994141053053646,402.45253710255037,640146.4830322266,709.3134155273438,902.4874886319546,638799.984081199,5.884840951710835,0.23519358062474005,1.3075204060353736,25067.48046875,252.0,132.8606946150722,11.64095265480216,False,False,science_V_003.fits,632024.7755857458,688.4252013751584,918.073269722331,-10.056457131808864,0.0011825853510889902,14.369787545287235,0.014327947881606651,3
97,221.86621930928177,404.25314517438,1024676.3127746582,877.3289184570312,1167.950002807121,1018320.0654345887,5.1479954115282975,0.0025209880557984787,1.002527359498908,57954.55078125,266.0,132.80939730122185,11.641459024361922,False,True,science_V_003.fits,1016082.2564967001,856.3992514578275,1186.4585994990632,-10.571944042770355,0.0009150761775070748,13.854300634325744,0.014308352343860813,3
98,469.5323824203495,404.33281970887623,172066.28448486328,413.19024658203125,416.433557926936,172362.2212009469,4.926969456109052,0.006836261264328125,1.0068833174205805,10743.525390625,156.0,132.73915628732667,11.641474923661066,False,False,science_V_003.fits,171192.03884181764,420.15287815819636,407.4517818187128,-8.638330784714684,0.002664609773342603,15.787913892381415,0.014525554296811505,3
99,121.25064598977217,406.83115114600724,495483.1636657715,629.5565795898438,787.0351605070649,493372.1553228427,5.050648929104556,0.010057157052660193,1.0101593310404842,33278.9140625,213.0,132.83793315114872,11.64217280722072,False,False,science_V_003.fits,492207.4913497904,617.8826663638331,796.6034947158716,-9.784992422382256,0.0013629114197989327,14.641252254713843,0.014343957261636155,3
100,451.07744500393693,402.7717863300338,7872.314208984375,144.8834991455078,54.335478197404235,8593.2895586524,3.724561119821899,0.04937211525410634,1.0519363212949553,577.419189453125,44.0,132.74439040569007,11.641042354951276,False,False,science_V_003.fits,8045.543710514981,325.7103129431936,24.701531977337744,-5.3185103706715475,0.04395273948984493,19.10773430642455,0.04621401184757282,3
101,177.24502235866044,410.8125233179741,998173.7513122559,865.88623046875,1152.7770233416134,991789.5325516651,5.140345486961183,0.0005848813183614299,1.000585223604715,57479.203125,264.0,132.8220525396012,11.643280386294398,False,True,science_V_003.fits,990117.7904543604,845.4599584054938,1171.09956611273,-10.54383903402297,0.0009270774504714407,13.88240564307313,0.014309124885351965,3
102,307.4632319389714,406.6690846236424,34989.944763183594,228.4657440185547,153.1518211340336,35765.951700955215,4.449582698225277,0.025377386436242877,1.0260381670639152,2321.98876953125,85.0,132.78512094797483,11.642129888743577,False,False,science_V_003.fits,35748.047337942866,286.67328976032945,124.69960967702882,-6.937752684941895,0.008706522841666915,17.488491992154202,0.016724088088081037,3
103,342.7471438838767,412.85053547004077,29696.817504882812,217.9266357421875,136.26979283071606,30643.63140688023,4.378763128680176,0.014871682681249054,1.0150961884049032,2107.26513671875,80.0,132.77511384028554,11.643846270947035,False,False,science_V_003.fits,27520.127700560188,282.60636742733203,97.37971564860999,-6.6537479860600355,0.011149139148420768,17.77249669103606,0.01811614987066167,3
104,57.369075546884105,415.39481404675325,168200.71853637695,397.2252197265625,423.4391730015559,168546.3267983743,4.863053741337484,0.0033509087636697243,1.0033621751056965,10968.66015625,150.0,132.85605122655343,11.644548663059343,False,False,science_V_003.fits,167196.46353961318,405.7967941842925,412.02016855678005,-8.612689592063422,0.0026350651809181544,15.813555085032677,0.01452016359732608,3
105,411.81015291970573,418.0771341278264,1003606.8649291992,873.0399169921875,1149.554385081089,997362.8729691517,5.132073560493643,0.004362671570319332,1.0043817878716943,60089.27734375,262.0,132.7555263683573,11.645295759016303,False,True,science_V_003.fits,994838.8567036431,851.3173902496724,1168.5874952135996,-10.549003723362368,0.0009290703558329204,13.87724095373373,0.014309254142390293,3
106,136.13441753202036,418.4380703397777,88621.47094726562,312.9634094238281,283.1687931519519,89355.55438963624,4.753399877820743,0.0014570350103165763,1.0014591610590653,5791.697265625,124.0,132.833712319057,11.645397470627122,False,False,science_V_003.fits,88437.8112914941,336.85008680278014,262.5435312512563,-7.92121683873214,0.004135314227037559,16.505027838363958,0.014865813336032627,3
107,35.91354141830248,422.40231236702147,932775.9736328125,835.3787231445312,1116.5905328802949,927284.7924812194,5.091816818020599,0.004695835491982936,1.0047179903987482,60934.49609375,250.0,132.8621367623641,11.646493947315257,False,True,science_V_003.fits,926174.2338580331,818.2747935595619,1131.8621093399443,-10.47135361095407,0.0009592157834783744,13.954891066142029,0.014311243038419139,3
108,474.6267253507817,428.05286396230673,353568.77154541016,552.257568359375,640.2244021675942,352587.05601458106,5.021103009803139,0.006206724658333496,1.0062454886869703,23467.92578125,192.0,132.73771000278543,11.648063510088205,False,False,science_V_003.fits,351441.46002974076,544.7694365904649,645.1196348849869,-9.419254360280046,0.0016829436608196875,15.006990316816053,0.014377895595354677,3
109,95.96681844044498,427.6489738831334,39549.1875,233.929931640625,169.06424595873204,40396.75499933619,4.521406485828073,0.008470975737410291,1.0085433462159217,2714.5908203125,92.0,132.8451048907535,11.64795450337045,False,False,science_V_003.fits,40802.58483604381,282.79237721347016,144.28459931663346,-7.081341065127851,0.007524711612619339,17.344903611968245,0.01614041099967763,3
110,168.7475934810791,432.5434149457193,23963.889770507812,199.88751220703125,119.88687790404576,24941.496235936436,4.326489815109281,0.012859649528481065,1.0130271744259451,1628.293212890625,75.0,132.82446305466652,11.649316547215705,False,False,science_V_003.fits,23555.768332778865,267.48178631731145,88.06494325125693,-6.484865060170229,0.012328401744408144,17.941379616925868,0.018864810414020917,3
111,148.81034349152853,442.7015894597612,285000.9067077637,497.0923767089844,573.3359030661888,284550.3790442203,4.9713827900920595,0.0067670802681621955,1.0068131856422853,18804.5390625,180.0,132.83011795532832,11.652137727123629,False,False,science_V_003.fits,283880.30582014745,494.0481052174527,574.600535498864,-9.187460035081553,0.0018894865788062715,15.238784642014545,0.014403532272221119,3
112,374.43164072229155,448.30144153904206,835977.9944763184,809.7265625,1032.420119571313,833656.3705697332,6.090362484801042,0.26723236809210427,1.364689099866919,42420.00390625,279.0,132.76612647516615,11.653692825129323,False,False,science_V_003.fits,822357.9576618385,780.2090979878373,1054.022517531138,-10.342274122264852,0.0010300538953788778,14.083970554831247,0.014316165457719866,3
113,179.3893042898782,450.76086387815843,22565.970275878906,198.80589294433594,113.50755222430553,23329.65756741209,4.348606697948686,0.003966604597917089,1.003982401208863,1532.7227783203125,76.0,132.8214452448815,11.6543771843188,False,False,science_V_003.fits,22516.30679697224,266.2571474317059,84.56601828030776,-6.435864767860606,0.012838490236128555,17.99037990923549,0.0192020419208113,3
114,123.68312668949284,459.48377173486875,26627.515197753906,210.80250549316406,126.31498442326335,27874.728546938375,4.496903972680917,0.007668120448758642,1.0077273748901692,1724.8509521484375,85.0,132.83724522147682,11.65679861053495,False,False,science_V_003.fits,23540.237319224623,269.5789058565386,87.32225262369748,-6.484148966136765,0.012433256900490944,17.942095710959332,0.018933500984736867,3
115,264.5033903844861,461.18854508692397,22116.82080078125,197.12693786621094,112.19583198614806,23204.493173073446,4.2773560868332385,0.020777998253446284,1.0212188841921304,1517.2862548828125,72.0,132.79730474618523,11.657274541139758,False,False,science_V_003.fits,20273.44154231141,270.45497015706906,74.96050647742742,-6.3219405718668344,0.014483626792555531,18.104304105229264,0.020338805949501035,3
116,61.38664205451608,466.8630502906024,71906.76846313477,285.9031066894531,251.5074750175402,72957.14885674577,4.661399130338442,0.008599006242991591,1.0086735905018662,4799.8857421875,110.0,132.85491459912075,11.658845595187216,False,False,science_V_003.fits,73360.97628032058,318.5783572438736,230.2760831432197,-7.718284629657593,0.004714775347836498,16.707960047438505,0.015037309897917015,3
117,433.2263073680308,469.37668548615045,123458.91192626953,361.27386474609375,341.7321981290772,124243.85896871459,4.812742857757073,0.013937746613329471,1.0141347532221823,8100.93896484375,134.0,132.74944983496258,11.65954462111624,False,False,science_V_003.fits,122462.81198858212,380.37867577666646,321.94973006448,-8.274632442728919,0.003372265601162506,16.151612234367178,0.014671869603776137,3
118,174.93419437146852,472.23965032575205,89422.88589477539,317.0508117675781,282.0459137014575,90177.82612508125,4.769772435960199,0.006080671262209014,1.0061178720308528,6241.4228515625,127.0,132.82270931017953,11.660343411109045,False,False,science_V_003.fits,89234.41001416782,339.8695699788414,262.554867797441,-7.930952765518859,0.004135135673194256,16.495291911577237,0.01486576366760719,3
119,277.8960648005501,480.26953248680843,1776440.850769043,1140.3612060546875,1557.7878669820793,1763767.001446621,5.556786750020603,0.0011109778042788232,1.001112213448734,60541.61328125,344.0,132.79350608788394,11.662574749301964,False,True,science_V_003.fits,1751958.2169739674,1107.3978858753112,1582.0494506264854,-11.163431234851029,0.0006862617344673184,13.26281344224507,0.014295542576398434,3
120,243.58216541467417,481.02733103513833,1235893.2015075684,1039.3792724609375,1189.0685472121693,1227336.121060873,5.235661190351061,0.001163567450797598,1.0011649229171866,60372.01171875,291.0,132.80323865146218,11.662785303387794,False,True,science_V_003.fits,1223042.9896445205,934.2786170600554,1309.0773644088479,-10.773226180648907,0.0008293627477779205,13.653018496447192,0.014303126404839888,3
121,195.75071874611746,481.4671319813025,165185.98272705078,401.0470275878906,411.8868146725007,165635.8898378511,4.924906683354084,0.0029891040465480634,1.0029980655764945,10462.9912109375,156.0,132.816805254964,11.662907000369124,False,False,science_V_003.fits,164936.61229279454,416.42908333466164,396.0737107313032,-8.597914549413828,0.0027411564327139604,15.828330127682271,0.01453979095358786,3
122,325.98743835271534,493.1223052306861,26541.890258789062,209.5366668701172,126.66943048798827,27764.951371502015,4.355712187772423,0.03344697532474572,1.0346043874168036,1918.0673828125,76.0,132.77986552080432,11.66614433170786,False,False,science_V_003.fits,27598.590687417065,279.13207121633724,98.87287608032393,-6.656839137871959,0.010980766849727135,17.769405539224138,0.01801301815336599,3
123,357.85716436647147,493.47027642637454,3300.8970947265625,107.91149139404297,30.588930354721995,4568.75410353378,3.121528441997274,0.0661574819737204,1.070844366899836,310.6224060058594,27.0,132.77082608429788,11.666240219955798,False,False,science_V_003.fits,4094.0867277833263,250.97470669603382,16.312746338784844,-4.585014469978492,0.06655531677205466,19.841230207117604,0.068069830123293,3
124,29.084376482168054,14.006039516380392,1050497.599822998,873.3209228515625,1202.8769405786354,1048717.796429996,5.092273162860322,0.01199897801854144,1.0121447020312562,65006.30859375,229.0,132.8640475914124,11.53305022799404,False,True,science_V_003.fits,1064147.911244417,869.5586607678213,1223.779325370382,-10.622126866336822,0.000887169751516605,13.804117810759276,0.014306594722484883,3
125,31.718886788231764,22.448776844771533,117691.01382446289,325.1030578613281,362.01140216485965,125865.17840547342,4.5333077669408235,0.11916209549097545,1.1352826608403006,7900.2138671875,100.0,132.8633012361159,11.535395590885134,False,False,science_V_003.fits,282088.94848090946,491.31906192019045,574.1461513388866,-9.180587053911983,0.0018909819345966,15.245657623184115,0.014403728512520532,3
126,211.09127859848138,19.48981732988356,1784977.834411621,1133.8734130859375,1574.230256932866,1774107.9343801257,5.51154015631594,0.003191465750804978,1.0032016838150455,61361.88671875,323.0,132.8124484335637,11.534580245209742,False,True,science_V_003.fits,1762154.1309132634,1107.6634489929834,1590.8750374631402,-11.169731604829122,0.0006824546079566952,13.256513072266976,0.014295360319955128,3
127,238.91649229137698,16.953898294685864,1567811.4179077148,1057.0682373046875,1483.1695462776559,1565605.0615360914,5.325887514271979,0.026616666455696714,1.0273444855058074,61600.8359375,241.0,132.8045598859475,11.533876053577673,False,True,science_V_003.fits,1563360.577381719,1046.6170701087724,1493.7273832341016,-11.039769764877176,0.0007268394569090161,13.386474912218922,0.014297547970947537,3
128,227.39040443443315,16.443894852443893,281853.30685424805,523.8336181640625,538.0588360137908,282682.70619160775,4.994095745927392,0.01545052409316694,1.0156929889977708,17287.7578125,156.0,132.8078275561412,11.53373431694435,False,False,science_V_003.fits,295820.0034231875,543.2017970851667,544.5858334979089,-9.232190718431255,0.001993625124301308,15.194053958664844,0.014417563022982478,3
129,249.44935388331095,24.60364173508533,1701040.327758789,1110.2689208984375,1532.0975808115886,1687628.8750694108,5.6195688555839,0.06374410277181664,1.068084060095678,60951.75,328.0,132.80157380581372,11.53600101088154,False,True,science_V_003.fits,1676628.5445466465,1081.9385789821756,1549.6522419266355,-11.115714013378694,0.0007006088015270976,13.310530663717405,0.01429623849403064,3
130,341.62363330138373,25.516885380089036,1697332.3809814453,1108.2099609375,1531.598199627778,1687131.3994696815,5.454507521581987,0.0044008850565872,1.0044203384580523,61748.69140625,309.0,132.77544195160488,11.536253662298803,False,True,science_V_003.fits,1677165.7093935702,1082.7711159603223,1548.9568244587615,-11.116061810102675,0.0007009233458649609,13.310182866993424,0.01429625391220388,3
131,340.51819868349276,41.36646424867272,1077216.5258789062,889.014404296875,1211.69749407028,1076422.9566933427,5.131972876548344,0.02145821558803296,1.0219287678153957,60403.91015625,231.0,132.77575496530957,11.540656343772811,False,True,science_V_003.fits,1074027.2670948997,878.1425296449792,1223.0671341349496,-10.632160142157673,0.0008876863499139756,13.794084534938426,0.014306626766685775,3
132,351.76375598401887,41.89671731246331,374460.4467468262,552.2446899414062,678.06980052005,374660.06139755534,5.0200136699055,0.018306460432787608,1.0186478363103604,25060.060546875,176.0,132.77256673094314,11.540803354275237,False,False,science_V_003.fits,390125.85943587206,561.3009891969224,695.038610200994,-9.532633720072141,0.001562071493677212,14.893610957023958,0.01436424901402037,3
133,61.60884977921878,25.6340795723488,243040.82022094727,451.5187683105469,538.2740148993938,243728.36001949132,4.92733646367996,0.01560321568982248,1.0158505350063252,15338.439453125,153.0,132.85482749467874,11.536282107256117,False,False,science_V_003.fits,251746.78539179583,463.96541699443213,542.5981682484256,-9.057031708197204,0.0020009282440167,15.369212968898895,0.014418574694578171,3
134,49.875736639183586,30.46843278247502,1650596.0457458496,1087.06787109375,1518.3928157908922,1641637.7919509276,5.3854867495020375,0.003823058080605568,1.0038377299450834,64293.12109375,298.0,132.85815416627028,11.537624338189712,False,True,science_V_003.fits,1629716.2950918274,1065.9202544800185,1528.9289121228326,-11.084901893946553,0.0007101049573930591,13.341342783149546,0.01429670701371265,3
135,37.11647814119702,41.14124007748923,128265.2021484375,352.0594482421875,364.3282485070583,128836.4034284477,4.857450843688951,0.02000223324837458,1.0204104886021073,8868.060546875,141.0,132.86177214801063,11.540588259927612,False,False,science_V_003.fits,80862.45000690632,364.4363375730076,221.8836094814698,-7.8239891131576105,0.0048931059060073135,16.60225556393849,0.015094173306041967,3
136,13.134254735425294,28.569872513651426,384626.0669555664,550.931884765625,698.1372427177496,385539.06333641615,4.968563971186326,0.0033060201815096057,1.0033169862048446,24946.1484375,173.0,132.86857046435793,11.53709470390697,False,False,science_V_003.fits,383085.781361967,552.5194207415968,693.3435585807746,-9.51286195648727,0.0015658903678608502,14.913382720608828,0.014364664807421913,3
137,16.447137174709425,41.73611998509262,1757097.9739074707,1111.97119140625,1580.165014603808,1760815.9283465988,5.306691167659003,0.03723632016540468,1.0386764903426788,65749.0625,239.0,132.86763213049142,11.540752206925665,False,True,science_V_003.fits,1841325.9208978813,1125.9891723180847,1635.296294285962,-11.217448541280993,0.0006639163824889982,13.208796135815106,0.014294487306243744,3
138,21.003798214319147,49.50371104632088,608517.3784790039,676.3899536132812,899.6546669983766,611892.4499410808,4.877143534461242,0.06840325861159613,1.0734258242570185,39113.09375,177.0,132.86634078852597,11.542910163496353,False,False,science_V_003.fits,898037.0784815376,806.7944595208562,1113.0927684045687,-10.437857544905956,0.0009753903994508638,13.988387132190143,0.014312336245937179,3
139,138.58348745911792,36.39464413503552,1560341.6352233887,1054.8243408203125,1479.2431069707275,1556581.3415516226,5.2727488223256245,0.04066345507986213,1.0423870593642894,61075.8828125,254.0,132.8330051738968,11.53927442649883,False,True,science_V_003.fits,1587881.090643493,1052.5594533204217,1508.59040373856,-11.05666681635464,0.0007196784477147933,13.369577860741458,0.01429718571794923,3
140,137.98056566906206,46.97148012479035,1137406.168334961,905.224365234375,1256.4908900131857,1138750.8672945558,5.207314696775058,0.05807577696300725,1.0616565277148906,59969.0390625,214.0,132.8331764560863,11.542212413511463,False,True,science_V_003.fits,1180042.8667405709,916.7994899120027,1287.132987883572,-10.734366333939134,0.000843502583043274,13.691878343156965,0.014303953264500933,3
141,155.4228898899097,57.47452913235883,735884.2539978027,749.2042236328125,982.2211765299152,732265.9415897337,5.219827411253337,0.05161543546438763,1.0544245840711903,43584.8671875,244.0,132.82823166310823,11.545130443461664,False,False,science_V_003.fits,729051.6581214819,732.561005697594,995.209480782054,-10.211517629137123,0.0010909261024591897,14.214727047958975,0.014320673941768699,3
142,128.00607902134092,56.89278326052715,2063408.4779968262,1210.27978515625,1704.9020427375272,2056123.820354899,5.769398023924527,0.11868046535638965,1.1346622430244688,61173.3125,314.0,132.83600468638048,11.544967993142608,False,True,science_V_003.fits,2035773.8805743481,1186.2075517897722,1716.203776904585,-11.32644571896838,0.0006326171836996029,13.09979895812772,0.01429306779129443,3
143,148.37158704826382,72.24551181152106,173439.4250793457,395.5546875,438.4714188966493,174951.3579277905,4.899054306144238,0.03560712603012406,1.0369218054085665,11291.7353515625,141.0,132.83023124915428,11.549233290149916,False,False,science_V_003.fits,182958.06187761863,420.12867379828697,435.4810163837111,-8.710500751612258,0.0024931052311207244,15.71574392548384,0.014495073510640357,3
144,144.69778295967185,83.92212171268935,1732337.1286010742,1110.348388671875,1560.1743977610315,1726984.571240426,5.497175665021719,0.010185005171272854,1.0102898069078408,60211.72265625,269.0,132.83127320196925,11.552476680370061,False,True,science_V_003.fits,1721835.9269213902,1095.281937732082,1572.0481344617683,-11.144601287381523,0.0006906277080197152,13.281643389714576,0.014295752831401038,3
145,176.95439007671717,87.83027040783482,392637.6140136719,557.7025756835938,704.0268973698095,395221.05562014424,4.961817566186356,0.029525538459074685,1.0304238180695593,26489.01171875,167.0,132.82212785335517,11.553563112629286,False,False,science_V_003.fits,415805.01544361026,572.6232782971459,726.1406079754944,-9.601846182767778,0.0014951649695325124,14.824398494328321,0.014357127173342981,3
146,135.89409821225587,88.83468481676341,186846.8868713379,424.8078308105469,439.8386124729106,193548.83713777078,4.831012661877538,0.12572437027082084,1.1438040430221827,14024.3251953125,115.0,132.83376939877948,11.553841002105804,False,False,science_V_003.fits,312952.72699043166,534.206886769327,585.826829906755,-9.29331872463442,0.00185327804152092,15.13292595246168,0.01439882710100409,3
147,187.41778280520344,93.11266487082622,1645318.2175292969,1083.212158203125,1518.9251755248165,1642526.0024318886,5.4516650444966475,0.018985604487804286,1.0193530335280063,58296.72265625,258.0,132.8191613477273,11.555030653155486,False,True,science_V_003.fits,1664717.554336671,1078.194342438187,1543.986541955083,-11.107973271952403,0.0007031797042901846,13.318271405143696,0.01429636471561746,3
148,196.45554602655793,94.04710516212106,235663.83032226562,455.2053527832031,517.7088293917828,254271.4801082654,4.705351988135527,0.1300675689294707,1.1495145649063927,17504.37109375,131.0,132.81659894118494,11.555290376662088,False,False,science_V_003.fits,489868.2591483444,626.4862843360718,781.9297427516543,-9.77982012504287,0.0013884879173151302,14.64642455205323,0.014346410041608191,3
149,132.9474076160825,100.75933059701617,1758853.9182739258,1123.40283203125,1565.648463867322,1749547.235871791,5.532249178936846,0.007654468289162497,1.0077135111153934,59559.6640625,310.0,132.83460526284603,11.557153303288377,False,True,science_V_003.fits,1736149.2878164498,1099.3896763018752,1579.1937337964691,-11.153589540323113,0.000687502727983803,13.272655136772986,0.014295602204398785,3
150,151.23744708073718,103.28759581203988,146829.0403137207,371.8425598144531,394.8688401537129,147597.53113706512,4.863975969544366,0.030483866956222738,1.0314423514135027,9741.490234375,138.0,132.82941963499465,11.557856167404301,False,False,science_V_003.fits,142206.3303214463,392.3723245856322,362.42701488088994,-8.436919197698975,0.0029956376192233096,15.989325479397122,0.014589908400368118,3
151,199.60391688136784,112.12118186581233,860905.3643188477,807.7296142578125,1065.8336021391217,855309.200028205,5.126207868393238,0.007252024859991546,1.0073050009081799,55728.7890625,263.0,132.81570658438588,11.560310999995531,False,False,science_V_003.fits,851918.2376339223,787.690632847144,1081.5391247635187,-10.380616663045858,0.0010038471795806659,14.04562801405024,0.014314303739455102,3
152,151.62002186501903,113.6407644681259,158028.20138549805,395.5439453125,399.52122452701855,160180.79945263258,6.4196063834832,0.3741854755526125,1.5979175313692648,7461.71630859375,174.0,132.8293114667716,11.560732056670682,False,False,science_V_003.fits,157487.59407777386,397.53958941192246,396.15574969714123,-8.547737744977633,0.002740588773052042,15.878506932118466,0.014539683944584391,3
153,164.67682414492575,117.44976371567903,519774.31005859375,637.1869506835938,815.7328229979661,518135.38969964045,5.054910246530878,0.004328900644382183,1.00434772149878,32809.20703125,201.0,132.82560957305986,11.561790459788119,False,False,science_V_003.fits,515573.8272157159,629.3343931042781,819.236693346088,-9.835349030420907,0.0013252580222762851,14.590895646675191,0.014340428557439763,3
154,165.40334261988312,132.57156601633537,1112383.9364624023,906.8572998046875,1226.6361385655491,1105266.5396758914,5.21301323525374,0.006769821096123563,1.0068159639526808,57513.45703125,272.0,132.82540396497987,11.565990976350259,False,True,science_V_003.fits,1088489.062355246,886.5033129322578,1227.8454535661988,-10.646682047555728,0.0008842318036416177,13.77956262954037,0.014306412837185901,3
155,192.36444607765412,130.8670494617134,1306579.7517089844,973.6409912109375,1341.9522837508762,1302316.0566629744,5.257847198120677,0.005717669587465557,1.0057505493284722,58667.421875,257.0,132.81775951757203,11.56551806531232,False,True,science_V_003.fits,1291064.7860385256,958.1997902092413,1347.385794935936,-10.831991963659464,0.0008057825784422952,13.594252713436635,0.01430177848902532,3
156,185.5080080948276,141.2614492235136,224822.09454345703,428.2807312011719,524.9409514943918,237789.50291740237,4.7865738900522645,0.06885313501311152,1.0739444416365844,14189.876953125,112.0,132.81970375849136,11.568405272614399,False,False,science_V_003.fits,325857.7293687643,542.4976292538129,600.6620338912276,-9.337191941416204,0.0018075056167052618,15.089052735679894,0.014393007293121454,3
157,193.78499750019233,142.65803154081067,487205.6544494629,606.9600219726562,802.6980967642901,491725.188646207,4.9491329395872965,0.07135287666020951,1.0768352960633698,31294.67578125,141.0,132.81735694578632,11.568793361128101,False,False,science_V_003.fits,555889.9040347327,663.5498960558148,837.7514748159554,-9.917093840384721,0.00129596907034812,14.509150836711378,0.014337751504916146,3
158,203.78409090023695,148.62415075062256,1732119.2797546387,1113.0706787109375,1556.1628860447836,1723937.735709631,5.45075607753336,0.014498591988168164,1.0147118937327728,62458.48046875,279.0,132.81452191010564,11.570450770902502,False,True,science_V_003.fits,1713275.1474736729,1094.1676748446307,1565.8250438781733,-11.139189661830788,0.0006933724838829895,13.287055015265311,0.014295885694381874,3
159,131.11159732894504,150.84440885216736,752860.4212646484,770.416748046875,977.211909233886,754800.0949951478,6.55878163477401,0.3446297053526375,1.5258549375327939,29070.806640625,250.0,132.8351275133825,11.571065754714688,False,False,science_V_003.fits,739250.026998237,751.4319981619792,983.7883252329691,-10.22660024668858,0.0011035910593296557,14.199644430407519,0.01432164430544407,3
160,175.85456888331163,148.52418864490704,1347603.4715881348,983.4652099609375,1370.2604402667794,1356618.9327833655,5.241537276923506,0.05762180503551462,1.061145095826083,58530.47265625,230.0,132.82244103253828,11.570422501731056,False,True,science_V_003.fits,1435196.9716675256,1010.7132526754448,1419.984320843163,-10.946900647339374,0.0007645859070861638,13.479344029756724,0.014299516565071039,3
161,151.98559864558715,150.35944220618455,205973.39614868164,422.464599609375,487.55184775039515,209031.1360742838,4.865041535604052,0.06838559381797282,1.073405470508161,13554.0322265625,139.0,132.82920888209767,11.570931694788953,False,False,science_V_003.fits,253160.0583397633,478.51056538264737,529.0584506474177,-9.063109841750931,0.0020521362028551116,15.363134835345168,0.014425770183269068,3
162,142.84056549592896,153.6241574331016,787288.3320007324,762.5075073242188,1032.4991222230378,787438.5606390489,5.071554089730606,0.01993869600357434,1.0203443355250021,50753.63671875,192.0,132.8318019681936,11.571838288480263,False,False,science_V_003.fits,796523.25515221,765.5805446088464,1040.4173156714335,-10.307618023808896,0.001043523578132053,14.118626653287203,0.014317140910235667,3
163,167.61944503860116,154.428421839869,1711363.1291503906,1104.3829345703125,1549.6102625093883,1731428.4493513005,5.608327516736977,0.09860213582476884,1.1093880291307199,57766.25390625,264.0,132.82477616119291,11.572062376888796,False,True,science_V_003.fits,1765291.54774925,1110.0967427583078,1590.2141495910978,-11.171662978552101,0.0006827382338908085,13.254581698543998,0.014295373862947502,3
164,195.96374433236588,163.82099063714162,1727064.7027282715,1129.3101806640625,1529.3094247257334,1693921.4031493156,6.388617063254397,0.24861854989977195,1.330881937352337,64108.546875,410.0,132.81673954101063,11.574671995303115,False,True,science_V_003.fits,1673340.717751453,1081.7008031121425,1546.9533839090382,-11.11358282144636,0.0007018311031819947,13.312661855649738,0.01429629844689946,3
165,133.14719606320136,165.5276374164008,606740.1360168457,674.9491577148438,898.941985602395,612138.9237831726,5.005682764354437,0.03178020333832898,1.0328233356185281,38785.0234375,174.0,132.83455084428732,11.575144496638137,False,False,science_V_003.fits,612875.387591039,693.5569904619163,883.6698296168242,-10.023052326311584,0.001228626307713572,14.403192350784515,0.01433182141213852,3
166,122.64922423130696,168.077281725781,1372770.233581543,987.38818359375,1390.304498667521,1378662.0256184048,5.161661766261368,0.08999189559212672,1.0988913122380188,58127.421875,205.0,132.83752757912276,11.575852362844305,False,True,science_V_003.fits,1713796.8461193633,1094.3267654013619,1566.0741382769716,-11.139520222211798,0.0006932621984260021,13.2867244548843,0.014295880345791675,3
167,114.43896500661316,169.4556056066048,1271578.004333496,955.7670288085938,1330.4267316257758,1276084.583728424,5.132155131544178,0.06826103391114136,1.0732619718564302,59019.39453125,227.0,132.83985561140503,11.576234921387266,False,True,science_V_003.fits,1633005.0706326182,1068.731737692985,1527.984070312818,-11.087090707199687,0.0007105440567699957,13.339153969896412,0.014296728830121855,3
168,134.23791276412774,183.8051614398911,298908.3166503906,505.1033630371094,591.7765323380556,298191.23681094707,5.0073737854808735,0.012453667790700562,1.0126107174767585,19604.216796875,190.0,132.83424220060672,11.580221621460021,False,False,science_V_003.fits,296842.5389133947,499.1278203006798,594.7224875875955,-9.235937217744647,0.0018255573358323524,15.190307459351452,0.014395285407793678,3
169,220.3772782711769,40.42854772466249,1880602.9134216309,1165.7713623046875,1613.1833172705044,1866936.529697211,5.680348781646551,0.029204421440806927,1.0300829773907196,60091.33203125,354.0,132.80981602780926,11.540396652405734,False,True,science_V_003.fits,1847480.4346723058,1133.379871705917,1630.0628595878927,-11.221071493522869,0.0006660479340499073,13.20517318357323,0.01429458646606744,3
170,199.3360153778083,44.14917752592334,1738585.2765808105,1121.5802001953125,1550.1212274236407,1730378.5971801304,5.912884906312975,0.18507089828577528,1.2271006126747392,60554.0546875,335.0,132.81578147494213,11.541429898350506,False,True,science_V_003.fits,1711661.799005058,1091.8608415651695,1567.655633250306,-11.138166769438783,0.000692562816075211,13.288077907657316,0.014295846447120095,3
171,272.95478715664126,43.5654561133523,462980.8046569824,603.781494140625,766.8019128607988,467507.90106880874,4.981719052111223,0.03077715312779261,1.0317544651646564,30373.71875,184.0,132.7949098110329,11.541268135404346,False,False,science_V_003.fits,479866.4100144352,611.234861287915,785.076965347367,-9.757422751497835,0.0013829217362397311,14.668821925598264,0.014345872399892262,3
172,272.1162909859451,52.87458997311428,193179.42449951172,411.35626220703125,469.61585916561677,195437.57542855057,4.8337729234524165,0.035943161712290284,1.0372832392083127,13201.7548828125,133.0,132.79514748810118,11.543854007355892,False,False,science_V_003.fits,240200.80805426178,461.6059108097423,520.3590388019622,-9.006058034215568,0.002086444010849968,15.42018664288053,0.014430690593171138,3
173,62.873312764628295,51.28140628280286,1091044.1283874512,894.0913696289062,1220.2825857051841,1084075.049445551,5.1512420430749035,0.005801824188273241,1.005835681788026,62765.26171875,263.0,132.85447040351173,11.543406420591666,False,True,science_V_003.fits,1078647.490603127,876.5096938252916,1230.6167270046487,-10.63682071767806,0.0008822405678188858,13.78942395941804,0.014306289903567998,3
174,47.051766404312,59.403632739296604,1728748.4165344238,1106.2708740234375,1562.6809465272052,1726790.9729547831,5.404354903266361,0.028031918279478596,1.0288403691506598,63672.7734375,261.0,132.85895647600265,11.545661720784818,False,True,science_V_003.fits,1763044.382666926,1108.0240737751594,1591.1607196945104,-11.170279987325669,0.0006823320778107478,13.25596468977043,0.014295354470940403,3
175,38.49142482225438,63.44224429030248,627962.419921875,683.5676879882812,918.6543351250981,632499.5711510071,4.929743733632958,0.09115775871586695,1.1003009703720057,39107.01171875,178.0,132.86138370034507,11.546783055893776,False,False,science_V_003.fits,816592.8132651459,771.3303499988327,1058.681035001905,-10.334635757617006,0.0010255213460001638,14.091608919479093,0.014315840052771204,3
176,53.06296705193424,74.65190659560709,819859.7620239258,781.8289184570312,1048.6434342208138,815344.0613782633,5.134906617053059,0.003926181031353115,1.003941656689078,54111.890625,236.0,132.8572530842645,11.54989768569566,False,False,science_V_003.fits,807814.2854125596,767.7786620580426,1052.1447460485563,-10.322900696487876,0.0010318922411364636,14.103343980608223,0.014316297844860028,3
177,54.669719718244544,89.53637585081538,769776.3194274902,760.6723022460938,1011.9683826458705,765427.0267090036,5.102784369534907,0.0015965115535471197,1.0015990644784618,48183.91015625,238.0,132.85679838142352,11.554032344490032,False,False,science_V_003.fits,763077.2888413972,746.2336300302803,1022.5715622203107,-10.261043194083365,0.0010617349827748178,14.165201483012734,0.014318479792180247,3
178,99.70641062047679,61.22562252930473,837354.858795166,785.5106201171875,1066.0006845868538,836340.4542515085,5.058817420145059,0.02411461264261472,1.0247104966987108,54675.4765625,211.0,132.8440282165551,11.546170459364085,False,False,science_V_003.fits,882198.853547808,797.978151756679,1105.5426161803107,-10.418538096690774,0.0009820516948963328,14.007706580405324,0.014312791758314484,3
179,89.7520242610771,62.19784964910837,909565.1859130859,816.0099487304688,1114.6496281426084,915289.2373061152,5.030972247705632,0.04372675215638411,1.0457262108450565,60445.20703125,215.0,132.84685047738444,11.546440083199643,False,True,science_V_003.fits,954402.7750136077,827.1662829874584,1153.822145127352,-10.503951107578795,0.0009409595790694128,13.922293569517304,0.014310031003281185,3
180,306.760089751095,65.26137551407875,169035.6807861328,520.17578125,324.9587675534112,170459.15127385827,4.778750795461761,0.06868328835722093,1.07374858358986,11255.998046875,130.0,132.78532535451953,11.547294449728755,False,False,science_V_003.fits,216874.1966602256,556.0969752535527,389.9934837108972,-8.895141582629822,0.002783892668331944,15.531103094466276,0.014547908467343978,3
181,302.386419710564,71.56723218000246,122775.69500732422,443.0564880371094,277.1107033129392,124154.97041851282,4.7493629322577755,0.07746612934750907,1.0839710408602328,7688.52587890625,117.0,132.7865652759434,11.549046134755468,False,False,science_V_003.fits,189990.94345154613,588.3174631432263,322.939493307702,-8.751454122439256,0.0033619300906177108,15.674790554656843,0.014669497480132953,3
182,491.2618507274773,81.23544679845682,552588.6616821289,667.8417358398438,827.4245708636666,549203.8749224178,5.132154340809787,0.006658942351117525,1.0067035811112837,36280.5234375,235.0,132.7330151037038,11.551724374526158,False,False,science_V_003.fits,545010.1446215999,649.6694578358981,838.9037502810631,-9.895633339421387,0.0012941889932382008,14.530611337674712,0.014337590715864544,3
183,488.93432191186156,99.7512115818121,1515235.5595092773,1043.107177734375,1452.617326246727,1543312.0173877873,5.1974090795076355,0.06494605769898976,1.0694570171418865,63281.82421875,235.0,132.73367378319764,11.5568677864187,False,True,science_V_003.fits,1869355.9693603206,1143.7590062798024,1634.396720897175,-11.233851896894961,0.0006642818026482719,13.192392780201137,0.014294504283071725,3
184,485.93300047885435,107.21447093114806,1169405.2395629883,936.749755859375,1248.3646056466541,1213299.7682762332,4.888536685951743,0.04767586053126738,1.0500626399724196,62194.625,169.0,132.73452424793416,11.558941103651456,False,True,science_V_003.fits,1945511.6451611049,1165.073314910554,1669.8619908829235,-11.277206460751863,0.0006501734909397792,13.149038216344236,0.01429385560140255,3
185,492.550700163638,111.59597049765961,816249.0094299316,781.323974609375,1044.6998120568583,818140.1217505417,4.971623019617522,0.10288960228276545,1.1146900120036238,48911.296875,199.0,132.73264765420905,11.560157758456947,False,False,science_V_003.fits,1221944.7092896895,935.0682680392624,1306.7973227794118,-10.772250762388165,0.0008308097828750044,13.653993914707934,0.01430321038371271,3
186,463.67773493466336,89.81565855281141,1789696.1359558105,1132.6134033203125,1580.1474101482706,1805433.4662760985,5.4214426919312215,0.043065082234834406,1.0450031464369687,61931.33984375,272.0,132.74083525383134,11.554109452944454,False,True,science_V_003.fits,2040852.7131140842,1191.3615123424604,1713.0423401888738,-11.329151031850248,0.0006337846850185237,13.09709364524585,0.014293119512982122,3
187,461.53015790402577,98.37587506296289,1384988.2206726074,1004.2947998046875,1379.0654108155854,1435496.3441212582,5.3972346647987814,0.14629049917504555,1.1713586401857805,61651.703125,258.0,132.74144364193168,11.55648741092211,False,True,science_V_003.fits,1719418.952961842,1097.755201460765,1566.3045373630107,-11.143076148060585,0.0006931602214648859,13.283168529035514,0.014295875400899643,3
188,297.4329419655607,97.81700701055338,1216671.4025268555,944.1419677734375,1288.6530247099618,1213611.5152679,5.259192552889566,0.02903111331569297,1.029899117998342,58886.515625,259.0,132.78796936106045,11.556337794952126,False,True,science_V_003.fits,1208556.9715376487,927.3488790091044,1303.2387258924841,-10.760289693856697,0.0008330783749972522,13.665954983239402,0.014303342335423365,3
189,285.9012336647837,101.25794580490835,560288.0510864258,659.7036743164062,849.3026079731991,560676.4396795307,5.051500568814277,0.015916188093453743,1.016173610317416,37386.12890625,200.0,132.79123886161668,11.557293727165257,False,False,science_V_003.fits,567241.6875282382,657.1866287759414,863.1363796685391,-9.939042224957044,0.0012578545240057308,14.487202452139055,0.014334356643707032,3
190,352.04314576326135,101.14752090962773,1234263.3948059082,953.6630859375,1294.2342143741084,1226625.8663290865,5.240943528007199,0.004405360702056105,1.0044248537790064,58937.3359375,273.0,132.77248589926725,11.557261888350634,False,True,science_V_003.fits,1220184.922339893,932.5568745025013,1308.4294971186985,-10.770686009469221,0.00082977340574393,13.655558667626877,0.014303150222601528,3
191,366.39925203409376,100.89938371974284,896491.6769714355,820.3956909179688,1092.755223967986,892426.542957159,5.135784066779976,0.00807169332135882,1.0081373757226326,57828.5625,236.0,132.76841557581386,11.557192549358144,False,True,science_V_003.fits,887944.1094142217,805.3725285199382,1102.5259466523253,-10.425585950264153,0.000984738729547894,14.000658726831945,0.014312976376383001,3
192,374.5623706366006,112.08614061821746,380672.91748046875,560.8939208984375,678.6896831948338,379995.6016764719,5.030211628864749,0.005405353572603744,1.0054347302109656,24603.123046875,189.0,132.76610074176068,11.560299720068576,False,False,science_V_003.fits,379560.5864063164,555.9412951824984,682.7350112240148,-9.502824646370687,0.001590221655768825,14.923420030725412,0.0143673375160432,3
193,73.42187910716595,103.14980501163487,139550.69921875,366.1691589355469,381.1099209568158,140054.80009679473,4.892482709356847,0.0148212851975138,1.0150442604725634,9024.349609375,148.0,132.85148241636068,11.55781483466487,False,False,science_V_003.fits,138570.67890744164,375.5952263016871,368.93620899254546,-8.408800235880411,0.002942785157804712,16.017444441215684,0.014579148358886466,3
194,61.99579422553211,115.49951451102547,1177668.727355957,938.1116943359375,1255.3608855602158,1169774.7199740899,5.196823962576166,0.004165839717146569,1.0041832665350257,59780.0390625,281.0,132.8547226869686,11.56124471688016,False,True,science_V_003.fits,1166278.4583276506,917.8918961662451,1270.6054636704391,-10.721627509268917,0.0008544745249746553,13.704617167827182,0.01430460447196136,3
195,421.5897351706451,115.40957618950371,944613.6524963379,844.3338623046875,1118.7679360838702,938799.6352057292,5.135861322735175,0.0032997634273270737,1.0033106879142257,59027.796875,253.0,132.7527669569621,11.56122104239818,False,True,science_V_003.fits,935906.7353774837,825.2879686627864,1134.0365677376017,-10.482703305904828,0.0009573765351905425,13.943541371191271,0.014311119879854256,3
196,429.8866084647098,128.82261089516206,1180736.6504821777,935.37451171875,1262.3143304520613,1173217.2177562325,5.221324201049111,0.004853800955150422,1.0048774752491736,60186.390625,265.0,132.75041388245182,11.564946492173265,False,True,science_V_003.fits,1166835.402104052,914.6662745803292,1275.6952284475822,-10.722145867197172,0.0008510653452245087,13.704098809898927,0.014304401232042827,3
197,421.0743684534687,140.8757241886161,1059685.3122253418,889.5874633789062,1191.209808870682,1053360.124947273,5.167786516060065,0.002509037813507198,1.0025153489190592,58460.8046875,256.0,132.75291188569597,11.568294990939188,False,True,science_V_003.fits,1048777.9633342489,870.3559123234156,1204.9989532839909,-10.606330757762361,0.0009009966332677181,13.819913919333738,0.01430745880017084,3
198,116.22074271639325,118.12625921131833,39443.88204956055,219.86141967773438,179.40338103600027,41986.09056329848,4.359328954837643,0.1813839765019747,1.2215739385687852,2926.52392578125,77.0,132.8393483868242,11.561976845842253,False,False,science_V_003.fits,106720.38366261564,347.42420870387406,307.1760141895536,-8.125240318729604,0.0035344556535915964,16.301004358366495,0.014709995212529196,3
199,109.58256508160078,124.09275846069819,439938.1719970703,589.4776000976562,746.3187268255615,440452.00673852407,5.04900503257328,0.009728496746939652,1.0098240701817445,28084.296875,190.0,132.8412307597896,11.563633945738305,False,False,science_V_003.fits,444003.093980807,587.1665415040118,756.1791461133065,-9.673086865172655,0.0014357708825751166,14.753157811923444,0.01435106338961252,3
200,94.31905879998087,142.7900666142703,56833.34130859375,243.9115753173828,233.00797116594825,62830.70879486703,4.351718986265126,0.15183777000310972,1.1790197259829247,4108.556640625,76.0,132.84555930774565,11.5688269952997,False,False,science_V_003.fits,192488.69497679276,422.8656559673464,455.2005873743899,-8.765634944322716,0.00238510237050077,15.660609732773382,0.014476888329444096,3
201,86.36918336266426,146.92212044928075,594370.6468200684,668.1148681640625,889.6234392348749,597013.7606083514,4.995607126978247,0.052807522674733876,1.0557516280364205,38793.1015625,177.0,132.8478135942579,11.569974426447706,False,False,science_V_003.fits,678866.8327769603,708.6407624810162,957.9844523763852,-10.134083351486867,0.001133316931508442,14.292161325609232,0.01432396557007416,3
202,93.83175180478679,153.01212270360088,955051.1006164551,830.8839111328125,1149.4398770032208,956510.1334813654,5.054390009917904,0.033762345223351864,1.034942071504299,59364.265625,188.0,132.8456979425077,11.57166643203676,False,True,science_V_003.fits,1000424.4960108896,847.7301672941185,1180.1213813166025,-10.555082666933234,0.0009199901104992597,13.871162010162864,0.014308667449795691,3
203,92.04123176439069,166.16787536806666,1516954.2634887695,1048.6761474609375,1446.5421638144726,1511263.3066032846,5.802990980807365,0.1650581697466711,1.1976882266116562,59310.71875,309.0,132.8462062326176,11.575320725790231,False,True,science_V_003.fits,1491805.5958751196,1022.4166192326329,1459.0975614175588,-10.988902453766565,0.0007440900654684178,13.437342223329534,0.014298435313381498,3
204,276.2791818777879,152.70544762840342,281678.66510009766,496.0613708496094,567.8302759548959,286227.06479312514,4.9461040275556405,0.06621287954303057,1.0709078954854592,19584.880859375,156.0,132.79396665683657,11.571584763370618,False,False,science_V_003.fits,333998.033508926,535.8619633683159,623.2911763497533,-9.363981648564291,0.0017418825120520734,15.062263028531808,0.014384913523244381,3
205,296.3397758772235,160.5985601127013,321660.2021484375,525.0421752929688,612.6368838254832,320690.2992123503,5.038419586903999,0.017709815484262093,1.0180291076541632,20296.84765625,194.0,132.78827856901447,11.573777120881305,False,False,science_V_003.fits,319572.7684890815,517.4201146274818,617.6272615902436,-9.316046286575121,0.0017578563439777258,15.110198390520978,0.014386856547261774,3
206,280.1188518338215,161.7224878671491,766587.2950439453,760.9633178710938,1007.3906022022001,764962.7853346952,5.08007378388634,0.018924598317926034,1.0192896471417787,50728.8125,217.0,132.79287789004016,11.574089471625372,False,False,science_V_003.fits,781023.0470140578,758.8139197817959,1029.268212737384,-10.286281497925398,0.0010548270961487612,14.139963179170701,0.014317969220116234,3
207,469.4919496809308,167.15536292368313,27043.745819091797,211.52430725097656,127.85171676276435,28298.972768000323,4.476537079388483,0.03668876285491596,1.0380860945457757,1771.010498046875,79.0,132.73918211177687,11.575592345028099,False,False,science_V_003.fits,31987.67153919647,284.0063825426192,112.63011504467252,-6.817078443735166,0.009639517810750514,17.60916623336093,0.01722822933470537,3
208,475.6079268719504,175.06071117981315,102063.03204345703,334.3586730957031,305.25014080984715,103084.21464526428,4.84719859067271,0.016182244028823956,1.0164484163155296,6702.4755859375,129.0,132.7374474680091,11.57778790641252,False,False,science_V_003.fits,103085.79236225525,357.4835843337287,288.365107881484,-8.087618907670153,0.003765018618154784,16.338625769425942,0.014767090017348659,3
209,363.3852322186454,174.63275215853182,668803.4915161133,708.5708618164062,943.8766502501244,698840.5734157129,4.8291328111843175,0.203260509132701,1.2551153940059376,43209.5,172.0,132.76926787422505,11.577674122023964,False,False,science_V_003.fits,1465315.7716010844,1016.8008140323075,1441.1040504482976,-10.969449934207187,0.0007533807150581954,13.456794742888912,0.01429892180855773,3
210,367.10180538453244,180.84064582753396,1679060.207244873,1096.7486572265625,1530.9434811535116,1697563.9772613698,5.437882773265594,0.05313131512407132,1.0561126542388857,57766.2109375,254.0,132.7682138552373,11.579398423383902,False,True,science_V_003.fits,2021196.7148253275,1185.4610958243038,1704.9878076512496,-11.318643333244331,0.000636778747113526,13.107601343851767,0.0142932525884839,3
211,399.15490236285945,185.39755608664422,1719577.224822998,1118.9420166015625,1536.7885013788987,1709277.9149739917,5.5257586897529,0.002324642679488953,1.0023300592346316,58656.23828125,317.0,132.7591250599004,11.58066309807695,False,True,science_V_003.fits,1697741.0967644418,1090.7279359839554,1556.5211458830881,-11.129300528122258,0.0006975170256257786,13.296944148973841,0.01429608731039595,3
212,354.78604705482604,188.91966692994959,31960.345977783203,225.30029296875,141.8566552073513,33167.71290919779,4.597326094249313,0.041568161880217835,1.0433710152636047,2108.67236328125,90.0,132.771705743944,11.581642955412232,False,False,science_V_003.fits,28409.732492370236,282.30782127968286,100.63388383499536,-6.688289735043545,0.010788612727897606,17.73795494205255,0.017896528908645397,3
213,376.16047759136774,197.2183208918959,489945.68518066406,630.4583129882812,777.1262192711717,487766.5930655733,5.093641991931178,0.012394974976761675,1.0125505385885112,32679.71875,214.0,132.7656447215477,11.583947484752018,False,False,science_V_003.fits,480771.88142009143,617.6366246058278,778.4057199116346,-9.759469522665306,0.0013947739234537611,14.666775154430793,0.014347019784016918,3
214,391.32520502617024,200.30964413110198,1037136.0086669922,883.0521850585938,1174.4900541729303,1031701.082799915,5.441398887822009,0.10498706545828274,1.1173022884993729,58823.625,265.0,132.76134459570395,11.584805646455134,False,True,science_V_003.fits,1022674.8397030071,860.849097478062,1187.9838669739315,-10.578965802480376,0.0009139012996578211,13.847278874615723,0.014308277253776659,3
215,71.80130171667423,194.80516446307146,366247.70806884766,542.955810546875,674.5442280099301,367011.90639792196,4.9931588860821545,0.012328615765242357,1.0124825078077913,24744.70703125,177.0,132.85194663056188,11.583274557721305,False,False,science_V_003.fits,371489.09845799423,544.6148830839144,682.113379558074,-9.479487058252737,0.0015916708754538738,14.946757618843362,0.014367497992385255,3
216,82.32565426998242,195.82607465221582,190509.13912963867,410.34100341796875,464.2702960288572,193002.33736688463,4.869613768168639,0.02863887697677847,1.029483243973821,12638.1328125,144.0,132.8489624747705,11.583558660667748,False,False,science_V_003.fits,203484.48070314454,430.156785611524,473.04724116781,-8.825950104479602,0.0022951196107173916,15.600294572616496,0.01446233578689576,3
217,230.5138640057906,201.11917673576374,1224290.503326416,940.1820068359375,1302.1845710987486,1230930.3469567334,5.076515422148569,0.043810272305170095,1.0458175517224886,66027.5703125,219.0,132.80694332389325,11.585032999133068,False,True,science_V_003.fits,1514568.6395970893,1031.193688582101,1468.7528214797671,-11.005344274424305,0.0007391985799939831,13.420900402671794,0.014298181595087237,3
218,231.2265490159591,210.28985783936568,1671911.366607666,1092.0465087890625,1530.9891594833248,1697886.362064696,5.439061944643175,0.061766875511932606,1.0658331856974617,60428.83984375,251.0,132.80674130043664,11.5875804151348,False,True,science_V_003.fits,1814769.8852043569,1124.5136587357258,1613.8264494223004,-11.201675783667113,0.000672748919432227,13.224568893428986,0.014294900261772499,3
219,241.25411445362982,222.27014872143687,1017942.9750976562,871.8038940429688,1167.628387591814,1011895.1998025038,5.1856051004818955,0.003090149928337782,1.0030997285543077,55765.28515625,260.0,132.80389796056213,11.590908325531947,False,False,science_V_003.fits,1007548.2972724516,852.3936443764834,1182.0223014561097,-10.56278655756552,0.0009185105887279351,13.863458119530579,0.014308572398636825,3
220,256.0252839562196,224.58612637858647,51459.876861572266,257.8601989746094,199.56502425036655,52373.3079698862,4.636072464961019,0.028258522841462907,1.0290802888481136,3438.4306640625,102.0,132.79970944145734,11.591551678594099,False,False,science_V_003.fits,51334.90563760469,299.3550404283869,171.48502181270356,-7.330653794167874,0.0063311651858773115,17.095590882928224,0.015619706623246517,3
221,483.610659196798,221.6492625684481,1598464.98828125,1081.8612060546875,1477.5139170675175,1588336.0516452754,5.429619872457677,0.006872823866097222,1.0069203864633451,60980.62109375,305.0,132.73517531430113,11.590728665455863,False,True,science_V_003.fits,1578106.822823392,1054.6838303672557,1496.2842677448398,-11.049962867727148,0.0007255974171514471,13.376281809368951,0.014297484883615128,3
222,471.17898887925105,226.4772573286772,407282.97802734375,579.4235229492188,702.9106722390324,407101.37826974643,5.042249105460691,0.014244707333197715,1.0144505512059296,25964.849609375,187.0,132.73870014249422,11.592070537966004,False,False,science_V_003.fits,408444.58748575405,576.6661852285604,708.2860031473285,-9.582454737463323,0.0015328553651711323,14.843789939632776,0.014361101209724838,3
223,412.2964582098348,237.84507801500584,83439.09194946289,309.3070068359375,269.7614024428506,84586.8625244534,4.7473262558799405,0.022051794863945595,1.0225490417060255,5496.41796875,118.0,132.75539644621728,11.595231302407502,False,False,science_V_003.fits,84430.26491013866,339.31974621448927,248.82213856416416,-7.870867253857571,0.004363357723171521,16.555377423238525,0.014930856405638184,3
224,400.44995784335816,242.85465642022663,226865.12237548828,448.6911315917969,505.6153474008977,229549.04981698503,4.954259075053891,0.03655349710209532,1.0379403495597814,14424.890625,148.0,132.75875548892662,11.59662334710896,False,False,science_V_003.fits,259908.31558225813,482.5086437105948,538.6604343157617,-9.091672310709116,0.002015555498111014,15.334572366386983,0.014420611857733075,3
225,400.87351835840684,253.79853627679321,1335897.4095153809,990.6209716796875,1348.5454555340636,1329759.6310051084,5.276469230920734,0.017513890184014724,1.0178260944445259,58363.32421875,267.0,132.75863493103955,11.599663295889426,False,True,science_V_003.fits,1323943.2782455254,971.7696651606684,1362.40441095332,-10.859295321557154,0.0007968999448851605,13.566949355538945,0.014301280778573093,3
226,386.70778871591665,261.3318575140182,118734.28955078125,354.30865478515625,335.1154084078999,119503.32550617328,4.853191195902731,0.023819952538842393,1.0244011876710584,7598.98046875,137.0,132.7626516148582,11.601756428158613,False,False,science_V_003.fits,116595.24140534266,371.36614272563435,313.9630353741842,-8.221323938915416,0.003458050399805991,16.20492073818068,0.014691824085287184,3
227,129.53840089349652,244.13124900060646,1037844.8677978516,870.7947387695312,1191.8364013824532,1050699.5929088963,5.097988322755921,0.048130120586145075,1.0505637604751006,57277.73828125,223.0,132.83557688018354,11.596978704334017,False,True,science_V_003.fits,1146764.7636955804,903.4517915149032,1269.3148372340834,-10.70330772414174,0.0008553433459942913,13.72293695295436,0.01430465639660607,3
228,138.4618560744812,248.2544252476232,1616150.1976013184,1063.53076171875,1519.608323307444,1638476.5178104723,5.113711732072414,0.15696738930546184,1.1861937335687918,56918.25,179.0,132.8330466232965,11.59812432927781,False,True,science_V_003.fits,2592870.6569646997,1334.6875393170774,1942.6799011635335,-11.589074006334933,0.0005588671604363331,12.837170670761166,0.014289993523037035,3
229,143.15034357685605,252.5772449867151,1298861.8426513672,963.6871337890625,1347.8044866537252,1328070.513100377,4.95134272771943,0.1697407762188945,1.204443108076383,57197.27734375,208.0,132.83171725648916,11.599325260333805,False,True,science_V_003.fits,2358000.899586632,1275.0754363943802,1849.303054770246,-11.485981790151286,0.0005870860361147705,12.940262886944813,0.014291124952194183,3
230,171.70506448711438,250.34353982481286,75243.08502197266,293.05340576171875,256.75553855583814,76066.00103354198,4.824673988923108,0.013128924553031718,1.0133035863342994,4864.4365234375,117.0,132.82361997415404,11.59870555688422,False,False,science_V_003.fits,77854.49663507963,325.1674582372911,239.42893011841696,-7.782831126879448,0.004534539746149447,16.64341355021665,0.014981776700206,3
231,178.3911488198131,262.4662141883217,1533454.0946350098,1044.4847412109375,1468.1440849554,1572009.1102178777,5.2708305061172664,0.11628219943842799,1.1315829548352818,57088.2421875,223.0,132.82172427495112,11.602073113944016,False,True,science_V_003.fits,2098617.9316307902,1205.98275136839,1740.1724272171853,-11.359455322464582,0.0006239036908177016,13.066789354631517,0.014292684779314283,3
232,171.32699056529194,267.3764651074623,1917291.4648742676,1168.03125,1641.472747303865,1944932.2374509494,5.988444078057573,0.1688809728747105,1.2031970961594314,57003.85546875,280.0,132.8237275861131,11.603436915883979,False,True,science_V_003.fits,2264552.1584343673,1252.204635958237,1808.4521438474321,-11.442077694161041,0.0006003476529327468,12.984166982935058,0.014291675888075832,3
233,153.4122271214875,273.93184131451966,1200215.3531799316,943.2752075195312,1272.3914967892129,1191579.2573924975,5.2726748384320965,0.007990676011028208,1.008055041235799,56750.80078125,293.0,132.82880791814827,11.605257394602136,False,True,science_V_003.fits,1180370.1234873636,918.8492347988612,1284.6178445648377,-10.734667395238144,0.0008451540702112692,13.691577281857954,0.014304050747526761,3
234,137.42279586858547,280.3083796715514,571613.3569335938,670.2128295898438,852.8833404806786,568768.2611514949,5.077703314709759,0.008754595166379331,1.0088319150068077,36143.38671875,224.0,132.83334233071247,11.60702817034555,False,False,science_V_003.fits,567012.7948105627,656.4176913466688,863.7987706384206,-9.938604021506531,0.0012568899573653892,14.487640655589567,0.014334272034196653,3
235,101.93503662275793,273.8900063181644,907831.8937988281,819.6255493164062,1107.6178561734548,911648.531337824,5.045825291907626,0.05574445584525456,1.0590353492657059,56892.2578125,224.0,132.84340555265572,11.605243961038752,False,True,science_V_003.fits,990191.8676097109,843.5633222806571,1173.8204370154797,-10.543920261975599,0.0009249285203795463,13.8823244151205,0.014308985818472172,3
236,110.31032162719232,273.5258906500104,360009.1962890625,533.9838256835938,674.1949455644785,372392.9072047684,4.854089386260753,0.07354325806622108,1.079381210948625,22606.470703125,151.0,132.84103051807375,11.605143162673087,False,False,science_V_003.fits,582794.0810937836,663.4830341966159,878.3858080100945,-9.9684097050126,0.0012360172376413476,14.457834972083498,0.014332456907214925,3
237,283.20715332944616,274.5955308036427,493843.5065612793,632.3519287109375,780.9630747359141,491606.55405833037,5.061921552385252,0.009118779549972866,1.0092026969144006,31950.189453125,218.0,132.79200132445263,11.605443069864469,False,False,science_V_003.fits,489983.4730540237,618.8550493865664,791.7580595645372,-9.78007545328316,0.001371252223939633,14.646169223812938,0.014344752177959913,3
238,274.5455362976721,292.2540168558453,1234997.8236999512,958.4414672851562,1288.5479873884815,1226563.494434131,5.274815391352596,0.004630720016387424,1.0046522633453823,57176.625,294.0,132.79445744632966,11.610348261957125,False,True,science_V_003.fits,1221068.1236475075,933.1177111723612,1308.5895906030632,-10.771471609044143,0.0008296718908635483,13.654773068051956,0.01430314433374408,3
239,465.1653075993415,283.7858565349528,2122284.075378418,1249.9832763671875,1697.8499756783856,2111656.216108098,6.998973310944363,0.31631551106268185,1.462662991746888,60465.34765625,424.0,132.7404019905606,11.607989938718216,False,True,science_V_003.fits,1979469.8888129278,1175.249681250844,1684.2973202988956,-11.295994123447038,0.0006446011561707714,13.130250553649061,0.014293603220880415,3
240,497.7156816455748,284.02065071379155,675392.8906860352,731.92919921875,922.7571347159522,670940.4502900257,5.138200543865864,0.003002753943719183,1.0030117976309332,44942.94921875,245.0,132.73117142458102,11.608053120281692,False,False,science_V_003.fits,666970.3164444489,711.5080181150742,937.4037951271239,-10.114888139149949,0.001158198852664945,14.31135653794615,0.014325955708703719,3
241,481.88662595172815,289.00231988657157,305775.7060852051,520.43896484375,587.5342292578099,304910.84954487724,5.120764942765103,0.015870928774668558,1.0161268772955847,20601.41015625,192.0,132.73565986842058,11.609437944535781,False,False,science_V_003.fits,287717.91677767795,512.9460053403623,560.912676543342,-9.202039141865418,0.0019355954062059918,15.22420553523068,0.014409653429626681,3
242,476.9686706032987,300.3194126725849,247529.12231445312,483.53790283203125,511.9125530071185,252599.7234545194,4.87710445341413,0.19715726549324897,1.245573954922041,18078.689453125,137.0,132.73705378764384,11.612581884774023,False,False,science_V_003.fits,556093.9383655884,676.8562852894946,821.5834741458365,-9.917492276862058,0.0013214725395112818,14.508752400234041,0.014340079220775199,3
243,473.0961357200368,308.22539345956073,1640475.747039795,1090.2545166015625,1504.6722779496752,1640998.5128409746,5.471570946891943,0.021373042193415293,1.0218398257098078,60331.75390625,271.0,132.7381514824627,11.614778224954392,False,True,science_V_003.fits,1666384.8170905497,1085.3065226366195,1535.4047749038414,-11.10906012398158,0.0007071099541604558,13.317184553114519,0.014296558567455982,3
244,462.8420691325,320.2753855002065,1102552.674255371,910.0116577148438,1211.5808241666075,1095553.6156749744,5.198198891362932,0.005130373669945842,1.0051568301354934,59477.09375,265.0,132.7410586681297,11.618126047394313,False,True,science_V_003.fits,1087637.2638694646,888.0653990244381,1224.7265404825605,-10.645832070703502,0.0008864836060237726,13.780412606392597,0.014306552190139144,3
245,446.9934683610717,325.5001149500843,459534.55966186523,614.7733154296875,747.4861841403766,457717.63315921696,5.052887008706051,0.00926426696952054,1.0093508961680253,29419.978515625,204.0,132.74555285421272,11.619578237597127,False,False,science_V_003.fits,454917.42214762606,604.1543471507725,752.9821216929803,-9.69945329776938,0.00144186690323928,14.726791379326718,0.014351674555677573,3
246,371.39631400892256,287.03295179554715,175137.57794189453,409.2549133300781,427.94251757862236,175909.45279025513,4.932860202614512,0.012519852985105495,1.0126785870307897,11541.2451171875,150.0,132.76699266534337,11.608896144913832,False,False,science_V_003.fits,175619.13043386277,420.11893820756126,418.0224085663511,-8.66605143014908,0.0025972291861661554,15.760193246947019,0.014513344956656255,3
247,366.83782198357756,298.13004127145257,290643.06771850586,501.9214172363281,579.0609002477722,290877.52430489036,4.968850923780492,0.005947760306866612,1.0059833478255658,19790.05078125,172.0,132.76828500571438,11.611978813110225,False,False,science_V_003.fits,289495.3023571961,502.3857200655395,576.2411047818588,-9.20872567609158,0.0018841071749142253,15.217519001004518,0.01440282757766646,3
248,35.5929151679958,313.1799977000719,529111.9692077637,651.4853515625,812.1624959621269,528625.8251211896,5.976813768011699,0.25605699888487554,1.34418900171258,28431.986328125,243.0,132.8622209330112,11.616154423619532,False,False,science_V_003.fits,520421.67939898017,630.2647591979666,825.7191470791331,-9.845510323622747,0.001314853850538059,14.580734353473352,0.014339470807310186,3
249,49.42304506563921,314.2224932272556,426372.33908081055,586.993408203125,726.3664857600367,425005.2879491402,5.08318436008108,0.02207537866641518,1.0225737016788792,27251.8046875,204.0,132.8582989661242,11.616444819095234,False,False,science_V_003.fits,423632.01057878503,577.5931447680654,733.4436262204878,-9.622093796376452,0.0014802773671846144,14.804150880719646,0.014355584400128936,3
250,414.5861607072593,323.6589362069722,1111966.2788391113,910.46826171875,1221.3125109270482,1105736.6002682815,5.189984677662006,0.007896451007791017,1.0079593012400896,58709.26953125,252.0,132.7547433027643,11.619068376843083,False,True,science_V_003.fits,1101062.2379101894,891.6891050215908,1234.805081400573,-10.659151544805916,0.0008792480824330177,13.767093132290183,0.01430610567470716,3
251,403.75266340585387,331.73352118435685,466497.28967285156,616.1596069335938,757.1046274754068,465376.5676789001,5.053417833804404,0.009442152369342649,1.0095321564428847,30759.22265625,198.0,132.7578152225629,11.621311778714043,False,False,science_V_003.fits,464758.8680975472,608.695185288363,763.5330118101273,-9.722691087359367,0.001421942448075825,14.703553589736732,0.014349686502187639,3
252,417.946781438876,338.0115103095831,94346.5659790039,327.47747802734375,288.1009300160976,95309.02955598448,4.8552294148355255,0.013963127089641647,1.0141608569347194,6511.6865234375,127.0,132.7537896082326,11.62305505107516,False,False,science_V_003.fits,93332.44486616891,352.29513438941296,264.9268631766085,-7.979703480109156,0.004098112161907261,16.446541196986942,0.01485550758732257,3
253,467.6679093599955,346.3141644390093,1145809.9943847656,915.1123046875,1252.097680815303,1153844.8415925952,5.027063493651021,0.09622669824222019,1.1064721629362868,59915.9140625,208.0,132.73968855607677,11.625358755544955,False,True,science_V_003.fits,1695723.5552895502,1091.8551867631777,1553.0663551789776,-11.128009506522451,0.000699068649822681,13.298235170573648,0.014296163099328126,3
254,464.9268207171929,352.21828497343404,794221.5069885254,769.9887084960938,1031.471628382398,837344.3290016223,4.776994700651009,0.17283027472646262,1.2089417316008626,55559.73828125,179.0,132.74046556548657,11.626998948267628,False,False,science_V_003.fits,1540819.723967572,1043.415745249656,1476.7073728592268,-11.024001447043847,0.0007352167531322395,13.402243230052251,0.01429797629245176,3
255,246.5827603963977,348.9426671995122,678832.8203735352,716.9285888671875,946.8625340302762,689113.7241764968,5.024944818474831,0.04951337605975248,1.0520926594995041,44473.15234375,189.0,132.8023872686092,11.626095150619632,False,False,science_V_003.fits,738207.9091686405,741.6397267327673,995.3726621694803,-10.225068608843388,0.0010907472560414161,14.20117606825271,0.014320660318644114,3
256,273.24412382211443,354.29753345168774,1722759.2350769043,1133.519287109375,1519.832308694252,1713008.6506801704,5.558483627299608,0.0052823035285535225,1.0053103544325102,57177.43359375,302.0,132.7948261815684,11.627582576837959,False,True,science_V_003.fits,1698152.4341439747,1108.0553887031972,1532.5519386999167,-11.129563553970064,0.0007084262350814767,13.296681123126035,0.014296623731356223,3
257,255.46234539487745,352.93607418162964,926215.683013916,837.59375,1105.8053895625605,935363.4768804465,5.948555735322189,0.25902872402991384,1.3495799802641353,53406.09765625,257.0,132.79986905215014,11.62720443988272,False,False,science_V_003.fits,947500.232915873,830.9240069345374,1140.2970969769078,-10.496070187538438,0.0009521202876674399,13.930174489557661,0.014310769211597752,3
258,234.90032594458214,356.33333056288626,574595.828125,673.5762939453125,853.0523316957044,572648.8126129375,5.082660409242489,0.002818554713833188,1.0028265214191028,37955.03515625,218.0,132.80570040371762,11.628148066040778,False,False,science_V_003.fits,570993.2012649296,661.101041117609,863.7003510078433,-9.94619921702546,0.0012570331813957325,14.480045460070638,0.014334284593399006,3
259,301.72227933362745,357.39069478127516,691626.6596984863,721.6537475585938,958.3912811903338,710146.7284286835,4.948520533622007,0.0806835939407099,1.0877647710939538,44170.80078125,179.0,132.78674980327003,11.628441531742142,False,False,science_V_003.fits,1009907.5171146787,856.287615799551,1179.4022224316377,-10.565325886106985,0.0009205510888062881,13.860918790989114,0.014308703529409248,3
260,286.60471269901325,362.0168462234184,1781279.9439086914,1135.71923828125,1568.415752650634,1771673.2684276677,5.624838189404761,0.01837392761472456,1.018717847998961,56854.59765625,308.0,132.79103708127485,11.629726737542402,False,True,science_V_003.fits,1754298.8818927326,1108.52438813767,1582.553257885439,-11.164880840485393,0.0006860432624243435,13.261363836610705,0.01429553209024918,3
261,309.0533234436791,358.61218227387633,703318.7245483398,744.8101196289062,944.2926539434789,714893.1968690194,4.91388470963486,0.09862650381251858,1.1094180206425825,46082.4140625,188.0,132.78467071154557,11.62878073135417,False,False,science_V_003.fits,1015194.5160014612,871.2133083750599,1165.265160945426,-10.570995031714325,0.0009317192656125825,13.855249645381774,0.01430942637478316,3
262,18.266497198850715,381.95950091051196,1250111.98336792,953.7604370117188,1310.719059898015,1245056.8695668976,5.175432428914063,0.005577370607588894,1.005608652139178,62727.06640625,253.0,132.86713905271617,11.635258730090152,False,True,science_V_003.fits,1244049.1417859255,938.3637830177939,1325.7642337655468,-10.791715713965132,0.0008189238873312367,13.634528963130967,0.014302524907115805,3
263,12.110929942442729,393.6690067535278,1053844.5555114746,880.2127075195312,1197.2612375493234,1048845.7026268658,5.113450317330415,0.008200873702602363,1.0082686841368957,62292.33203125,239.0,132.86888560550005,11.638510957556264,False,True,science_V_003.fits,1050006.2545861744,866.9883910793836,1211.09609469965,-10.60760158915424,0.0008964606563851996,13.818643087941858,0.01430717386816393,3
264,368.9757729804346,397.0389404490293,1415001.5529174805,1015.6226806640625,1393.235479924774,1414020.9388955426,5.280959465895301,0.03206164676533474,1.033123645383191,58683.359375,253.0,132.76767554001887,11.639453430092827,False,True,science_V_003.fits,1434858.4999751819,1008.2658730341892,1423.0953742957115,-10.946644561019095,0.0007629144325884074,13.479600116077004,0.014299427289821013,3
265,361.3596510036521,404.3206261863581,916374.7640991211,827.8982543945312,1106.8688202142612,917040.5602742085,5.063509655223842,0.03640241684734036,1.0377776132732093,57095.09765625,214.0,132.7698353268667,11.641476352042954,False,True,science_V_003.fits,964880.1919278788,838.9806681977237,1150.0624847538013,-10.515805351144278,0.0009440356627513334,13.91043932595182,0.014310233601097243,3
266,253.1643075541718,422.252902205758,553587.3325500488,658.4099731445312,840.79426972551,562213.5003497348,4.704694177073655,0.053407060834225306,1.0564203034107698,37232.13671875,157.0,132.8005208052962,11.646459105757817,False,False,science_V_003.fits,974406.6562588204,848.9488341036481,1147.7801925337885,-10.526472479049126,0.0009459128211676637,13.899772198046973,0.0143103575584496,3
267,255.03670328803943,429.7454862002596,1107811.3168945312,888.201904296875,1247.251679528322,1134928.765929781,5.018431092357093,0.042782189696199735,1.0446943101514394,58134.609375,149.0,132.79998976228828,11.64854037812646,False,True,science_V_003.fits,1606631.2969088184,1062.175530726933,1512.5854912222185,-11.069412430774946,0.0007177776107866267,13.356832246321153,0.014297090161427004,3
268,264.0405357497564,428.1166898915164,108867.30908203125,341.9527893066406,318.36941380936145,113503.59942138096,4.640509802413035,0.0793733427896256,1.0862166462028569,8182.71923828125,100.0,132.79743610904066,11.648087923684303,False,False,science_V_003.fits,248177.49538037815,486.0434604396724,510.60762170501806,-9.041527867358226,0.00212629023510193,15.384716809737872,0.014436505551874944,3
269,251.79607534229527,436.14528722429844,453909.4057006836,603.8289794921875,751.7184850624686,478556.690767526,4.7703596587193084,0.1669067440592371,1.2003458110710057,33276.3125,162.0,132.80090887153509,11.650318097884936,False,False,science_V_003.fits,996874.6885778338,856.12746712209,1164.3998433187428,-10.55122329670176,0.0009324116678902718,13.875021380394339,0.014309471475349611,3
270,248.20265982868148,453.5480342393797,667788.0548706055,725.393798828125,920.5869362950418,663765.166139632,5.114234593836233,0.00704715759266461,1.0070971724856332,42437.3203125,244.0,132.8019280721156,11.6551521851877,False,False,science_V_003.fits,660082.2544767238,706.2202228631537,934.6691486695502,-10.103617017590699,0.0011615875002886679,14.3226276595054,0.014326230066079951,3
271,288.48838201723595,424.88988142303265,485372.2406616211,633.8438720703125,765.7599324519124,494618.9374971597,4.75752644935805,0.1834216890333934,1.2246222886036149,35772.953125,154.0,132.79050227866296,11.647191444305962,False,False,science_V_003.fits,1030558.8142175125,878.3567639485993,1173.2804442521717,-10.587303829300454,0.0009253542111937323,13.838940847795644,0.014309013341303453,3
272,293.7941313483523,429.4061966005209,987277.2608032227,852.8375244140625,1157.6381579615957,1004463.0345410114,5.0271060494655355,0.05897296554445253,1.0626687261738157,58484.54296875,204.0,132.78899742552943,11.648445922172115,False,True,science_V_003.fits,1271329.9872252129,964.1626591126524,1318.5845512781586,-10.815267601390445,0.0008233829214422284,13.610977075705653,0.01430278091214254,3
273,328.4255108188025,428.42209496268134,646880.3459472656,701.1115112304688,922.6497291593087,649405.8041689482,4.913025247695832,0.07290162692785129,1.0786341870995582,38520.01953125,175.0,132.7791753349386,11.648172021347698,False,False,science_V_003.fits,922192.8269867032,821.7624926630709,1122.2133344126835,-10.466676223693494,0.0009674631076881715,13.959568453402605,0.014311798183672236,3
274,349.75578545922934,434.5739496283061,1094271.1315917969,907.14306640625,1206.282858917586,1087038.090522104,5.168162028969265,0.0038274902586238335,1.0038421962272552,59776.9765625,268.0,132.77312550954701,11.649880370468503,False,True,science_V_003.fits,1083356.7989622275,884.8766984216442,1224.3025507334667,-10.641550657110706,0.000886790605271196,13.784694019985393,0.0143065712161588,3
275,330.1319383891163,436.72863841677014,1206631.4930114746,940.894775390625,1282.4297940335841,1208273.5144894915,5.134020581281024,0.060254421886055565,1.0641178030408882,59049.39453125,234.0,132.77869118428407,11.650479357470871,False,True,science_V_003.fits,1342947.4077328325,977.6192077016111,1373.6917167269148,-10.874769387137373,0.0007903520031313063,13.551475289958725,0.014300917406735832,3
276,123.88594857856656,440.7357199470315,226741.94369506836,442.3004150390625,512.6423941407409,231292.96509821224,4.882218164923979,0.05217487721990943,1.0550469448065207,14988.9384765625,142.0,132.8371870017085,11.651590831525452,False,False,science_V_003.fits,311207.808365231,511.89677759884376,607.9503172983715,-9.287248086860963,0.0017858367190672216,15.138996590235136,0.014390302122352924,3
277,119.1924431045734,446.0672226328096,151157.7392578125,371.8607177734375,406.4902046198597,155378.01071836578,4.638564505189706,0.14837002034601532,1.1742188789623138,10235.9296875,120.0,132.83851838713812,11.653071628971063,False,False,science_V_003.fits,268131.8543518497,482.76490487788504,555.4087541215811,-9.125492903286073,0.0019547765351972403,15.300751773810026,0.014412242493379855,3
278,434.9173121448599,444.39613727869255,643431.849609375,716.2233276367188,898.3676247078831,639842.0421655595,5.091547161448685,0.008063561521726825,1.0081291111092734,42473.23046875,234.0,132.7489714842898,11.652605505204207,False,False,science_V_003.fits,637254.376177439,698.2446614098909,912.6519848940903,-10.06540394042863,0.0011896100791650515,14.360840736667468,0.014328529391597636,3
279,415.4497807650646,450.9954781027057,1476942.9320373535,1058.835693359375,1394.8745223646995,1467034.6749253012,5.349528913287567,0.004277878195839913,1.0042962570602416,60951.44921875,305.0,132.75449262254273,11.654439573380005,False,True,science_V_003.fits,1460450.343510687,1026.9540849927753,1422.1184421511516,-10.96583886203594,0.0007634385208855938,13.46040581506016,0.014299455260974044,3
280,12.339942026439376,451.5867693004767,1268121.1037902832,953.6471557617188,1329.7592260707586,1298813.9834789857,5.019854824021096,0.08392680295510191,1.0916158263617317,65270.609375,210.0,132.8688246232488,11.654599218018525,False,True,science_V_003.fits,1733331.8837929717,1099.2295268806276,1576.860738731962,-11.151826188356171,0.0006885199011759716,13.274418488739927,0.014295651158297814,3
281,15.894866765175614,459.0213334568887,1700034.1637573242,1089.9564208984375,1559.726729584296,1711503.3841697683,5.145500373978294,0.12758280895339758,1.146240594824068,65481.53515625,179.0,132.86781686063654,11.656664609199696,False,True,science_V_003.fits,2354781.1606560685,1274.2497268335765,1847.9746246503335,-11.484498255531612,0.0005875080672200421,12.941746421564487,0.014291142295648549,3
282,20.721133155570186,466.1700863401373,1412995.8208007812,1005.2215576171875,1405.6561064509958,1425682.659211161,5.15549485131117,0.06887830133307771,1.0739734681639255,65996.9140625,224.0,132.86644847490467,11.65865068791478,False,True,science_V_003.fits,1770960.1304595228,1111.5983743914708,1593.1654554901725,-11.175143834164114,0.0006814734755003589,13.251100842931985,0.014295313514688539,3
283,24.212879674968384,482.02493360024346,1853580.8661499023,1154.324951171875,1605.7704238898589,1842015.9731107247,5.495032649176177,0.0026797955361387293,1.0026869961363907,65655.6875,316.0,132.86545914792475,11.663055029929009,False,True,science_V_003.fits,1830973.065741146,1128.489370396047,1622.4991690427355,-11.211326763350524,0.0006691528850770115,13.214917913745575,0.014294731475933123,3
284,92.59776025808154,464.9244248046824,693582.8201293945,731.5891723632812,948.0495971378126,689878.3253838352,5.106968409941275,0.0019657781214088565,1.0019696500163178,45252.8359375,235.0,132.84606212585697,11.65830863269665,False,False,science_V_003.fits,687387.4199696827,715.7882719598725,960.3222725172255,-10.147625823425555,0.0011305579710799904,14.278618853670544,0.014323747544249681,3
285,105.56933736285364,472.49158738798326,369707.06427001953,550.3580322265625,671.7573699693448,371807.3966142171,5.053837418427547,0.02324252053534681,1.0237955900251572,22298.677734375,181.0,132.84238333353434,11.660411181452442,False,False,science_V_003.fits,369272.8849682421,553.9899185376366,666.5696840531127,-9.47299042247378,0.0016287869460224218,14.953254254622319,0.014371657152220106,3
286,116.88272859606042,476.22910340170387,1167503.1499328613,928.6459350585938,1257.210208817849,1160541.7420907617,5.222604273736033,0.009829305673270117,1.0099268800112828,61499.828125,268.0,132.83917465236044,11.661449830982413,False,True,science_V_003.fits,1145871.7500166318,908.9308393521525,1260.6809015671213,-10.702461905516927,0.0008612012751604258,13.723782771579172,0.01430500786514164,3
287,131.48558085182657,489.0979765790907,1872320.9300842285,1166.34765625,1605.2854567428453,1858726.416166172,5.579402441573108,0.0025032500657318213,1.0025095320520059,62477.3828125,355.0,132.83503326577073,11.66502504390407,False,True,science_V_003.fits,1843733.510250824,1133.6983619681862,1626.2998801991414,-11.21886724692059,0.000667589054896232,13.207377430175509,0.014294658356590531,3
288,105.24090736477518,491.7052711819753,1594704.0412597656,1079.6109619140625,1477.1099011744795,1582733.1716031276,5.427034422466733,0.0030665253364576817,1.003075957839105,62476.79296875,328.0,132.84247729879763,11.665748294245528,False,True,science_V_003.fits,1571354.1530904968,1050.5242495960172,1495.7809433668633,-11.045307068338953,0.0007258415778156598,13.380937608757145,0.014297497276849265,3
289,400.05344905702736,481.61959323924765,56015.57357788086,268.1673583984375,208.88289280403055,58038.53498838025,4.663463764365939,0.06606795150731015,1.0707417114702722,3643.198974609375,97.0,132.75885814955555,11.662946914162077,False,False,science_V_003.fits,72438.21308967248,369.9680100731269,195.79588266389447,-7.704541195468328,0.005545060423276242,16.72170348162777,0.015317939727104646,3
290,410.17452296562976,488.17725805463397,1583443.7249145508,1079.74755859375,1466.4943785349315,1572823.5142716314,5.408845989239924,0.0002719551262015951,1.0002720291059115,62605.96875,308.0,132.75598718738428,11.664768062581755,False,True,science_V_003.fits,1564171.1650612513,1051.1465422832466,1488.0619420234584,-11.04033256294478,0.0007296067249214581,13.385912114151319,0.014297688916691286,3
1,380.93370945913887,15.748896474715574,95477.89865112305,319.1908264160156,299.1248204817843,96144.87500454624,4.704773539480525,0.007904395366526873,1.0079673726298255,6556.064453125,120.0,132.76429799580205,11.5335392082436,False,False,science_V_004.fits,97863.38347376815,344.05470510455615,284.44134616333196,-8.031172440884598,0.0038169556382867393,16.39517725688712,0.01486463233918015,4
2,177.7149141056867,23.32226642210132,1433319.4470825195,1018.848876953125,1406.8027943151606,1427321.8901390377,5.486067475214162,0.10006961987793439,1.1111970682269456,61284.6171875,283.0,132.8219111135382,11.535644277655202,False,True,science_V_004.fits,1422459.716769165,998.3985512014093,1424.7413671198415,-10.93722181472697,0.0007620330433689703,13.489127883044748,0.014386411595444418,4
3,479.78692809961774,18.48172930529286,17960.19223022461,183.3149871826172,97.9744891907435,18877.511484899143,4.183756643487331,0.023278779626286328,1.0238335966708898,1229.598876953125,66.0,132.7362727476074,11.53429356317232,False,False,science_V_004.fits,18186.690495962666,261.67605564498496,69.50078199220677,-6.204006063960616,0.015621406966640194,18.2223436338111,0.02122301816075523,4
4,271.67958385475686,21.9663673616118,366758.26986694336,550.7676391601562,665.9038109541049,366026.5941037482,5.0983812657891745,0.04601823070092714,1.04823806091676,23838.0078125,194.0,132.79527173764075,11.53526842214639,False,False,science_V_004.fits,364912.1558865783,543.3368127297357,671.6131639475188,-9.460092700899567,0.0016165555684147352,14.96625699687215,0.014456880581236191,4
5,499.6246754322975,25.304556341341925,1064283.9362182617,895.6035766601562,1188.3426595806377,1055781.1428423892,5.214151677769341,0.023799443402467535,1.024379665880768,64756.70703125,282.0,132.7306482257899,11.536187509481799,False,True,science_V_004.fits,1051343.5962494256,870.3156232609393,1208.0026695490105,-10.608983558422596,0.0008987562919917468,13.817366139349122,0.014394301202446272,4
6,428.64970347882024,38.70514690877316,975756.815826416,856.7142333984375,1138.9524975624101,969760.3511793889,5.110946159851862,0.0009547694723538447,1.000955681928284,61821.140625,257.0,132.7507692936168,11.539913970139512,False,True,science_V_004.fits,967931.7097622008,837.0490630917055,1156.3619773816724,-10.51923366834584,0.0009388928564205554,13.907116029425877,0.0143968629926866,4
7,293.892663010061,48.32950288717802,62928.40267944336,273.98175048828125,229.68100089620725,63717.93766203399,4.648317197132149,0.005614311047312026,1.0056460095008257,4284.27392578125,108.0,132.78897395465947,11.542591337239058,False,False,science_V_004.fits,62936.96223460839,307.6930131870523,204.54465827063757,-7.551886316742824,0.005307887329736504,16.874463381028892,0.015315410936032005,4
8,450.22847678209865,52.50181111160256,1411365.4542541504,1019.782470703125,1383.9867763965728,1401395.401943462,5.2989520715762595,0.0008807293161394725,1.0008815056840379,63612.5546875,303.0,132.74465077131686,11.543745276763266,False,True,science_V_004.fits,1395384.4041644356,993.1732651867228,1404.9758013795251,-10.916356535735458,0.0007727535228250674,13.50999316203626,0.014386983430913861,4
9,254.4578908306077,51.022461058504014,73580.03677368164,286.6971740722656,256.64723418283455,74530.14026028133,4.651113373190495,0.01792624731935666,1.0182534634190412,4907.85400390625,110.0,132.80015415867527,11.543339588406393,False,False,science_V_004.fits,73313.39383629046,317.9439701014204,230.58589163651806,-7.717580185057413,0.0047084407128925015,16.7087695127143,0.015118120193369777,4
10,487.8622413947776,58.37256881902414,59266.36184692383,273.3027038574219,216.8524533801987,60399.4495484356,4.67360512299621,0.01265271629043152,1.0128148590665018,3881.16357421875,107.0,132.73398075565032,11.545373824479613,False,False,science_V_004.fits,59156.76344471322,310.41093115262805,190.57564508134553,-7.484632886721164,0.005696950413241832,16.94171681105055,0.01545455881755567,4
11,205.9820637646806,78.99718802577092,189278.1870727539,411.76324462890625,459.6772284601003,189812.55019921518,4.853849530334452,0.005332078981883814,1.0053606624575024,13151.263671875,146.0,132.8138980270688,11.551110008663887,False,False,science_V_004.fits,189713.58033053364,420.8933507355077,450.74026472266837,-8.749867924661517,0.0024087042693379302,15.6764817731102,0.014566742960987476,4
12,13.333021023449554,83.17272300348786,320467.30154418945,512.4100952148438,625.4117640087157,320016.77316620474,4.934186187279664,0.001222636833423718,1.001224133504135,21085.474609375,179.0,132.86851812759386,11.552262171067126,False,False,science_V_004.fits,321572.58137418015,509.7308891922647,630.8673619598646,-9.322819403759809,0.0017209639703457532,15.10353029401191,0.014468927438534607,4
13,387.5199889212399,80.38181956649508,21456.036346435547,192.72341918945312,111.33071650904863,22498.618229942476,4.267364945220985,0.0123371004801206,1.0124912057404585,1415.524658203125,71.0,132.76242835629373,11.551492542014541,False,False,science_V_004.fits,23019.878746178547,328.44986205354024,70.08643146400865,-6.459879453334809,0.015490872873981855,17.96647024443691,0.021127122062226514,4
14,241.08423949353707,93.16966518307756,34773.63818359375,224.20689392089844,155.0962041152138,35962.017953516064,4.508684441398969,0.010875899752261886,1.0109954855508403,2479.0625,90.0,132.8039459156319,11.555047109242192,False,False,science_V_004.fits,35374.93560009664,274.55231648370597,128.84588282902382,-6.9263610187959195,0.008426346082324607,17.499988678975797,0.01665507287685823,4
15,27.472733655505113,101.97325854927901,219546.4315185547,435.671630859375,503.9263885176387,219701.28554526455,4.875132061843468,0.010053572730743698,1.0101556735332398,14366.9912109375,158.0,132.86451043239813,11.557485448603954,False,False,science_V_004.fits,220935.7949895658,439.669509254898,502.50424543649325,-8.915287083899084,0.0021605787609951872,15.511062613872634,0.014527774943769431,4
16,322.47693921579577,105.16185672457992,586328.9136657715,679.07275390625,863.4257674056493,583601.0347695246,5.0645619539458755,0.0057356128908278015,1.005768699920455,37462.19921875,224.0,132.78086890794467,11.558377671305479,False,False,science_V_004.fits,580838.6432617127,664.7693676217314,873.7445970768962,-9.964760629828488,0.0012425827909347865,14.46158906794323,0.014419852850382305,4
17,249.0088101301197,108.64178572214333,1654772.8102416992,1101.8836669921875,1501.7672553026705,1641221.141037275,5.676993794602933,0.08235582215831394,1.0897470110386536,58132.03515625,366.0,132.80169913618175,11.559344939818287,False,True,science_V_004.fits,1628392.8096824435,1066.6005690920338,1526.712864093676,-11.084019814152251,0.0007111356860443561,13.342329883619467,0.014383805414365045,4
18,308.885766059532,115.44407030498968,9281.363952636719,144.4853973388672,64.23738400960187,10117.493857772983,3.7907024312525333,0.043763510858378596,1.0457664096228576,671.4364013671875,47.0,132.7847222204273,11.561234067383474,False,False,science_V_004.fits,7348.627308051235,244.64707294645004,30.037666993300796,-5.2201374298416505,0.036144618030492855,19.206212267930066,0.03889500683641257,4
19,339.0359903335934,122.94258971086208,1999854.7706298828,1213.837158203125,1647.547825599869,1990436.4474750063,6.252276333880003,0.22745545602802986,1.2944237426861984,58247.13671875,373.0,132.77617354336905,11.563316415564108,False,True,science_V_004.fits,1957486.8728642738,1166.7353986316496,1677.7470497252589,-11.283869019816386,0.0006471178120550353,13.142480677955332,0.014380782513376326,4
20,274.41535764558296,127.61926572041,781189.4630126953,772.653564453125,1011.0475107503217,776624.8572078492,5.106021871843104,0.002098043097801816,1.0021024541371928,48807.87890625,247.0,132.79449555652104,11.564616412719305,False,False,science_V_004.fits,774860.1041775044,754.5426150033375,1026.9268942140227,-10.277680125571296,0.0010572320251004434,14.148669572200422,0.014405064518746501,4
21,365.77558790137783,135.3502333402591,200695.78387451172,430.2684020996094,466.4432314693878,200914.5296213951,4.901343120928256,0.0034155907863133717,1.0034272970304727,13230.34375,159.0,132.7685916163086,11.566762263767243,False,False,science_V_004.fits,200144.58881065104,434.613085654776,460.51210931469944,-8.807981506141166,0.002357592727834366,15.618368191630552,0.014558378608371501,4
22,497.40332145248397,138.86328827371597,232889.0583190918,463.4202880859375,502.5439418740002,232694.9931130712,5.0092748305571435,0.00371300425518839,1.0037268420355248,15159.712890625,177.0,132.7312702239015,11.567731704708093,False,False,science_V_004.fits,230998.2814201973,460.5885067169902,501.52854022936964,-8.963643746146778,0.0021647820869844514,15.46270595162494,0.014528400659345823,4
23,461.6495467868073,139.51403496520248,69419.59512329102,291.6976013183594,237.98479935913605,70365.11782378014,4.727434580198713,0.0022439224445890416,1.0022489689565077,4351.24951171875,116.0,132.7414076859241,11.567914680337447,False,False,science_V_004.fits,70236.95413667994,322.41626377618206,217.84556806798582,-7.671036048771978,0.0049838057741031115,16.75531364899974,0.015206132454649175,4
24,352.04330351602266,139.4051562768597,20395.04083251953,190.7964630126953,106.89422911976348,21314.628709463082,4.274261934116343,0.015504235613103878,1.0157484025568757,1388.932861328125,71.0,132.77248509924954,11.567889024045968,False,False,science_V_004.fits,19494.594627876897,262.62822339647835,74.2288638127318,-6.2794073962022,0.01462638580511022,18.146942301569517,0.020501690319441497,4
25,399.9476080180885,146.4304095100775,158196.7767944336,391.72943115234375,403.841948584432,158600.64252161694,4.854338867078295,0.002056356139924831,1.0020605934539257,10309.123046875,146.0,132.7589021741447,11.569838884463302,False,False,science_V_004.fits,158118.1177531552,402.12009784115503,393.2111789538429,-8.552075963631141,0.002761111733619977,15.874273734140576,0.014629144959288813,4
26,28.31575647837416,149.6979940702477,184739.04818725586,407.7900390625,453.02491598854823,184928.47113937984,4.86436716996579,0.003109866524350413,1.0031195679643332,12402.427734375,154.0,132.86427446564738,11.57074235870762,False,False,science_V_004.fits,186511.47808975895,413.4844166325507,451.07256909153426,-8.731385783674174,0.0024069297811361336,15.694963914097544,0.014566449643124143,4
27,329.3307486198021,162.1792539186019,630188.9665222168,702.2237548828125,897.4190379352563,627049.9509763225,5.067518152881927,0.0017572622189558906,1.0017603556253882,41830.11328125,228.0,132.77892447012147,11.574215696696958,False,False,science_V_004.fits,626711.488024153,686.9868056549332,912.2613169064912,-10.047291013215302,0.0011901195193518073,14.379058684556416,0.014415426761101927,4
28,498.88729335463853,165.05595567970718,92528.72958374023,384.9036865234375,240.39450081522145,93442.82608075769,4.863896486973478,0.01498558878496814,1.0152135731359333,6320.7373046875,134.0,132.73084766144277,11.57500733906897,False,False,science_V_004.fits,92276.48041564238,401.31216962174085,229.9369104670265,-7.967349427598966,0.0047217299640793945,16.45900027017275,0.015122264317490175,4
29,452.05320368250807,168.88288484200262,341786.3084411621,539.6060791015625,633.3996626024527,341031.18248065596,4.998753429501261,0.006643263629885765,1.0066876917291177,23555.60546875,188.0,132.744126968987,11.576073222299064,False,False,science_V_004.fits,340091.5729475153,533.3504961802644,637.6511794461132,-9.383611550993136,0.0017026550487102968,15.042738146778582,0.014466761159611714,4
30,42.18899505428533,174.8311511525386,242656.2692565918,508.1742248535156,477.5060547916199,242595.64626333537,4.905090838062555,0.001354426524382779,1.001356263483619,16660.169921875,166.0,132.860342362693,11.577724626506905,False,False,science_V_004.fits,244078.17249614428,498.77676343231474,489.35353527002525,-9.023444231347316,0.002218641374279458,15.402905466424402,0.01453652344207569,4
31,17.4297746786928,194.15233196505525,328217.4386291504,518.4202270507812,633.110788319994,327807.15553700377,4.930305242869911,0.00598545890565072,1.0060215003485373,21449.677734375,176.0,132.86736405165072,11.583090078583734,False,False,science_V_004.fits,329557.2870592168,516.5377125432744,638.0120542149325,-9.349449171678367,0.001701691986581575,15.07690052609335,0.01446664784431927,4
32,427.44122462455533,195.39801855829674,522431.621673584,648.3317260742188,805.8091261968843,520156.7659478821,5.058537118958608,0.0014645097496781556,1.001466657684156,32253.833984375,214.0,132.7511042843967,11.583439787908508,False,False,science_V_004.fits,519723.2789275012,635.2908567489555,818.0871382080624,-9.844052298401957,0.0013271202409783837,14.58229739936976,0.014427383420716521,4
33,264.45877582809896,197.25524313066512,151204.84463500977,383.3053894042969,394.47617699819057,151664.00907524506,4.852506350788783,0.0023644140991491147,1.0023700178026569,9862.1884765625,147.0,132.7973183968826,11.583959775289173,False,False,science_V_004.fits,151858.2871026277,393.1090215448478,386.30069212314675,-8.508218116318652,0.0028105049308425663,15.918131581453066,0.014638547817343146,4
34,186.13025085873238,203.38468520915566,817801.9811096191,787.830078125,1038.0436134857289,813079.5953741004,5.103370217046721,0.0010020793982721266,1.001003084568653,53141.078125,249.0,132.81952882867142,11.58566175557021,False,False,science_V_004.fits,812278.6977316056,769.8661579086825,1055.0907964809564,-10.328884533721219,0.0010290109662799965,14.097465164050499,0.01440302078742775,4
35,42.36119176620711,205.17261848300748,404142.0063171387,570.14306640625,708.8431485531232,402985.2224793843,4.992140451175486,0.002547282136965201,1.0025537873538735,26832.55859375,195.0,132.86029535735727,11.58615281646322,False,False,science_V_004.fits,403641.2439864408,563.0585756700007,716.8725625147183,-9.569610713942714,0.0015144951233612171,14.856738983829004,0.014445824300227256,4
36,302.4935019084723,220.11303724409694,645314.6005249023,710.4253540039062,908.3496202492713,641967.2704570969,5.085489244419471,0.0025559932741942015,1.0025625431171665,41261.640625,232.0,132.7865332178815,11.590308863060539,False,False,science_V_004.fits,640363.8192691616,694.2074794891821,922.438663064189,-10.070688839499603,0.0011769888269790036,14.355660858272115,0.014414348647552023,4
37,328.76086788175866,216.15539046034175,21288.75698852539,193.03640747070312,110.28363647803774,22266.636565327404,4.263202265266529,0.006861540775440544,1.0069089467955938,1492.312744140625,71.0,132.7790849326421,11.589209076984906,False,False,science_V_004.fits,21205.24332202361,264.8131347590048,80.07625203833489,-6.370730024507681,0.013558326874242856,18.055619673264037,0.01975389510610926,4
38,280.0622390265046,227.01053308060136,532749.7916870117,664.1959838867188,802.0972794347313,533068.9786435845,6.960403855746034,0.4050934622367186,1.6809363093567293,20815.76953125,270.0,132.79289377266812,11.592225058828014,False,False,science_V_004.fits,517890.76427564194,632.3233172604494,819.0284149561521,-9.84021728945061,0.0013255950345240765,14.586132408321108,0.014427243202701836,4
39,360.46153868010424,226.69503727235116,16878.094451904297,178.26171875,94.68154223047003,17898.545693362164,4.107642221808772,0.030719715399675218,1.0316933253340053,1152.99072265625,62.0,132.77009562120628,11.5921359716396,False,False,science_V_004.fits,17536.340617475802,261.6551390302422,67.02081481170123,-6.164469305076089,0.01619944494930919,18.261880392695627,0.021652024406508746,4
40,42.785271089495566,233.7581014642097,1442082.4567260742,1023.4024047851562,1409.1059880094886,1433107.6405088305,5.322841832281384,0.0012690738346052832,1.001270686429505,60281.78125,299.0,132.86017681923406,11.59409324864707,False,True,science_V_004.fits,1428307.9594892054,1000.2958033873607,1427.8855860960746,-10.941676514992977,0.0007603550386472977,13.48467318277874,0.01438632281089048,4
41,317.8385692044871,232.3408525288307,72131.8408203125,290.0716857910156,248.66901650056406,72949.94234573925,4.656231402735341,0.018186574914561437,1.0185234530817082,4919.94189453125,111.0,132.7821817576049,11.593705244374267,False,False,science_V_004.fits,70989.81955184054,322.4627441545266,220.14890352053098,-7.682612054660138,0.004931662082517474,16.743737643111576,0.015189122263333455,4
42,203.87534119918092,237.06491060890446,1377629.671447754,1004.9957885742188,1370.7815367089136,1369187.3474749355,5.354576325029837,0.0008553060630641651,1.0008560382377591,56442.76953125,297.0,132.81449760500695,11.595017667088797,False,False,science_V_004.fits,1363504.717588146,980.5002004523536,1390.6215592399606,-10.891263486278753,0.0007807300216123398,13.535086211492965,0.014387414069282853,4
43,339.6715448183897,238.74611429068563,641337.1955566406,708.46484375,905.2491471022843,638232.6342361716,5.067715404569433,0.0013302842579158147,1.0013320562714043,41908.66015625,226.0,132.77599057647825,11.595484038681478,False,False,science_V_004.fits,637196.3111603006,693.476055405342,918.8439978477045,-10.065305006367065,0.0011815933962056,14.361044691404652,0.01441472535944782,4
44,87.23637249253972,238.66950572206355,98784.50579833984,319.3605041503906,309.31973276138444,99648.51704105939,4.752284423775996,0.01169401497373912,1.0118323830381624,6693.44775390625,124.0,132.84757234762597,11.595459860490767,False,False,science_V_004.fits,100328.52077334165,340.76665999509015,294.42000216449344,-8.058182896864825,0.003687589131235098,16.36816680090689,0.014831940460882206,4
45,441.57640436982246,244.17142221846666,375089.1096191406,562.919677734375,666.3279406553878,373945.2170311372,5.019468439946789,0.009400150496659099,1.0094893518319956,24353.580078125,195.0,132.74709364994786,11.596987248954756,False,False,science_V_004.fits,373640.59735977027,554.3878503449923,673.9696714624173,-9.485757018387362,0.0016109033476894995,14.940592679384356,0.014456249646085552,4
46,354.8524109643588,246.05671265608504,16305.03775024414,180.1757049560547,90.49520718801118,17145.42060687023,4.171628207107115,0.03872008614365463,1.0402797203868768,1203.594482421875,65.0,132.77168560862248,11.59751437316413,False,False,science_V_004.fits,15387.702397941519,319.0865394405074,48.22422915401765,-6.0225563199179275,0.02251357914986078,18.403793377853788,0.026706729308760318,4
47,266.03507006664364,247.0416657060007,19648.09747314453,187.2523956298828,104.92841710810654,20301.72230911012,4.235126311671196,0.003978675855746072,1.0039945689507848,1398.4169921875,69.0,132.79687127838545,11.597789332218335,False,False,science_V_004.fits,20023.82394623704,260.23788121893074,76.94430900085436,-6.308489419557252,0.014110205343295044,18.117860278214465,0.020136683914296898,4
48,233.75294868056173,262.4410734806516,312368.01599121094,516.200927734375,605.1287380714439,311704.05898812274,4.980750583081354,0.0035257234184464803,1.00353819812644,20030.830078125,185.0,132.80602552697232,11.602066899906353,False,False,science_V_004.fits,311385.92617437185,511.0988442939492,609.2479559497574,-9.287869323306639,0.001782033061247618,15.138480374465079,0.014476318111513403,4
49,415.1495571349359,262.19643459526674,24458.301483154297,204.03125,119.87527147510147,25719.452303071317,4.321275925089282,0.004182293041555485,1.0041998580787739,1752.5277099609375,74.0,132.75458659996775,11.601995461408723,False,False,science_V_004.fits,20816.369533285386,275.0403256036683,75.68479090328618,-6.350634346301885,0.014345022124555538,18.07571535146983,0.020301916263947582,4
50,368.19845359327513,267.13494787998576,499248.8655395508,635.2012329101562,785.9696103741115,497308.2003341474,5.034678322237382,0.003812424705300299,1.0038270149114965,34008.140625,210.0,132.76790043782538,11.603369044655398,False,False,science_V_004.fits,495890.220484238,623.231803714993,795.6754092591383,-9.793085733034392,0.001364501136224515,14.633263964737326,0.014430869952470273,4
51,427.2733539304008,273.7093303245468,1006618.2611083984,872.1643676757812,1154.1611861430679,1000583.4793583953,5.137335243071307,0.002104270758711446,1.0021087080514026,58143.2734375,260.0,132.7511480775417,11.605192929670602,False,True,science_V_004.fits,997993.2169478186,851.0955396023204,1172.5983400337607,-10.552440847870182,0.0009258924927087491,13.873908849901536,0.014396021017712006,4
52,404.30915817892173,270.51474132918867,28962.066528320312,215.99583435058594,134.08622724321418,29840.451879471468,4.377108648332718,0.023641199443150573,1.024213638909863,1880.25341796875,80.0,132.7576602774501,11.604306565290157,False,False,science_V_004.fits,26032.51047046091,279.7506421829755,93.05612408007957,-6.593412003389584,0.01166715259992668,17.83293769438213,0.01850704174157305,4
53,255.16995263993078,277.98835323563776,1662924.8889160156,1101.5355224609375,1509.642544437314,1652119.2162102843,5.542886832336526,0.0017360309650267247,1.0017390500096932,56713.6171875,328.0,132.79995226967768,11.606385651106436,False,True,science_V_004.fits,1640233.3181799378,1071.787989490043,1530.3710568359338,-11.091885947804766,0.0007094357901963344,13.334463749966952,0.014383721471676337,4
54,318.29132274235167,276.2637306668544,232613.74963378906,459.46990966796875,506.26546970591613,232487.62050870116,4.948952206411776,0.005709457518879302,1.0057422426091192,15321.298828125,170.0,132.78205258886084,11.605906035323509,False,False,science_V_004.fits,230980.31875982793,459.3652043685266,502.82502149318987,-8.96355931491685,0.0021592004247837624,15.462790382854868,0.014527570020782478,4
55,337.51586468436176,280.30784920550803,1305020.1735839844,984.0247192382812,1326.2066979315123,1296318.6663664407,5.275045827891056,0.0009606524007498285,1.0009615761411783,59875.51171875,295.0,132.77660088405122,11.607029013834026,False,True,science_V_004.fits,1291089.8817085274,958.0842859200493,1347.5744260523932,-10.832013067954914,0.0008056697864031656,13.594336629816803,0.014388788970551842,4
56,41.20560504674162,283.1418409978648,1301314.0264282227,975.0592041015625,1334.6000129574463,1293312.3586295675,5.244008114889711,0.0022947607466257125,1.002300038785346,59981.78515625,285.0,132.86062773406465,11.607810853358238,False,True,science_V_004.fits,1290251.755230844,953.5538216192564,1353.0979856384315,-10.831308020409141,0.0008023809151469063,13.595041677362577,0.01438860519186427,4
57,186.04676016399094,281.25620793510933,148011.71780395508,463.2251281738281,319.524371200374,148637.70180549385,4.877491890068416,0.017222691682025726,1.0175245109306628,9852.9599609375,146.0,132.81955401812408,11.607292730918486,False,False,science_V_004.fits,143696.55117613092,471.7221128201216,304.6211896174681,-8.448237736214494,0.0035640987462605004,15.978111961557223,0.01480172098465064,4
58,168.05228529395563,291.7198441734733,309928.40200805664,513.2446899414062,603.8609031560349,309355.27445409575,4.975247014500291,0.004144924637262681,1.0041621765453703,20908.47265625,184.0,132.82465709379346,11.610198908197722,False,False,science_V_004.fits,304505.13562883774,508.57604997904986,598.7406124243984,-9.263608428092494,0.0018133060919382498,15.162741269679223,0.014480201076553177,4
59,202.42454471696763,289.6271113038466,16747.765075683594,176.566162109375,94.85263130604315,17825.961401881235,4.155662457493984,0.009412549123160918,1.0095019870429705,1151.037841796875,64.0,132.81490977931384,11.609618257010142,False,False,science_V_004.fits,17420.68240138991,255.31822960924544,68.2312517521823,-6.157284781913091,0.01591206334515584,18.269064915858625,0.02143786146364892,4
60,350.36204721842387,295.2460063421068,106419.72540283203,337.5909729003906,315.23273412358736,107177.06197293183,4.778433698739813,0.011891932647344228,1.0120350526832609,7015.73291015625,128.0,132.77295760392252,11.61117818532362,False,False,science_V_004.fits,102227.39002479837,358.7885786115803,284.92375766361386,-8.078540056368205,0.0038104930557661576,16.34780964140351,0.014862974182928312,4
61,312.9405606908331,297.88117612069635,754423.6837768555,763.295166015625,988.3773897258143,750125.9498838612,5.0998100346862,0.00232218975929388,1.0023275948762793,51133.4375,241.0,132.78356958088654,11.611910970592815,False,False,science_V_004.fits,748875.0224598795,745.2933746707207,1004.8056884857473,-10.240645238099795,0.0010805074179428278,14.185704459671923,0.01440679147189203,4
62,108.13076778833882,298.078495788781,384413.0210571289,561.09716796875,685.1095371747422,383471.03976970684,5.010774907085178,0.0017872640241515247,1.0017904640561457,26350.6171875,195.0,132.84164989423638,11.61196326148531,False,False,science_V_004.fits,383060.61261053185,553.6414011289185,691.8930048031832,-9.512790621231016,0.0015691732572275965,14.913559076540702,0.014451659037825023,4
63,236.1213843647831,298.49717581296517,123554.95208740234,353.1082763671875,349.90670102255257,124293.929772156,4.795792137548582,0.018213064012345792,1.0185509333489184,8001.87744140625,133.0,132.80535409770906,11.612082496803719,False,False,science_V_004.fits,124614.26481126877,370.27077675653976,336.5490139482573,-8.293541273071527,0.003225978847071948,16.13280842470019,0.014723962909356538,4
64,426.1318987151977,300.5581553712464,263164.58096313477,484.1893005371094,543.5158948601452,263010.9583581013,4.939608014575784,0.0057407707473703384,1.00577391748396,17034.701171875,170.0,132.75147046863626,11.612650987965813,False,False,science_V_004.fits,262000.46463238425,484.0903220205582,541.2222734361083,-9.100377027789698,0.002006015002130484,15.32597266998202,0.014505593418510116,4
65,182.74629622554588,309.4767647911974,1761309.671875,1131.470458984375,1556.655463595557,1750169.5854058168,5.594787021855487,0.00236568126909098,1.0023712909877642,56760.8359375,340.0,132.82049052922707,11.615131709217398,False,True,science_V_004.fits,1737400.9387450193,1100.7846083582588,1578.3296074026944,-11.154372003623795,0.0006878791317782047,13.271977694147923,0.014382674366552535,4
66,439.6579520348354,307.86531423807133,35506.28366088867,231.64346313476562,153.27988616813164,36630.936708776615,4.443780443996723,0.021903331274704452,1.0223938307685374,2487.339599609375,86.0,132.74763433913242,11.614680087437694,False,False,science_V_004.fits,34195.55442322049,289.8297726047087,117.98496102006374,-6.889545997736933,0.009202020245744482,17.536803700034785,0.017060636589454767,4
67,350.168166458302,319.7552151877562,1843671.1327209473,1159.0047607421875,1590.736462152513,1831983.3337188861,5.594193596607546,0.0022984406987439643,1.0023037356986328,59597.25,338.0,132.77301192649978,11.617986302798483,False,True,science_V_004.fits,1819264.248212026,1127.1112257091058,1614.0946933320286,-11.204361336385379,0.0006726371163260279,13.22198836138634,0.014381953446059085,4
68,199.48563539923975,330.6183088192664,1058846.3461608887,889.495849609375,1190.3893049370433,1051953.9607930412,5.191301024310935,0.001391683241367181,1.0013936227227551,56071.71484375,270.0,132.8157438356126,11.621004655538913,False,False,science_V_004.fits,1048019.4592240804,867.9007233516394,1207.5338008440212,-10.605545240381492,0.0008991052666526901,13.820804457390226,0.014394322996059037,4
69,499.2933856825501,333.9301480737632,1341753.7442321777,1011.9902954101562,1325.8563351028672,1331002.5044538933,5.309583282941931,0.0006085542734911575,1.0006089248373031,61297.9140625,313.0,132.73072087438732,11.621916772674815,False,True,science_V_004.fits,1324084.00127548,971.5594197987165,1362.8440775653207,-10.859410719226801,0.0007966428572955829,13.566938978544917,0.014388286349542515,4
70,17.161336601265486,334.2035309551516,112091.64337158203,334.8494567871094,334.7523524365389,112701.4552397595,4.715152104286011,0.007830049428279695,1.0078918429486479,7880.775390625,126.0,132.8674495680334,11.621993143277741,False,False,science_V_004.fits,114990.32996520048,354.54657385761755,324.330675978777,-8.206275174504672,0.003347509441478315,16.220074523267044,0.01475106652737821,4
71,172.97432262583467,346.98023755417785,227485.87786865234,492.6897888183594,461.7223312345121,227349.49296585232,4.952187167014229,0.00616886255977811,1.006207153637455,15680.87890625,172.0,132.8232625821171,11.625549129679406,False,False,science_V_004.fits,227079.31649009048,486.6133543859862,466.65245506182526,-8.945065819857692,0.0023265708520833974,15.481283877914025,0.014553387102805845,4
72,69.38142385794526,349.17878910351044,545026.7965393066,654.715087890625,832.4640849430942,542738.939106956,5.051882929503486,0.0013372392284454193,1.0013390298316645,35635.625,218.0,132.85264117155066,11.626155997111008,False,False,science_V_004.fits,542190.6380152616,642.1580281200903,844.3258734964631,-9.890001909948932,0.0012858779223523915,14.536347787822786,0.014423648160765178,4
73,372.73064390467107,350.29280437405885,682807.1776123047,730.5025634765625,934.7088042548833,679546.6918140845,5.071351425642222,0.003701387950855284,1.0037151391220374,44417.98828125,228.0,132.7666124681332,11.626468298730904,False,False,science_V_004.fits,679169.279094437,714.7805710903448,950.1787073736695,-10.134566957069131,0.0011426271622113242,14.291782740702587,0.014411583572466092,4
74,46.615885693181,358.4379695875378,873064.4163208008,810.7073974609375,1076.91680013672,868163.3073553296,5.0924530534897325,0.0018986527400765008,1.0019022644797433,54428.27734375,251.0,132.85909793004498,11.628726747075104,False,False,science_V_004.fits,867674.6569155657,793.047647662389,1094.1015454407432,-10.40051415589658,0.0009923210551381146,14.025835541875137,0.014400446010829729,4
75,195.87481222165957,357.96995700399737,141175.47415161133,373.1163635253906,378.3684875616674,141781.4906356097,4.836423018613136,0.007727978748329645,1.007788165526003,9706.3310546875,142.0,132.81676828878437,11.628602276508465,False,False,science_V_004.fits,140874.41054251924,385.5401432333705,365.39492194265966,-8.426702153665353,0.002971305660811498,15.999647544106365,0.014670269307832147,4
76,425.8598423133884,356.575041266461,37718.06311035156,236.070556640625,159.77453371184504,38841.94180551219,4.468500482561357,0.01340511438156533,1.0135872530630061,2556.141357421875,87.0,132.75154491764263,11.628211239283855,False,False,science_V_004.fits,38226.58953091647,292.87762525764293,130.5206893059473,-7.010535757070828,0.008318221469510192,17.41581394070089,0.01660063109192454,4
77,150.7350822440946,363.4556413265171,192489.94454956055,421.4432373046875,456.7399059019604,192730.13837132457,4.919859810776465,0.004066354251276216,1.0040829570008345,12434.68359375,159.0,132.82957001581906,11.630125055101306,False,False,science_V_004.fits,192276.6859202815,425.69247589760874,451.6797848372814,-8.764438444101465,0.0024036940249409786,15.661911253670253,0.014565915323105801,4
78,189.4140813393208,375.44866154483606,248902.51559448242,468.0001220703125,531.8428433167956,248854.3419593221,4.933822070528776,0.004936504265694253,1.004960994234897,15402.2529296875,167.0,132.81860086692237,11.63345735888245,False,False,science_V_004.fits,248148.47273878992,469.00407576930326,529.0966231620785,-9.0414008905938,0.0020519881482354823,15.384948807177917,0.014512022588007857,4
79,413.731817828509,378.5261460843177,722816.6530456543,762.5830688476562,947.8530045754973,722096.4755913953,6.729941547913004,0.36943286731850156,1.5858739667376593,31607.546875,283.0,132.7549834187766,11.634309318581588,False,False,science_V_004.fits,704873.0925817818,728.1892609684488,967.9806203738052,-10.174899204985,0.001121613364098896,14.251450492786718,0.014409932712295247,4
80,168.91963897215513,380.2142658632889,117924.33666992188,348.9269714355469,337.9628011694265,118499.93418280272,4.82905499996054,0.006756034048317594,1.0068019885143167,8097.87451171875,137.0,132.82441327976275,11.634780706367037,False,False,science_V_004.fits,117896.98830943511,364.17160371967526,323.74020133702544,-8.23337865189101,0.003353615014496598,16.192971045880707,0.01475245328410866,4
81,334.4023413834717,382.41689731202587,954155.2095947266,850.7938232421875,1121.4881720211033,948380.0576916805,5.1165248947948605,0.002365651957342063,1.002371261536838,56669.109375,257.0,132.77748151839327,11.635392701375933,False,True,science_V_004.fits,947122.2531412174,830.1913569698811,1140.848125181793,-10.495636975820036,0.0009516604147699283,13.930712721951682,0.014397701267195103,4
82,318.1802370898227,387.30614313341584,19349.122528076172,187.87249755859375,102.99071327372735,20278.691835905076,4.192193478988508,0.04275098422371226,1.0446602540395855,1333.963623046875,66.0,132.78208210989237,11.636751145312989,False,False,science_V_004.fits,19495.692985940725,267.07517597796755,72.99702383252956,-6.2794685666725405,0.014873209111796433,18.146881131099175,0.020678503174010827,4
83,63.34181188978969,389.97067188216187,181586.9510498047,408.7509460449219,444.2483933232248,181873.02159408916,4.871823072884591,0.0036603558186711904,1.0036738032457584,12242.90625,152.0,132.85435618782884,11.6374867513527,False,False,science_V_004.fits,182116.83236917848,415.6911119597663,438.1061493246579,-8.70549709365194,0.0024781665394873146,15.720852604119777,0.014578389953344846,4
84,282.41165253022115,392.95552279076884,464567.81604003906,614.4290161132812,756.0968050935724,462991.5581370429,5.03319933346554,0.002565088306545227,1.0025716849054243,30167.73828125,203.0,132.7922262851186,11.638320866088742,False,False,science_V_004.fits,462927.2919786111,604.2784255882536,766.0827730660086,-9.7184038376976,0.0014172097822469272,14.707945860074117,0.014435949147917078,4
85,98.41010672631316,393.01401893351647,120541.06448364258,346.9993591308594,347.38123086326647,121381.35078015816,4.7848566128709775,0.014223182936048406,1.0144284007189486,8125.8193359375,131.0,132.84441069095055,11.638333818515012,False,False,science_V_004.fits,121531.423981812,364.7783393801285,333.16513307322896,-8.266343340427838,0.003258744364949395,16.160006357343878,0.014731176431990787,4
86,406.940338758262,398.0568187796916,974880.7113037109,860.5986938476562,1132.7936217810307,970093.8157389119,5.267785454803501,0.06791629919610198,1.0728650218188838,59187.78515625,257.0,132.75690867387124,11.639734794156649,False,True,science_V_004.fits,965180.4672842288,839.5539861710479,1149.634786067928,-10.516143184908062,0.0009443868723852705,13.910206512863656,0.014397222329292726,4
87,242.40103097146556,397.4807852763493,273315.28146362305,488.1247253417969,559.9291887380648,273196.49101253407,4.956405072083519,0.0018073844395485317,1.0018106569928227,16861.208984375,171.0,132.80357365565212,11.639577965058361,False,False,science_V_004.fits,272004.11636876635,487.6833183186205,557.7474277909514,-9.141060565217504,0.0019465800215342811,15.285289132554214,0.014497493508002954,4
88,40.99075312594377,402.44584983834903,638990.5050048828,709.1631469726562,901.048662402533,637759.8456394845,5.883698635931545,0.23512416227655109,1.3074017385310104,24975.701171875,254.0,132.8606958676751,11.640950817583679,False,False,science_V_004.fits,630715.5198077575,687.4877976200534,917.4206756704187,-10.054205668203839,0.0011834265662332155,14.37214402956788,0.01441487574251051,4
89,221.8701972854863,404.2551566761413,1023381.2543945312,875.6295166015625,1168.7377309600222,1017338.6182590657,5.143134349232372,0.001742520918930568,1.0017455625982734,57955.48046875,260.0,132.8093964651899,11.641459603702739,False,True,science_V_004.fits,1014631.1557761766,855.6063618900461,1185.8620984711272,-10.570392358669913,0.0009155364703870197,13.855957339101804,0.01439535867086889,4
90,469.5365491360853,404.33104305496613,172324.14715576172,410.8279113769531,419.4557925195266,172837.67820656273,4.881018975878866,0.007485682129003024,1.0075421401930607,10833.9638671875,150.0,132.7391553978508,11.641474450452675,False,False,science_V_004.fits,171857.84142390077,419.9986562748672,409.1866458530495,-8.642545255658064,0.002653312396685364,15.783804442113654,0.01460918241753301,4
91,121.24826076633396,406.8387004037975,494085.62829589844,629.1019897460938,785.38239641447,492008.7552696423,5.05547286682772,0.0038858038662524796,1.0039009622404083,33277.5546875,214.0,132.83793412006463,11.642174924700724,False,False,science_V_004.fits,490913.1669963216,616.7343777336581,795.9880050797599,-9.782133575685744,0.0013639652772044102,14.644216122085973,0.01443081929454356,4
92,450.97486386054993,402.7317021530184,7327.625549316406,139.83456420898438,52.40210523605012,8271.343746487577,3.6152483945557417,0.009506446638658295,1.009597686533544,592.7987060546875,41.0,132.74441979319926,11.641031246601694,False,False,science_V_004.fits,7877.313933033015,257.7017298752932,30.567563271092506,-5.295567258206482,0.03551804212757573,19.130782439565234,0.038313437079053554,4
93,177.24376383885223,410.80893846990887,998274.4730529785,865.5098266601562,1153.3947302541171,991957.4837484865,5.143929957775197,0.0009303384943388782,1.0009312048300383,57425.1953125,262.0,132.8220531886067,11.643279411030838,False,True,science_V_004.fits,989947.2321183337,845.0982252324545,1171.3990191448297,-10.543651988285792,0.0009268404550932666,13.882697709485926,0.014396082017811266,4
94,307.4694995086007,406.6804444707742,34397.2174987793,226.87124633789062,151.6155883745171,35263.510673422265,4.40608541664801,0.011438865049051339,1.0115712267503,2234.8828125,84.0,132.78511946239425,11.642133064717687,False,False,science_V_004.fits,34803.11918362405,285.0799781194084,122.08194841745932,-6.908667295942548,0.008893206686769514,17.517682401829166,0.01689607260306233,4
95,342.7709322529488,412.8486613161489,29692.17010498047,218.67442321777344,135.7825468020585,30711.036600948184,4.392690351406423,0.02245534015419859,1.0229711654889924,2139.54833984375,81.0,132.77510738576214,11.643845770323818,False,False,science_V_004.fits,27692.634090155672,281.72229820542765,98.2976294974089,-6.66053254224296,0.011045027286529008,17.765817155528755,0.018121279535245897,4
96,57.37578711815679,415.38757016830783,167478.18313598633,395.84466552734375,423.090665912782,167834.3632995021,4.850740321001778,0.0068112840312496425,1.0068579957884498,10839.46484375,148.0,132.85604961480303,11.644546671795247,False,False,science_V_004.fits,166526.05840408322,404.62387476918894,411.55766821489533,-8.608327380592636,0.0026380264148865296,15.818022317179082,0.014606413919918553,4
97,411.81516989783097,418.07363836228257,1003450.9274597168,872.8982543945312,1149.5623028318928,997053.3545274879,5.139890524599663,0.005860743294923143,1.005895294100293,60090.10546875,262.0,132.75552523776543,11.645294808306923,False,True,science_V_004.fits,994177.0932712108,850.6964109528708,1168.662616264745,-10.548281255003985,0.0009290106356529925,13.878068442767733,0.014396221900050991,4
98,136.13851830244,418.4423427960966,88797.58044433594,312.688232421875,283.98120311905876,89502.2038014449,4.749332425147284,0.007522078847304159,1.0075790893550234,5887.015625,123.0,132.8337114483095,11.64539867810896,False,False,science_V_004.fits,88472.21631150795,336.30915077772494,263.0681208254765,-7.9216391412644676,0.004127067911509774,16.50471055650725,0.014947268438767166,4
99,35.91460192293914,422.4076820952119,933347.1428222656,835.404541015625,1117.239728775677,928030.7149267381,5.0912314808190615,0.0023394436400951957,1.0023449294704312,61100.3359375,249.0,132.86213675407342,11.646495459523123,False,True,science_V_004.fits,926445.7810801684,818.1965081738829,1132.3022914726012,-10.471671893872433,0.0009588428886671306,13.954677803899285,0.0143981777985792,4
100,474.62318431167415,428.05565771365167,353022.8190307617,576.4573974609375,612.4005357302811,352083.77995635313,5.031869888266235,0.001014711756267661,1.001015742442065,23060.693359375,193.0,132.73771129905978,11.648064306899212,False,False,science_V_004.fits,350711.7124949458,568.4478822508621,616.9637066924158,-9.41699754898834,0.0017597469481965338,15.009352148783378,0.014473591591448145,4
101,95.95886061544599,427.68662692804884,39375.2082824707,233.70590209960938,168.4818737084711,40439.60802952881,4.514812609038472,0.014288893974116146,1.0144960261548894,2799.9345703125,92.0,132.84510744158044,11.647964982741767,False,False,science_V_004.fits,40686.79724261667,281.9398513161379,144.31020323194662,-7.078255635746936,0.007523376557477217,17.34809406202478,0.016216946046033118,4
102,168.73152579741765,432.5203177270688,23897.05889892578,200.528076171875,119.17063862141343,24934.130731043377,4.342655797416625,0.025819840004324246,1.026504173524165,1612.469970703125,76.0,132.82446790336635,11.649310151496234,False,False,science_V_004.fits,23087.56554666738,266.6552354611093,86.5820823159297,-6.463067227621359,0.012539545954073791,17.963282470150357,0.019069041847158442,4
103,148.81117842836645,442.7019151152847,285490.49966430664,497.4112548828125,573.9526334834677,284957.9786996038,4.969545159037043,0.004328241582896908,1.004347056694445,19028.619140625,180.0,132.8301180106827,11.652137838162117,False,False,science_V_004.fits,284560.3684252074,493.7967179170949,576.2702709437269,-9.190057910207464,0.0018840118165769813,15.236291787564253,0.014489225126256859,4
104,434.92417169177514,444.38902299548346,643553.8612060547,715.4863891601562,899.463457245446,640139.2448310874,5.084863438463282,0.0025561494644505967,1.0025627001089616,41985.80078125,231.0,132.7489698312724,11.652603549228184,False,False,science_V_004.fits,637683.7829462928,697.9503518346094,913.6520689044688,-10.06613530530277,0.001188307931378986,14.360214392468947,0.0144152773117318,4
105,374.4654091679046,448.4473477602131,881487.5838928223,828.806884765625,1063.5620915988102,878824.1752789402,6.054098796616714,0.27832429207062714,1.3856639332771687,60284.7578125,282.0,132.76611718484776,11.65373337402625,False,True,science_V_004.fits,867995.6812108754,799.0357446753704,1086.303944466867,-10.400915784819242,0.0009994440373065538,14.025433912952476,0.014400938601982131,4
106,415.44760757553007,450.99591835055594,1478621.1986694336,1046.6104736328125,1412.7712610567526,1468839.0671850462,5.352827965030279,0.003473493397545324,1.0034856006082447,60952.09375,307.0,132.75449353103906,11.654439716321846,False,True,science_V_004.fits,1461056.9638479382,1017.7423697989842,1435.586261517749,-10.966289745503184,0.0007562763932082787,13.460059952268534,0.01438610782029926,4
107,179.45573239060909,450.74445159722427,22752.413360595703,197.4215545654297,115.247868504931,23660.1724798528,4.3202495930823845,0.022832450001120108,1.0233659519302971,1509.0296630859375,74.0,132.82142669602345,11.654372647304916,False,False,science_V_004.fits,22828.85453141442,265.86966483244754,85.86483360484651,-6.450832175853828,0.012644291666556253,17.97551752191789,0.019138083916194308,4
108,123.66301511418284,459.4327490048804,26574.43231201172,209.15313720703125,127.05729718845616,27871.92523558493,4.4577271531501514,0.011141524868495623,1.0112670570649798,1758.140625,83.0,132.83725121592707,11.656784457391598,False,False,science_V_004.fits,23933.285112094814,268.50153526834725,89.13649260208244,-6.502127660287712,0.012180196553691137,17.924222037484004,0.018834684290449388,4
109,264.4840355269135,461.20731695288924,22195.217834472656,198.0260772705078,112.08229815184148,23581.6942046796,4.314662115680733,0.042518648662192016,1.0444067642704313,1501.709716796875,73.0,132.79731052786,11.657279776146868,False,False,science_V_004.fits,20552.360156676546,269.5265929603018,76.25355231535048,-6.336776128642282,0.014238025207140936,18.089573569129435,0.020226455597398475,4
110,61.381856768136295,466.8607484057161,71983.30859375,288.5907287597656,249.43042662216556,72811.10150580421,4.715801048579633,0.021017632453026125,1.0214688569986095,4835.15869140625,115.0,132.854916248395,11.658844976072322,False,False,science_V_004.fits,73089.98754071287,317.5554592299691,230.16448124666678,-7.714266593670781,0.004717061442840339,16.712083104100934,0.015120807283008483,4
111,433.2284285396737,469.36473144123147,123293.18780517578,362.5715637207031,340.0520066712988,124097.76573281927,4.836688567621333,0.004589852094753932,1.0046110159760906,8071.58935546875,137.0,132.74944952608192,11.659541321002093,False,False,science_V_004.fits,122633.53335625512,379.449903530126,323.1876783084194,-8.27614497772429,0.0033593483689805526,16.150204720047427,0.014753757680622374,4
112,174.92082814821333,472.25572511248413,90107.32247924805,317.20068359375,284.0703918363923,90835.38404109876,4.783758252808189,0.009600982644269451,1.0096940550990279,6124.4677734375,126.0,132.82271339376774,11.660347896578902,False,False,science_V_004.fits,89795.21825756873,339.6792358614511,264.3529800396588,-7.937754900017497,0.004107008742012748,16.48859479775422,0.014941742369660928,4
113,277.8931761070706,480.27389632004025,1775032.0618591309,1139.4326171875,1557.8210023866989,1762782.9022050658,5.548900931683811,0.0028896842427524883,1.0028980587173626,60542.35546875,341.0,132.7935071993339,11.662575982048875,False,True,science_V_004.fits,1750488.0391516702,1106.752185906308,1581.6440766441438,-11.16251974313003,0.0006864376227447999,13.263829954641688,0.014382605495676746,4
114,243.58343424542164,481.0313335484605,1235786.382446289,979.0582275390625,1262.219495925725,1227129.6728653926,5.236711342773105,0.0008151617457015092,1.0008158267764808,60373.28125,292.0,132.8032385837418,11.66278643575382,False,True,science_V_004.fits,1222129.7796223357,933.772137119874,1308.8094311658,-10.772415190732616,0.0008295325309758282,13.653934507039102,0.014390144837849915,4
115,195.75963736449427,481.47590333264156,164251.08584594727,398.94171142578125,411.7170031153897,164601.72047274606,4.890120502344574,0.006972859695481226,1.0070218218742168,10405.052734375,153.0,132.81680301764214,11.66290945755352,False,False,science_V_004.fits,163438.0485315918,406.17463665649706,402.3836886442808,-8.588004794368679,0.0026981710010611074,15.838344903403039,0.014617396176656037,4
116,326.0045075088355,493.083539520328,26658.37432861328,211.34375,126.13750976129306,27742.305571054192,4.397046899612907,0.03994085983186246,1.0416024994302617,1908.0184326171875,78.0,132.7798609722885,11.666133583687117,False,False,science_V_004.fits,27344.68364295983,277.915362523335,98.39212699392914,-6.646804132254122,0.01103441945174118,17.779545565517594,0.018114815949142722,4
117,357.8171953212416,493.5561621716107,3191.3445739746094,105.93770599365234,30.124727961976358,4587.464993258905,3.094829822195049,0.07547843966176104,1.0816405402532172,252.68710327148438,26.0,132.77083771064613,11.666264098769256,False,False,science_V_004.fits,4179.493010110695,250.26633091470214,16.700180942578267,-4.607430882147547,0.06501127165825688,19.81891881562417,0.06657967848268738,4
118,29.082179757360095,14.004868731983272,1049627.9318237305,872.2105102539062,1203.4112401582697,1048067.5270084377,5.080736950318065,0.011375508388777544,1.011506399533192,65006.29296875,224.0,132.86404850626604,11.533049923194493,False,True,science_V_004.fits,1063238.1315442338,868.943347205728,1223.598908908506,-10.621198232981905,0.000887300562378307,13.805151464789812,0.014393590466674681,4
119,31.7187613479332,22.44577542614518,118569.42498779297,327.2572021484375,362.31265258453254,126519.26973410032,4.554065534633422,0.1214608680929049,1.1382532247928931,7812.974609375,103.0,132.86330156364355,11.53539477770568,False,False,science_V_004.fits,277772.6824758725,487.8532295067998,569.3775620931928,-9.163845706186503,0.0019068190815399544,15.262503991585215,0.014492208363257694,4
120,211.09115243714731,19.485234641701233,1787172.8325195312,1133.931884765625,1576.0848217870919,1776256.0993294385,5.511476998218736,0.001493401613732681,1.0014956351977506,61362.59765625,319.0,132.81244876142426,11.53457899279502,False,True,science_V_004.fits,1764038.504968339,1107.8935196770499,1592.2455304933592,-11.170892025453249,0.0006818671990013969,13.25545767231847,0.014382388087915908,4
121,238.91538729096536,16.954099569392998,1568196.5221557617,1057.2872314453125,1483.22657790167,1565728.2418262009,5.328700067440525,0.025669175801408484,1.026345441572704,61601.390625,242.0,132.80456049136833,11.533876130036438,False,True,science_V_004.fits,1562875.8502214765,1046.2103283959866,1493.8447918188913,-11.039433075158591,0.0007267823310332408,13.386916622613127,0.014384587473787822,4
122,227.39062845075622,16.451142103293535,282451.8786010742,484.181884765625,583.3590381800406,283436.9961862427,4.995083468456746,0.012470202186804724,1.0126276718073914,17190.501953125,155.0,132.80782778483834,11.533736350622648,False,False,science_V_004.fits,294516.37980359566,504.1655184806944,584.1660506476571,-9.227395507761223,0.001858546895692242,15.198954190010495,0.014485935965543914,4
123,249.43829933876705,24.615536674736134,1715840.0772705078,1114.665771484375,1539.3314490903965,1702623.8608136005,5.612059005710589,0.06130395008158085,1.065307561576411,60952.13671875,328.0,132.80157723199613,11.53600433556452,False,True,science_V_004.fits,1690687.483423297,1086.0527948513122,1556.7267921397536,-11.124780217742485,0.0006974248824404716,13.301569480029233,0.014383134070883109,4
124,341.62388699553617,25.518150176856672,1695471.2063903809,1107.585205078125,1530.7817390633966,1685247.8688310962,5.4538945266554855,0.0022836698929400434,1.0022888969780568,61747.8671875,308.0,132.77544217179795,11.53625403417881,False,True,science_V_004.fits,1674896.348723496,1081.8573443792648,1548.167470901164,-11.114591713562177,0.0007012807208564014,13.31175798420954,0.014383321552541203,4
125,340.6208909263837,41.264944164028066,1111047.959350586,901.8499755859375,1231.9653927236968,1111148.7860304902,5.270540460997727,0.06890623206465196,1.0740056849670985,60403.1328125,232.0,132.77572614570408,11.540628161919779,False,True,science_V_004.fits,1107050.212502557,890.3363157480333,1243.406781147018,-10.665040173117157,0.0008731655773973369,13.76130952465456,0.014392726022540102,4
126,351.7845369343567,41.90601245300755,373402.57946777344,550.8414916992188,677.8766398223066,373788.6069441228,4.983898904287264,0.02897266607343163,1.0298371271962798,25044.13671875,173.0,132.77256113124133,11.540805956256735,False,False,science_V_004.fits,388381.32557291555,559.9945777434879,693.5447966976891,-9.527767723245558,0.0015654360110111943,14.89858197452616,0.01445125372204509,4
127,61.60933649170052,25.633179603252877,243547.5281982422,452.23834228515625,538.5379907585871,244162.94005076465,4.926911584488157,0.015523867820787407,1.0157686583893346,15438.4794921875,154.0,132.85482764879768,11.536281877845079,False,False,science_V_004.fits,252154.8152231369,463.5542024974731,543.9597222171908,-9.058790039017321,0.0019959198368119336,15.367559658754397,0.01450420077871686,4
128,49.58339402078646,30.555638541543804,1793716.4512939453,1129.518310546875,1588.0366299024297,1785836.0735889198,5.519428349647295,0.09684840149209284,1.1072338261395935,64292.89453125,293.0,132.85823734435579,11.53764856602733,False,True,science_V_004.fits,1772248.2603031353,1109.4425989597396,1597.4222208205006,-11.175933270807413,0.000679657504352444,13.250416426964305,0.014382283495939509,4
129,37.11405925214568,41.13778203114981,127658.32711791992,350.324951171875,364.39975711375666,128267.6255164862,4.835569925502268,0.025172007444963618,1.0258219989959332,8757.9306640625,138.0,132.8617731257286,11.540587319769914,False,False,science_V_004.fits,83238.34460467467,363.3578747442212,229.08088799030077,-7.855430460620405,0.004739373980626303,16.570919237151312,0.015127782717985773,4
130,13.139974120461954,28.569914159912088,385453.1385192871,551.6805419921875,698.689022323259,386377.00480385806,4.980526651020425,0.002376963333658444,1.0023826267500813,24912.5390625,174.0,132.86856913503897,11.537094736409694,False,False,science_V_004.fits,383633.98030459357,552.3887082197656,694.5000406343686,-9.514414543418253,0.0015632828458991919,14.911935154353465,0.014451020638371328,4
131,16.43751902242265,41.79290588229371,1723085.7637023926,1101.9761962890625,1563.6324718310022,1726897.2181477621,5.30595907748833,0.034176401797576195,1.0353857597403757,65749.046875,241.0,132.86763515330023,11.54076800068126,False,True,science_V_004.fits,1808519.6556236015,1116.138787503871,1620.3358183332814,-11.197929957009594,0.0006700462877607549,13.228419740762124,0.014381832507093573,4
132,20.997242865135192,49.5025931940262,609538.5927734375,677.2147827148438,900.0668743967705,612912.6481646675,4.880430328473497,0.06996667341386886,1.0752302862852188,39060.6015625,178.0,132.8663429391216,11.542909873114512,False,False,science_V_004.fits,893025.3432660023,804.6027468133922,1109.8959664291544,-10.431781333928551,0.0009781997888441748,13.994568363843166,0.014399479819120072,4
133,138.5799865917453,36.39576850868252,1560136.896697998,1054.92041015625,1478.9143158837146,1556443.4330462054,5.270618556222207,0.03933708621495935,1.040947855538599,61075.55859375,255.0,132.83300645860876,11.53927475926647,False,True,science_V_004.fits,1586001.1699976039,1051.7771037474854,1507.9251719272804,-11.055380632445855,0.0007199959389313503,13.370969065325863,0.01438424618763281,4
134,137.9162990639657,46.96920772525109,1117500.347290039,911.6970825195312,1225.7364520699768,1120280.286150127,5.139977319539008,0.01649558470101964,1.016772252818006,59830.52734375,207.0,132.83319496844138,11.542211800775316,False,True,science_V_004.fits,1158942.318030085,908.948245056411,1275.0366418917051,-10.714776426882068,0.0008515049405868084,13.71157327088965,0.014391428174375021,4
135,127.99968984742881,56.890448661856134,2063801.7790527344,1210.9119873046875,1704.3367318928392,2056367.161401108,5.770054897884699,0.11861900251647794,1.1345831176927497,61172.62109375,318.0,132.83600678986653,11.544967364974559,False,True,science_V_004.fits,2035764.5856135115,1186.0290909399062,1716.4541756730484,-11.326440761689655,0.0006325248966080206,13.099908936082063,0.014380133239270782,4
136,220.37844643292647,40.4256116075881,1880461.8592834473,1166.3201904296875,1612.3032720462986,1866656.8417691635,5.685808937032893,0.029255920749333364,1.0301376247094047,60091.8125,359.0,132.80981598874612,11.54039585738375,False,True,science_V_004.fits,1846717.610501586,1132.7963724739404,1630.2290997529383,-11.220623100761216,0.0006659800148117453,13.205726597010502,0.014381643633968965,4
137,199.3377925254508,44.14465759916186,1738565.4554748535,1121.80322265625,1549.7953833277547,1730015.935204127,5.916436907253676,0.18484989502275517,1.2267679215080458,60554.421875,337.0,132.81578126318226,11.541428663397943,False,True,science_V_004.fits,1710485.4878679868,1091.2581532895001,1567.443489619648,-11.137420358759861,0.000692656550102137,13.288929339011856,0.014382903647412466,4
138,272.95879996792206,43.56978924176504,462507.2964172363,602.7396850585938,767.3417030310106,467057.34679825976,4.974233178314402,0.031929821854398965,1.0329829619538147,30438.224609375,181.0,132.7949089654879,11.54126935958412,False,False,science_V_004.fits,479324.96052781254,610.4450597968392,785.2057328260393,-9.756196986981664,0.0013826949481029003,14.670152710790054,0.01443260162111671,4
139,272.11509958895607,52.86709064052572,193977.6875,411.5839538574219,471.29555387671024,196130.1332544383,4.834726481704146,0.03832698028565007,1.0398544822407876,13181.3896484375,132.0,132.79514811806234,11.543851944769647,False,False,science_V_004.fits,239735.59620198447,460.79141196896387,520.2692367411822,-9.003953182386809,0.002086804145485354,15.422396515384909,0.014516986456422912,4
140,62.87147466785909,51.280990817057244,1092700.608215332,895.0694580078125,1220.7997920601538,1085656.3314225487,5.1541330366836995,0.004506570141332933,1.0045269712548206,62764.70703125,265.0,132.85447121676475,11.543406325641623,False,True,science_V_004.fits,1080759.216443538,876.8293646276787,1232.5764396616123,-10.638944243480639,0.0008808378653562978,13.787405454291079,0.01439319351566555,4
141,47.07033586297202,59.3983071586504,1723847.0999450684,1104.9366455078125,1560.1320735930644,1723118.002704761,5.3910302367565395,0.03488953308392917,1.036150818253392,63672.52734375,262.0,132.85895150313996,11.545660263075339,False,True,science_V_004.fits,1760258.7213238843,1106.4464469656443,1590.9118115488343,-11.168563135885258,0.0006824388329501529,13.25778656188646,0.01438241520034343,4
142,38.54036171664273,63.42021177427798,633771.9125671387,685.4456787109375,924.6128938459755,660651.4622354284,4.940916055223715,0.06383383386818364,1.0681864354614965,39195.08203125,179.0,132.86137011679799,11.546776959228087,False,False,science_V_004.fits,822255.0282295732,772.4495591499556,1064.477309216703,-10.342138218909776,0.001019937194151103,14.084211478861942,0.014402375363611527,4
143,53.06513594831746,74.65684452370408,821425.7826843262,808.9197387695312,1015.4601789465765,816700.1709720767,5.136535585236221,0.0019502049202921867,1.0019540156512294,54318.796875,237.0,132.85725276177715,11.549899078015228,False,False,science_V_004.fits,808871.8569980873,776.1875456366561,1042.1087809836247,-10.324321187321807,0.0010418298164374265,14.10202851044991,0.014403942293718393,4
144,54.66666598615085,89.53472549835101,768749.3479919434,760.291015625,1011.1251247129235,764578.4730052855,5.101498823670799,0.0022423607503579968,1.0022474002324295,47965.1484375,238.0,132.8567995392859,11.55403190644496,False,False,science_V_004.fits,762396.2911470997,745.5658195562861,1022.5740922522843,-10.2600738113148,0.0010617323558517672,14.166275886456917,0.014405395511051196,4
145,155.6145702896301,57.51042215165151,755867.893951416,764.1865234375,989.1143991277618,749105.535061884,5.5743322175441605,0.15456080284291596,1.1828171716696478,43349.8671875,276.0,132.8281776122242,11.545140439534185,False,False,science_V_004.fits,737324.0019651183,736.0861962242897,1001.6816043381576,-10.223767803133848,0.0010838773471510002,14.20258189463787,0.014407044608038752,4
146,148.36854683307183,72.2293117406467,172400.24993896484,395.0769348144531,436.3713361802105,174203.45706496722,4.903767958093938,0.023023206739998137,1.0235657662483197,11110.107421875,142.0,132.83023240277413,11.54922881059925,False,False,science_V_004.fits,181097.4430722018,418.1232431869949,433.11977036208583,-8.699402670346846,0.0025066969330270025,15.726947027424872,0.014583266909317624,4
147,144.80181238954341,83.8771606986047,1766287.3262329102,1119.880126953125,1577.2110636863208,1762992.3330591493,5.5357999244025855,0.028489368148249872,1.0293248135575703,60211.34375,264.0,132.8312439981679,11.552464214921201,False,True,science_V_004.fits,1756669.205676618,1105.7739137915637,1588.6332493169548,-11.166346844548073,0.000683417648766199,13.260002853223645,0.014382461677925533,4
148,176.95143988255893,87.82878965925246,391759.93475341797,556.9190063476562,703.4414884179085,394421.472913382,4.961915050467622,0.028544474016907184,1.0293832020647788,26302.587890625,166.0,132.82212898191963,11.553562721801226,False,False,science_V_004.fits,413910.44848821784,571.2285198172303,724.5969592356001,-9.596887848012729,0.0014983502016698205,14.829461849758989,0.0144441405961447,4
149,135.93259453660383,88.5201960001791,224292.63116455078,549.6091918945312,408.09475982634586,230696.10972728988,4.84292977541733,0.11170992582775197,1.1257583857748819,14513.0771484375,123.0,132.83375876578828,11.553753665989372,False,False,science_V_004.fits,359399.25484421855,587.5872115652282,611.6526155952962,-9.443564804878541,0.001775027151552901,14.982784892893177,0.014475457354539836,4
150,187.41805301931782,93.11284228375956,1645501.031097412,1083.008544921875,1519.3795458152306,1642937.7216457145,5.448856309435925,0.017043921175526555,1.0173394534534133,58296.55078125,256.0,132.8191615632692,11.55503072299594,False,True,science_V_004.fits,1663620.4062460526,1077.5689344588723,1543.8644833255892,-11.107257471176627,0.0007032352979980007,13.31909222659509,0.014383416983411895,4
151,196.44286877290267,94.05678559324606,235126.96615600586,454.5101318359375,517.3195264234034,253559.9699127574,4.702896091777297,0.1335517429660419,1.1541370092003171,17662.2890625,127.0,132.81660282780328,11.555293086018683,False,False,science_V_004.fits,484846.70356002357,624.0273785936447,776.9638323445212,-9.768632992084324,0.0013973623414668538,14.657716705687394,0.014434014193830528,4
152,132.94785464290285,100.75920796104688,1756846.0919799805,1123.1220703125,1564.2521311073085,1747652.6177305728,5.528501410289103,0.008114920770711076,1.0081813114650504,59559.03515625,312.0,132.83460542824992,11.557153289791946,False,True,science_V_004.fits,1733787.5633826372,1098.611521662439,1578.1625526364755,-11.152111582521936,0.0006879519465128809,13.274238115249782,0.014382677849241507,4
153,151.26001497481076,103.28128470813627,146200.13046264648,370.9106140136719,394.16539979968735,147097.01418063452,4.8538461374511375,0.020772378381374912,1.0212130233285688,9812.9404296875,137.0,132.82941352836008,11.55785443551998,False,False,science_V_004.fits,140996.4712316823,391.25639182369616,360.3684800508426,-8.427642482917184,0.0030127496163005825,15.998707214854532,0.014678719442951103,4
154,199.6020689377344,112.12740685655201,859561.3490905762,807.0302124023438,1065.0919084328445,853798.4249967111,5.128212441315079,0.006112404536364413,1.0061499957985822,56049.80078125,262.0,132.81570740057973,11.560312749684618,False,False,science_V_004.fits,850064.2611654545,786.7074133453729,1080.5341944734762,-10.378251268369738,0.0010047807885700843,14.04809842940198,0.014401309963591192,4
155,151.61091504714534,113.639831232055,157623.48538208008,394.10382080078125,399.95421780434464,159640.45922623138,6.393841302727148,0.3692982818520868,1.5855355570245622,7543.03759765625,171.0,132.82931434094874,11.560731817733322,False,False,science_V_004.fits,156376.36509296717,396.5407274825437,394.3513345671438,-8.540049658808256,0.002753128758120494,15.886300038963462,0.0146276403494597,4
156,164.68566037357158,117.4544012197748,521457.3168334961,638.9906616210938,816.0640650218263,519593.1087901937,5.07168186805996,0.002550789453267921,1.0025573126193261,32921.109375,205.0,132.82560735998666,11.561791768756958,False,False,science_V_004.fits,516821.38830978016,629.6339253176002,820.8283695150081,-9.837973069909708,0.0013226882017266205,14.58837662786201,0.01442697640925978,4
157,165.40539934586383,132.56675335687228,1112914.5670166016,907.2078247070312,1226.7470988535622,1105587.2266443768,5.221740118697295,0.00842509943031522,1.0084966848449621,57513.5390625,273.0,132.8254036738555,11.565989660105878,False,True,science_V_004.fits,1088749.430011942,886.2398699572184,1228.5042310999836,-10.64694172566978,0.0008837576399943542,13.779407972101938,0.014393372495721765,4
158,192.5612238643709,130.78619872271108,1361670.2056274414,992.3430786132812,1372.1768559420648,1358723.1423203088,5.439373756763101,0.09301183767717236,1.1025502223082668,58667.20703125,257.0,132.8177040149946,11.565495630728433,False,True,science_V_004.fits,1344764.6271166222,976.5808928189273,1377.01304316422,-10.876237566132769,0.0007884456907577174,13.550112131638949,0.014387834821182298,4
159,185.52376583465286,141.0159684604538,199962.80661010742,424.0696716308594,471.53291071512746,211825.28737709537,4.738958108627394,0.042739859685099746,1.0446481138043,14352.9560546875,105.0,132.8196995779202,11.568337104394274,False,False,science_V_004.fits,298234.6147322847,538.1426764329368,554.1924619491697,-9.241016995599132,0.0019590667043385013,15.185332702172586,0.01449917537608257,4
160,193.84165273917054,142.52877987071602,564435.5899353027,646.3469848632812,873.2702451682283,573500.6603173575,4.693199451788672,0.11049364007306828,1.1242190557042726,63666.48828125,138.0,132.81734117179965,11.568757479408431,False,True,science_V_004.fits,691598.0314339208,728.8925029093392,948.8340580722681,-10.154256245108204,0.00114424644727214,14.272093452663514,0.014411712048415563,4
161,203.59221122081746,148.56431496715072,1797673.3386535645,1134.021728515625,1585.2194834102734,1789880.2807704336,5.62631844946207,0.07460639648906986,1.0806212580311927,65499.7109375,290.0,132.81457660687215,11.570434167695966,False,True,science_V_004.fits,1775229.8986881806,1112.646053389407,1595.5028045804615,-11.177758383386747,0.0006804751435617098,13.24859131438497,0.014382322157960332,4
162,131.1048879884701,150.83552285636344,749242.7848205566,770.6630859375,972.205362488738,750788.6525287111,6.565541175988011,0.34639819624360013,1.5299835377637732,29256.330078125,252.0,132.83512970759097,11.571063306708492,False,False,science_V_004.fits,734726.0751712691,750.5351506857987,978.9362623454956,-10.219935506733522,0.0011090609693001896,14.206414191038196,0.014408961116887522,4
163,175.86194707397993,148.5204954223177,1348438.8692016602,984.5081176757812,1369.6574411037298,1357220.8791372199,5.258398649582109,0.05202179057008516,1.054876567892177,58530.5234375,235.0,132.82243923259801,11.570421496551322,False,True,science_V_004.fits,1430389.9367909122,1008.8518290740636,1417.8394641993575,-10.94325798922749,0.0007657425451992805,13.483091708544228,0.014386608560737297,4
164,151.97813801740537,150.3693467950789,205021.32452392578,420.9930114746094,486.9946030833124,207790.39653302793,4.841087550645055,0.07670394853045148,1.083076222852212,13544.5224609375,137.0,132.82921128992362,11.57093446640473,False,False,science_V_004.fits,251046.4171860803,476.5573206819483,526.7916497995155,-9.054006943321603,0.0020609666087402713,15.372342754450115,0.01451329485667172,4
165,142.8422092672253,153.61964393025318,788044.2133178711,762.4432983398438,1033.5774673785857,788562.5015764642,5.065866273985473,0.023397802903187936,1.0239583762690105,51006.64453125,190.0,132.83180179412594,11.571837055334878,False,False,science_V_004.fits,796918.6213247553,765.3017609380931,1041.3129330159998,-10.308156811426839,0.0010426260594453966,14.118192886344879,0.01440399990746272,4
166,167.63921882358298,154.24203913884702,1656987.6875,1087.9737548828125,1523.0033629611562,1674820.3395956168,5.413414364218309,0.038545667089111446,1.0400910014856461,57766.36328125,265.0,132.82477084206752,11.57201062496395,False,True,science_V_004.fits,1717770.3551292873,1095.4295481241531,1568.124904126285,-11.142034632839447,0.000692355562457521,13.28431506493227,0.014382889155493666,4
167,195.96266433232836,163.81870629209752,1724396.158782959,1126.80615234375,1530.3396730628647,1691835.126016611,6.3631448538034325,0.2458385688947592,1.325976055994374,64169.98828125,397.0,132.8167401393505,11.574671381299463,False,True,science_V_004.fits,1671349.1896641997,1081.0009102648148,1546.11265706961,-11.11228986188209,0.0007022127365917548,13.314059835889628,0.014383367024510745,4
168,133.1488826550237,165.5261966993841,607498.3382568359,675.0946655273438,899.8713354997324,613226.5286478976,5.009080526018027,0.03278376421065732,1.0338949688782908,38745.3359375,173.0,132.83455065816617,11.575144117049879,False,False,science_V_004.fits,614121.3881358093,692.9355892210086,886.2604225974286,-10.025257431319822,0.0012250349584810064,14.401092266451895,0.014418351323360517,4
169,122.64941172705815,168.07505064547567,1372429.4028930664,986.3829956054688,1391.3757729071879,1378758.417745207,5.153030752599011,0.0883950421308769,1.0969663902854372,58127.44921875,199.0,132.837527818028,11.575851763660944,False,True,science_V_004.fits,1705535.2388951387,1091.6365339021738,1562.3654814835822,-11.134273616556282,0.0006949078259006639,13.292076081215436,0.014383012240864199,4
170,114.44114009034844,169.4540186290496,1271249.1147155762,955.6575317382812,1330.2350188181467,1275836.8326744498,5.1334275889516325,0.06838234221220918,1.0734017240233393,59019.37109375,227.0,132.83985528675942,11.576234501198764,False,True,science_V_004.fits,1626402.4517118605,1066.1936823678946,1525.4287083185545,-11.082691924804438,0.0007117343433222406,13.34365777296728,0.014383835024422928,4
171,134.25056554646693,183.809868921048,298076.4760437012,503.6495056152344,591.8331552407365,297403.7055646541,4.99506440924878,0.0073092526371887345,1.007363071184663,19983.638671875,187.0,132.83423890522974,11.580222950069004,False,False,science_V_004.fits,295775.2673048896,498.11683113779816,593.7869367499186,-9.232026512847499,0.001828433622912889,15.194323184924219,0.014482103222520883,4
172,99.7052508086219,61.22536071456475,837207.5862426758,785.7257690429688,1065.5213551954812,836163.9188546351,5.062534382624036,0.022878047151814407,1.0234137070456024,54346.13671875,212.0,132.84402883751994,11.546170407142371,False,False,science_V_004.fits,880797.6336833537,797.0587850955144,1105.059815102351,-10.416812222057413,0.0009824807536770689,14.009537475714305,0.014399771271297932,4
173,89.6595943888375,62.29927074995557,943785.3908996582,829.6331787109375,1137.5935957215302,950361.1781811924,5.112279599393955,0.06120773402098978,1.065198379065426,60444.08984375,213.0,132.8468769795254,11.546468272044276,False,True,science_V_004.fits,983081.3398995607,838.3853664293426,1172.5888586134008,-10.536095505874759,0.0009258999793703074,13.89025419189696,0.014396021499225033,4
174,306.76604341453486,65.08559076328122,149428.51873779297,390.5618591308594,382.5988514862285,151531.73623125005,4.880839193043941,0.06135680661919063,1.0653675507923255,11364.6962890625,128.0,132.78532396127548,11.547245641143547,False,False,science_V_004.fits,192913.27896220697,440.89342498575746,437.5508184737362,-8.768027181117496,0.002481311779480008,15.658322516654222,0.014578924939148896,4
175,302.3637541982639,71.5794945746633,123450.72229003906,344.9720153808594,357.8572080803302,124701.43842703887,4.750682394030062,0.07199316467643901,1.0775782698317495,7646.02734375,119.0,132.78657199400504,11.549049561823008,False,False,science_V_004.fits,172902.2349173524,421.9222445752235,409.7964426867901,-8.649123391436234,0.0026493641401123804,15.777226306335484,0.014608465853102605,4
176,491.2662992879823,81.22855622943769,553672.3915405273,668.582763671875,828.1284257161271,550022.223265165,5.138825726607274,0.008370195963009586,1.0084408475107687,36496.609375,236.0,132.73301413505067,11.551722480746635,False,False,science_V_004.fits,544902.570510732,649.5492320315205,838.8934104448139,-9.895419015640002,0.0012942049448502878,14.530930682131716,0.01442439290485483,4
177,488.9345876407373,99.75065589554143,1516054.8954162598,1053.0872802734375,1439.6289118814645,1543910.1193265077,5.202674282030412,0.06455127998875154,1.069005685301462,63282.30078125,238.0,132.73367400003784,11.55686765259854,False,True,science_V_004.fits,1861800.2064947698,1141.232134061147,1631.3948327667883,-11.229454559380887,0.0006655041306945241,13.19689513839083,0.014381621604753857,4
178,485.9362307084623,107.21355934254976,1170274.6472473145,914.1307983398438,1280.204812454251,1214611.649688385,4.8823921952693485,0.04769381785011528,1.0500824406520641,62195.03125,167.0,132.73452362427898,11.558940870781301,False,True,science_V_004.fits,1932518.7854724268,1161.1536391768188,1664.309287134866,-11.269931184704847,0.0006523426915853179,13.156418513066871,0.014381018573856867,4
179,492.5445901866521,111.58950364123136,815943.4244689941,780.9512329101562,1044.8071404259676,817557.202484326,4.97464288108335,0.11091765912252594,1.1247552156002294,49039.2265625,198.0,132.73264967914096,11.56015598306393,False,False,science_V_004.fits,1216364.9616137461,932.6551656611986,1304.195812555666,-10.767281627653363,0.0008324670187925941,13.659068070118355,0.014390314297183673,4
180,463.672548442366,89.81490521214627,1790579.391998291,1131.83642578125,1582.0125163071543,1806899.8379208008,5.416322886523371,0.04336585405916826,1.0453317020338206,61931.57421875,265.0,132.74083701650895,11.554109264535436,False,True,science_V_004.fits,2035428.555013177,1189.6501979695865,1710.9470989767472,-11.326261531386933,0.0006345608234464504,13.100088166384785,0.014380222935441733,4
181,461.48515688002885,98.33181918639777,1375764.8788452148,1004.5147705078125,1369.5815325340852,1400694.6034693094,5.294927175034482,0.11576855478875481,1.1309256252033624,61651.99609375,255.0,132.7414566955641,11.556475196305191,False,True,science_V_004.fits,1713237.511141707,1097.634596030543,1560.8450365334822,-11.13916581068398,0.0006955847471003636,13.287183887087737,0.014383044961855263,4
182,297.4376233968387,97.81992427188749,1216805.9299926758,944.4296264648438,1288.4029639639552,1213556.9589210474,5.256836915100116,0.028628594998192924,1.0294723468806863,58887.53125,261.0,132.78796832586994,11.55633862580137,False,True,science_V_004.fits,1208115.7761296846,926.9501076723099,1303.323410969138,-10.759893262992332,0.000833024244682818,13.666456434779386,0.014390346542963473,4
183,285.9049598903169,101.25818661737063,561555.3654785156,660.7001342773438,849.9398385815828,561786.0567112372,5.062565328447569,0.019743405491971844,1.0201410585785253,37231.31640625,202.0,132.79123809728054,11.557293814579936,False,False,science_V_004.fits,567786.7988128683,657.11308797084,864.0625323202578,-9.940085101166709,0.0012565062821143066,14.48626459660501,0.014421059332495104,4
184,352.04207892453485,101.1451102602066,1234926.252166748,953.95068359375,1294.5388827800814,1227683.1896017017,5.238895616334771,0.0030412780899031766,1.003050555678049,58936.71875,273.0,132.77248649395716,11.55726123930883,False,True,science_V_004.fits,1221089.5607313528,932.6440944912227,1309.2771057511313,-10.771490670072188,0.000829236221446899,13.65485902769953,0.014390127759867559,4
185,366.4033938306119,100.90094660058185,895230.6696472168,819.3740844726562,1092.578697095822,891318.2194289436,5.126122645251529,0.004472047650741939,1.0044921367001185,58103.87890625,233.0,132.7684146936045,11.55719300391842,False,True,science_V_004.fits,886472.8494264595,804.5805050512312,1101.7826604809595,-10.423785470852104,0.0009854030553776015,14.002564226919613,0.014399970951911636,4
186,374.56054672205664,112.08404463687151,379826.52529907227,560.4390869140625,677.7302550229061,379013.58299302164,5.032270658163948,0.006841981326178304,1.00688911653285,24521.625,189.0,132.7661015511112,11.560299158466075,False,False,science_V_004.fits,378011.15663768223,554.8416321474143,681.2955891119027,-9.498383418572311,0.0015935814312481539,14.927966279199406,0.01445432966319678,4
187,73.40568576396531,103.14570676506347,139707.18002319336,364.95745849609375,382.80401392232045,140219.89594955233,4.86117388303975,0.017448157233784012,1.017758001638531,9199.888671875,144.0,132.8514872995464,11.557813716008365,False,False,science_V_004.fits,138790.18076975702,375.3067095697281,369.80468835442235,-8.410518727587993,0.002935874082157284,16.015830970183725,0.014663134073609035,4
188,61.99201794258277,115.50304580888083,1179764.8405151367,929.8915405273438,1268.71230578793,1172038.2502159253,5.200699402418694,0.005963328780404287,1.0059991034064044,59778.8828125,281.0,132.85472405000365,11.561245718148628,False,True,science_V_004.fits,1168542.6861663093,909.1888300073963,1285.2585157219794,-10.72373332788093,0.0008447327807745514,13.702616369890787,0.014391029070405858,4
189,421.59298536974,115.4110997605443,944173.012298584,844.7083740234375,1117.7502690086824,937928.7498092292,5.1419492589218265,0.0016324338088458124,1.0016351030062742,58978.5390625,256.0,132.75276632750726,11.56122148601694,False,True,science_V_004.fits,934468.2514470932,824.5130796334984,1133.3577047224899,-10.481033251073978,0.0009579499883188608,13.94531644669774,0.014398118363677648,4
190,429.8903929670694,128.8242575962052,1178117.4838256836,933.6536254882812,1261.8357083008732,1171012.1406554761,5.213302431802761,0.005484742600378234,1.0055149909059407,60187.26953125,261.0,132.75041310148188,11.56494696996156,False,True,science_V_004.fits,1163563.1787247513,913.4911775763276,1273.754150326787,-10.719096797602717,0.0008523622864910462,13.707252900169001,0.014391478926843608,4
191,421.0715036507024,140.87494074524562,1061158.4295654297,890.3837890625,1191.7989103134291,1054884.3608508029,5.169968710138751,0.002888047660203119,1.0028964126379452,58462.13671875,258.0,132.75291299015672,11.568294794001382,False,True,science_V_004.fits,1049845.4749413596,870.4397802584468,1206.1092550591432,-10.60743532571835,0.000900167207444869,13.818914372053367,0.014394389366545234,4
192,116.21947691001904,118.10611194614475,39842.620025634766,221.86328125,179.58185690375373,42556.82190532934,4.388260573524551,0.18232981938888837,1.2229869985629394,2890.16455078125,79.0,132.8393490370827,11.561971269889163,False,False,science_V_004.fits,104545.36942936685,344.95144600114077,303.07270962714307,-8.102883878072651,0.0035823086853834143,16.323465819699063,0.014806116295359998,4
193,109.58853759322982,124.09525100885853,438584.216217041,589.5477905273438,743.9332709986624,438846.8493498009,5.052198993886399,0.01079279042433956,1.010910545657031,28075.541015625,193.0,132.84122935864283,11.563634658905725,False,False,science_V_004.fits,442202.5899688422,585.9188724924882,754.7164133623492,-9.668675078794408,0.0014385535822165052,14.75767461897731,0.014438060141281423,4
194,94.3353038453527,142.76451777434482,56889.172912597656,371.4419860839844,153.15762634258263,63160.77648252854,4.411954784141202,0.1491829200866669,1.175340767843851,4128.767578125,80.0,132.8455549926561,11.568819919677699,False,False,science_V_004.fits,186672.28387739218,572.0287206225739,326.33376113392575,-8.73232147645702,0.0033269619307161854,15.694028221314698,0.014746417189364546,4
195,86.37314103063466,146.922709140181,593003.9262084961,667.095458984375,888.934137119326,595721.8448738595,4.988035239916549,0.05244049811878493,1.0553426967010233,38480.65234375,175.0,132.84781276428578,11.569974610710943,False,False,science_V_004.fits,675085.520631217,706.6870964153999,955.2820817806372,-10.128018857176178,0.001136522939879983,14.29833084059554,0.014411100881862733,4
196,93.83151295623964,153.01399290757865,955019.219329834,830.7503051757812,1149.5863599204556,956921.5418798167,5.0537549616080355,0.03195505794517861,1.0330098909223668,59363.5546875,187.0,132.84569830246866,11.571666972081038,False,True,science_V_004.fits,998904.1478635967,846.8342102567334,1179.5746271997684,-10.55343141529876,0.0009204165425102264,13.872918282472957,0.014395669864444582,4
197,92.03950280500912,166.17031523340916,1518596.9633483887,1048.833740234375,1447.8910289528244,1513096.1829593102,5.804817077341406,0.16498367387419,1.1975813750129387,59310.234375,306.0,132.84620701511915,11.575321424006617,False,True,science_V_004.fits,1492345.2285661607,1022.5477410366228,1459.438194106491,-10.989295127455524,0.0007439163949417509,13.437054570316194,0.014385463351488353,4
198,276.26845703015886,152.7771419015098,295363.50701904297,496.06878662109375,595.4083687282,299732.8709658729,4.911863221718588,0.06646347541221476,1.0711953669317464,19955.591796875,158.0,132.7939699894865,11.571604699058467,False,False,science_V_004.fits,348502.4050763209,535.4309295031246,650.8820949132098,-9.410136323008103,0.0016680440412864177,15.016213374763614,0.014462728482482914,4
199,296.33812787882704,160.60646914704913,321691.42462158203,524.66943359375,613.1316292205937,320610.73630661715,5.0347531310085465,0.008948357866779277,1.0090291539677165,20384.966796875,193.0,132.78827932834898,11.573779338407652,False,False,science_V_004.fits,319312.12556334794,516.801191908818,617.8625950608989,-9.315160400934946,0.001757186806061612,15.111189296836772,0.014473280544014491,4
200,280.11708371229275,161.7281064503584,767215.8401489258,761.1821899414062,1007.9266833712754,765322.2914981009,5.084477780992018,0.016634034634251504,1.0169154060849206,51070.27734375,217.0,132.7928786834881,11.57409105290893,False,False,science_V_004.fits,780696.3294483055,758.1275774784431,1029.7690687429242,-10.285827217725782,0.0010543140524946557,14.140522480045936,0.014404850653708254,4
201,469.47974921382297,167.17935514364123,26873.677307128906,210.4290771484375,127.70895387319553,28097.822270488796,4.438522206300746,0.03321347033531885,1.0343545025879068,1812.807861328125,78.0,132.7391858618452,11.57559903080457,False,False,science_V_004.fits,31960.37041649937,282.84710637590854,112.99521789706239,-6.816151384258841,0.009608371223188073,17.610198313512875,0.017283198251392597,4
202,475.60850311310105,175.04710798467025,101132.67950439453,332.3996887207031,304.25022325869463,102072.90709886662,4.831097495055124,0.008948910834916668,1.0090297169669182,6609.6171875,127.0,132.73744759760925,11.577784148269018,False,False,science_V_004.fits,102472.00046707348,355.88844954591394,287.93291998607936,-8.08113491059826,0.0037706699187174926,16.345214787173457,0.01485281440906983,4
203,363.3858940659309,174.6353320897265,670873.5546264648,709.2216796875,945.9292825369745,701304.6169701063,4.82644783855171,0.2061498240473093,1.2596835401590876,43532.92578125,171.0,132.76926797862845,11.5776748592056,False,False,science_V_004.fits,1457790.5650730785,1014.0680940837675,1437.566740910258,-10.963859711831104,0.0007552345008430996,13.462489985940614,0.014386053085736029,4
204,367.0997826274534,180.84271992927393,1678676.3836975098,1096.385498046875,1531.100499493965,1696804.528280849,5.439386525147841,0.054508109699509255,1.0576505311771482,57767.4609375,253.0,132.76821472086857,11.57939902013976,False,True,science_V_004.fits,2015631.5734393618,1183.7157786808166,1702.8002918789066,-11.315649755671203,0.0006375967899336072,13.110699942100515,0.01438035722438372,4
205,399.1541868491735,185.3938675602498,1721006.1596069336,1119.3785400390625,1537.4657437571354,1710512.4870237461,5.533222179447084,0.001871502129645597,1.0018750112171315,58657.65234375,318.0,132.75912555508052,11.580662094069208,False,True,science_V_004.fits,1698053.1403739166,1090.6559374896333,1556.9100043431952,-11.129500067329621,0.0006973428117047897,13.296849630442097,0.01438313009158256,4
206,354.7935868823574,188.91153961714284,31717.172821044922,225.5046844482422,140.6497292889924,32998.676575827776,4.619312209503366,0.06603708696439547,1.0707063268173669,2151.482666015625,91.0,132.77170389839517,11.581640718172265,False,False,science_V_004.fits,28884.79348415527,281.1759463072529,102.72853657471693,-6.706295041140354,0.010568631036716312,17.720054656631362,0.017834912565656013,4
207,376.16481586331025,197.21834794535312,489379.63107299805,630.5569458007812,776.1069548627462,487186.6584777373,5.102122810380466,0.010801461598116902,1.0109194071551777,32625.72265625,216.0,132.76564378356258,11.583947512675838,False,False,science_V_004.fits,479648.79560049,616.7079559052232,777.7567826191678,-9.756930269772552,0.0013959376816281887,14.669419427999166,0.014433876341625658,4
208,391.33528870220334,200.3108819094962,1037153.2903442383,884.0911865234375,1173.1293176020629,1031411.6172823254,5.459467533409405,0.10665929014065112,1.119393741898815,58824.62109375,271.0,132.76134202853555,11.584806010456928,False,True,science_V_004.fits,1021638.6375920473,860.0971909931017,1187.817665597098,-10.577865147168792,0.0009140291742118813,13.848484550602926,0.014395262886299155,4
209,351.89286070951397,203.49907561662758,414754.90420532227,585.0735473632812,708.8936187159296,413306.25399660226,5.019891740852085,0.0070819388298952735,1.0071324504073875,26536.76171875,201.0,132.77252600308609,11.585692889439116,False,False,science_V_004.fits,412060.9417259781,575.3084128320537,716.2435530840544,-9.592025500883869,0.001515825162160431,14.834324196887849,0.014445963801581052,4
210,71.79745359189944,194.8141895744466,366274.32806396484,544.3198852539062,672.9027139861162,366773.40773560945,5.013157570385693,0.007123495843911476,1.0071746041064455,24542.333984375,182.0,132.85194801432655,11.58327708505492,False,False,science_V_004.fits,371012.27697556105,544.0362570278484,681.9624100100548,-9.478092576208716,0.0015920232318728427,14.948257121563001,0.014454157955590989,4
211,82.34574661475293,195.82337545394938,192880.5852355957,446.6101989746094,431.8768037058673,195339.81186504525,4.911729981392627,0.03444960198858371,1.0356787196810584,12614.576171875,148.0,132.84895706955305,11.58355793240249,False,False,science_V_004.fits,204561.72118817578,462.5077060435966,442.2882440987773,-8.831682797040518,0.0024547340212766953,15.5946669007312,0.014574424974919753,4
212,230.5241118976467,201.11773507059374,1222009.5162353516,939.7098388671875,1300.411537361867,1228659.8011354231,5.082016474759129,0.04345638230269655,1.0454306332703462,66027.5546875,221.0,132.80694071019818,11.585032619293901,False,True,science_V_004.fits,1505845.1919448746,1028.219276351287,1464.5175660278214,-10.99907269058859,0.0007413362769998861,13.427277007183127,0.014385330156445749,4
213,231.22358430917959,210.29219656427242,1672152.5166931152,1091.548095703125,1531.9091511180657,1698194.9320515632,5.434676201136227,0.06202055607424106,1.0661214448524206,60428.88671875,247.0,132.80674243326547,11.587581085315175,False,True,science_V_004.fits,1808800.785865951,1122.5948602700623,1611.2676530790534,-11.198098719101823,0.0006738172878511406,13.228250978669895,0.014382008690435369,4
214,241.2551882077687,222.27568727805914,1018976.3367614746,873.0538940429688,1167.1402461109967,1012827.1812142824,5.194597446845423,0.0023204290449421183,1.002325825959051,55765.69140625,265.0,132.80389794825905,11.59090988457802,False,False,science_V_004.fits,1007899.6292892525,852.3141536447991,1182.54475181377,-10.563165087707002,0.0009181047891293493,13.863184610064716,0.014395522242634119,4
215,256.0159417679273,224.5436300310488,51891.17007446289,260.1175537109375,199.4912274629813,52611.070061515886,4.657643801032483,0.01865858488557748,1.0190133470351925,3539.5244140625,105.0,132.79971238269937,11.59153989461009,False,False,science_V_004.fits,51270.89212275247,298.7286751904785,171.63029993709372,-7.329299059811665,0.006325806109981355,17.097050637960052,0.01569725986200868,4
216,483.607251155075,221.64959103283402,1597741.756439209,1081.735107421875,1477.017566941268,1587935.610076616,5.42683630716869,0.007173701235624552,1.0072255350654515,60981.27734375,306.0,132.73517657280826,11.590728777465177,False,True,science_V_004.fits,1577387.9191293414,1054.1836621052842,1496.312242194286,-11.049468149880532,0.0007255838516751434,13.376881547891186,0.014384526970330417,4
217,471.17820822398346,226.47216218075303,406126.808013916,577.8006591796875,702.8839471912346,405888.47761745675,5.0328819822050175,0.01265820536915907,1.0128204897614932,25787.796875,184.0,132.7387006563134,11.592069143248658,False,False,science_V_004.fits,407318.46802338044,575.4404587135841,707.8377299607229,-9.579457128195333,0.0015338261215042102,14.846892569576385,0.014447863745390184,4
218,412.2922836472328,237.84950734152483,83856.83676147461,364.1230773925781,230.29805570676487,84986.436225015,4.803450664227347,0.021633763842770937,1.022112132495233,5520.7646484375,124.0,132.75539792192487,11.59523255351111,False,False,science_V_004.fits,84231.17428792325,448.3315990148807,187.87695195476843,-7.868304012395946,0.005778782275866299,16.55804568537577,0.015484911004788432,4
219,400.46020526460813,242.84940232258813,226452.6828918457,519.9573364257812,435.52166115877003,229272.02792021475,4.933225743216349,0.03755691224628066,1.039022475951213,14524.814453125,145.0,132.75875287546785,11.596621907779932,False,False,science_V_004.fits,258480.579602887,549.0371570394689,470.788864266805,-9.085691671163797,0.002306129312745837,15.34065802660792,0.014550133217309627,4
220,400.87024675601737,253.79706529838109,1335327.0803527832,991.100341796875,1347.3177477992003,1329111.575079789,5.284622419051647,0.01827701136746618,1.018617279598316,58363.4609375,271.0,132.75863615097177,11.599662907970414,False,True,science_V_004.fits,1322190.8925876115,971.0102925281174,1361.665167467136,-10.8578572774454,0.000797332579212212,13.568492420326319,0.014388324554173241,4
221,386.7124227089997,261.316384368128,118545.9992980957,353.6565246582031,335.2009394218482,119239.75377120527,4.844337144320656,0.008568059921111093,1.0086421060031912,7635.5302734375,136.0,132.76265059351252,11.601752150448775,False,False,science_V_004.fits,115780.30480722853,370.46297612107816,312.5286797064118,-8.21370859546824,0.00347392118067341,16.212641102303476,0.014780266323848254,4
222,129.53735969206303,244.12549276461084,1036653.512878418,870.2857055664062,1191.1645868108737,1049539.862435136,5.095458401145596,0.04420473138123526,1.046249163217889,57278.3515625,223.0,132.8355774673814,11.596977125897864,False,True,science_V_004.fits,1141061.3575150154,901.2495620692359,1266.0881131472402,-10.697894369209433,0.0008575232550767486,13.728455328562285,0.014391785517000622,4
223,138.4609795701373,248.25494364428877,1617894.086090088,1064.3175048828125,1520.1235333137054,1640382.731943795,5.1202207930916765,0.1581891463075361,1.1879153085442717,56919.0,181.0,132.83304716401352,11.598124493802704,False,True,science_V_004.fits,2582652.4961132607,1331.933643926573,1939.0248965402945,-11.584786810134942,0.0005599206085167656,12.841562887636776,0.014377122637099301,4
224,143.15154384882575,252.57807225110952,1299466.655090332,964.1445922851562,1347.7922974295961,1328700.0677119908,4.957914667840713,0.17014086922344918,1.2050237961040902,57198.1484375,210.0,132.83171720830714,11.599325510720622,False,True,science_V_004.fits,2348557.3795019803,1272.3062285373676,1845.9057472365453,-11.481624812161144,0.0005881665418862105,12.944724885610574,0.014378250384359907,4
225,171.71144812027148,250.3378444213273,75942.92379760742,293.7459411621094,258.53267451854543,76797.91313803502,4.825121632825799,0.005853248956062429,1.005887711195471,5033.42333984375,117.0,132.8236184559755,11.598703995528874,False,False,science_V_004.fits,78308.98704260186,324.8421011203298,241.0678504187923,-7.789150889627608,0.004503711291712605,16.63719880814411,0.015055615551462884,4
226,178.3941259342871,262.4680806395705,1531999.7761535645,1044.101806640625,1467.2896516506762,1570199.3160673876,5.272639990809914,0.11575178224124949,1.1309041736432768,57089.26171875,224.0,132.82172372291697,11.602073653019794,False,True,science_V_004.fits,2091441.9542615267,1203.7985159831733,1737.3687759976945,-11.355736413301509,0.0006249105054720063,13.070613284470209,0.014379800324559471,4
227,171.32688889190982,267.37428870491107,1918695.7695922852,1168.727294921875,1641.6967225194674,1945898.3437839383,5.988981303257895,0.16986383942075822,1.2046216602614117,57005.09765625,283.0,132.82372790704457,11.603436331879497,False,True,science_V_004.fits,2257673.0053415233,1250.1139823601077,1805.9737249552484,-11.438774474590335,0.0006011715369928228,12.987575223181382,0.01437878824697136,4
228,153.4177710169155,273.9347792030259,1198846.7092590332,942.6575317382812,1271.7733311357874,1189930.4906408675,5.271573824374022,0.008932686715321325,1.0090131987964732,56752.140625,293.0,132.82880663827436,11.605258231391998,False,True,science_V_004.fits,1179067.7816460466,917.837978413398,1284.6142885525594,-10.733468804820811,0.0008451564097292689,13.692880892950907,0.014391053943032035,4
229,137.6474225248789,280.53540271533933,623778.3270874023,695.7793579101562,896.517437598298,621355.8722859803,5.2258811464664445,0.1008478595232235,1.1121588382915364,55645.80078125,225.0,132.8332789315054,11.607091260143225,False,False,science_V_004.fits,618850.5509663654,681.8160617470753,907.6502970326512,-10.033586328872723,0.0011961655315372455,14.392763368898995,0.014415927171472156,4
230,102.00079959408889,273.8731002951856,933474.1289978027,829.0960083007812,1125.893888828319,938084.6170272804,5.054764914254508,0.03153935518484008,1.0325664809960964,56892.27734375,219.0,132.8433871953578,11.605239288260046,False,True,science_V_004.fits,1018723.71107159,854.4192572151532,1192.29956776953,-10.57476291053648,0.0009105933016742186,13.851586787235238,0.014395045133496643,4
231,110.22933302932394,273.50887223049693,360577.9546203613,534.3114624023438,674.8460027399548,373034.6434179464,4.86736128673396,0.05773010078558438,1.0612670539870952,22794.46875,151.0,132.841053775848,11.605138452647909,False,False,science_V_004.fits,617761.2104956107,680.6192856072807,907.6457625563974,-10.031673462229856,0.001196171507419492,14.394676235541862,0.014415927667323863,4
232,283.1985546619844,274.5920876240738,494278.45877075195,632.5482788085938,781.4082740083123,491933.8812879852,5.064060310706814,0.003751783981529533,1.0037659128731227,31896.583984375,218.0,132.79200405499708,11.605442134046868,False,False,science_V_004.fits,490088.09915896517,618.5664447801545,792.2966130714511,-9.780307265640033,0.0013703201327481746,14.646042432131685,0.014431421326417103,4
233,274.5395240776033,292.2559396822541,1234330.6290893555,957.1759033203125,1289.5546417410123,1226168.4704377232,5.263416280288821,0.0013947366974746966,1.0013966847048874,57176.80078125,288.0,132.79445944341407,11.610348816662139,False,True,science_V_004.fits,1220501.0296063602,932.6633659513869,1308.619030362962,-10.770967249343968,0.0008296532258887199,13.65538244842775,0.014390151795918588,4
234,467.6804247156147,277.0217207240911,290822.3747253418,487.4710388183594,596.5941595839246,299038.66921488027,4.441902581084037,0.1948259295137016,1.2419674659866198,58283.78515625,126.0,132.7396894582552,11.606110886626592,False,True,science_V_004.fits,859618.9587174997,796.1428988318777,1079.7294806984473,-10.39038683703984,0.0010055296436823145,14.035962860731878,0.014401362230659824,4
235,497.7117316113769,284.0201681517348,675205.2865600586,731.5653076171875,922.9596859360355,670749.0736981443,5.126573268798485,0.009231628905672418,1.0093176459554072,45077.36328125,244.0,132.73117283689868,11.608053007056059,False,False,science_V_004.fits,666648.0410866466,710.9837137859842,937.6417886378151,-10.114363392278099,0.0011579048770610795,14.311986305493619,0.014412802917499192,4
236,464.82777809990654,284.6647498641291,1876862.7626953125,1164.021484375,1612.3952932905354,1874004.5705783982,5.572981388604611,0.02442888182777747,1.0250405955780508,60465.88671875,298.0,132.74049794640905,11.608234115779457,False,True,science_V_004.fits,1925428.712846443,1159.7088759542903,1660.269014723255,-11.26594048383904,0.0006539301705759847,13.160409213932677,0.014381090671515181,4
237,481.8986775177409,289.01821120565177,306098.6777038574,520.9351806640625,587.5945589116441,305313.48995570163,5.121791552254497,0.01690458517372939,1.0171952639782342,20694.154296875,193.0,132.73565674197818,11.609442378585722,False,False,science_V_004.fits,289030.4592225058,512.5305878427502,563.928214390169,-9.206980906323333,0.001925245044130438,15.219368791448385,0.014494644276914843,4
238,476.9207274561039,300.415299737484,257476.58264160156,486.530517578125,529.2095219910991,261724.9055088301,4.794936787238008,0.14601342418637542,1.170978594186054,18162.791015625,139.0,132.7370676695995,11.612608543551328,False,False,science_V_004.fits,579344.8217435172,685.0704728651796,845.6718610576156,-9.961964697890208,0.0012838312943772305,14.46438499988151,0.014423465846556219,4
239,473.09096439361343,308.24664467496024,1634721.5740356445,1088.309326171875,1502.074396243367,1637004.0844681726,5.442557681774263,0.025369026190361854,1.0260293658544417,60242.984375,267.0,132.7381532398064,11.614784148932197,False,True,science_V_004.fits,1666567.0130931835,1084.1435452318483,1537.219882388159,-11.109178827645298,0.00070627501793257,13.31717087012642,0.014383565922096895,4
240,462.8421500331655,320.2777086087172,1102731.185333252,910.4168701171875,1211.237644565297,1095457.5313532946,5.201478780014521,0.004634742087853749,1.004656322943776,59477.57421875,267.0,132.74105893719593,11.618126713251238,False,True,science_V_004.fits,1087082.503700955,887.5707311051164,1224.7840826695876,-10.645278138907825,0.0008864419576988343,13.781071558863893,0.014393537563042671,4
241,446.9889872372649,325.5107860083408,458870.10147094727,647.7897338867188,708.3627255370976,456719.3312708394,5.074351623675805,0.009021035560247914,1.0091031554492662,29369.59765625,213.0,132.7455544165783,11.619581222570606,False,False,science_V_004.fits,453823.6521850792,603.0255734549083,752.5777880115297,-9.69683969031834,0.0014426415678154014,14.729510007453378,0.014438468025643867,4
242,67.80423845249496,288.195183456378,665323.7909545898,716.702392578125,928.3125015967704,661672.0587808002,5.087270206820155,0.003694267410226937,1.0037079656268002,44558.62890625,238.0,132.85308523295637,11.609216034201138,False,False,science_V_004.fits,659930.4644882529,700.3838325099485,942.2411452921123,-10.103367317138026,0.0011522528021883538,14.322982380633691,0.014412349938663796,4
243,77.10273657292488,306.7642152337045,1475492.180053711,1037.31689453125,1422.4121749414549,1465633.5704162926,5.384800448394545,0.002944568446036855,1.0029532645356012,58316.0390625,311.0,132.8504493087558,11.614374565974515,False,True,science_V_004.fits,1458603.5406753812,1011.5348581578123,1441.9706141731604,-10.964465032673116,0.0007529279649173369,13.461884665098601,0.014385932182333753,4
244,371.3989870579672,287.01858956105764,174901.9276123047,409.5751953125,427.03251958131165,175681.7009604242,4.923063839765801,0.01212096068781121,1.012269681008973,11434.7880859375,151.0,132.76699219994262,11.608892175873008,False,False,science_V_004.fits,175564.7703654552,419.40773624418927,418.6016498828652,-8.665715306000447,0.0025936352623163452,15.760634391771271,0.014598461840491354,4
245,366.83278797613195,298.1324098256033,291421.5797729492,503.2486572265625,579.0806902078851,291613.5554079788,4.986506202677525,0.004987612765469884,1.0050126137417565,19778.193359375,174.0,132.76828672533898,11.611979491751663,False,False,science_V_004.fits,290317.8658671548,502.3487068372217,577.9209977367927,-9.2118062807814,0.0018786304776115253,15.214543416990319,0.014488526381442742,4
246,35.60253048322698,313.17324037841286,528639.4745483398,651.4432983398438,811.489619887931,528138.2307572835,5.970769522685689,0.25726091314280386,1.3463678129979262,28721.021484375,244.0,132.86221849798073,11.616152567725083,False,False,science_V_004.fits,519435.18187545455,629.4514434097314,825.2188271452362,-9.843450277786808,0.0013156510301102473,14.58289941998491,0.01442633293208574,4
247,49.41388205948062,314.23106936335137,426746.55267333984,587.1906127929688,726.7598346702484,425172.0244692913,5.084104805478076,0.021445986101638392,1.021915996252677,27223.09375,204.0,132.85830185727602,11.616447221386398,False,False,science_V_004.fits,424209.02236683795,577.2405660994564,734.8912174231157,-9.623571626915998,0.0014773615118261853,14.80277807085572,0.0144419784403307,4
248,216.4997470741584,321.8832809673216,83497.7387084961,316.4385070800781,263.86718695827403,84146.70249183841,5.070031826344788,0.13073590837538618,1.1503983767821893,5264.10400390625,140.0,132.81091869273376,11.618578480751086,False,False,science_V_004.fits,82323.95367297652,331.3070871775179,248.48232005633633,-7.843437423018813,0.004369324947359829,16.582912274752903,0.015015962997089877,4
249,223.049699310709,333.52471388014783,36985.24743652344,231.87782287597656,159.50316842635516,37969.762770465124,4.521043203874663,0.010718964448347412,1.0108351055596352,2598.37548828125,91.0,132.80906130669067,11.621812275558753,False,False,science_V_004.fits,36675.93615119107,469.89345526759763,78.05160029374031,-6.965574894037964,0.013910028697862235,17.460774803733752,0.01999692582897937,4
250,414.5896412430671,323.66163542069955,1111171.047454834,910.560791015625,1220.3150612442378,1105008.7074505305,5.189659969301492,0.007290864916283946,1.007344412032301,58709.28125,254.0,132.7547426077476,11.619069147024627,False,True,science_V_004.fits,1100170.7388773751,891.058856707828,1234.6779683467234,-10.658272098750398,0.000879338603128871,13.76807759902132,0.014393101841274661,4
251,403.7492328523345,331.7372371878843,467413.2340698242,616.70556640625,757.9195965322606,466550.03376481775,5.05647838614893,0.005056840546144525,1.0050825421513732,30878.18359375,198.0,132.75781648742756,11.62131283163223,False,False,science_V_004.fits,465566.0510782947,608.7346041878558,764.8095703371921,-9.724575134508726,0.001419569056283295,14.701774563262992,0.014436180954113469,4
252,417.95542119688207,338.0298244667045,93519.29238891602,325.5787048339844,287.240200296891,94339.33390207223,4.806410002171947,0.017667265187637393,1.0179850111490096,6529.486328125,125.0,132.75378744936248,11.623060158502637,False,False,science_V_004.fits,92218.66709138226,350.56799958864184,263.05500558976314,-7.966668975867098,0.004127273676339617,16.45968072190462,0.014947325253494598,4
253,317.1089759685963,338.86460084770914,1773028.4344787598,1137.4852294921875,1558.7265561859651,1762280.5697752046,5.592687988583963,0.0022162218461950767,1.0022211443949267,58034.23046875,335.0,132.7823867762045,11.623295184349026,False,True,science_V_004.fits,1749104.0887455428,1106.1259678962456,1581.2883337981705,-11.161661011549356,0.0006865920507945609,13.264688686222362,0.014382612866880818,4
254,246.57520767911015,348.94880003725285,678683.2700195312,716.3469848632812,947.4225261785134,688677.6583753852,5.01237965834972,0.04425039440484779,1.0462991500554089,44473.84765625,187.0,132.80238970269463,11.626096874721764,False,False,science_V_004.fits,735004.1879523767,739.8732486587488,993.419061014574,-10.220346408143984,0.0010928922572626904,14.206003289627734,0.014407725626216518,4
255,273.2445352222395,354.2957994143111,1723574.1502685547,1118.456787109375,1541.0288266237726,1713686.7994193193,5.567322336912939,0.005707311069093723,1.0057400714423743,57178.7890625,310.0,132.79482635705412,11.627582115713034,False,True,science_V_004.fits,1698252.3918306024,1090.9903569151859,1556.615400921115,-11.129627461357378,0.0006974747900846578,13.29672223641434,0.014383136490945048,4
256,255.46669891264256,352.9287271720344,925709.1021728516,838.0684814453125,1104.5745337855878,934397.425453921,5.955374584792364,0.25887967752001784,1.3493085665951499,53374.1484375,261.0,132.79986810965468,11.627202419600707,False,False,science_V_004.fits,944633.6638453408,829.3925783865147,1138.9463668495973,-10.492780420138999,0.0009532494519501561,13.933569277632719,0.014397806386807495,4
257,234.90323701101107,356.32944943375463,574103.1552734375,693.3666381835938,827.9936236583437,572277.099225737,5.085295923547048,0.00299342861092311,1.0030024161292663,37874.51171875,217.0,132.80569987027206,11.628147008519928,False,False,science_V_004.fits,570144.8317181447,669.6290252339624,851.4338689529493,-9.944584853688099,0.0012751430728673498,14.481764844083619,0.014422695104959856,4
258,301.71483897646965,357.3972367169447,691194.6795349121,721.3735961914062,958.1646503062657,710187.2102601978,4.953261837719859,0.07772236528687715,1.0842721999987053,44330.87109375,179.0,132.7867522054062,11.628443369596395,False,False,science_V_004.fits,1003625.1646947884,853.3416382515649,1176.111793573256,-10.55855072951906,0.0009231265309409345,13.867798968252657,0.014395843387119715,4
259,286.6060722856414,362.0186285848431,1781513.9941101074,1135.6778564453125,1568.6789911412652,1771851.1768653647,5.625142308171102,0.019546252324474378,1.0199359249437465,56855.87109375,308.0,132.79103698782905,11.629727253184834,False,True,science_V_004.fits,1754020.8898105973,1108.0993013999691,1582.9094807609506,-11.16470877745324,0.000685888873113624,13.261640920318477,0.014382579315985449,4
260,309.0527859960912,358.61468555009697,704563.4748840332,728.90185546875,966.6095230762377,716497.8608422215,4.9079611416167275,0.0977751061147758,1.1083711021248037,46068.2421875,184.0,132.78467115607504,11.628781447270628,False,False,science_V_004.fits,1011008.824455127,855.9110836441585,1181.2077723665159,-10.566509239762809,0.0009191439689097468,13.85984045800891,0.014395588555871364,4
261,467.67058955748746,346.31325810708955,1147968.830291748,916.06494140625,1253.152236706606,1156197.6768379146,5.0307425695321815,0.0971615471376629,1.1076178654438391,59916.25,209.0,132.7396880881852,11.625358524182424,False,True,science_V_004.fits,1692365.8127839167,1090.573529938787,1551.8126621676834,-11.125857483123948,0.0006996334199795846,13.30049221464777,0.014383241329989,4
262,464.92948157673305,352.2175189523036,794766.3262939453,769.7457275390625,1032.5050180335209,837427.9991368132,4.774878578871396,0.17457056326666542,1.2114905956801523,55539.76953125,177.0,132.74046510306576,11.626998755883424,False,False,science_V_004.fits,1534679.6507853863,1041.140652076779,1474.0368150298789,-11.019666210518926,0.0007365487679342614,13.406683487252792,0.014385084230615297,4
263,18.266481411168364,381.95569759071935,1250526.3554382324,954.0202026367188,1310.7965135141067,1245354.106863406,5.180106304502147,0.006937469387042872,1.0069859340909386,62727.5546875,254.0,132.86713934909372,11.635257694166583,False,True,science_V_004.fits,1243701.7179557404,937.9811725837068,1325.9346288688441,-10.79141245961649,0.0008188186478893093,13.634937238155228,0.014389531201970503,4
264,12.107143753164149,393.67069821901754,1052623.1590881348,879.8768920898438,1196.330041794815,1047798.8462591755,5.116331561281597,0.007704257428826744,1.0077640738524827,62292.83203125,240.0,132.86888697156527,11.63851144770622,False,True,science_V_004.fits,1048175.8807389843,866.1213140698006,1210.1952275181072,-10.605707279194394,0.0008971279801082802,13.820642418577323,0.014394199625093593,4
265,368.97838416123926,397.0366947572317,1415081.9300231934,1015.4555053710938,1393.5440031969279,1414379.3487376394,5.2799332163813535,0.030929503545214287,1.0319166703128055,58683.6484375,252.0,132.76767509168204,11.639452826761472,False,True,science_V_004.fits,1433473.5391619785,1007.5856898542584,1422.6815184019956,-10.945596075562456,0.0007631363632385521,13.480753622209262,0.014386470079322738,4
266,361.3565133825117,404.3158657375796,917703.8715820312,829.2327880859375,1106.6902862105894,918090.1737910518,5.06672874260141,0.03817683866255206,1.0396921598451279,57095.51953125,218.0,132.7698365090227,11.641475050343622,False,True,science_V_004.fits,964227.0271958511,838.2332809649735,1150.3086898265763,-10.51507012542193,0.0009438336071021799,13.911279572349788,0.014397186048400115,4
267,253.29522694327784,422.17565946960303,575011.6424560547,662.0087890625,868.5861154054377,583259.3695639666,4.81989383122082,0.11640381831439206,1.1317387068064648,37226.71484375,166.0,132.80048396646708,11.646437670074747,False,False,science_V_004.fits,973546.4170925164,840.7662252088061,1157.9275997328914,-10.525513531032253,0.0009376233887597526,13.900836166739465,0.014396780259957458,4
268,255.02540476560065,429.7575027574169,1103625.1137390137,884.2533569335938,1248.0869934903674,1132163.6799689746,4.977742005845901,0.04290274147634465,1.0448258952726739,58135.0859375,139.0,132.79999325891242,11.648543736610785,False,True,science_V_004.fits,1591745.6158631817,1058.6567015794,1503.5522029837161,-11.059306029947024,0.0007220899931811403,13.367043667824694,0.014384351156468746,4
269,264.0073884323531,428.34205035219924,125790.74060058594,343.828369140625,365.85329161462477,129808.50491055864,4.590395909044397,0.09398020915750027,1.1037286493158267,8275.21875,103.0,132.79744580180844,11.648150544405157,False,False,science_V_004.fits,267556.72310548107,487.273887670003,549.0889823480112,-9.123161544795805,0.0019772751501174472,15.303188152975913,0.014501646846259337,4
270,251.82672120115666,436.1576761529548,464590.43145751953,604.7002563476562,768.2987175557201,488627.0248056607,4.760904563865661,0.17190968697505082,1.2075977514422047,33253.5859375,165.0,132.8009004718942,11.650321559832557,False,False,science_V_004.fits,999096.3289139726,852.7076989366567,1171.6750419397706,-10.553640282040615,0.0009266221103443202,13.872709415731103,0.014396067962111403,4
271,248.20131679200364,453.5506607586572,668543.8463134766,726.3196411132812,920.454037686152,664251.4241726305,5.126147861266351,0.008301559882789022,1.0083710526778764,42503.43359375,247.0,132.80192874518974,11.655152935327246,False,False,science_V_004.fits,660380.6010670881,705.9083372600634,935.5047478689822,-10.104107642069648,0.0011605499624380879,14.32224205570207,0.014413015661188551,4
272,288.47860216072274,424.8971645577078,485586.0055541992,633.802734375,766.1469085220042,495048.94340378843,4.755069913016737,0.18444048998209006,1.2261520927860183,35660.65625,152.0,132.79050534448174,11.647193488042516,False,False,science_V_004.fits,1022041.84140235,875.2135213742506,1167.7628560828805,-10.578293563435349,0.0009297264374736576,13.84805613433637,0.014396268109579263,4
273,293.7943971371726,429.4071109326421,987006.5278930664,853.1604614257812,1156.8826410961483,1003903.3890812935,5.026711313331444,0.0594412712872312,1.0631978306857897,58484.13671875,206.0,132.78899764228518,11.648446196704294,False,True,science_V_004.fits,1266324.6956238546,962.4273588590389,1315.7613236650786,-10.810984565253916,0.0008251496532636799,13.615365132517802,0.014389892848267933,4
274,328.4336570534368,428.41787244752913,645394.9088745117,699.66455078125,922.4347698534384,648204.3182966795,4.896889101772511,0.06821509281309068,1.0732090553162472,38649.22265625,172.0,132.7791733167508,11.648170868815729,False,False,science_V_004.fits,912846.110299586,817.6191446417226,1116.4686104550444,-10.455615797392346,0.0009724411325433468,13.970733900379372,0.014399089762572271,4
275,349.7547689229183,434.5745009400162,1094749.546447754,907.8438110351562,1205.8787350210396,1087520.6633221197,5.173611092284581,0.0034888247679526474,1.0035010392805082,59777.54296875,271.0,132.77312608998983,11.649880544191344,False,True,science_V_004.fits,1083375.1402538582,884.6073299777953,1224.6960923114352,-10.641569038530212,0.0008865056456176812,13.784780659241505,0.014393541485474082,4
276,330.13384564840203,436.72891384713824,1206501.2941589355,942.12353515625,1280.6189943645118,1207382.3431432315,5.1409817999905485,0.061571307019235855,1.0656110661148528,59167.1484375,241.0,132.7786909354874,11.650479454493535,False,True,science_V_004.fits,1337444.5062447253,975.4771221641126,1371.0670151623667,-10.870311301929785,0.0007918650131565069,13.556038395841933,0.014388022603311852,4
277,123.89549914859275,440.7389409769517,227167.39254760742,442.6200256347656,513.2334268469315,231924.84204835154,4.89277066369394,0.04609949906775568,1.0483273664524788,14782.0712890625,142.0,132.83718458522873,11.651591747156875,False,False,science_V_004.fits,310438.5366264929,510.7676882307492,607.7881271264879,-9.28456094292096,0.0017863132752082424,15.141788754850758,0.014476845628504043,4
278,119.1953455820601,446.0525427824421,151275.04321289062,371.1000671386719,407.63949297902576,155352.24854644484,4.627328065729923,0.15667042427743383,1.185776034408847,10101.4140625,118.0,132.83851785551684,11.653067571902819,False,False,science_V_004.fits,267838.5536364566,481.8835449030397,555.8159361726051,-9.124304601720818,0.0019533444965184354,15.3020450960509,0.014498403324381284,4
279,11.864527559320566,452.1586981043738,1526533.621887207,1041.5277099609375,1465.6677948054398,1552508.9040097564,5.532692358058582,0.2529468983703076,1.3385929297643036,65303.71875,220.0,132.86895979394356,11.654758075348296,False,True,science_V_004.fits,2056457.0721370294,1193.0260025601738,1723.7319787866954,-11.33742099450533,0.000629854300646093,13.088928703266388,0.014380016017876815,4
280,15.91493969641592,459.03347285639063,1691055.9166870117,1086.0933837890625,1557.0078429051944,1692069.0511658515,5.108717678830129,0.13683480966771178,1.1585267932491985,65481.35546875,171.0,132.86781146038885,11.656668003136913,False,True,science_V_004.fits,2446363.2308231974,1297.77006113836,1885.051369329117,-11.525924225569216,0.0005759524741155446,12.900425472202501,0.014377755926666414,4
281,20.719269939634497,466.17233027357,1412046.844177246,1004.619140625,1405.5543907901003,1425122.7968275375,5.151492225489712,0.06578840893996685,1.0704213152240147,65996.6796875,222.0,132.86644929566907,11.65865133166132,False,True,science_V_004.fits,1762713.750533509,1108.818757265615,1589.722160617504,-11.17007635493502,0.000682949528475011,13.256273342836698,0.014382439441652297,4
282,24.184387854499477,482.10650713120293,1911237.0920410156,1170.621826171875,1632.6682531548843,1899779.3344359847,5.495737992204667,0.023114402376653187,1.0236613196395645,65655.34375,314.0,132.86546752662457,11.663077707926982,False,True,science_V_004.fits,1888067.0544573702,1145.1051573182845,1648.8154318325,-11.244665409411716,0.0006584727308097479,13.181684288360001,0.014381297944607485,4
283,92.60108418076825,464.92652372389006,694979.9692077637,731.9161987304688,949.5348926738169,691204.7447069031,5.108453056889153,0.003653945467351538,1.0036673457487273,45270.4921875,234.0,132.84606147534606,11.658309236433038,False,False,science_V_004.fits,688549.1281317644,715.8993160662528,961.7960412579059,-10.1494592058041,0.0011288256069135446,14.276890491967619,0.0144104958792255,4
284,105.56500100259794,472.50825975371976,370151.7621154785,551.3487548828125,671.3568477980025,373667.28238061594,5.0698100671650765,0.030258690850804792,1.0312028481877835,22476.787109375,184.0,132.84238485631573,11.66041583303273,False,False,science_V_004.fits,367915.6531265935,553.3180660681263,664.9261531274392,-9.46899253770602,0.0016328128994377452,14.957357160065698,0.014458707487148417,4
285,116.87967925672872,476.23182889233675,1168147.607421875,929.44970703125,1256.8163705737759,1160846.2715280359,5.229907832774843,0.01252316154499622,1.0126819800296176,61500.90625,272.0,132.8391758095089,11.661450608499106,False,True,science_V_004.fits,1145352.588998345,908.6072999727398,1260.5584272024978,-10.701969878687688,0.0008612849484568888,13.72437981908403,0.014392010144409634,4
286,131.48572988244888,489.0964233075523,1870838.8776245117,1166.23681640625,1604.1672251348466,1856986.1537097956,5.5834795169720195,0.0014846746493769603,1.0014868821856646,62478.35546875,358.0,132.83503351559804,11.665024632999573,False,True,science_V_004.fits,1841749.9744896446,1132.7614889572442,1625.8938818489098,-11.2176985553195,0.0006677557570764581,13.208651142452219,0.014381725973799534,4
287,105.24203149117353,491.70569680663556,1595068.968597412,1079.8551025390625,1477.113887638191,1583074.3198973718,5.426172260051959,0.003029549259377262,1.0030387553183013,62478.37109375,330.0,132.84247727212502,11.665748433075303,False,True,science_V_004.fits,1571017.5681319644,1050.2220270998123,1495.890895061808,-11.045074478111399,0.0007257882266574934,13.381275219660319,0.014384537280854953,4
288,400.0641064501032,481.60249290801073,56097.26934814453,270.22607421875,207.59384345247668,58239.504547406636,4.708211603906004,0.06545638522192343,1.070041017012852,3779.149169921875,100.0,132.7588554196091,11.662942184201365,False,False,science_V_004.fits,71634.65096555879,331.21157092765094,216.28064129802544,-7.692429746950165,0.005019866750366956,16.73391995082155,0.01521798956583264,4
289,410.1769116959302,488.17409790579404,1585984.8184204102,1079.5189208984375,1469.1588889432921,1575829.4050496505,5.4045833080104675,0.0005063467144679201,1.0005066032313497,62606.1796875,302.0,132.7559868021406,11.664767205215043,False,True,science_V_004.fits,1566800.9292338202,1051.6957079957806,1489.7854173234928,-11.04215642515598,0.0007287626710365703,13.384193272615738,0.014384687666579618,4
1,265.9999320803781,2.000955473409104,56713.396881103516,213.0153350830078,266.2409110546123,56478.811725404295,2.6571746860376946,0.00037390570682005464,1.0003740455645913,56943.234375,25.0,132.79688181715858,11.529722426400038,True,True,science_V_005.fits,54143.97322627852,271.5060627452818,199.42086257231995,-7.388497179711237,0.005444264887813687,17.03762464681532,0.019074433858283325,5
2,336.00037934038556,0.6617851597231369,43731.6682434082,183.9535369873047,237.73214127666535,43661.94920588358,2.231692893408097,0.35934568307712067,1.5609041780957484,43903.51171875,15.0,132.77703684557298,11.529349550640328,True,False,science_V_005.fits,43220.301264101254,245.98527318578525,175.70280002680593,-7.1438413484839565,0.006179184394525081,17.2822804780426,0.019297054869251075,5
3,401.5044056014725,0.6635815083426728,251858.79122924805,419.0632629394531,601.0042241895037,251785.03556056935,2.906499184148169,0.5443063477774248,2.1944567257469023,63526.98828125,24.0,132.7584666003061,11.52934800270923,True,True,science_V_005.fits,252115.82027603095,447.3388280466053,563.5902910036789,-9.058622120352304,0.0019263994027762857,15.367499706174256,0.018382193054811525,5
4,380.90569074815954,15.74007011513864,95214.00994873047,318.4289245605469,299.0118126992771,95893.86116311168,4.686618492338008,0.011234456144064375,1.011362103194103,6578.9580078125,119.0,132.76430575381158,11.533536680135038,False,False,science_V_005.fits,97289.564771386,343.79417448118414,282.9878223451708,-8.024787525450627,0.003836560849165203,16.40133430107593,0.01867921855953004,5
5,177.82640966311837,23.138722506851792,1375870.8201904297,999.7279052734375,1376.2452892760982,1367959.667153237,5.258442770428999,0.001468570264814284,1.0014707301353587,61284.66015625,282.0,132.82187931440225,11.53559321835381,False,True,science_V_005.fits,1365082.882472748,979.0831423493387,1394.2461303104367,-10.892519426123467,0.0007787003861063347,13.533602400403092,0.018297551233339024,5
6,479.83296652423485,18.40104748867146,18151.192901611328,181.81712341308594,99.83214210452596,19009.696245951367,4.163632497646515,0.034410641241061524,1.0356369308846662,1198.098876953125,64.0,132.73625951505707,11.534271071440195,False,False,science_V_005.fits,18321.680915471414,261.84688757627487,69.9709707648688,-6.212035162384854,0.01551643471759736,18.214086664141703,0.023978193284540955,5
7,271.6840507678325,21.970459066260016,366913.27603149414,550.8827514648438,666.046041659211,366193.5839287556,5.100882801458627,0.047656634550646726,1.050041441227619,23736.861328125,194.0,132.79527028556114,11.535269481393728,False,False,science_V_005.fits,365049.3270476393,543.3968773807406,671.7913595809293,-9.460500754477865,0.0016161267698906866,14.965621072048695,0.018352271591868446,5
8,499.62502048741766,25.307065802829566,1063825.7137756348,965.3609008789062,1101.997929279176,1055547.9000906092,5.21450472368781,0.02312323989771292,1.0236705804069817,64757.02734375,279.0,132.73064794213667,11.53618812921455,False,True,science_V_005.fits,1051140.2589152239,871.5419992250356,1206.0695409399486,-10.608773549003814,0.0009001968486442841,13.817348277522745,0.018303124356558727,5
9,428.65166223264083,38.70671732230274,974046.1900024414,856.5701293945312,1137.1470432793967,967912.5599348162,5.125522214121965,0.0023121507759972237,1.0023175092067078,61821.6171875,260.0,132.7507685525558,11.539914328955998,False,True,science_V_005.fits,966161.385408337,836.1790406319363,1155.4479823820595,-10.517246064143386,0.0009396355496348112,13.908875762383174,0.01830510644086731,5
10,293.909131086838,48.365980256889905,62242.158111572266,270.9222717285156,229.74175476405117,63015.74581486788,4.59694248245209,0.0026444697830151354,1.0026514815458434,4232.39208984375,104.0,132.78896909970186,11.542601392339844,False,False,science_V_005.fits,62574.390014113495,306.89488213477676,203.89518905901195,-7.545613435850383,0.00532479459182224,16.880508390676173,0.01904067867200231,5
11,450.23060807107345,52.505628333550774,1411180.7202148438,1019.0643920898438,1384.7807176550134,1401626.8807377792,5.292503038850036,0.002656158912706541,1.0026632328824638,63612.73046875,299.0,132.74464998120092,11.543746259671417,False,True,science_V_005.fits,1395792.934993336,993.2978569216751,1405.2108592270918,-10.916674363419599,0.0007726242598190337,13.50944746310696,0.01829729365486069,5
12,254.44947406433357,51.003068944402614,73131.40310668945,286.2691955566406,255.46375314496535,74110.92880154721,4.650460382112529,0.023952417497878464,1.0245402149723848,4923.22265625,110.0,132.8001563592525,11.543334124396685,False,False,science_V_005.fits,72748.71744577057,343.22432904692806,211.9567620622367,-7.709185226909652,0.005122271115281554,16.716936599616904,0.01898503800954299,5
13,487.8151460530038,58.37168289024626,60443.419677734375,277.1787414550781,218.06657812367018,61607.04654868739,4.711420265728372,0.017419834379793775,1.0177286647841077,4041.72802734375,111.0,132.73399392222973,11.545373504090014,False,False,science_V_005.fits,60519.26388137499,311.7160696765029,194.14868134383164,-7.50935596628025,0.00559210596994608,16.916765860246308,0.01911715606528468,5
14,184.25552710485383,70.19094543537148,17643.866760253906,174.1850128173828,101.29382818228972,18171.96397009488,4.102056345319653,0.006083320590262842,1.0061205538817153,1235.835205078125,63.0,132.8200575718266,11.548663396780926,False,False,science_V_005.fits,16991.758315000152,249.34434042904337,68.14575492574913,-6.130217679511097,0.015932026891227004,18.29590414701546,0.024249195609506818,5
15,205.97596071865604,79.0047124983895,190076.40020751953,414.25244140625,458.84195531177323,190320.19682149665,4.87143747282691,0.004714344956945671,1.004736675278156,13081.6533203125,151.0,132.81389957182975,11.55111202139591,False,False,science_V_005.fits,190204.3914558912,421.26333534344235,451.50948468093884,-8.752673223407736,0.0024046006492360063,15.673448603118823,0.018438441125204985,5
16,13.328553323059486,83.17235864403659,320773.22772216797,512.11474609375,626.3698324817341,320446.2412633619,4.940281595665253,0.0016591196665345365,1.0016618769192145,21388.65234375,177.0,132.86851920856128,11.552261992243805,False,False,science_V_005.fits,321896.0076666261,510.00506348106194,631.1623760546822,-9.323910849933968,0.0017201595677907423,15.102210976592591,0.018361725294318242,5
17,387.45900849618755,80.3388336670305,21424.388122558594,239.61868286132812,89.41034090800547,22373.562950123433,4.315782250341977,0.004983498548363996,1.0050084581924958,1430.844970703125,73.0,132.76244546141967,11.551480526406527,False,False,science_V_005.fits,22641.741030656878,298.8545624771868,75.76173789344523,-6.441896420938314,0.014330452682157031,17.984225405588244,0.023228342190541405,5
18,240.6218120282806,93.29336943693997,18377.55648803711,386.5022277832031,47.548384373984646,20001.460453404026,4.955432214652622,0.06958051037226587,1.0747840207002817,957.0958251953125,85.0,132.80407683972118,11.555081392397108,False,False,science_V_005.fits,19432.186911963694,419.51229105783773,46.3209000693727,-6.275926071931584,0.023438663721430213,18.15019575459497,0.029724820670470546,5
19,27.473517182962187,101.98207524875255,219506.41577148438,436.5793762207031,502.78695634151467,219610.07839734858,4.896793307188754,0.006123337612275459,1.0061610638865033,14256.0625,161.0,132.8645100251213,11.557487820418034,False,False,science_V_005.fits,220592.23914525457,439.52962275043393,501.8825301577169,-8.913597446707481,0.002163255213642958,15.512524379819078,0.018408521938621192,5
20,322.4812647291153,105.165164223471,586350.4061584473,679.00048828125,863.549314438157,583576.399620975,5.072586903778187,0.004366975365530434,1.0043861294849412,37313.06640625,224.0,132.78086749581132,11.558378512658912,False,False,science_V_005.fits,580510.8532252382,664.6301260447506,873.4344569661464,-9.964147733330602,0.0012430240086601953,14.461974093195957,0.01832318519066622,5
21,249.0046443364587,108.6405082332274,1655222.0455932617,1102.758056640625,1500.9838609890817,1641183.2293588943,5.687665192999224,0.08395932912721293,1.0916545867414578,58131.54296875,371.0,132.80170013162507,11.559344507638187,False,True,science_V_005.fits,1628117.6264431044,1066.5134039593715,1526.5796195329647,-11.08383631932706,0.0007111977561525121,13.342285507199499,0.018294802789144807,5
22,508.99868956808075,103.4022195169749,106610.60916137695,284.69549560546875,374.47241283057747,106794.95601480897,2.784901689544302,0.08326852400869411,1.0908319679093073,63677.23828125,30.0,132.72798487023957,11.557880549162428,True,True,science_V_005.fits,99131.86726650331,334.83997195828636,296.05744704474216,-8.045155090810747,0.003667193684325468,16.380966735715813,0.018645168713736567,5
23,308.73783390464786,115.46116293106833,9598.558990478516,148.364990234375,64.69557929613643,10916.652197323205,3.8747636344926915,0.0343075455428421,1.0355263680320743,710.3496704101562,50.0,132.7847639777341,11.56123874021048,False,False,science_V_005.fits,8426.516692048262,245.8255501846253,34.27844130001782,-5.368742087574324,0.031672968747252686,19.057379738952232,0.03657008280151673,5
24,339.0359474488022,122.9411955244858,1998589.5009155273,1203.76611328125,1660.2805801433733,1989344.8495082543,6.254566904663754,0.22778767872589456,1.294980632204959,58248.16015625,368.0,132.7761733698934,11.563315950975957,False,True,science_V_005.fits,1955401.0488976028,1165.6388809991315,1677.5358824866273,-11.282711483563288,0.0006471992708678497,13.143410342963271,0.01829242667722236,5
25,274.4093663424259,127.61874242179815,780474.5015563965,772.7459716796875,1010.0013848793152,775852.7820814452,5.100322265514054,0.004324099941012904,1.0043428789837705,48632.484375,249.0,132.7944970695871,11.564616190075334,False,False,science_V_005.fits,774425.5256558057,754.2296020076852,1026.7768907430323,-10.277071022074683,0.0010573864778105084,14.149050804451877,0.018311528418152343,5
26,365.7788494751952,135.3453219115773,199875.3175048828,428.8429870605469,466.0804152934955,200144.36513000328,4.893798863478696,0.008280678431019428,1.0083498206104513,13268.037109375,157.0,132.76859050602346,11.566760822067256,False,False,science_V_005.fits,199644.3558168848,433.95400169767015,460.05879663710147,-8.80526446574831,0.0023599157497610247,15.620857360778249,0.018432666903932117,5
27,497.40674246388215,138.85485101045796,233941.26123046875,463.0046691894531,505.26760699846034,233870.2877278069,5.006257287522677,0.00978704881933068,1.0098837818750614,14977.8271484375,174.0,132.73126906884164,11.5677292834824,False,False,science_V_005.fits,231761.69360770224,461.31309340193326,502.395654757132,-8.967226013619214,0.0021610457608851118,15.458895812907345,0.018408262428213692,5
28,461.6332759256824,139.53681944907265,69560.00466918945,290.72161865234375,239.26670810254404,70605.86370690752,4.715328368266583,0.009395799267256089,1.0094849176495577,4338.025390625,114.0,132.74141211232427,11.567920932966947,False,False,science_V_005.fits,70428.15253925102,322.61065733006177,218.30696208896856,-7.673987614525759,0.00497327244908266,16.7521342120008,0.0189453805899525,5
29,352.0633533139024,139.4465150750612,20732.90985107422,193.00868225097656,107.41957102279173,21864.14428509042,4.310432193566995,0.02483587687286315,1.0254684070956384,1464.3486328125,73.0,132.77247922759182,11.567900434744358,False,False,science_V_005.fits,20308.688467182896,263.2339768712305,77.15071097040621,-6.323826568094884,0.014072456187946957,18.102295258431674,0.023070067837070416,5
30,399.951045964516,146.43562153065085,157112.80599975586,390.94818115234375,401.87629351965836,157621.18593098817,4.860086781217781,0.008904503846094869,1.0089845064180496,10294.2939453125,146.0,132.75890101347707,11.569840254793299,False,False,science_V_005.fits,157576.18599961427,401.43194508572367,392.5352427195716,-8.548348335376204,0.0027658663015275487,15.877773491150355,0.018489024399444928,5
31,28.316567681869238,149.71091447507396,185442.15606689453,407.9454345703125,454.5758828315363,185660.34537601826,4.867513963718018,0.000651014607681577,1.0006514387037937,12163.994140625,153.0,132.86427405077322,11.570745870441161,False,False,science_V_005.fits,187197.7058387861,413.96548092447813,452.20607626687,-8.735373179121147,0.002400896531428456,15.690748647405412,0.01843795842819832,5
32,329.33500227298515,162.173902258969,629139.4186096191,701.9107055664062,896.3240104764261,625993.2210144799,5.0762305860351775,0.0003050071638988072,1.000305100221652,41460.3671875,229.0,132.7789230784698,11.574214132722691,False,False,science_V_005.fits,625206.7387221892,686.3708183541335,910.8877038528369,-10.044680999960306,0.0011919142122654078,14.381440826566253,0.018319788927134085,5
33,498.86879864124046,165.04545425126912,92564.49182128906,325.64013671875,284.25393980606106,93426.82256942498,4.845977035298781,0.006661419456021833,1.0067060915447117,6209.27685546875,131.0,132.7308527205717,11.575004345937002,False,False,science_V_005.fits,91629.39522673062,346.2417774021016,264.63991698008897,-7.9597089243898935,0.004102555700550972,16.466412902136664,0.01873566038658546,5
34,452.04675956513705,168.8887481562034,340464.9582824707,538.1964111328125,632.6035462887044,339672.8805331922,4.990015930526995,0.002311660918014713,1.0023170170758353,23215.685546875,186.0,132.74412861019948,11.57607477403136,False,False,science_V_005.fits,338545.8355789145,532.5158722387076,635.747877627874,-9.378665563915767,0.0017077524569189349,15.047456262610792,0.018360567129025642,5
35,42.193013931753775,174.82255815761027,242517.5258178711,456.09686279296875,531.7237315178695,242535.5619467349,4.900490306293193,0.0036906252498366543,1.0037042964197362,16589.255859375,164.0,132.86034103694647,11.577722162486204,False,False,science_V_005.fits,243660.3253757381,457.9984279214613,532.0112701730093,-9.02158392358138,0.00204074624142254,15.40453790294518,0.01839452777505377,5
36,17.420620728771368,194.15681317707657,329078.98889160156,520.0106811523438,632.8312106250635,328603.84513349703,4.943567224169914,0.001661417243702612,1.0016641821446144,21364.802734375,180.0,132.8673664618793,11.583091245448294,False,False,science_V_005.fits,330524.94531607546,516.9435457677129,639.3830584057547,-9.352632479164587,0.0016980431147285908,15.073489347361972,0.018359666589151925,5
37,427.4408564268926,195.39147690624674,522563.53662109375,648.6974487304688,805.558180695446,520321.71649228374,5.056082052737512,0.00128667961264739,1.0012883372899726,32485.83203125,215.0,132.7511042034574,11.583437893485948,False,False,science_V_005.fits,519886.033910665,635.3679696778455,818.2440077586316,-9.844392251068767,0.0013268658122825674,14.581729575457793,0.01832906379849087,5
38,264.4607548388817,197.27252955330397,151623.5535583496,384.5278015136719,394.31103020767836,152069.70191144582,4.87563025454268,0.008572943517067055,1.0086470743974645,9734.4990234375,149.0,132.79731765000759,11.583964499752353,False,False,science_V_005.fits,152700.7804557713,393.44397126100927,388.1131536120811,-8.514225015908675,0.002797380067889059,15.911896810617884,0.01849376495172271,5
39,186.13141983106053,203.38237547135856,818929.8970336914,788.267333984375,1038.8986854172042,814208.8072306339,5.107300285080154,0.0032502996921752736,1.0032608985898581,53363.95703125,249.0,132.81952831147865,11.585661036683334,False,False,science_V_005.fits,813175.5852058651,770.2926974574287,1055.6709000227881,-10.330082701287598,0.0010284455126844585,14.096039125238962,0.01830988003832644,5
40,42.35899314150697,205.17538145214127,404821.5296936035,570.7511596679688,709.2785057661664,403650.3398004116,4.993843480605373,0.002120193273818294,1.0021246980443208,26804.646484375,196.0,132.86029579526343,11.586153506509785,False,False,science_V_005.fits,404267.83479233674,563.3809086866432,717.5746081541319,-9.571294845184221,0.001513013403293106,14.854826981342338,0.018343478852275785,5
41,302.49550561584505,220.11312309536314,644306.7875366211,709.9815673828125,907.4979085889698,641055.5347134166,5.076407803971645,0.0008200023022373326,1.0008206752578381,40955.296875,232.0,132.78653246403877,11.590308809566466,False,False,science_V_005.fits,639035.596933349,693.804570585073,921.0599411221258,-10.068434501131483,0.0011787506453459409,14.357687325395077,0.018318937194314735,5
42,328.75500121364615,216.15324080992988,21225.98080444336,192.92933654785156,110.01945678271048,22243.95660143969,4.264138661798231,0.016457180309082386,1.016732550916547,1564.357177734375,71.0,132.7790864105624,11.589208402664006,False,False,science_V_005.fits,20944.93848586295,264.8192571313199,79.09144792848909,-6.357319597040908,0.013727147857776494,18.06880222948565,0.022861071609935568,5
43,280.0603692969915,227.00835701253965,532622.8937988281,663.9696655273438,802.1795594770188,532859.0684902247,6.9441750111345515,0.40296820498704666,1.6749526714541287,21068.662109375,269.0,132.79289411719466,11.592224377062255,False,False,science_V_005.fits,518106.01040777646,632.4716311615343,819.1766790492636,-9.840668450163976,0.0013253551129654515,14.585453376362583,0.018328954498847118,5
44,360.46404476810113,226.66747993138338,16963.695739746094,178.41383361816406,95.08060779665374,17730.854627772842,4.102444137302854,0.025696950441357225,1.0263746997948924,1171.9320068359375,62.0,132.77009472572993,11.59212823943549,False,False,science_V_005.fits,16687.311182254656,260.8102085893313,63.98258439542258,-6.110587785723556,0.01696867999720363,18.315534040803,0.024942536111888118,5
45,42.784742187542065,233.75748445770782,1442643.999847412,1023.8480224609375,1409.041154740769,1433685.6357790949,5.324778324688501,0.0015527885585198131,1.0015552034606596,60281.953125,301.0,132.86017678348315,11.59409299991015,False,True,science_V_005.fits,1428645.9307410994,1000.4167082059239,1428.0508502333305,-10.94193339532088,0.0007602670449883537,13.484188431205679,0.018296776022705193,5
46,317.8121018517772,232.3150475026308,72186.0140991211,292.949462890625,246.41115019238765,73176.71426281844,4.714042678768459,0.006403448824888969,1.0064447172419386,4951.76806640625,116.0,132.7821890775598,11.593697999455927,False,False,science_V_005.fits,71300.27569827938,322.75750734373867,220.90973587283335,-7.6873498969177465,0.004914677009187966,16.738771929608813,0.018930083384654836,5
47,203.89438091688592,237.9423145173703,1651074.7061767578,1091.96923828125,1512.015767747757,1646332.197650503,6.085439216484086,0.241805666442249,1.3189230725421017,56442.37890625,297.0,132.8144920329933,11.595261313340732,False,False,science_V_005.fits,1634807.478956904,1068.7321962778854,1529.669906689918,-11.088288413703465,0.0007097609721233041,13.337833412823095,0.018294746991497142,5
48,339.66695792665115,238.7452233687416,641483.3791503906,709.2672119140625,904.4311768187519,638314.0984855605,5.079450601537529,0.002090850835569702,1.002095231652421,41601.7578125,229.0,132.77599169151352,11.595483713995154,False,False,science_V_005.fits,637112.0502271653,693.4634546393962,918.7391865638632,-10.065161422367058,0.001181728194331821,14.360960404159501,0.018319129028712664,5
49,87.2340522421972,238.66257018425645,98482.46823120117,320.0097961425781,307.7482921407912,99190.58084655638,4.758510396480092,0.00481991338521226,1.004843257466704,6441.18603515625,126.0,132.84757281955132,11.595457856530272,False,False,science_V_005.fits,99733.87420242358,340.3388343718304,293.04288588313534,-8.051728598319997,0.0037049184685990777,16.37439322820656,0.01865262522285565,5
50,441.5853404163393,244.17503553021922,373445.32501220703,561.8775024414062,664.6383302224326,372322.42545007,5.011428898860821,0.0038882831561805054,1.003903460917517,24130.162109375,195.0,132.74709093013593,11.596988174875932,False,False,science_V_005.fits,371906.43203452526,553.3363704389968,672.1163688182439,-9.480706097653744,0.0016153452740764879,14.945415728872815,0.018352202788761506,5
51,354.8912443183423,246.08855675329045,16193.80517578125,180.0367431640625,89.94722350106214,16884.325219792474,4.155282505326625,0.00556256108694364,1.0055936762528004,1140.3492431640625,65.0,132.77167441019955,11.597523140358353,False,False,science_V_005.fits,15588.997228548347,260.43101274631107,59.85845181861568,-6.036667323636697,0.018137789518678345,18.389454502889862,0.025752153608372685,5
52,266.03433828168875,247.06514565550438,19599.24349975586,187.2399444580078,104.67447828233772,20180.385866549077,4.215604105259281,0.01408561079270021,1.0142868497984145,1457.856201171875,69.0,132.79687130014904,11.597795777113403,False,False,science_V_005.fits,20318.850274916895,260.2516203119729,78.0738665548363,-6.324369699337105,0.013906061629949416,18.101752127189453,0.022968947666388545,5
53,233.75762680119124,262.433875215812,312012.1464538574,515.7454833984375,604.9731049468318,311447.76082717715,4.980348928873411,0.0049852737601436825,1.005010251234153,20037.736328125,184.0,132.8060240146703,11.602064823100479,False,False,science_V_005.fits,311158.24172562343,510.97071305129873,608.9551392633041,-9.287075145887476,0.0017828899536235917,15.139046680639083,0.018367708170375426,5
54,415.19596917100495,262.2290526365629,24713.871124267578,206.10812377929688,119.90731209960214,26082.53857830777,4.366069470855553,0.047510567797724446,1.0498804146182221,1701.7113037109375,76.0,132.75457325170197,11.602004442602171,False,False,science_V_005.fits,20477.331729700858,275.1495005617657,74.42256550672566,-6.332805288667225,0.01458831730144917,18.093316537859334,0.02338830922775534,5
55,368.19748574436534,267.1190478659391,498742.8314819336,635.0634155273438,785.3433519986153,496756.56632714195,5.036849285637876,0.0034500875158092192,1.0034620318286005,33879.15234375,210.0,132.76790052712346,11.603364550700494,False,False,science_V_005.fits,495375.5837598071,622.9978279673702,795.1481715049457,-9.791958366849009,0.0013654058940299621,14.63416345967755,0.018331894067466024,5
56,427.27170528926774,273.71316743974813,1006915.4337768555,872.625732421875,1153.8915211476453,1000542.1673310911,5.135630262234558,0.0008978967539677862,1.0008987036971002,58143.734375,262.0,132.7511483592071,11.605193918298761,False,True,science_V_005.fits,997940.1637491797,851.0446300199052,1172.6061460793646,-10.552383128730744,0.0009258863290373011,13.873738697795815,0.018304405817716193,5
57,404.299925900525,270.5168976517344,29050.231170654297,216.96673583984375,133.89255757665094,30079.10454375947,4.419775432616501,0.012300839742520497,1.0124540348291011,1888.5186767578125,81.0,132.7576627097291,11.604307087334336,False,False,science_V_005.fits,25889.24394311601,279.8532225296606,92.51007978073972,-6.587420293279173,0.01173601841629845,17.838701533247384,0.021723906994669275,5
58,255.16928425811525,277.990094063639,1663504.9012451172,1101.449462890625,1510.2870874161067,1652954.008212774,5.5418954112251875,0.001365754300298505,1.001367622136112,56713.31640625,326.0,132.7999522735402,11.606386057354442,False,True,science_V_005.fits,1641287.9517993943,1072.0108695741853,1531.0366698532937,-11.092583827750445,0.0007091273653844186,13.333537998776114,0.018294722421115912,5
59,318.2935629549379,276.2648484719799,232184.1717529297,458.1826171875,506.7502848060122,232164.67032525002,4.937128845640526,0.003208925260484885,1.0032192556111355,15341.287109375,167.0,132.78205176790172,11.60590626847035,False,False,science_V_005.fits,230673.6363491472,459.2143398557346,502.3223717743983,-8.962116778827054,0.002161361032288657,15.464005047699505,0.018408299442296133,5
60,337.51425537220695,280.31055077461326,1304022.9903259277,982.4204711914062,1327.3573063318865,1295884.3447695563,5.263925582928825,0.0008357909744122205,1.0008364901052924,59874.12890625,287.0,132.77660115468376,11.607029686991192,False,True,science_V_005.fits,1290675.4376431557,957.9867595898147,1347.2789939140596,-10.831664487139212,0.0008058464541526541,13.594457339387347,0.01829872660468522,5
61,41.20837867132236,283.1399887075975,1303254.6138305664,976.1777954101562,1335.0586542311012,1294919.2182075945,5.251660002358128,0.0017866011712733831,1.0017897988279558,59981.71484375,288.0,132.86062676172477,11.60781026168219,False,True,science_V_005.fits,1291653.3859334304,954.0295933518892,1353.8923686793962,-10.832486840904696,0.0008019101260309235,13.593634985621863,0.01829855367769746,5
62,186.05129521984603,281.2782386263004,148013.00036621094,379.7667236328125,389.7471557021442,148458.69259861723,4.875482125453869,0.008932272550036924,1.009012777131811,9982.185546875,147.0,132.8195525468353,11.607298773325617,False,False,science_V_005.fits,143360.85287564824,389.4586490935623,368.1028864278931,-8.445698314066032,0.00294944712478552,15.980423512460527,0.018517376844122656,5
63,168.05062284782338,291.7214734334676,310937.8297729492,514.175537109375,604.7308892231619,310345.46035360417,4.986226928689257,0.0013635858054585892,1.001365447710575,20804.693359375,185.0,132.82465737958844,11.610199283414543,False,False,science_V_005.fits,305220.8068380655,509.1384311155172,599.4849105563094,-9.266157214179104,0.0018110547586468746,15.159964612347455,0.018370463417784588,5
64,202.46878630460725,289.6244707638839,16662.263305664062,175.5353240966797,94.92256553721904,17672.742874408286,4.122948165270379,0.015441907804297217,1.0156841002341055,1180.30078125,63.0,132.8148970475945,11.609617446854786,False,False,science_V_005.fits,16815.17937003339,254.85144685983684,65.98031746424184,-6.118875634939789,0.016454907186349888,18.307246191586767,0.024595893505964233,5
65,350.3635796623941,295.2268732484998,105994.62936401367,336.8694152832031,314.646045485919,106716.28448604776,4.75688008506089,0.008446641206048766,1.0085185947192217,7015.08447265625,127.0,132.7729569841986,11.611172793220414,False,False,science_V_005.fits,102384.2170296089,358.55005615508617,285.5506930539259,-8.08020440760224,0.003802127000248488,16.34591741892432,0.01867217653545946,5
66,312.94030571772396,297.8848846012173,754208.0778808594,762.879150390625,988.6337534518728,750177.7204342483,5.082742878825687,0.0015570883309024008,1.0015595166360582,51209.5234375,239.0,132.78356946746166,11.611911923414938,False,False,science_V_005.fits,749039.1535329315,745.4243486053709,1004.8493249976655,-10.24088317302545,0.0010804604959082024,14.18523865350111,0.01831287529932322,5
67,108.13107032587767,298.07847059924285,384398.0059814453,560.41943359375,685.9112709858251,383442.77878491586,4.998212402765562,0.0045436126452310654,1.0045643512894673,26142.431640625,192.0,132.8416496227552,11.61196317718518,False,False,science_V_005.fits,383198.0611810179,553.7349919228892,692.0242837649322,-9.513180131708284,0.0015688755806274456,14.912941694818276,0.018348170956060807,5
68,236.11805620578195,298.50248555194906,123165.49258422852,353.6954345703125,348.22471693437694,123877.18399450378,4.809223209233285,0.008041152333842061,1.0081063366214849,8005.22314453125,135.0,132.80535485586697,11.6120838943984,False,False,science_V_005.fits,123850.19832085543,369.88001572513093,334.83884788436984,-8.28686363993221,0.003242455309053404,16.139258186594347,0.018566300742920032,5
69,426.1310889542436,300.5661860544924,263875.50985717773,485.986083984375,542.9692712469965,263694.98364094424,4.957240308149786,0.005846844904114357,1.0058812315528491,17243.48046875,174.0,132.75147051222123,11.612653141433267,False,False,science_V_005.fits,262466.27521626966,484.3653206149858,541.8766869664062,-9.102305644077598,0.002003592378328888,15.323816182448962,0.01839044287840404,5
70,182.74700549698596,309.47969835070603,1761434.4540405273,1131.0997314453125,1557.2759899693167,1750200.924493746,5.594343305186233,0.0013653156088935248,1.0013671822441517,56760.80859375,337.0,132.820490142468,11.615132446793764,False,True,science_V_005.fits,1737347.7356644203,1100.751318540717,1578.3290071072993,-11.154338755457538,0.0006878793934034257,13.271783071069022,0.018293911142924394,5
71,439.65441141259555,307.8640481152253,35882.726318359375,233.48968505859375,153.68013498906677,37140.56648956542,4.485208559487473,0.021167772732643142,1.021625537189083,2495.705078125,88.0,132.7476351576033,11.614679658602721,False,False,science_V_005.fits,34363.89113056986,290.0901163764104,118.45936552343797,-6.894877710196696,0.009165168116531801,17.531244116329862,0.020449799838864816,5
72,350.1663058337903,319.75673753418323,1840781.6856384277,1157.242431640625,1590.6621078772127,1829752.114653633,5.580912551102076,0.0029607741471430193,1.0029695663624572,59596.2109375,331.0,132.7730122684423,11.617986648406099,False,True,science_V_005.fits,1817330.1059637612,1126.556939607665,1613.1719951915302,-11.20320642700722,0.0006730218496454224,13.222915399519339,0.01829335850125516,5
73,216.5040960327097,321.88764112714455,82649.55053710938,313.5851135253906,263.56337393680946,83427.92271704803,5.031358500834255,0.12523406582459817,1.1431629432879666,5334.83203125,136.0,132.81091727378907,11.618579614637474,False,False,science_V_005.fits,81883.60498803583,330.68717075394136,247.61651563726377,-7.8376142604321455,0.004384602526232355,16.58850756609441,0.018799434729756835,5
74,199.4884555179507,330.61843344619933,1058406.1950073242,888.4829711914062,1191.2509629622505,1051872.070785417,5.179915871015574,0.004903194471040817,1.0049273542471422,56071.30859375,265.0,132.81574285017558,11.621004612885509,False,False,science_V_005.fits,1047877.2477766891,867.9329225815983,1207.3251521095208,-10.605397900947363,0.0008992606491324984,13.820723925579196,0.018303078335635853,5
75,499.2891940167367,333.92830741276526,1341307.1477966309,1001.1552124023438,1339.759441074145,1331091.5186441732,5.299242885605149,0.0022972892747072926,1.002302578964667,61297.4921875,306.0,132.73072187757964,11.621916184348864,False,True,science_V_005.fits,1324492.571717546,971.5634866611606,1363.2589016588597,-10.859745691399542,0.0007964004479845197,13.566376135127017,0.018298313051177538,5
76,17.170615367804444,334.2001182998907,111892.76962280273,334.41619873046875,334.5913566614803,112424.85594045899,4.704196257518747,0.003180628055822199,1.003190776729809,7835.611328125,125.0,132.8674467507311,11.621992118614681,False,False,science_V_005.fits,114747.63341174524,354.44569919949345,323.73825855666985,-8.20398121725872,0.0033536351398206774,16.222140609267836,0.018586039801323583,5
77,223.04790583195188,333.49617223445296,37138.740783691406,230.79425048828125,160.91709696025185,38170.16969628,4.487753457830917,0.019103913626681956,1.019475981087166,2581.657470703125,89.0,132.80906162937205,11.62180426999385,False,False,science_V_005.fits,36762.87214426485,282.8975950572629,129.95116532123038,-6.968145458606173,0.008354676907407672,17.457976367920384,0.020099617734487273,5
78,317.1124927308024,338.8631305332891,1773895.7487487793,1138.7774658203125,1557.7193982065342,1762146.6961726532,5.601477793571359,0.0021069126268102867,1.0021113610801298,58032.60546875,341.0,132.7823855932306,11.623294698552584,False,True,science_V_005.fits,1749065.849481501,1106.0947425037193,1581.2984026326476,-11.161637274707436,0.0006865876789557599,13.264484551819123,0.01829386261799946,5
79,172.9802337694316,346.971460084994,227154.3109741211,453.07293701171875,501.3636710952915,227010.5674098096,4.946533376341161,0.007906171864395795,1.0079691775517376,15644.5576171875,172.0,132.82326071985904,11.625546614313189,False,False,science_V_005.fits,226607.3370048196,452.22715103931955,501.0918439638687,-8.942806791975864,0.0021666686717780317,15.483315034550696,0.018408923379128087,5
80,69.38180027698343,349.18135790859765,544738.9714660645,654.359375,832.4767586099985,542316.033158106,5.047681170072167,0.003358393571624707,1.003369710385321,35653.41796875,217.0,132.8526408792452,11.626156633371565,False,False,science_V_005.fits,541851.8739864327,641.9245438338462,844.105244442381,-9.889323323308888,0.0012862140202875027,14.536798503217671,0.018326165811520106,5
81,372.7346859929904,350.2885794804995,684155.7075500488,732.1544189453125,934.4418197128318,680629.2932548181,5.083210229104008,0.0023989227221425935,1.0024046913909601,44906.71484375,233.0,132.7666111362866,11.626467047702615,False,False,science_V_005.fits,679838.1315191031,715.1317877829741,950.647339599758,-10.135635674349203,0.0011420638913870018,14.290486152177357,0.018316613136094628,5
82,46.61428172725734,358.4368733102829,872781.9888000488,810.1348876953125,1077.3292226470533,868122.3289903251,5.087921321873114,0.0006576759189143022,1.0006581087411854,54415.19140625,248.0,132.8590981991719,11.628726365145933,False,False,science_V_005.fits,867981.0426751671,793.077691255876,1094.4464234023253,-10.400897473988245,0.0009920083585497634,14.025224352538315,0.01830786954915227,5
83,195.87816945470126,357.981667143214,141168.78030395508,372.3626708984375,379.11635976652207,141698.32915785495,4.82276660894036,0.003953193075638239,1.0039688828357827,9603.298828125,140.0,132.81676715119386,11.628605452063637,False,False,science_V_005.fits,140846.85111838643,385.53351979214847,365.32971554411347,-8.426489729054712,0.0029718359985663476,15.999632097471848,0.018520956132114755,5
84,425.85558186923043,356.55865075058983,38592.97525024414,239.92391967773438,160.8550548110509,39757.90751859675,4.510609886071352,0.015988859128197586,1.0162486566097535,2614.36767578125,91.0,132.75154594102582,11.628206609251919,False,False,science_V_005.fits,39021.877471741085,293.47424365294273,132.96525441560604,-7.032892276307946,0.008165291036156376,17.39322955021861,0.020021637908784584,5
85,150.73252705092162,363.456102186479,191860.37396240234,420.988525390625,455.73777523836253,192077.5165661149,4.921599967080477,0.0042065368158168415,1.0042243065167007,12198.947265625,159.0,132.82957055480307,11.63012510572872,False,False,science_V_005.fits,191707.03721279203,425.186854964774,450.87714959738025,-8.76121701234701,0.0024079729943500077,15.664904814179549,0.018438881223839566,5
86,189.4114579951747,375.4448296075191,249187.8434753418,469.6821594238281,530.5456860039719,249077.6064407198,4.947201765605267,0.0013403992222381644,1.0013421983038007,15368.349609375,171.0,132.81860142516155,11.63345621709278,False,False,science_V_005.fits,247956.32743716575,469.2223705536597,528.4409759589878,-9.040559862162286,0.002054534090642246,15.385561964364273,0.018396062545418666,5
87,413.6602819912726,378.51107782466454,751118.2129821777,775.7489013671875,968.2491482210282,749863.7401130386,6.651008524638246,0.3699901012753263,1.5872766475960072,59431.3359375,288.0,132.75500352166083,11.634305058789176,False,True,science_V_005.fits,732100.3611034441,740.5087481139607,988.6451213008188,-10.216048426706479,0.0010981695823992744,14.21007339982008,0.018313928668558563,5
88,168.9086561344258,380.22948934373454,118132.63897705078,347.874755859375,339.5838214394745,118747.16066194283,4.8113252202395485,0.0025913194328339717,1.0025980518149897,7981.41650390625,134.0,132.82441620923805,11.634784857532141,False,False,science_V_005.fits,118100.5392736261,364.5030075260563,324.0042930652191,-8.235251575801717,0.0033508815260711953,16.19087025072484,0.018585543141030596,5
89,334.40266015218486,382.41442241936005,954627.6547851562,851.0132446289062,1121.7541687044275,948808.429546457,5.120636376922833,0.0005732545333143602,1.0005735833425657,56441.125,257.0,132.77748124237593,11.635391936583693,False,False,science_V_005.fits,947356.877397956,830.3417177359156,1140.9241004789021,-10.495905904674675,0.0009515970427342873,13.930215921851884,0.018305724344507238,5
90,318.1797755998961,387.2856263668974,18936.669067382812,187.1825408935547,101.16685550364203,19843.56896328525,4.177518049738898,0.03131545958522852,1.0323278201299877,1389.62158203125,66.0,132.78208205547048,11.636745368906519,False,False,science_V_005.fits,19223.34551118377,266.74019822823897,72.0676734848008,-6.264194303575233,0.015065006923374265,18.161927522951324,0.023688571937680387,5
91,63.34990335868645,389.9728132155296,181839.0327758789,408.8769226074219,444.72804093780906,182163.86595690687,4.870532892108638,0.016361213628712123,1.0166333555115998,12348.2421875,152.0,132.85435370745418,11.637487269281795,False,False,science_V_005.fits,182179.34161109198,415.79873062101024,438.1430923057428,-8.705869694588163,0.002477957587523444,15.720252131938397,0.018448151144516062,5
92,282.41211161999865,392.95047340676655,462648.9187011719,612.86669921875,754.8932244008888,461160.0140237411,5.015453605592453,0.0017024932461114917,1.0017053966724283,30075.986328125,201.0,132.79222596928352,11.638319386163886,False,False,science_V_005.fits,460855.53078077134,603.320205860881,763.8655664170471,-9.713533883730229,0.0014213233947598068,14.71258794279633,0.01833614373410712,5
93,98.39610212385351,393.0359139688172,121376.59454345703,351.1302490234375,345.6739910076938,122206.62704765984,4.846020683658657,0.011998254062907554,1.0121439603849358,8043.06689453125,139.0,132.8444144780545,11.63833982254107,False,False,science_V_005.fits,122265.24149940038,365.20574012257543,334.7845558461486,-8.272879399081974,0.0032429811382904336,16.153242427444585,0.018566392581992115,5
94,407.0842497003175,398.0528260228257,947574.3587341309,850.5064086914062,1114.129592735314,941553.9130141442,5.133581677844858,0.006252259123308401,1.0062915958106156,59188.4921875,260.0,132.75686767382194,11.639733601674317,False,True,science_V_005.fits,937515.5414756377,828.4340622422927,1131.6718906247022,-10.484568063763389,0.0009593770146580871,13.94155376276317,0.018306130424030048,5
95,242.3880042621533,397.4873680759808,273497.6617126465,489.0313415527344,559.2640767036688,273292.2226411963,4.953333623869538,0.005576559226601274,1.0056078316318289,16808.03125,173.0,132.80357716450285,11.639579716252031,False,False,science_V_005.fits,272236.2580068929,487.8262475640026,558.0598817023999,-9.141986790496988,0.0019454901446919958,15.284135036029571,0.018384203511396354,5
96,40.99623292455604,402.44758936731773,640809.9920349121,710.4020385742188,902.0385038886174,639371.759983027,5.892180753423891,0.2347941247284533,1.3068378488927994,25090.6015625,256.0,132.8606941279581,11.640951223795696,False,False,science_V_005.fits,632136.738845479,688.1258652806171,918.6353409164386,-10.056649453064693,0.001181861780885652,14.369472373461866,0.018319137646583217,5
97,221.8694828384742,404.2544452930538,1024358.4734191895,876.331787109375,1168.9162580739974,1018061.4597000062,5.1433955368977715,0.0013331797859718053,1.0013349595270282,57954.03515625,261.0,132.8093964821317,11.641459328774506,False,True,science_V_005.fits,1015249.9081253841,855.9514646328797,1186.1068647868112,-10.571054271192837,0.0009153475392751748,13.855067555333722,0.01830387576342785,5
98,469.544859926862,404.3519970167931,172697.17443847656,411.8976745605469,419.27203066326354,173075.96891862166,4.90057120119769,0.005428399958116503,1.0054580283188137,10743.005859375,152.0,132.73915285388878,11.641480193181282,False,False,science_V_005.fits,171611.47947999777,419.97992334054913,408.6182932626595,-8.640987712602175,0.0026570029240029964,15.785134113924384,0.018473052573505677,5
99,121.25292142638774,406.8351107676608,495139.3500061035,629.3270263671875,786.7759197699055,493275.2994312714,5.054201516711838,0.005520431471203291,1.005551075804775,33173.62109375,213.0,132.83793261242332,11.642173850437958,False,False,science_V_005.fits,491911.49469798757,617.3132756779363,796.8587653615064,-9.784339301579596,0.001362474816359028,14.641782524946963,0.018331675986405522,5
100,450.9613171550389,402.8138158176991,7771.585845947266,143.32363891601562,54.22403383506916,8543.825436642646,3.697643819878976,0.05148431466077941,1.0542788226452648,657.1072998046875,43.0,132.7444234449932,11.641053979351785,False,False,science_V_005.fits,7811.165646835972,257.5061910617247,30.333894554650232,-5.286411493373904,0.03579164548238204,19.139710333152653,0.04018999742699498,5
101,177.24653275892234,410.8118288266531,997703.8188171387,865.77734375,1152.3792185363925,991589.3446734512,5.136961085086356,0.002303146739691786,1.002308463469806,57478.48828125,264.0,132.82205221768623,11.643280136651592,False,True,science_V_005.fits,989676.821684332,845.0619017005196,1171.129380809623,-10.543355371966543,0.0009270538488663277,13.882766454560016,0.01830446491116422,5
102,307.4539914168254,406.69043525992356,34542.44583129883,299.0435791015625,115.50973919947424,35356.933396491564,4.418097523405135,0.0074803633809717995,1.0075367409419256,2261.033447265625,84.0,132.7851236748632,11.642135762845705,False,False,science_V_005.fits,34932.236759351894,345.2615016232303,101.17617109095474,-6.912687861549177,0.010730787578667947,17.51343396497738,0.021197731220671673,5
103,342.7354318758758,412.822594467443,29687.075561523438,217.89617919921875,136.244130900437,30427.69094023769,4.372654263443509,0.017178630791548466,1.0174788942627324,2171.30712890625,80.0,132.77511726914818,11.643838453086616,False,False,science_V_005.fits,26672.283772610088,281.2825944334616,94.82379749209655,-6.619772381711337,0.01144965745640478,17.806349444815222,0.021570550820837885,5
104,57.38915294552689,415.3808893245693,169066.4129333496,398.2008056640625,424.5757681263471,169462.0110501186,4.8824934583836805,0.008589611826497978,1.008664032502547,10800.2138671875,151.0,132.8560456379963,11.644544739425069,False,False,science_V_005.fits,167717.84537426944,405.7411504787705,413.3616843555652,-8.616070060300377,0.0026265133927268,15.810051766226183,0.018468691871584123,5
105,411.8129477576607,418.0804732036876,1002110.1578674316,871.5835571289062,1149.757988974109,996122.7505374746,5.131192739753479,0.004115643004522274,1.0041326515228524,60089.9765625,258.0,132.75552568203403,11.645296629653627,False,True,science_V_005.fits,993505.1498066632,850.3361541069762,1168.367527369271,-10.547547180553867,0.0009292452713441912,13.878574645972693,0.018304576029497647,5
106,136.13304849252157,418.429704299238,88174.43933105469,440.690673828125,200.0823810613334,89013.56504782141,4.739847868364904,0.0032129935876262783,1.003223350191121,5814.5244140625,121.0,132.8337128135252,11.645395089922406,False,False,science_V_005.fits,87966.58913591033,458.5032063832202,191.8559955770238,-7.915416255861361,0.005658931829232971,16.5107055706652,0.019136810504711863,5
107,35.91821662177061,422.40810110932546,934197.2158203125,836.3839721679688,1116.9477738780727,928568.8360937869,5.0998406839526425,0.0037361877188838433,1.0037501991669548,61189.74609375,253.0,132.86213554321918,11.646495498820299,False,True,science_V_005.fits,927003.750964197,818.3171061743531,1132.8172709207508,-10.472325602659298,0.0009584069980832355,13.953796223867261,0.01830607961359611,5
108,474.62716041866037,428.0601386246273,353033.1766357422,551.8523559570312,639.7239638915854,352111.3927480403,5.0246887785307575,0.003928257086579401,1.0039437491471142,23299.076171875,192.0,132.73770998542875,11.648065474037356,False,False,science_V_005.fits,350643.1546188709,543.8202040606672,644.7777261687652,-9.416785286204112,0.0016838360817008546,15.009336540322447,0.01835835806370989,5
109,95.98901291167623,427.69971081363747,39747.490173339844,235.4044952392578,168.84762601046225,40713.172904213396,4.55828553809519,0.018191655363630432,1.0185287235161644,2737.396484375,94.0,132.84509870474128,11.647968541166582,False,False,science_V_005.fits,40777.968475756155,282.00066780695687,144.60238265701787,-7.0806858385249445,0.007508175038686396,17.345435988001615,0.019762760415916035,5
110,168.72089836179168,432.57750187302986,23843.193115234375,199.7538299560547,119.36288340744112,24889.349537072318,4.31769833782118,0.01255228276459186,1.0127118454430528,1572.9410400390625,75.0,132.82447073322763,11.649325958398085,False,False,science_V_005.fits,23566.806533847324,266.63204175550754,88.38700097213852,-6.48537371551381,0.012283480467249206,17.94074811101275,0.022024484085549814,5
111,148.80960899140365,442.6966926349933,285100.5595703125,497.5001220703125,573.0663107857866,284685.068547871,4.977879228930138,0.006676395932238788,1.0067212697905277,18786.876953125,181.0,132.8301182699709,11.652136310112923,False,False,science_V_005.fits,284061.65727708593,493.58561633249616,575.5063516391699,-9.188153415257943,0.0018865126282406534,15.237968411268616,0.01837805584771838,5
112,374.43774706591216,448.30481023607473,835366.3427429199,809.2328491210938,1032.294158164995,833109.0845680677,6.0851702781864825,0.2653704456884636,1.3612302882874858,42562.90625,278.0,132.76612484962817,11.653693703913698,False,False,science_V_005.fits,821759.4529212432,779.5025321568072,1054.210113529093,-10.341483645514097,0.0010298705979640919,14.084638181012462,0.018309960139058064,5
113,179.40146214315985,450.75399938979456,22274.641174316406,195.12860107421875,114.15364560443943,23177.9297461108,4.293286851952927,0.03623687411719856,1.037599357294362,1467.54248046875,72.0,132.8214419029363,11.654375221012389,False,False,science_V_005.fits,22765.5940227329,265.39129419588824,85.78123895024743,-6.447819341140018,0.012656613652196131,17.97830248538654,0.022234744792470673,5
114,123.7135328872038,459.4707904773525,26372.503326416016,208.05917358398438,126.75482110271187,28103.927606636236,4.454189416946059,0.008007341474618679,1.0080719765472073,1726.79833984375,82.0,132.8372367034377,11.65679494898233,False,False,science_V_005.fits,23802.65511028171,268.56808303077196,88.62801134695687,-6.496185383849134,0.01225007741344609,17.929936442677423,0.022005872022729894,5
115,264.49419679237246,461.21318823054077,22629.383178710938,199.63673400878906,113.35280198339987,23789.288569063054,4.321978806932561,0.025685287838668747,1.0263624140311818,1434.45947265625,74.0,132.79730746015295,11.657281329713557,False,False,science_V_005.fits,20927.466063996966,269.8704904284868,77.5463298368391,-6.356413489913328,0.014000662601110339,18.06970833661323,0.023026344914368717,5
116,61.38199872634491,466.87569595714234,72278.64535522461,287.7555236816406,251.18073992279068,73339.19439473253,4.69751305279895,0.011618732002489529,1.011755313843644,4878.08447265625,113.0,132.8549160232588,11.658849050855977,False,False,science_V_005.fits,73836.9047855608,317.910299751823,232.2570386778964,-7.725305581398445,0.004674562313289861,16.700816245128113,0.01886916902426215,5
117,433.2441172717283,469.3634389250626,123225.71295166016,361.9562072753906,340.44370693138893,124176.31116986394,4.8293791527213825,0.0034560585061156335,1.0034680442700146,8060.3857421875,136.0,132.74944489069298,11.659540883877947,False,False,science_V_005.fits,122499.07216641413,379.4331450082983,322.84757875787324,-8.274953872230382,0.003362887230491653,16.151167954296174,0.018587711461348546,5
118,174.9190587329877,472.241923827101,89639.47372436523,315.8516845703125,283.8024240596076,90463.49552057992,4.763227284533315,0.017846247781937108,1.0181705234456762,6159.28857421875,124.0,132.82271370963568,11.660343985538345,False,False,science_V_005.fits,89791.56499453634,378.77283873200105,237.05914419610204,-7.937710726611543,0.004579869735385015,16.488411099915016,0.018845933610156858,5
119,277.89466597837855,480.2729519787575,1773006.8136901855,1138.860107421875,1556.8258139306301,1760776.1103798859,5.547501103102054,0.0029264093398503332,1.0029349983464237,60542.1640625,341.0,132.79350659109033,11.66257564240733,False,True,science_V_005.fits,1748441.9422976354,1106.1572045254445,1580.645079329153,-11.161249913954897,0.0006868714641877642,13.264871912571662,0.01829387327095221,5
120,243.58411483525572,481.02717875521137,1237196.1026916504,958.7314453125,1290.451156828787,1228937.1278148417,5.23107363005552,0.005763982901480391,1.0057973990102484,60371.71875,284.0,132.803238205015,11.662785204332785,False,True,science_V_005.fits,1224075.1165645712,934.4949708092788,1309.878763183192,-10.774142047871344,0.0008288553341849703,13.651979778655216,0.018299754315573506,5
121,195.7501242185014,481.45201734925945,164086.4988708496,398.63330078125,411.62265809020323,164429.47836135142,4.895708961619132,0.002298345193631035,1.0023036397529852,10368.7255859375,152.0,132.81680552981047,11.662902745094398,False,False,science_V_005.fits,163647.9173406342,406.2263292808509,402.84911524652466,-8.589398080655904,0.002695053703507833,15.836723745870655,0.018478563832455584,5
122,326.0376956067368,493.110712632942,27031.864776611328,214.34776306152344,126.11218512624492,28311.826884545066,4.437363097812924,0.012425390248732793,1.0125817230678524,1850.97998046875,81.0,132.77985137270923,11.66614105379268,False,False,science_V_005.fits,28285.89467077841,278.761478221515,101.46988332549057,-6.68354667364793,0.010699726504241067,17.742575152878626,0.02118202431569993,5
123,357.7598642736542,493.52592884599,3496.07666015625,111.67980194091797,31.3044668722262,4733.108466108695,3.2219993210883096,0.0738198195998171,1.079703518993379,299.7777404785156,29.0,132.77085378705638,11.666255624958824,False,False,science_V_005.fits,4207.016591585634,250.36568792213342,16.803487037305466,-4.614557436006295,0.06461158910585849,19.811564390520264,0.0671479817539562,5
124,29.08105026031304,14.006202163662751,1050963.7250061035,872.899169921875,1203.992123282882,1049258.3589232846,5.078961045805725,0.0129584811594744,1.0131286079786155,65006.03125,225.0,132.8640486408727,11.533050216206004,False,True,science_V_005.fits,1064419.9601522915,869.2851008955356,1224.4773999413178,-10.622404398807666,0.0008866639760374765,13.803717427718894,0.018302463764524896,5
125,31.720703081614964,22.45511427815299,118701.57141113281,327.0008239746094,363.00083274514816,126999.62999276046,4.552632056310391,0.11949889472981767,1.1357169162134662,7969.49267578125,102.0,132.86330082805117,11.535397294630217,False,False,science_V_005.fits,276687.2933148325,487.1801039181036,567.9363567797596,-9.1595949113045,0.0019116578592643688,15.266526915222059,0.01838065403124251,5
126,211.0908954371367,19.489892341153954,1786294.7181091309,1133.753662109375,1575.5580579873833,1775525.44115164,5.50881461627313,0.0019214930068598424,1.0019251922503056,61361.734375,319.0,132.81244864866434,11.534580209280266,False,True,science_V_005.fits,1763545.578913857,1107.757771396519,1591.9956731069508,-11.170588595312747,0.0006819742153451584,13.255533231213812,0.018293690050827358,5
127,238.91172874937726,16.954007306694727,1567378.5258483887,1056.81005859375,1483.122263175683,1565177.6549672866,5.322643119143995,0.024281313322253695,1.0248855675860118,61600.55859375,240.0,132.80456134289767,11.533876027076413,False,True,science_V_005.fits,1561985.2077486545,1046.0555371582486,1493.2144157393388,-11.038814165846153,0.0007270891497939597,13.387307660680406,0.01829542744723644,5
128,227.3962709168727,16.446663852199222,281480.05462646484,483.3070983886719,582.404139241714,282303.2732223952,4.980372449940802,0.013571003765983192,1.01375770969608,17409.171875,154.0,132.80782599947466,11.533735029393165,False,False,science_V_005.fits,295250.695029405,503.9909128297875,585.8254335810213,-9.23009919561489,0.0018532824588433385,15.196022630911669,0.0183746744928339,5
129,249.45005332633994,24.60512409261874,1701940.5777282715,1110.701416015625,1532.3115224193873,1688322.8361854213,5.623938402512141,0.0636778306768282,1.0680084620049723,60951.484375,329.0,132.80157371399517,11.5360013658868,False,True,science_V_005.fits,1676287.9060060186,1081.6696467333838,1549.722608070188,-11.11549340329012,0.0007005769899375618,13.31062842323644,0.018294392992503856,5
130,341.62564364264955,25.514631723968478,1694612.9555969238,1107.1976318359375,1530.5424315141856,1684564.7305427613,5.447352146110856,0.004478628559444364,1.004498776910197,61747.72265625,307.0,132.77544148819825,11.536252979474913,False,True,science_V_005.fits,1674501.9124629751,1081.6878014514962,1548.0454806053956,-11.114335993759932,0.000701335983730539,13.311785832766628,0.01829442207361084,5
131,340.5173646946445,41.366650263160686,1075876.568786621,888.37841796875,1211.0566252234942,1075425.0456167725,5.131066920109824,0.022603460615972515,1.023126192599595,60403.42578125,230.0,132.77575530822836,11.540656338701787,False,True,science_V_005.fits,1072517.9034172923,877.2758850501347,1222.5548675101218,-10.630633250402937,0.0008880583022103189,13.795488576123622,0.01830253136572832,5
132,351.7700033686742,41.896750681888705,375940.79067993164,553.1883544921875,679.5891266095713,376245.17302961426,5.031292883507896,0.025930721571567394,1.026621023931074,25095.68359375,176.0,132.7725650662301,11.540803306617006,False,False,science_V_005.fits,390562.55923173786,561.1074727332506,696.056599156024,-9.533848393729642,0.0015597869502514921,14.892273432796918,0.018347396059809663,5
133,61.65528977628592,25.678440078951287,249056.90225219727,492.4593811035156,505.7410048603484,249813.92589720583,4.951967566106974,0.029179452731904032,1.0300564845006788,15282.89453125,153.0,132.8548144376069,11.536294375305353,False,False,science_V_005.fits,257594.98768817022,503.0764951203916,512.0394019333481,-9.081965394590418,0.0021203446373475082,15.344156431936142,0.018403528689533228,5
134,49.87442688181589,30.465756912978925,1651355.097503662,1087.1864013671875,1518.9254532865812,1642362.7156314447,5.383170960944874,0.005645015028642009,1.0056770621296827,64292.9921875,297.0,132.85815464390254,11.53762353805877,False,True,science_V_005.fits,1630045.3104406584,1065.8401706409848,1529.3524820521325,-11.08512106572694,0.0007099082865077475,13.34100076079962,0.018294752707281852,5
135,37.11888741234385,41.14270099172137,127900.94320678711,386.6682434082031,330.77695256127595,128489.91615232793,4.836610155994969,0.018458284468962582,1.0188053998896789,8766.263671875,139.0,132.8617715715128,11.540588609119544,False,False,science_V_005.fits,84946.1675179507,398.1602238389213,213.34669419996183,-7.877481348435187,0.0050889000369624396,16.54864047809137,0.018976061510006248,5
136,13.140251659540024,28.5688227418412,385003.77087402344,551.683837890625,697.8703098247242,385916.5787132763,4.97871647120455,0.002562361746611952,1.0025689443112442,24833.16015625,175.0,132.8685688705873,11.537094355941738,False,False,science_V_005.fits,383144.4357916522,552.1141300020887,693.9587577485161,-9.513028181302158,0.001564502195378947,14.913093645224402,0.01834779752353644,5
137,16.36766181967968,42.66939859842971,2004717.3335876465,1203.7305908203125,1665.4202766596482,2019899.115795258,6.198665490533869,0.2857634919718781,1.4000964509092646,65748.78125,256.0,132.8676548317577,11.5410113885526,False,True,science_V_005.fits,2113886.79104208,1206.8979296207378,1751.5041986246172,-11.367326186551903,0.0006198671980647005,13.058795639974656,0.018291480043686484,5
138,21.228566908002268,49.644509453455264,582511.8489685059,657.2333984375,886.3089586642486,599388.0569492962,4.711708269213007,0.1607238886737058,1.1915029946696762,39087.1328125,160.0,132.86627717981727,11.542949231797587,False,False,science_V_005.fits,1094039.6016084896,881.7698710942033,1240.7314396565594,-10.652204480791188,0.0008750483507539128,13.773917345735372,0.018301904722227723,5
139,138.58363560516665,36.39741197385332,1561682.045288086,1055.6103515625,1479.4114542136742,1557524.6677141576,5.2772215827942475,0.04203506254879796,1.0438795418344204,61076.4296875,257.0,132.83300523845523,11.53927513858542,False,True,science_V_005.fits,1587088.077062356,1052.0090835774813,1508.6258301737048,-11.056124446631767,0.0007196615478040645,13.369997379894793,0.018295133767992296,5
140,137.91879772239943,46.96599415400171,1118748.5874328613,897.1852416992188,1246.9538456896748,1121415.6518226247,5.129993796171861,0.02483353180875081,1.0254659410662594,60059.8046875,207.0,132.83319407425486,11.542210830882814,False,True,science_V_005.fits,1161249.487871284,909.6250306297443,1276.624376824082,-10.716935712719033,0.0008504459257631808,13.709186113807526,0.018300744933417094,5
141,128.00004742539326,56.89129856265613,2062973.8424682617,1211.1915283203125,1703.2598017996427,2054798.047554933,5.780017691603329,0.1182276146589829,1.134079516011674,61173.55859375,323.0,132.83600650283432,11.544967523754991,False,True,science_V_005.fits,2033807.100009231,1185.4918909370838,1715.5807775298977,-11.325396271842099,0.0006328469135467913,13.10072555468446,0.01829192450403538,5
142,220.37680757663173,40.42822705394748,1880583.458984375,1165.5469970703125,1613.4771602615415,1866892.752734711,5.679120233408207,0.028589688598136487,1.0294311150114086,60090.9765625,352.0,132.8098162677251,11.540396506564866,False,True,science_V_005.fits,1847173.8739936769,1133.0026234170134,1630.3350370211856,-11.220891317516838,0.0006659367402075233,13.205230509009722,0.018293099206731004,5
143,199.33597285230798,44.14785311735807,1737912.728729248,1121.6627197265625,1549.4075876506924,1729327.0198263736,5.918478735751511,0.1864106369428563,1.2291212808417253,60553.8828125,337.0,132.81578159344932,11.541429473697718,False,True,science_V_005.fits,1709684.4882278277,1091.0457316391523,1567.014506036564,-11.13691180255868,0.0006928461707390646,13.289210023967879,0.018294098574722178,5
144,272.9574669946821,43.56776939972459,462819.2720031738,602.7037353515625,767.9050997306449,467445.322275338,4.972177986014099,0.030824211104180765,1.0318045616258107,30297.4453125,180.0,132.7949091577362,11.541268721208725,False,False,science_V_005.fits,479524.3720772323,610.4025026815357,785.5871657974079,-9.756648587320967,0.0013820235961950365,14.669473239205592,0.018333139285615658,5
145,272.1037205490888,52.87183747089702,193706.71914672852,412.5350646972656,469.55213198392744,195801.9467138244,4.844498211579872,0.04349735635317131,1.0454754167613487,13284.818359375,135.0,132.79515115846726,11.543853186070567,False,False,science_V_005.fits,239439.6761162134,460.33024133884584,520.1476127656005,-9.00261216497526,0.002087292094310275,15.4235096615513,0.018399749866025744,5
146,62.8734425800942,51.28190606906427,1090573.6508789062,894.0655517578125,1219.791601113298,1083627.9784647736,5.155616929649948,0.004867246707693895,1.0048910526676877,62765.3046875,264.0,132.85447047319832,11.543406502666612,False,True,science_V_005.fits,1078213.8161977911,875.9861803466773,1230.857107552862,-10.636384105451013,0.0008820682704254296,13.789737721075547,0.01830224170092384,5
147,47.06739281911561,59.39825434642479,1724681.7659606934,1105.0467529296875,1560.731943140176,1724032.3934632547,5.390813310910011,0.03472679249374444,1.0359761280264472,63672.76171875,261.0,132.8589521518406,11.545660170921629,False,True,science_V_005.fits,1760169.8626428854,1106.8373544640126,1590.2696593532028,-11.168508326031974,0.0006827144023118557,13.257613500494585,0.018293717659362416,5
148,38.54459128356705,63.415821874390325,634395.2523193359,685.5863647460938,925.3323650249135,660922.4461138048,4.943106218897921,0.06231286744380582,1.0664537938938514,38925.5546875,177.0,132.86136873169184,11.546775662749786,False,False,science_V_005.fits,822893.4523738666,773.4099445850842,1063.9809561995341,-10.342980890863608,0.0010204130005089986,14.083140935662952,0.018309430617497423,5
149,53.060678846946594,74.65766897725173,821763.4141235352,782.9884033203125,1049.5218200407498,816744.3592075615,5.137221535747944,0.006335361856814825,1.0063757545691205,54162.71875,238.0,132.8572538398043,11.549899229466792,False,False,science_V_005.fits,808193.978992149,767.9317615104684,1052.4294208153178,-10.323410900652966,0.0010316131215325657,14.102710925873593,0.018310058232508777,5
150,54.67025959391832,89.53748348297273,769065.3760986328,760.1820678710938,1011.6857639807487,764787.7405575141,5.100203961431546,0.0036125154338449983,1.0036256130168255,48276.765625,237.0,132.8567983348824,11.554032595433819,False,False,science_V_005.fits,762310.231988961,745.586923677459,1022.4297231891053,-10.259951246686887,0.001061882274523031,14.166170579839672,0.01831178857485774,5
151,155.42042358385604,57.4718949822807,736814.1706848145,749.2135620117188,983.4501242961878,733371.97839549,5.215262403806165,0.04600673385778842,1.0482254283028976,43586.0234375,242.0,132.82823246873514,11.545129654925221,False,False,science_V_005.fits,729594.6068953993,732.6853851985317,995.7815750585842,-10.212325911696832,0.0010902993459545843,14.213795914829728,0.01831345842568064,5
152,148.3594375794441,72.24350967996536,172022.1981201172,392.51422119140625,438.25723714665617,173500.0485287669,4.856559688894721,0.019803371067604103,1.0202034678380536,11062.09375,136.0,132.83023480015547,11.549232676884989,False,False,science_V_005.fits,181845.67985522357,418.1930999308723,434.8366338069252,-8.703879343768419,0.002496799753265658,15.72224248275814,0.01845069147358038,5
153,144.71891144526677,83.91643356069419,1730402.3157348633,1109.255126953125,1559.9678321865324,1726037.3793481046,5.468355590875499,0.01281456339521403,1.0129809080645344,60211.671875,265.0,132.83126731788587,11.552475044209348,False,True,science_V_005.fits,1721481.7822650585,1095.1322970840267,1571.9395609542264,-11.144377951802916,0.0006906754095182511,13.281743874723643,0.018294016490827198,5
154,135.94441090186245,88.5244449243255,224541.97128295898,429.594970703125,522.6829609188569,230748.7332829037,4.820789532501119,0.10912353704705169,1.1224900887889044,14506.728515625,121.0,132.83375523004122,11.553754769317086,False,False,science_V_005.fits,359713.68307674024,541.474211600711,664.3228345323249,-9.444514269474713,0.0016342957724226348,14.981607557051847,0.018353880502964565,5
155,132.94533754444433,100.7580296934362,1757337.4374694824,1122.6827392578125,1565.3019112338272,1748216.9403396319,5.52436945245917,0.007836008010842943,1.0078978959870664,59559.73046875,308.0,132.8346059561881,11.557152885095695,False,True,science_V_005.fits,1734315.5561520807,1098.7283171491445,1578.4753419772467,-11.152442172963053,0.0006878156225361234,13.273679653563507,0.018293908745152007,5
156,151.25858599333705,103.28597037249764,147013.33596801758,420.3336486816406,349.7539072332632,147796.2910379101,4.859231670976728,0.024995913803483316,1.0256367272274645,9748.2685546875,137.0,132.82941374796906,11.55785565973637,False,False,science_V_005.fits,142542.360288957,438.1105059382737,325.3570922333464,-8.439481738514804,0.00333694892755353,15.986640088011756,0.01858303621560387,5
157,199.60587647963123,112.12669892435864,860527.2153015137,829.9058837890625,1036.8973543995673,855289.8242667185,5.114022670441904,0.005205794987886758,1.0052330371062257,56078.2265625,258.0,132.8157061353402,11.560312475779641,False,False,science_V_005.fits,851489.2247501189,811.147460664818,1049.734192661143,-10.380069765324219,0.001034261823221821,14.04605206120234,0.018310207654866135,5
158,151.6171536402644,113.64099663956063,156962.5145263672,393.1084899902344,399.28548612691236,159291.96978144173,6.3944440598673795,0.3740925146787625,1.5976802058642343,7542.51806640625,170.0,132.82931238647396,11.560732064319767,False,False,science_V_005.fits,156353.16528931394,396.0475691294838,394.78380244317526,-8.539888568381105,0.0027501128295563102,15.886233258145454,0.01848667432018627,5
159,164.68085395549906,117.44851609242468,520122.4817504883,637.5667114257812,815.7930337789215,518438.2585264824,5.059551735468829,0.0019446120156955127,1.001948400899496,32810.51171875,202.0,132.82560853692243,11.561790056565302,False,False,science_V_005.fits,515656.9529145076,629.0250351669988,819.7717484767625,-9.83552406899163,0.0013243930423527833,14.59059775753493,0.018328884957246494,5
160,165.39754422515196,132.5724594269565,1112440.3912963867,928.432861328125,1198.1915307317306,1104787.0808115061,5.226708948536398,0.007087015708123534,1.0071375999913807,57514.19921875,275.0,132.82540571552,11.565991167615307,False,True,science_V_005.fits,1088734.0317458697,885.8176496681322,1229.0724080218533,-10.646926369911395,0.0008833490955568633,13.779195456615165,0.018302303474425435,5
161,192.3696419604113,130.86780421308788,1305732.3721313477,973.6590576171875,1341.0570793916663,1301347.5674084788,5.262599964751054,0.009190481678853502,1.009275730106455,58667.51171875,259.0,132.81775815084418,11.565518218293823,False,True,science_V_005.fits,1289356.0962447773,957.382503234862,1346.7512638764786,-10.830554069046485,0.0008061622284095205,13.595567757480074,0.01829874051359433,5
162,185.51303230024487,141.2602204258101,224584.65243530273,428.40399169921875,524.2356672366932,237407.73647815216,4.792928074993098,0.07484956899107531,1.080905295487403,14226.2373046875,113.0,132.81970244038743,11.568404874616819,False,False,science_V_005.fits,323057.8645987327,539.7957636317752,598.4816598507217,-9.327822669227663,0.0018140906778510214,15.098299157298896,0.018370762962729943,5
163,193.77975567288033,142.65729494496213,490119.2250061035,607.27978515625,807.0731761308313,494861.9414790159,4.938379419426181,0.06983493749946601,1.075078005307715,31153.546875,140.0,132.8173585385015,11.56879309966848,False,False,science_V_005.fits,554901.733648217,662.1302081379635,838.0553051773709,-9.915162078186047,0.0012954992269516344,14.510959748340513,0.018326819830302706,5
164,203.78710083438435,148.62533431051807,1729935.9068603516,1112.6971435546875,1554.7230590830825,1722062.6900923746,5.448359311246854,0.01351189318265067,1.0136969651121728,62458.4375,281.0,132.8145211631591,11.57045104295026,False,True,science_V_005.fits,1710196.800869696,1093.0386948978357,1564.626036436473,-11.137237098287141,0.0006939038305106728,13.288884728239418,0.018294138661640827,5
165,131.11014162063293,150.83132089314188,750499.802947998,770.9749755859375,973.4424938729322,752159.0929708928,6.5683951895932395,0.34580906100454767,1.5286057026952364,28962.77734375,251.0,132.83512803214438,11.571062062361134,False,False,science_V_005.fits,736167.8950666529,751.2297856341232,979.9503549306736,-10.222064057933299,0.0011079132677867215,14.20405776859326,0.018314515517869483,5
166,175.85522145083942,148.52593409673344,1347269.8265686035,983.43994140625,1369.9563845679304,1356259.12108969,5.240480733670653,0.05840178085082681,1.062024098668749,58531.3828125,231.0,132.82244095401876,11.570422929831592,False,True,science_V_005.fits,1430397.7372307873,1008.9321749151586,1417.7342865996616,-10.943263910128271,0.0007657993534204333,13.482857916398288,0.018297006735940265,5
167,151.98426634475874,150.37135724135698,205894.62286376953,421.20361328125,488.82444587740906,208800.0069675373,4.84402801540592,0.07378775848897279,1.07966614473654,13497.5068359375,136.0,132.8292093666734,11.570934947720563,False,False,science_V_005.fits,250048.25581044698,476.52725364856224,524.7302308439571,-9.049681447819392,0.0020690631798625353,15.376440378707168,0.01839769086835647,5
168,142.83974312682017,153.6152151484736,786469.4989318848,762.029052734375,1032.072853534666,786639.7783668563,5.071706219110064,0.02235629458111188,1.0228675277682404,50794.80859375,192.0,132.8318023075542,11.571835747726595,False,False,science_V_005.fits,795439.2013851411,764.5182974404676,1040.4449495168312,-10.306139349987284,0.0010434958625193814,14.119982476539276,0.018310731565408286,5
169,167.6386412853434,154.24286314126482,1654171.1175231934,1087.021240234375,1521.7468217700457,1672098.5047207754,5.407428546556626,0.03771872926630904,1.0391971977564838,57767.4296875,265.0,132.82477082016234,11.572010776524161,False,True,science_V_005.fits,1714692.3353303778,1094.4618229890236,1566.6990837994488,-11.14008739044715,0.0006929856608883925,13.28603443607941,0.018294103858116178,5
170,195.96298110521474,163.81857110172734,1725412.4204101562,1127.5997314453125,1530.1639156995818,1692853.361832424,6.371967178385942,0.24714215430977804,1.328272004767643,64108.7890625,401.0,132.81673986385007,11.574671266436411,False,True,science_V_005.fits,1671458.819433334,1081.10356332061,1546.0672558505382,-11.112361076866133,0.0007022333575021119,13.313760749660426,0.018294456497358235,5
171,133.2400238821235,165.54184833426757,576363.4083557129,675.1865234375,853.6358300241832,581823.5604622592,5.037874989250373,0.04952785326004561,1.0521086845415957,39034.1328125,176.0,132.8345246304475,11.575148390471421,False,False,science_V_005.fits,580297.7498292759,690.768505040793,840.0755761078115,-9.963749090394387,0.0012923837222243756,14.462372736132172,0.01832659986279001,5
172,122.65008633689081,168.0803336724834,1374582.8550109863,988.2040405273438,1390.9909276200246,1380084.264713267,5.1724480335875445,0.09394350176307709,1.1036839335580948,58128.71875,207.0,132.8375274412582,11.575853153877159,False,True,science_V_005.fits,1705318.4356814618,1091.869243000213,1561.8339344330532,-11.134135591814577,0.0006951443274883831,13.291986234711983,0.01829418575617356,5
173,114.44106561403235,169.45687354358944,1271929.478881836,956.4083251953125,1329.9021405131427,1275935.3346528765,5.140535223927581,0.06714904038508973,1.071982603108228,59020.54296875,231.0,132.83985512230453,11.576235216912028,False,True,science_V_005.fits,1624904.111699743,1065.7881688558227,1524.6032553018103,-11.081691218115214,0.000712119691614508,13.344430608411345,0.01829483865194032,5
174,134.24399446736922,183.796479646822,300315.7510070801,507.57037353515625,591.6731288223604,299287.48183656926,5.037052319881369,0.012340242717448158,1.0124944269789842,20161.21484375,196.0,132.83424058231526,11.580219153292967,False,False,science_V_005.fits,297529.17985075974,499.0789350421603,596.156557530575,-9.238445786821801,0.0018211659106749285,15.187676039704758,0.01837146298255936,5
175,99.70753834501672,61.229081832007424,837468.8214416504,785.8999633789062,1065.6175855270797,836334.7154620701,5.064869921685987,0.02661682252315367,1.0273446502251544,55330.046875,213.0,132.84402800344594,11.546171363567291,False,False,science_V_005.fits,880879.1066340103,796.9795809335641,1105.2718635553601,-10.416912646988132,0.0009822922629257904,14.009209179538427,0.018307345655095612,5
176,89.75332838661319,62.197861867975995,910913.5795288086,816.8890380859375,1115.100750602776,916652.0413636015,5.039361832050081,0.04362117535987142,1.0456107707908375,60445.33203125,217.0,132.8468502141111,11.546440029891805,False,True,science_V_005.fits,953762.9613751043,826.6570184999599,1153.758983509012,-10.503223006403505,0.0009410110911535274,13.922898820123054,0.01830517710154748,5
177,306.77089495867614,65.25008392247084,168422.34899902344,389.2647399902344,432.66787791580794,170190.39420324465,4.760533112091302,0.057995679118539645,1.0615662559427237,11166.3291015625,127.0,132.78532239771226,11.547291256263104,False,False,science_V_005.fits,215716.62752177467,443.0768823100319,486.86048885491704,-8.889330928992887,0.002230002279613073,15.536790897533672,0.018416484925534073,5
178,302.37915714206076,71.56451055678511,123136.30065917969,343.8044128417969,358.15799931527175,124483.68971497682,4.731743909212535,0.07201205895550811,1.0776002098415798,7712.8408203125,117.0,132.78656744152502,11.549045322083076,False,False,science_V_005.fits,188279.91611671494,422.10715453626295,446.0476779256769,-8.741631864405498,0.002434044730484856,15.684489962121061,0.018442304102127407,5
179,491.2627328935329,81.23539834950698,553440.6611938477,727.66064453125,760.5752287872698,550057.601122786,5.129804890328557,0.007108365121021976,1.007159255724708,36154.375,234.0,132.73301496008344,11.551724304249518,False,False,science_V_005.fits,545508.2076237039,649.6497612953497,839.6958486308132,-9.896625097276946,0.0012929681643303525,14.529496729249614,0.018326641086661682,5
180,488.9295619621932,99.75272227816201,1515172.459136963,1062.8853759765625,1425.5276188599792,1543113.452542033,5.192373281060425,0.06602048706479302,1.07068729683086,63281.5234375,235.0,132.73367523915294,11.556868149601456,False,True,science_V_005.fits,1862140.4515430746,1141.381465795661,1631.4794898522118,-11.229652960162415,0.0006654695978423539,13.196468866364144,0.01829308220697094,5
181,485.93724296389615,107.2127869566128,1169575.7073669434,913.3641967773438,1280.5140725830945,1213538.7199462163,4.882299559806384,0.047953168166459115,1.0503684971821254,62027.48046875,164.0,132.73452315167054,11.558940578850207,False,True,science_V_005.fits,1931616.504752339,1160.8569752294754,1663.9573573398236,-11.269424143005278,0.0006524806631677832,13.156697683521282,0.01829261429815739,5
182,492.5418003989013,111.59648079498952,816831.830291748,781.5778198242188,1045.1062064113567,818617.2706714678,4.977498640842974,0.10921373535974643,1.1226037487273703,48680.5,199.0,132.73265028400252,11.560157844027163,False,False,science_V_005.fits,1215691.35524966,932.4611942706639,1303.7447163691656,-10.766680195169357,0.0008327550527097021,13.659441631357202,0.01829993136115974,5
183,176.95046539350187,87.82938289150528,391978.45068359375,557.6018676757812,702.9719113342541,394266.2313398192,4.967298894539449,0.031095207816205117,1.0320931510165414,26306.2265625,168.0,132.82212907254154,11.553562809251554,False,False,science_V_005.fits,413493.54588052386,571.2458699379491,723.8451385660593,-9.595793711904085,0.0014999064608636828,14.830328114622475,0.01834240241180759,5
184,187.41425275990704,93.11227206815312,1644924.2725219727,1082.7105712890625,1519.2649967050245,1642434.891583126,5.450918007567505,0.018397560525777568,1.018742374494945,58296.3125,255.0,132.8191624550429,11.555030487216758,False,True,science_V_005.fits,1661774.2644922128,1077.2544846525652,1542.601389149163,-11.106051946211533,0.0007038111126029963,13.320069880315026,0.018294517127477504,5
185,196.44394192047244,94.04364760644968,235561.54489135742,452.86175537109375,520.1621512470809,254115.55119040233,4.670870159481077,0.1265276217350394,1.1448558934243234,17656.19921875,124.0,132.81660233764387,11.555289359282233,False,False,science_V_005.fits,484774.5437789152,623.2768387991928,777.7836646599662,-9.768471389835536,0.0013958894347243069,14.657650436691023,0.018334189760099005,5
186,463.71446110469526,89.76131031356361,1770289.0702209473,1125.8878173828125,1572.3494320562777,1793415.9141725278,5.362253941052381,0.07084468809425193,1.0762463359854724,61931.03125,265.0,132.74082495081504,11.554094297357647,False,True,science_V_005.fits,2109280.404341566,1210.0814603065448,1743.0895964700019,-11.364957669007667,0.0006228595490436597,13.061164157518892,0.01829158169386068,5
187,461.2362691568661,97.95621948063324,1545704.0179748535,1060.177734375,1457.9668746637872,1561032.8499924394,5.562411754303205,0.19422858836203993,1.2410467603550428,61651.484375,260.0,132.74152709767938,11.55637079999626,False,True,science_V_005.fits,1941790.9342865113,1164.2048429826023,1667.9117476541276,-11.27512804691345,0.0006509337208800212,13.15099377961311,0.018292559185480936,5
188,297.43359917658466,97.81562831440624,1215065.046447754,943.5151977539062,1287.8065444417728,1212247.1231065164,5.25550401297886,0.025703843183578212,1.0263819609712588,58887.14453125,259.0,132.78796928121827,11.556337355212266,False,True,science_V_005.fits,1206851.7830476023,926.4645713369148,1302.64213050919,-10.758756715073183,0.0008334599154839331,13.667365111453377,0.018299963450129148,5
189,285.89952878335595,101.25177353740037,561870.0204162598,660.689697265625,850.4295174295179,562207.0553187795,5.0637458874022165,0.01774260073720768,1.0180630868757252,37360.59375,201.0,132.79123945152563,11.557291955900713,False,False,science_V_005.fits,568100.7206075616,657.2805249360163,864.3200263127591,-9.940685224437386,0.0012561319499117256,14.485436602089173,0.018324079085207348,5
190,352.0403402549033,101.14416197042614,1234960.2038574219,954.4619140625,1293.881071274002,1227204.112398405,5.24955959858074,0.006301039224274274,1.0063409940766723,58938.47265625,277.0,132.7724868012745,11.557260898626305,False,True,science_V_005.fits,1219817.3085911071,932.2487087326449,1308.4676837465404,-10.770358852752409,0.0008297491894421965,13.65576297377415,0.01829979482296794,5
191,366.40321635954956,100.9017067023147,897053.5860595703,820.531494140625,1093.2591770887354,892928.5996793816,5.1301706877956414,0.00629218312267843,1.0063320253859442,58008.40234375,236.0,132.76841455823248,11.557193137747733,False,True,science_V_005.fits,887725.667721765,805.0687035649627,1102.670696042195,-10.425318817198786,0.0009846094612805912,14.000803009327774,0.0183074701320687,5
192,374.5708863427701,112.08290481451482,382279.47454833984,595.4555053710938,641.9950291837498,381456.8226653916,5.060704806659862,0.010640222836899027,1.0107546547600803,24374.57421875,192.0,132.7660984339002,11.560298764193075,False,False,science_V_005.fits,380163.0603161944,589.2341366313875,645.1816632511507,-9.504546661675384,0.0016827818610482864,14.921575164851175,0.01835826140017669,5
193,73.42244511199574,103.153820557188,139496.64022827148,366.1334228515625,380.99947047124977,140070.78681741678,4.89117912458983,0.011829514157194021,1.011971126770807,9065.6689453125,148.0,132.85148236255336,11.55781589336019,False,False,science_V_005.fits,138656.38948343537,374.97742089668486,369.7726363146502,-8.409471592245374,0.0029361285648950687,16.016650234281183,0.018515260133061515,5
194,61.98942492583677,115.50519155037608,1180849.9875488281,930.4859619140625,1269.0680309886166,1173069.6295433007,5.200188791998147,0.0035680273607731072,1.0035808037665859,59779.80859375,283.0,132.85472459962892,11.561246236734187,False,True,science_V_005.fits,1169143.214900779,909.4848865106256,1285.500432433101,-10.724291158000929,0.0008445738115739617,13.70183066852563,0.018300472993027825,5
195,421.5962733845098,115.40874953703512,944188.758605957,844.1483154296875,1118.510505023453,938216.5221735474,5.137294165459959,0.0020518431553555594,1.0020560618718344,58857.421875,253.0,132.75276520970527,11.561220755711359,False,True,science_V_005.fits,934513.9983524684,824.6106689135753,1133.279053475855,-10.481086402002976,0.0009580164714684116,13.945035424523583,0.018306059171895765,5
196,429.8912148660657,128.82157318034723,1179880.2954711914,934.342529296875,1262.792025916975,1172968.9763540132,5.209955269747673,0.0028189946702202873,1.0028269638662923,60186.59375,261.0,132.75041268291739,11.564946146936112,False,True,science_V_005.fits,1165650.8831747456,914.198061437798,1275.052893178834,-10.721043116706895,0.0008514940876634864,13.705078709819665,0.01830079367204248,5
197,421.07499111247995,140.88134693875443,1061692.1803283691,891.8002319335938,1190.5044900318283,1054972.2787852564,5.177283391591207,0.003319839281745174,1.00333089732553,58461.078125,264.0,132.75291181536983,11.56829649602346,False,True,science_V_005.fits,1049609.4898248916,870.4839301075718,1205.7769862508362,-10.607191245621266,0.0009004152611800997,13.818930580905294,0.018303135099974274,5
198,116.20815238627722,118.10426252531656,39440.51385498047,221.11924743652344,178.36761978987212,41980.620877784575,4.380656677384278,0.1841464243175115,1.2257101394247942,2893.312255859375,79.0,132.83935206217683,11.561970678413156,False,False,science_V_005.fits,103890.62953135281,344.0909310744965,301.92783403774234,-8.096062818815739,0.003595892387530865,16.33005900771082,0.018631276094461344,5
199,109.57884656245749,124.09648796746497,439292.4008178711,589.083740234375,745.7214837454054,439636.5410001609,5.039557707632608,0.0092818877920946,1.0093688483916066,28123.4296875,190.0,132.8412319207302,11.563634924801462,False,False,science_V_005.fits,442890.49479401374,586.1857768918068,755.5462999160396,-9.67036277320161,0.0014369734854378202,14.75575905332495,0.01833736348669556,5
200,94.29994960801305,142.76606812673845,57078.73468017578,244.21966552734375,233.71883077853545,63239.05688703994,4.372879448275216,0.1551553930737919,1.1836496224297302,4050.165771484375,76.0,132.84556483130086,11.568820271449486,False,False,science_V_005.fits,188880.1772171262,419.3118850643672,450.45271537707987,-8.745087827911764,0.002410241880973337,15.681033998614796,0.018439177659812872,5
201,86.3688930839339,146.92198536433824,593976.8190612793,667.2815551757812,890.1442194139603,596725.933105024,4.992673834224597,0.05309191999282792,1.056068715764286,38619.328125,174.0,132.84781378302185,11.569974332149396,False,False,science_V_005.fits,675559.9828471813,706.8696899153443,955.7065361341031,-10.128781664034861,0.0011360181802164179,14.297340162491698,0.018316237172277674,5
202,93.83337419242136,153.01156840893086,954525.9755554199,830.3025512695312,1149.6122396540288,956561.6667418259,5.052523696532265,0.03181010978558718,1.0328552385302667,59364.58203125,186.0,132.84569758893517,11.571666221376951,False,True,science_V_005.fits,998356.5535458187,846.5633307865309,1179.305218214754,-10.552836056875286,0.0009206268090999763,13.873285769651273,0.01830414053068261,5
203,92.07321058329134,166.25055526018036,1559857.8117980957,1062.05029296875,1468.7231123846536,1554227.937969635,5.799651478910628,0.14668867777723782,1.171905228440112,59311.13671875,308.0,132.8461972754699,11.575343637091239,False,True,science_V_005.fits,1533242.0769511494,1035.6641368132357,1480.4433430213905,-11.018648696897916,0.0007333613982040196,13.407473129628643,0.018295677789732744,5
204,276.2799045078374,152.70317522084588,281167.2817993164,495.3312683105469,567.6348330649686,285710.8314003443,4.938555502392658,0.07205210968030007,1.0776467196401258,19492.412109375,155.0,132.79396655843115,11.571584075380962,False,False,science_V_005.fits,331513.6541494849,533.6948904597891,621.1670002384303,-9.355875425347289,0.0017478391472555083,15.07024640117927,0.018364339044191685,5
205,296.3289850619018,160.60603740958294,321436.2306213379,523.8136596679688,613.6461405475519,320448.36302129785,5.023961298225101,0.015061971483252168,1.0152923037258847,20206.18359375,191.0,132.7882817350642,11.57377914126948,False,False,science_V_005.fits,319147.50524201273,516.6005970318612,617.7838490231737,-9.314600508850154,0.0017574107865019216,15.111521317676406,0.018365252503514826,5
206,280.12179193086627,161.7309455654035,767571.7864990234,761.2759399414062,1008.2701241787594,766069.5519533484,5.086440416983555,0.0181456275981855,1.01848097651569,51085.28125,217.0,132.79287716281164,11.574091764203853,False,False,science_V_005.fits,780692.5955173415,758.2699805526929,1029.5707538735808,-10.285822024831212,0.001054517133392963,14.140299801695347,0.018311362953913713,5
207,469.45976695449093,167.1631404876896,26787.74398803711,210.24986267089844,127.40909148638846,28155.911025045403,4.420185177910699,0.02840552977426558,1.0292359936627327,1832.41650390625,78.0,132.7391913430287,11.575594450603655,False,False,science_V_005.fits,31063.680489507704,282.29599557142166,110.03939473753006,-6.7852541504285755,0.009866466483114079,17.640867676097983,0.020773568968950853,5
208,475.61518001674455,175.05902829920603,101467.2328491211,332.68133544921875,304.99827323378435,102370.92769770297,4.819970694546676,0.014974871434389803,1.0152025273265832,6701.95166015625,127.0,132.7374455179959,11.577787381743324,False,False,science_V_005.fits,102164.18172323116,355.83886818803757,287.1079886339006,-8.077868526294301,0.0037815039740479194,16.348253300232255,0.0186679880852513,5
209,363.3805356997676,174.63649927428054,668568.0629272461,708.6362915039062,943.4572727123174,698406.2365145279,4.8297667682684535,0.20262594102094456,1.2541165451010325,43014.0859375,173.0,132.76926931227464,11.577675106268316,False,False,science_V_005.fits,1454053.5594000074,1012.8793432274742,1435.5644323506096,-10.961072883683162,0.0007562878931336174,13.465048942843397,0.01829661111306257,5
210,367.1010301020442,180.83862249275833,1677742.2205200195,1096.5906982421875,1529.9621118521304,1695545.3367744535,5.439917067479004,0.05304306853432739,1.056014235464995,57766.92578125,256.0,132.76821418161276,11.57939780460934,False,True,science_V_005.fits,2013220.2692920244,1183.0850384616335,1701.669959337679,-11.314350109703442,0.0006380203129533851,13.111771716823117,0.018292104219172965,5
211,399.1531378417196,185.3955355861107,1719121.2209777832,1135.0565185546875,1514.568827961808,1708617.909747229,5.527827166860295,0.0018269382529387812,1.0018302820652576,58656.87109375,313.0,132.75912566679534,11.580662480135947,False,True,science_V_005.fits,1696033.6407491362,1090.1173685106526,1555.826638251166,-11.128208029583817,0.0006978283912276923,13.297913796942742,0.018294287942113182,5
212,354.76883262534665,188.9233777460678,31947.174530029297,227.3055877685547,140.54724674238233,33329.97293283735,4.6598486618000035,0.03628139140803288,1.0376472873768012,2195.8583984375,93.0,132.77171073148705,11.581643929907033,False,False,science_V_005.fits,29303.88988853845,281.2368059670576,104.19649657083268,-6.721935058458355,0.010419736130589979,17.7041867680682,0.021041979656782926,5
213,376.15751891673574,197.21800233239543,490825.5242919922,632.127685546875,776.4657924567289,488333.23490120086,5.106442981424725,0.013005578318427302,1.0131769522022924,32879.421875,219.0,132.765645666982,11.583947339600979,False,False,science_V_005.fits,481213.92530735646,617.3173850026623,779.5243370722196,-9.760467340061195,0.0013927724233443845,14.665654486465364,0.018333952707165275,5
214,391.33250787346725,200.30979991227088,1036402.3258361816,883.8279418945312,1172.6290567535116,1030729.6230545619,5.459315643893428,0.10639288342502817,1.1190600225217677,58824.46875,271.0,132.76134263142865,11.584805632691564,False,True,science_V_005.fits,1020770.4641228645,859.7744722468045,1187.2537474337164,-10.576942112284662,0.0009144633170009126,13.849179714241897,0.01830383156619085,5
215,351.88904513101056,203.50223839389724,414792.7442626953,585.0904541015625,708.9378084276416,413270.8378715629,5.023926290567817,0.009698364725597819,1.0097933441490385,26543.546875,201.0,132.77252689925913,11.585693690774923,False,False,science_V_005.fits,411719.54485242197,575.2341374212907,715.742543893716,-9.591125584041771,0.0015168862173452428,14.834996242484788,0.018343798697154204,5
216,71.79614079999544,194.81121555514008,365701.68365478516,542.6011352539062,673.9788398777634,366382.79318659916,4.990346703288776,0.009506000236857992,1.0095972315219792,24497.01171875,177.0,132.85194820072923,11.583276181557146,False,False,science_V_005.fits,370575.34164185316,543.6837804741689,681.6008771103292,-9.476813168209096,0.001592867668543596,14.949308658317463,0.01835023798905169,5
217,82.33790162277904,195.82984800441207,192073.22381591797,412.5993957519531,465.51988634367444,194554.96364937694,4.884356539569986,0.02955940961951431,1.030459782816715,12774.7314453125,147.0,132.84895910864907,11.583559652643157,False,False,science_V_005.fits,203854.53166921518,429.95411441294533,474.13090103244144,-8.827922799604766,0.0022898739517627715,15.598199026921794,0.01842383048012291,5
218,230.51999813324258,201.11758154220888,1223701.0145263672,940.8543701171875,1300.6274439411382,1230417.1311621,5.083539049317754,0.04508874679100294,1.0472177353020833,66026.8203125,224.0,132.80694169099672,11.585032499303974,False,True,science_V_005.fits,1507179.1311616674,1028.658903916165,1465.1884365397975,-11.000034054349339,0.0007409968389895291,13.42608777217722,0.018295985438361518,5
219,231.22741817605407,210.28837861942236,1672864.8028259277,1092.6822509765625,1530.970967388588,1698914.4693052084,5.44103147382035,0.06199257182301687,1.06608963848346,60428.01171875,253.0,132.80674116044372,11.587579947484812,False,True,science_V_005.fits,1809361.938030609,1122.8894073458603,1611.3447381317303,-11.198435499546997,0.0006737850531344474,13.227686326979562,0.01829338659579389,5
220,241.2554962387935,222.2746289549651,1019610.7832641602,873.2144775390625,1167.6521742260609,1013282.8729774042,5.194664239919423,0.003605409809441018,1.0036184558255696,55764.69140625,264.0,132.80389767523397,11.590909513285208,False,False,science_V_005.fits,1008394.2240710846,852.5148784196161,1182.8464811551867,-10.563697747637693,0.000917870592081982,13.862424078888866,0.01830400211071757,5
221,255.9845273974654,224.5526982556732,52409.67919921875,262.1042175292969,199.95740508586292,53210.066832183235,4.702074507813804,0.02746064183630481,1.0282360210985753,3399.6875,107.0,132.7997211049134,11.591542336254648,False,False,science_V_005.fits,52405.30192691013,299.48101926741845,174.98705612496718,-7.35305994269858,0.00620445891280465,17.07306188382798,0.019305162968647153,5
222,483.6067553541899,221.6471648539401,1598576.7077026367,1082.0006103515625,1477.4268077198485,1588613.190647095,5.427233291016665,0.006067763839785578,1.0061048063630844,60981.16015625,306.0,132.7351765278974,11.590728026243045,False,True,science_V_005.fits,1577834.2104932799,1054.3562652238866,1496.490572053684,-11.049775294464988,0.0007254973872037548,13.376346532061572,0.018295364257215098,5
223,471.24917558064476,226.42676542684774,446101.9194641113,601.2643432617188,741.93975489069,445199.01400327287,4.908379179291032,0.005115243145652815,1.0051415433902378,59752.39453125,187.0,132.73868034983434,11.592056451492676,False,True,science_V_005.fits,447512.53276582307,598.2894470527347,747.9866726219864,-9.681634880069174,0.0014514964500559832,14.744486946457386,0.01833850726721969,5
224,412.30685990166967,237.83866879298225,84751.13247680664,313.3580322265625,270.46101826274656,85833.83596282182,4.801400710112328,0.021686681827535415,1.022167419603412,5641.83154296875,123.0,132.755393603434,11.595229464855226,False,False,science_V_005.fits,85327.61385373588,339.41873653284506,251.3933518383681,-7.882345876448836,0.004318729958690573,16.54377595007772,0.018784180453281313,5
225,400.45407243009186,242.85304105123745,226779.32022094727,448.2103576660156,505.96626414852307,229576.71152310236,4.947407865958711,0.03032849905373658,1.03127708613086,14496.61328125,147.0,132.75875442871902,11.59662284146882,False,False,science_V_005.fits,259207.35055075487,481.1505285304664,538.7240274731236,-9.088740156566292,0.0020153175738094674,15.337381669960267,0.018391724002079023,5
226,400.87107337502005,253.79993191744995,1336301.8479003906,1002.67822265625,1332.7324935414674,1330418.9145589778,5.279423679546006,0.015227287622308405,1.0154627432613794,58363.35546875,267.0,132.75863573078712,11.599663626904617,False,True,science_V_005.fits,1323281.3518682208,979.2541156699904,1351.3155887661012,-10.858752354829262,0.0008034392624681869,13.567369471697297,0.018298620753866117,5
227,386.7091527466593,261.3257870306316,118848.13250732422,354.0246276855469,335.7058329085737,119596.27022511276,4.842033256825455,0.011394296581688557,1.011525622947845,7671.48681640625,136.0,132.76265133476628,11.601754685102653,False,False,science_V_005.fits,116660.64326009773,370.89399930973815,314.53904209076455,-8.221932790979565,0.0034517177670004683,16.204189035546992,0.018603987808756783,5
228,129.5353863135983,244.1279872915217,1038463.9151611328,871.139892578125,1192.0748022316081,1050978.3720972156,5.101233010363959,0.04517476442936752,1.0473120763323456,57278.46875,224.0,132.8355778413693,11.596977741438108,False,True,science_V_005.fits,1141832.475531978,901.5118236190501,1266.575152556712,-10.6986278512215,0.000857193509448218,13.727493975305059,0.01830105973865952,5
229,138.46111703977786,248.25376246468966,1616808.828338623,1063.541259765625,1520.212604346843,1639191.9591692048,5.114295394263277,0.15669509157858474,1.1858107192473273,56919.19921875,178.0,132.8330469393091,11.598124088386404,False,True,science_V_005.fits,2581672.705921428,1331.6946915828719,1938.6370781825478,-11.584374832323519,0.0005600326189045309,12.84174699420304,0.018289550114193115,5
230,143.14831584119182,252.580915242279,1299573.7362670898,964.0048828125,1348.0987072135592,1328654.8314354834,4.957798573347435,0.17042686502645732,1.2054392287328504,57198.41796875,209.0,132.831717938076,11.599326223025125,False,True,science_V_005.fits,2347140.5702536236,1271.9322558967162,1845.3345760925624,-11.480969624728171,0.0005883485922097312,12.945152201798388,0.018290439057368182,5
231,171.69639863094108,250.32921148834617,75538.58065795898,293.7454528808594,257.1565956753611,76375.98147324998,4.828253012203848,0.015620921556158573,1.0158688069446304,4847.78759765625,118.0,132.8236225376489,11.598701519830302,False,False,science_V_005.fits,77471.50570208178,324.1794646058815,238.97721527878738,-7.7774768660537,0.004543110935213795,16.648644960472858,0.018837034368896912,5
232,178.39151926781426,262.4631323525023,1531733.4981079102,1043.7037353515625,1467.5941516985747,1570121.6050511193,5.268224322491445,0.11537164236690456,1.1304182048556435,57089.58203125,222.0,132.82172427630627,11.60207220112515,False,True,science_V_005.fits,2091688.8018339449,1203.7329037081124,1737.668543736301,-11.355864552421405,0.0006248027012479314,13.070257274105154,0.018291647964599336,5
233,171.3281090098071,267.3800007131186,1919889.633392334,1169.169677734375,1642.0966690760483,1947195.9047924688,5.994129123304259,0.16910603049959683,1.2035229965639012,57005.484375,284.0,132.8237273755058,11.603437841261185,False,True,science_V_005.fits,2255706.1288495953,1249.650631969307,1805.0694099156815,-11.437828172899621,0.0006014727156950243,12.988293653626938,0.018290865924637627,5
234,153.41202564865168,273.93201734662523,1198703.1449890137,941.9339599609375,1272.5978634836827,1190179.2238467955,5.268099446193789,0.0063200313950255715,1.006360228237164,56752.35546875,289.0,132.82880808175486,11.605257386733008,False,True,science_V_005.fits,1178837.800685035,917.8996819684777,1284.2773822047347,-10.733257007827381,0.0008453781208356761,13.692864818699178,0.01830051012984425,5
235,137.42959020318838,280.30736581980915,572602.8890991211,671.3001708984375,852.975932261086,569369.1135456602,5.082664616546448,0.007889427900745871,1.007952165940589,36448.16015625,227.0,132.8333405104321,11.60702783217982,False,False,science_V_005.fits,567359.9406979935,656.1746891152903,864.6477075532366,-9.93926854535885,0.0012556559053077153,14.48685328116771,0.018324046458080116,5
236,101.93857712705703,273.89087353429477,905771.8081359863,815.9970703125,1110.018456057821,910817.5414106912,5.016107894106211,0.050330552266188544,1.0529979693316363,56890.93359375,208.0,132.8434046551614,11.605244145320675,False,True,science_V_005.fits,988018.4620324199,842.3545155200518,1172.9247529734416,-10.541534523677708,0.0009256348263157368,13.884587302848852,0.018304393097752048,5
237,110.31196761443948,273.53218591147015,360621.29638671875,632.0216064453125,570.583810282952,373331.93203322875,4.852341299666886,0.07046140125294331,1.075802555534455,22740.75390625,151.0,132.8410301580369,11.605144854660972,False,False,science_V_005.fits,576571.5431964495,734.4540266298615,785.0342190131677,-9.956754883766703,0.0013829970384791458,14.469366942759857,0.018333212693191183,5
238,283.20072558969895,274.5957036492748,491734.21875,629.9439697265625,780.5999301230636,489891.1697218444,5.040521824700544,0.00216392666128018,1.0021686193946062,31622.166015625,213.0,132.79200325367486,11.605443061166012,False,False,science_V_005.fits,488384.50266416115,617.5219408756344,790.8779758847777,-9.776526560368877,0.0013727781441699608,14.649595266157682,0.01833244464544909,5
239,274.5445926479864,292.2563435629046,1234357.8136901855,957.2213745117188,1289.5217831087766,1226545.5570112828,5.2571750327102,0.0025758955034678177,1.0025825478769315,57176.46875,288.0,132.79445782039303,11.610348851508439,False,True,science_V_005.fits,1220816.2867215378,932.8527973612719,1308.6912427928803,-10.77124766030355,0.0008296074463545778,13.65487416622301,0.01829978839660151,5
240,465.1691048486534,283.78616347178416,2122899.6153259277,1250.425537109375,1697.7417305739473,2112121.7651947336,7.005081859271255,0.31680139221027415,1.4637032168949897,60467.859375,428.0,132.74040102021507,11.607989966996383,False,True,science_V_005.fits,1976674.5130171417,1174.2130601942931,1683.4036173043996,-11.294459780458402,0.0006449433688033234,13.131662046068158,0.01829234700070791,5
241,497.71378936924395,284.0237739101855,676169.9012145996,733.3842163085938,921.98589249442,671295.8742085309,5.155294956914068,0.005498225658888356,1.0055286232772496,44950.89453125,251.0,132.73117206746267,11.608053931201427,False,False,science_V_005.fits,666510.7705942575,710.8609819859217,937.6105701177132,-10.114139803696375,0.0011579434304624945,14.311982022830184,0.018317610101579722,5
242,481.8951027809992,289.00423357232273,306747.9844055176,521.39599609375,588.3205600036149,305953.8327135043,5.131749198876311,0.014866912324487558,1.0150912729563952,20670.376953125,194.0,132.73565757093635,11.609438418821451,False,False,science_V_005.fits,289013.0195188738,512.7481546231518,563.6549189168437,-9.206915392505305,0.001926178524417657,15.219206434021254,0.01838216990872601,5
243,476.9770064253464,300.31830352188456,249040.12530517578,484.2064208984375,514.3263586696883,253979.91263966286,4.855382855194333,0.19065655015429883,1.235569399110658,17757.27734375,139.0,132.73705153031128,11.612581519403498,False,False,science_V_005.fits,549392.2521700108,672.0553472703305,817.4806649503838,-9.904328200214493,0.00132810480608235,14.521793626312066,0.018329153532590733,5
244,473.0918055088662,308.2250585991992,1642017.5678100586,1090.5595703125,1505.6651764007154,1642786.394821175,5.475663080251906,0.019463643575423628,1.0198499968388686,60259.36328125,271.0,132.73815281695062,11.614778075437854,False,True,science_V_005.fits,1665174.7909072777,1084.4627608542942,1535.4836062748002,-11.108271442734218,0.0007070736512999906,13.317850383792342,0.018294642931571715,5
245,462.84200457370326,320.2770210514381,1104825.3084106445,910.6761474609375,1213.1923203336505,1097659.2210851102,5.206201836432266,0.004662508409117305,1.0046843492267783,59478.8203125,265.0,132.74105879282862,11.618126444956289,False,True,science_V_005.fits,1089198.4629906656,888.2357818866858,1226.2492518339202,-10.647389423588178,0.0008853828031913404,13.778732402938381,0.018302401742764016,5
246,446.98662905700604,325.50397290411064,461153.86404418945,617.1221313476562,747.2651532317159,459098.56064461695,5.0725313654879605,0.01379550822340514,1.013988486504004,29574.5234375,210.0,132.7455549000427,11.61957925285278,False,False,science_V_005.fits,455745.98094533104,604.1177722548673,754.3992278927019,-9.701428992695993,0.0014391584188556713,14.724692833830566,0.01833753483432022,5
247,67.80510778553317,288.1916083786829,664975.8014221191,716.0392456054688,928.6862493966076,661470.6492468568,5.078425623182079,0.0031797312280463785,1.00318987417056,44838.484375,235.0,132.8530848005539,11.609214963854155,False,False,science_V_005.fits,659832.3596473727,700.3811006238874,942.1047470578596,-10.103205900289705,0.0011524196257269486,14.322915926236854,0.018317261745116407,5
248,77.10627971575005,306.76290359383535,1475471.7130126953,1037.8538818359375,1421.656496001752,1465465.917739006,5.388256285591012,0.001913272690355905,1.001916940319919,58314.90625,314.0,132.8504481182228,11.614374124489405,False,True,science_V_005.fits,1458416.426960137,1011.4567338221676,1441.896996868037,-10.96432574248136,0.000752966406309371,13.461796084045199,0.01829647412083472,5
249,371.39554036163906,287.0300496068739,175008.6863708496,408.1715087890625,428.76262209004824,175673.2588772818,4.90377975329568,0.006610511699537636,1.0066545013586234,11485.1640625,147.0,132.76699299130996,11.608895282014116,False,False,science_V_005.fits,175944.93164797613,419.57809958878727,419.3377390774522,-8.668063776194268,0.002589082495624058,15.758058050332291,0.018463405834636553,5
250,366.82916887034287,298.1345741399978,291297.5704650879,503.3088684082031,578.7650263075321,291433.9165503759,4.981473801649812,0.008495974335328449,1.0085687744229106,19701.275390625,174.0,132.76828756591712,11.611980015746651,False,False,science_V_005.fits,290633.8967351165,502.39043381201685,578.5020517406291,-9.21298753613202,0.00187674355991182,15.213134290394539,0.0183770556193046,5
251,35.6038224459166,313.17667619649666,528282.026184082,650.906005859375,811.6103115174125,527722.4486704005,5.962774165556688,0.2573025151534092,1.3464432294483355,28278.068359375,242.0,132.86221794611959,11.616153444881517,False,False,science_V_005.fits,519544.9729198471,629.4080536006652,825.4501510549118,-9.843679741481084,0.001315282332449141,14.582442085045475,0.01832822889586981,5
252,49.416214635382055,314.2221148644867,426209.10095214844,586.732666015625,726.4110652751662,424775.6025076668,5.084473541328946,0.02132502555647764,1.0217896912798892,27439.107421875,203.0,132.85830100957978,11.616444656844537,False,False,science_V_005.fits,423403.44580639695,577.0265217026681,733.7677383650132,-9.621507844389043,0.0014796235146821322,14.804613982137516,0.01834075496239303,5
253,414.49870152343385,323.7651545051971,1136712.4182128906,921.7549438476562,1233.2045798072352,1131129.3982736263,5.363239597159008,0.07128191294271213,1.0767530146511675,58711.19921875,265.0,132.7547682069131,11.619097829015988,False,True,science_V_005.fits,1123359.459125651,899.5693771195774,1248.7746778604778,-10.680918740507986,0.0008694122480607365,13.745203086018574,0.018301636115452144,5
254,403.7168511890651,331.75206428344694,466723.5649108887,614.6984252929688,759.2724264560228,466834.08945248544,5.01917693008075,0.026222770657070682,1.0269289215920203,30891.216796875,193.0,132.75782548429453,11.621316874286773,False,False,science_V_005.fits,466065.1812510019,608.9425784964646,765.3680292840744,-9.725738521334844,0.0014185332525785855,14.700383305191716,0.018335927667669706,5
255,417.94021078895815,338.02835569374935,93714.578125,325.9808654785156,287.484904941994,94697.18341800223,4.833809867178243,0.012147187379834334,1.0122965559490744,6525.123046875,126.0,132.7537915773315,11.623059673881576,False,False,science_V_005.fits,92429.02031943087,350.6039039292534,263.6280408847976,-7.969142748677188,0.004118302424719829,16.45697907784937,0.01873911475248491,5
256,467.67290605056866,346.31759100653926,1146196.363067627,915.5992431640625,1251.8537685840406,1153762.7322799205,5.036918091462331,0.09956541468805125,1.110574844982834,59916.47265625,210.0,132.7396872453213,11.625359650312896,False,True,science_V_005.fits,1690300.371509648,1090.0770714791813,1550.6246445638867,-11.124531591341082,0.0007001694470716692,13.301590235185477,0.01829437739033381,5
257,464.9336626342556,352.21647878915036,794091.6585693359,768.7313232421875,1032.9898555716309,837176.2119314764,4.763603351668872,0.1736162911543192,1.2100916188157098,55584.625,174.0,132.74046373173508,11.626998389390907,False,False,science_V_005.fits,1533484.9104610365,1040.8466150815868,1473.3053729927672,-11.018820641211867,0.0007369144373610657,13.407301185314692,0.018295820553703938,5
258,246.57887485005443,348.9462038317435,677878.3987121582,716.0792846679688,946.6527146173157,688139.8226366565,5.011618804379357,0.04701203874552684,1.0493311989835026,44548.60546875,187.0,132.8023884770178,11.626096076246926,False,False,science_V_005.fits,735206.974057996,739.8619015026017,993.7083833683665,-10.220645919158153,0.0010925740571089983,14.205475907368406,0.018313593992321985,5
259,273.243644344049,354.29225973989884,1724314.0415039062,1118.0989990234375,1542.1836912562708,1714729.444011576,5.560984593284089,0.003908043600681865,1.0039233763264275,57177.046875,305.0,132.79482642405023,11.627581055159515,False,True,science_V_005.fits,1699541.6642239983,1091.4461925442263,1557.1465417477568,-11.130451413462417,0.0006972368822663278,13.295670413064142,0.01829426538878609,5
260,255.4658952741497,352.93108195565515,926301.2946777344,836.891357421875,1106.8357755913448,935960.3655187226,5.9334536808369185,0.2587228690440794,1.3490231362060785,53676.93359375,253.0,132.79986815188957,11.627202996391858,False,False,science_V_005.fits,946109.4401597411,829.9560622892816,1139.951237358363,-10.494475313640566,0.0009524091596373188,13.931646512885994,0.018305766579215014,5
261,234.90426463531864,356.3352792494598,574245.0601196289,700.1980590820312,820.1180404191232,572354.0339446517,5.078804683319811,0.002373380209780507,1.0023790265442993,38116.125,216.0,132.80569939319662,11.62814855060313,False,False,science_V_005.fits,570545.4720651901,688.2164508312759,829.0203923141411,-9.945347531772269,0.0013096179660543202,14.48077429475429,0.018327823276711192,5
262,301.7197355925604,357.3924209351789,692035.3392333984,722.3673706054688,958.0102415940427,710697.2955202995,4.951776676578486,0.08099378344458064,1.0881319211834695,44317.0703125,181.0,132.7867506311259,11.62844195450086,False,False,science_V_005.fits,1004279.9883403841,853.6557733104098,1176.4460801874102,-10.559258896201023,0.0009228642249605234,13.866862930325537,0.01830425320036456,5
263,286.60541489546154,362.0196381812429,1779811.0871887207,1135.1787109375,1567.8686272391806,1770630.3455066772,5.616577424054599,0.016826960141905767,1.0171149527699972,56854.19140625,307.0,132.79103698858376,11.629727456318596,False,True,science_V_005.fits,1752559.1474172082,1107.820518098717,1581.9883444883435,-11.1638035839521,0.0006862882421242769,13.262318242574459,0.0182938513822711,5
264,309.0481250930437,358.61724486862175,701952.6819152832,727.6014404296875,964.7488898602821,714243.3537791772,4.90461951245212,0.09779217077930169,1.1083920662313158,46030.1640625,183.0,132.78467229219245,11.628782080946687,False,False,science_V_005.fits,1009708.8333188621,855.3067563509028,1180.5224567928158,-10.565112263167096,0.000919677549336567,13.861009563359463,0.01830409281117472,5
265,18.28859792712543,382.01470418119305,1285969.0244750977,966.1112060546875,1331.0776403542766,1280646.3297790878,5.157110379129782,0.014271170388741372,1.014477785330038,62726.37890625,252.0,132.8671328949874,11.635274009005208,False,True,science_V_005.fits,1279475.6952694843,950.6612834817364,1345.8796708155464,-10.822201975310897,0.0008066842998988993,13.603919851215663,0.01829876352120677,5
266,12.11094659058857,393.67294856833826,1052138.0918273926,879.401123046875,1196.4256859054638,1047641.2257745212,5.106956875271553,0.007269177439488073,1.0073224053029188,62292.203125,238.0,132.86888570750946,11.638511995743427,False,True,science_V_005.fits,1048127.7451721157,866.0901336928893,1210.1832181173143,-10.605657417593193,0.0008971368828672297,13.820464408933367,0.018302974114387666,5
267,368.9772596591488,397.0385484071464,1416038.1818237305,1042.5958251953125,1358.185163995319,1415060.4428692786,5.27940909263861,0.029456888479355903,1.030350932513655,58683.6953125,252.0,132.76767522487648,11.639453264384102,False,True,science_V_005.fits,1434553.4831665314,1007.9015088362897,1423.3072086803884,-10.946413734776364,0.0007628008861183251,13.479708091750195,0.018296881483936194,5
268,361.3573665593933,404.31634940956263,916244.8791809082,828.251708984375,1106.2396482156769,916787.3641287396,5.068239528745163,0.036084459550373205,1.0374352918239511,57095.25,216.0,132.76983608137112,11.641475107356333,False,True,science_V_005.fits,962660.8109362719,837.6789959414448,1149.2001298831224,-10.51330510512511,0.0009447440630818755,13.91281672140145,0.018305369381415734,5
269,253.1697838751887,422.23798812937605,557077.103302002,658.8448486328125,845.5360992166947,565380.8444066066,4.7116455938907,0.05858449258677989,1.0622302183525272,37045.62890625,159.0,132.8005193585864,11.64645490620305,False,False,science_V_005.fits,963599.2713112867,842.9609020646542,1143.1126508372504,-10.51436303130641,0.0009497751592590639,13.91175879522015,0.01830562972690341,5
270,255.03090910266008,429.7441972854808,1103729.0664367676,885.501220703125,1246.4455617129026,1131926.532517482,4.993245787914822,0.03491459382179585,1.0361777243737005,58134.765625,144.0,132.7999915121038,11.648539963333626,False,True,science_V_005.fits,1598464.842650394,1058.0597694481485,1510.750988560981,-11.063879595655804,0.000718649207063667,13.362242230870756,0.01829509397429151,5
271,263.99418084784105,428.3369715702451,126323.103515625,344.3227844238281,366.8740763902904,130430.51988007574,4.587465338401886,0.09854215803246757,1.1093142168660803,8387.337890625,103.0,132.7974493620634,11.648149056351029,False,False,science_V_005.fits,269686.45436437003,488.87227464692916,551.6501310268446,-9.131769707891472,0.001968095245403227,15.294352118635087,0.018386609413927384,5
272,251.81061137021314,436.1456314890574,458627.81771850586,603.9892578125,759.3310837671892,483562.06315864343,4.752820631457628,0.167951048897517,1.2018523653866495,33263.7578125,162.0,132.80090485529092,11.650318136765604,False,False,science_V_005.fits,992596.9966187385,852.4761751254215,1164.3691936290204,-10.546554265999003,0.000932436211762156,13.879567560527557,0.018304738297346666,5
273,248.2063474628512,453.5489471158363,668883.4783325195,725.216064453125,922.3230304983866,664928.8867983767,5.106408229482231,0.007192842413431877,1.0072449542274826,42433.2578125,241.0,132.80192713268409,11.655152382009941,False,False,science_V_005.fits,661518.3881396479,706.3671657852304,936.5078392400551,-10.105976675835667,0.0011593069000693144,14.320145150690893,0.018317696343533283,5
274,508.9425096172236,416.885761702145,50834.83953857422,204.51181030273438,248.56676718730577,51033.65662998642,2.5814595925286694,0.12133257711722145,1.1380870326558223,50675.890625,22.0,132.72797833329133,11.64495922922013,True,False,science_V_005.fits,113876.41294131523,347.2840453304213,327.9056854828105,-8.195706320537097,0.0033110130384028207,16.23041550598946,0.018578396437416708,5
275,509.7910728098318,420.909013423631,63382.879821777344,221.61241149902344,286.0078070223817,63529.94633755261,2.510544814641452,0.20535802509414403,1.258428363438105,63336.78125,19.0,132.7277373787847,11.646076737642648,True,True,science_V_005.fits,113624.19448622706,341.1156295315604,333.0958321735722,-8.193298917554856,0.0032594223497646618,16.232822908971702,0.0185692714154188,5
276,288.4756576975296,424.90482530054834,496462.29107666016,634.9236450195312,781.9244014158398,505504.22829808696,4.721968266031963,0.17966455321154617,1.2190135193047162,36040.91015625,155.0,132.79050599383893,11.647195538737153,False,False,science_V_005.fits,1033583.1982574271,875.6525090715414,1180.357719014978,-10.5904854762794,0.0009198059050319331,13.83563635024716,0.018304099260774236,5
277,293.79792668802133,429.40364327811966,988879.993927002,853.6139526367188,1158.4627815331057,1005723.5455773456,5.02020674687893,0.060953498057858324,1.0649099889428202,58485.1640625,205.0,132.7889964556046,11.648445156114251,False,True,science_V_005.fits,1277709.4281719993,963.0539758539664,1326.7267050520395,-10.820702122662453,0.0008183298006030674,13.605419703864106,0.018299280600829623,5
278,328.4307207740589,428.42419844888093,646293.023223877,700.8041381835938,922.2163340801561,648628.4195252932,4.90542481663612,0.07255079255298236,1.0782261626517449,38729.80859375,175.0,132.7791739637342,11.648172548781481,False,False,science_V_005.fits,913957.6121789,818.1867686249302,1117.052545001339,-10.45693700991901,0.0009719327930081379,13.96918481660755,0.018306792733831585,5
279,349.75230966518524,434.57204165462633,1096098.388671875,909.32421875,1205.3988732188652,1088788.6201077597,5.178939563627188,0.005448240052182585,1.0054780859796262,59777.1875,276.0,132.77312660188386,11.649879783806448,False,True,science_V_005.fits,1084808.1443791855,885.072918357408,1225.6709270830056,-10.643004216725716,0.0008858005652331784,13.783117609800843,0.01830242195685346,5
280,330.1301740926083,436.73125815744777,1204461.477508545,941.0110473632812,1279.965289337945,1205882.3362675314,5.143039291293939,0.057396035657047095,1.0608909338685577,59049.765625,239.0,132.77869179109894,11.650480028451538,False,True,science_V_005.fits,1335772.1164848355,974.8910483006771,1370.1757943241007,-10.868952807947494,0.0007923800759708861,13.557169018579065,0.018298138512705054,5
281,123.88954706346618,440.7349334001924,226754.50701904297,441.5530090332031,513.5385839981715,231560.39983716252,4.880894664841113,0.0448566593221853,1.0469632749471434,14765.341796875,140.0,132.83718608753736,11.651590556410211,False,False,science_V_005.fits,309203.40073087177,510.19583192366076,606.048464890511,-9.280232528541879,0.0017914408878110814,15.14588929798468,0.018368540151570717,5
282,119.18967130240674,446.07290272195667,150925.53567504883,369.8935852050781,408.02420401903424,155393.71422725607,4.619615223439407,0.14396263866375647,1.168173312481404,10211.2646484375,116.0,132.8385192799708,11.653073149906067,False,False,science_V_005.fits,265666.6964281183,480.62656531520827,552.7507541200655,-9.115464662362193,0.0019641764247402007,15.310657164164367,0.0183861903577889,5
283,434.92640225654134,444.38758354398163,644024.9186401367,715.9287719726562,899.5656325776696,640475.7500412186,5.0885151703807665,0.010960604285733977,1.0110820704748757,42299.7265625,232.0,132.7489690130461,11.652603071954255,False,False,science_V_005.fits,637925.9492320118,698.0494240994869,913.8693152780164,-10.066547545348456,0.0011880254450492296,14.359574281178103,0.01831953632883291,5
284,415.44766338826014,450.993781279623,1479268.3401184082,1046.4794921875,1413.566487601426,1469557.2023315397,5.354131339244024,0.007535319575324273,1.0075925317282826,60952.046875,305.0,132.75449332964413,11.654439045373945,False,True,science_V_005.fits,1462205.0102558301,1017.9209599781062,1436.462228155003,-10.967142543250985,0.0007558152095613937,13.458979283275575,0.018296591580847746,5
285,12.343418798130385,451.58823243952645,1267227.991241455,953.57666015625,1328.92093964822,1297941.4817170263,5.023142583244316,0.08646171384264834,1.094644871652107,65271.66015625,212.0,132.86882374371143,11.654599567918506,False,True,science_V_005.fits,1722256.988975443,1095.7337874251023,1571.784140217695,-11.144866763563483,0.0006907437046982983,13.281255062963076,0.01829401906938234,5
286,15.898282354770148,459.02099826279505,1700324.7878417969,1089.7142333984375,1560.3400742404535,1711477.1150124636,5.145994331480193,0.1265016529645947,1.1448218572982225,65482.48046875,177.0,132.86781599832207,11.65666445955605,False,True,science_V_005.fits,2338260.699554918,1269.6841979417284,1841.6080969940774,-11.476854199773392,0.0005895391108304254,12.949267626753167,0.018290477391488254,5
287,20.720246817255518,466.17339725420055,1414158.4440612793,1005.6950073242188,1406.15040719336,1426543.5798408713,5.157766899487249,0.06585446773812575,1.0704970108658234,65997.765625,225.0,132.86644883297595,11.658651550792612,False,True,science_V_005.fits,1763256.0813560816,1108.846674201124,1590.1712314071117,-11.170410349972833,0.0006827566607649449,13.255711476553726,0.01829371923648013,5
288,24.21497204397984,482.02628756424446,1853252.273071289,1154.2991943359375,1605.5215858809083,1841650.3098232544,5.491514343259658,0.0017171313036866698,1.0017200849153398,65656.3515625,317.0,132.86545866100874,11.663055349402404,False,True,science_V_005.fits,1830159.3196119417,1128.0542427575115,1622.403648904458,-11.210844118334986,0.0006691922819164814,13.215277708191573,0.018293218009839626,5
289,92.60102529533755,464.9281657812441,695133.5945129395,732.7679443359375,948.6408349138366,691198.9668558282,5.111126280266306,0.0028674612995536197,1.0028757072788848,45303.40234375,238.0,132.84606130643564,11.658309615241478,False,False,science_V_005.fits,688328.9636081508,715.831948098209,961.5789927187144,-10.149111984655384,0.0011290804065200643,14.277009841871175,0.018315808183362585,5
290,105.56418011886798,472.50630199158024,370139.4670715332,551.8684692382812,670.7023280065624,373625.9147895265,5.083285519280487,0.030563213466718975,1.0315267729585684,22367.611328125,186.0,132.84238490337478,11.660415211861253,False,False,science_V_005.fits,367674.86027699726,553.1484152158915,664.6947729814887,-9.46828171417247,0.001633381281351277,14.95784011235409,0.018353799095980457,5
291,116.88451537559739,476.2308647870552,1167256.5684814453,973.4024658203125,1199.1510289608386,1159789.186416076,5.23696678116105,0.01000334757055632,1.0101044256523577,61501.015625,274.0,132.83917425210817,11.661450263562775,False,True,science_V_005.fits,1144585.250681314,908.1377179865817,1260.3652816215545,-10.701242237082011,0.0008614169366861372,13.724879589444548,0.01830125804375628,5
292,131.48074651809665,489.0975799313796,1870886.9054260254,1164.911376953125,1606.033679849028,1857806.7145083009,5.572809292926459,0.003733226467123152,1.0037472156718472,62478.1875,348.0,132.83503474341362,11.665024876797041,False,True,science_V_005.fits,1842342.1125584256,1133.0336743782154,1626.0259109857996,-11.218047572515509,0.0006677015370202681,13.20807425401105,0.018293163536903165,5
293,105.24296131522745,491.7041513533423,1593924.7100524902,1098.4925537109375,1451.0109373685596,1581672.7428828524,5.433531382031489,0.003285371247956581,1.0032962004902748,62478.484375,330.0,132.8424768226415,11.665747926506766,False,True,science_V_005.fits,1569683.5200560805,1049.6975046056655,1495.3674874608334,-11.04415212075149,0.0007260422666026679,13.38196970577507,0.018295385872351473,5
294,400.06184679548517,481.6004302353931,55604.206604003906,267.5649719238281,207.81571744687724,57843.12053408004,4.650521088568129,0.06108580482023196,1.0650600503579948,3639.771484375,97.0,132.75885587494415,11.66294153401336,False,False,science_V_005.fits,71849.65092814647,330.80814130722047,217.19432491662872,-7.695683530326174,0.004998749393736472,16.730438296200383,0.018952084380002242,5
295,410.17440194394567,488.176190296254,1583151.9010925293,1078.4114990234375,1468.0406343275852,1572753.087500433,5.400542709154604,0.0005854484020425543,1.000585791352654,62606.90234375,301.0,132.75598732824085,11.664767709226641,False,True,science_V_005.fits,1563626.2465311731,1050.6131447772127,1488.2987656343737,-11.039954253415816,0.0007294906271975778,13.386167573110743,0.018295523043097547,5
