id,x,y,flux,flux_err,snr,kron_flux,fwhm,ellipticity,elongation,peak,area,ra,dec,flag_edge,flag_saturated,frame,flux_aper,flux_aper_err,snr_aper,mag_inst,mag_inst_err,mag_calib,mag_calib_err
1,502.9978287761906,1.999697869751928,67384.45645141602,230.43873596191406,292.41809615963626,67440.67169362651,2.6613360458915487,0.0007504043022216189,1.0007509678317135,67222.609375,25.0,132.72969331479558,11.529713618511602,True,True,science_V_002.fits,64758.816369383945,291.3194452527332,222.2948636786077,-7.5828691298594695,0.004884053468593396,16.843635895394694,0.016549908170495276
2,381.4210297673158,15.76694191316524,65182.881286621094,350.8373718261719,185.79229728957444,65875.81247639135,4.858511442322476,0.07005114251598032,1.0753279515881162,4704.388671875,119.0,132.76415960142626,11.533544099420263,False,False,science_V_002.fits,67166.95205209746,373.8921241524265,179.64259665634242,-7.62251097662517,0.006043666815153824,16.80399404862899,0.016928419617328095
3,177.82407726824715,23.139184354208524,1377511.450378418,1020.0736083984375,1350.4039699068132,1369379.9037290374,5.258580459074872,0.0013781741265311842,1.001380076111721,61284.9921875,280.0,132.82187992386696,11.53559331937081,False,True,science_V_002.fits,1366308.933230323,979.5091681823249,1394.8914186947147,-10.893494143685498,0.0007783401528241934,13.533010881568666,0.015831970678385095
4,479.8374556255273,18.408985875341617,18558.30795288086,185.1648406982422,100.2258737830515,19563.56014014069,4.230627631175035,0.029899219847712377,1.0308207358033654,1252.62548828125,67.0,132.73625819010144,11.534273249041693,False,False,science_V_002.fits,19416.743052255893,262.81538185023163,73.87978175235097,-6.275062832788333,0.014695495496174113,18.15144219246583,0.02158710425336897
5,271.6818688059408,21.972097339181374,366359.02365112305,550.00634765625,666.0996281448279,365648.389325997,5.09409731909124,0.047107593145865656,1.0494364240989031,23652.935546875,192.0,132.79527085236168,11.53526990925469,False,False,science_V_002.fits,364494.3996131441,543.0945179233515,671.1435810600213,-9.45884902367455,0.0016176866331422224,14.967656001579615,0.015895357567881074
6,499.64416155831816,25.434036556009808,1116350.8955078125,915.3757934570312,1219.5547484293568,1107342.7365031084,5.224932569552012,0.024438991878205085,1.0250512184012526,64933.5390625,286.0,132.73064245501686,11.536223370287278,False,True,science_V_002.fits,1102415.0133965488,889.7282178670728,1239.0469260819284,-10.66048467180426,0.0008762379996641155,13.766020353449903,0.015837085438924755
7,428.65104365196356,38.699948460233806,976197.9950561523,857.46044921875,1138.4758281802813,969843.2749471428,5.122103774960311,0.003185387631540859,1.0031955667503432,61821.06640625,260.0,132.7507686764781,11.539912421524575,False,True,science_V_002.fits,967930.2092561327,837.0237296748022,1156.39518324312,-10.51923198521571,0.0009388658961334873,13.907273040038454,0.01584067395468607
8,120.72447123632786,36.44251743388509,18043.1396484375,174.13645935058594,103.61494494447919,18719.49331386641,4.157255238944362,0.042253161406388684,1.0441172548984183,1187.995849609375,65.0,132.8380684013137,11.539287025140137,False,False,science_V_002.fits,17118.593489663297,245.68956347401266,69.6757047699097,-6.138292071510052,0.015582188993786437,18.28821295374411,0.022200227386354094
9,293.9040425263165,48.33824386346041,62598.40869140625,272.4124450683594,229.7927639675117,63441.61781216033,4.626058633596716,0.009215388865171925,1.0093011021382505,4289.70703125,106.0,132.78897049088488,11.542593660624165,False,False,science_V_002.fits,62327.65607213993,307.3964362170948,202.75985251866038,-7.541323861250181,0.005354610326026357,16.88518116400398,0.016694829556222944
10,450.2272447030312,52.501115465255126,1411791.9063415527,1019.9223022460938,1384.2151536763886,1402007.0340314775,5.296079050711175,0.0016794122039360815,1.0016822373739118,63612.54296875,303.0,132.7446508832239,11.543744979055024,False,True,science_V_002.fits,1396261.7240383737,993.4096864295022,1405.5245716968957,-10.917038956026499,0.0007724518104220903,13.509466069227665,0.015831682284810147
11,254.46543421387057,50.995153190654705,72786.10046386719,284.81549072265625,255.555272921387,73589.98822351574,4.630712085310325,0.01871002495169216,1.0190667645929747,4906.04296875,108.0,132.80015178256957,11.543331898356458,False,False,science_V_002.fits,72723.55846313616,317.01097356300704,229.4039150940688,-7.7088096774323,0.00473270039682976,16.717695347821863,0.016505875778458398
12,487.84790379078896,58.37957435298103,59256.678771972656,272.7204895019531,217.2798929782952,60442.2477737704,4.673140349812119,0.02199522751519134,1.0224898979371115,3913.35546875,106.0,132.73398458266146,11.545375666837092,False,False,science_V_002.fits,59266.411082077655,310.49634702206,190.8763553919265,-7.486643446633071,0.0056879753271207,16.93986157862109,0.0168047179532916
13,205.97486636698483,79.00384169514038,189704.0467224121,413.8426818847656,458.39652367040077,190145.64291300633,4.872447356015624,0.0008822261355627692,1.0008830051457802,13209.2919921875,151.0,132.81389983030002,11.551111752267262,False,False,science_V_002.fits,190048.16379564052,421.05038308635034,451.3667993900503,-8.75178106879039,0.0024053607874286484,15.674723956463774,0.01599472546452256
14,13.33120559176313,83.18001723866392,321539.20053100586,512.2290649414062,627.725411418789,321161.7494373684,4.931026091006828,0.004625542065234356,1.0046470371309624,21558.79296875,176.0,132.86851840531676,11.552264092580383,False,False,science_V_002.fits,322919.1255444233,510.3905304125842,632.6902759802093,-9.327356293431334,0.0017160055104655362,15.09914873182283,0.01590566430802861
15,387.45688559811055,80.3737936651968,21731.413635253906,194.63893127441406,111.64988161908683,22721.674087464027,4.296399659995741,0.013921746375083144,1.0141182977354033,1409.994873046875,73.0,132.76244601021466,11.551490210361218,False,False,science_V_002.fits,23082.529788187505,263.89506538667933,87.46859193583332,-6.462830385774616,0.012412455442251388,17.963674639479546,0.020102600137137067
16,241.13902992533926,93.16327087967,34621.036224365234,222.67991638183594,155.4744441568745,35663.68728123034,4.485178122347686,0.034157723856206634,1.0353657369323117,2404.7109375,88.0,132.80393014374422,11.555045228717795,False,False,science_V_002.fits,35503.8487780744,274.25717071937794,129.45458703941134,-6.930310461782659,0.008386724834010463,17.4961945634715,0.017899235615219854
17,27.47535752753894,101.97831803581997,219384.1146850586,436.1435852050781,503.00892212343894,219487.28964172653,4.879747378277189,0.009188789797979768,1.0092740066960952,14307.044921875,160.0,132.86450945130133,11.557486749640058,False,False,science_V_002.fits,220680.05552446606,439.4315108258783,502.19442640723366,-8.914029585433122,0.0021619116878043502,15.512475439821042,0.015959929332976765
18,322.4784665168481,105.15981646964622,586227.5121154785,678.713623046875,863.7332332947603,583513.5997578797,5.062119588128558,0.004961868640286582,1.0049866115517665,37492.52734375,223.0,132.7808682374977,11.55837700000033,False,False,science_V_002.fits,580511.7812741467,664.6531176792212,873.4056394727043,-9.964149469069888,0.0012430650214892854,14.462355556184276,0.01586161066271005
19,249.00621674023137,108.6398160275608,1655173.4404296875,1102.434326171875,1501.3805368136168,1641645.1372727412,5.6794099809952385,0.0841847189013164,1.0919232520343205,58131.859375,369.0,132.8016996340159,11.559344288137266,False,True,science_V_002.fits,1628707.8961832477,1066.693581352219,1526.8751257681497,-11.084229878779364,0.0007110601133500027,13.3422751464748,0.01582880566096332
20,308.7372886370004,115.44501039239302,9410.301147460938,146.8926239013672,64.0624484574501,10395.654825993079,3.854926522842269,0.030400095620798262,1.0313532370243603,711.2617797851562,49.0,132.78476408079348,11.56123422618022,False,False,science_V_002.fits,8052.254953837797,245.29149377617193,32.827289808856825,-5.319415667156938,0.033073092732348486,19.107089358097223,0.03665889994326438
21,339.0345604151476,122.9397073296033,1999074.5916137695,1204.61572265625,1659.5122859642659,1989567.6685886253,6.25766249752338,0.22831072898820837,1.2958583688598668,58247.5546875,373.0,132.776173711413,11.56331551039654,False,True,science_V_002.fits,1956080.7403798443,1165.8794112172488,1677.7727795515125,-11.283088816603563,0.0006471078880479989,13.143416208650601,0.015826061758584194
22,274.41481303868886,127.61735655126618,782246.3065185547,798.1909790039062,980.0239881121564,777571.4542772055,5.104418741617293,0.0014183460000833925,1.0014203605628063,48582.4140625,250.0,132.7944954734866,11.564615777858053,False,False,science_V_002.fits,776334.4193221778,754.9712156017914,1028.2967128797852,-10.279743977380388,0.0010558236610126418,14.146761047873776,0.015848036022513997
23,365.7697706319114,135.34885662379926,201095.88702392578,431.0199279785156,466.5582122085768,201318.3953034022,4.910971239597721,0.0022304153383865266,1.0022354012115362,13278.0546875,160.0,132.768593028306,11.56676177698419,False,False,science_V_002.fits,200317.71264669287,434.9543710115257,460.54879775282154,-8.808920255320418,0.0023574049162597096,15.617584769933746,0.015987583935884512
24,497.41306248291795,138.86907549571868,233587.2846069336,463.421630859375,504.04916182649123,233435.34406759695,5.006448677543758,0.0067818291553966015,1.0068281364099787,15053.3720703125,176.0,132.73126722413295,11.567733207077659,False,False,science_V_002.fits,231392.9539352556,460.96332608290356,501.9769271051292,-8.965497199715616,0.0021628484126973062,15.461007825538548,0.015960056247521635
25,461.6420030187171,139.49112229934246,69683.88568115234,291.4264221191406,239.1131359141631,70496.81682925147,4.704742709747363,0.007065035114826257,1.0071153049944648,4371.50390625,115.0,132.7414095887558,11.567908211603498,False,False,science_V_002.fits,70308.383416307,322.47486643121596,218.02748286835498,-7.672139655095723,0.004979647454149374,16.75436537015844,0.01657837057540226
26,352.0571794732767,139.46406369168972,20444.434997558594,191.7795867919922,106.603811904825,21759.290396007687,4.282695715429822,0.015549862055017294,1.0157954795836357,1414.878662109375,72.0,132.772480925839,11.567905282298906,False,False,science_V_002.fits,19996.65271105733,263.3697283776845,75.92616218360978,-6.307015134353303,0.01429941891932437,18.11948989090086,0.021319448013447224
27,399.94259781647844,146.44885343608985,157545.06216430664,391.8492736816406,402.0552614123376,158067.0369022093,4.856712619980031,0.004008495925129529,1.0040246286326036,10445.2939453125,147.0,132.75890335653116,11.569843903433954,False,False,science_V_002.fits,158084.55510059994,401.9397487909298,393.30410982275885,-8.551845477362225,0.0027604593313028617,15.87465954789194,0.016051966168900436
28,28.30767409963585,149.712534416286,113099.47576904297,331.4591369628906,341.2169500148832,113638.9898835653,4.700948431679745,0.005507267989153686,1.005537765950303,7533.05615234375,123.0,132.86427652076603,11.570746292644296,False,False,science_V_002.fits,115398.19680323907,351.41909226184214,328.3777101024891,-8.210119430654267,0.003306253642067073,16.216385594599895,0.016154776238420293
29,329.33567668687743,162.17659524036512,629803.5668334961,701.8558349609375,897.340358890866,626708.8983594622,5.0702698450885375,0.0032738253775002057,1.0032845785139937,41491.4765625,227.0,132.7789228354029,11.574214853534778,False,False,science_V_002.fits,626219.9996865083,686.8259105561776,911.7594284982757,-10.046439208124598,0.0011907746342565552,14.380065817129566,0.015857598380503143
30,498.8713506871418,165.0529828549327,91546.7006225586,322.3970642089844,283.9563717714754,92621.60639438735,4.805135972207279,0.008020964225899263,1.0080858203012728,6297.4013671875,127.0,132.73085194465668,11.575006409817956,False,False,science_V_002.fits,91163.150706163,345.4236267633278,263.9169519478898,-7.954170190285814,0.004113794100707752,16.472334834968347,0.01633917941852543
31,452.04681042289724,168.88716349450843,341266.23791503906,539.038818359375,633.1014136490597,340513.10081452125,4.996603203986211,0.005625042338832542,1.0056568624295035,23391.796875,187.0,132.7441285440857,11.57607430662081,False,False,science_V_002.fits,339537.4918083884,533.0726418245956,636.9441332540025,-9.381841214444552,0.0017045450979403893,15.044663810809611,0.01590443196592257
32,42.19433557826518,174.83125387195966,243324.3454284668,457.97039794921875,531.3102037120036,243214.80117349615,4.918023519700791,0.0014257169255081914,1.0014277524964077,16642.0078125,168.0,132.86034061092738,11.577724550814043,False,False,science_V_002.fits,244431.23982609733,458.53085505117485,533.0747912238476,-9.025013650645796,0.0020366748116290036,15.401491374608367,0.01594344775937975
33,17.415640247607072,194.15615987499515,327605.0184020996,518.2894897460938,632.0888709562506,327185.4507240847,4.930796148327988,0.004321526422276567,1.0043402830702448,21497.0703125,177.0,132.86736782226774,11.583091036424774,False,False,science_V_002.fits,328961.1562520763,516.1029130140271,637.3944962467893,-9.347483422705162,0.0017033407197473412,15.079021602549002,0.015904302932706497
34,427.44163605301475,195.396699312378,522526.361328125,647.7880859375,806.6316325838377,520315.9611066472,5.035431329271571,0.003985163581113116,1.0040011086536036,32492.271484375,211.0,132.7511039303562,11.583439316892298,False,False,science_V_002.fits,519888.85918828915,635.5727936010404,817.9847602391741,-9.84439815139628,0.0013272863417193098,14.582106873857883,0.015868433167791386
35,264.45664634501145,197.26024853388776,150344.87548828125,383.0051574707031,392.54008087288344,150762.4647828007,4.870517539226681,0.0017781474883700188,1.001781314929037,9675.6474609375,148.0,132.79731876323086,11.583961061144787,False,False,science_V_002.fits,151202.74035277936,392.3336078519248,385.393291134637,-8.503521029687091,0.002817122209895219,15.922983995567073,0.016061807485872565
36,186.1331623119251,203.37922163353375,817602.4278564453,787.2946166992188,1038.4961493631113,812790.5918670536,5.096827261713346,0.0024065248321161192,1.0024123301645604,53169.07421875,246.0,132.81952776553942,11.585660133426233,False,False,science_V_002.fits,811780.5550726701,769.8446947093977,1054.47314328652,-10.328218484701189,0.0010296137051116865,14.098286540552975,0.015846311449340535
37,351.89014137962,203.50644048093932,414243.9792175293,583.975830078125,709.351240036957,412935.8335544559,5.015484079603192,0.004217366840992387,1.0042352283526108,26494.232421875,198.0,132.77252653651328,11.585694830767524,False,False,science_V_002.fits,411675.8851522778,575.1098931680376,715.8212544119684,-9.591010443939087,0.0015167194230518888,14.835494581315077,0.01588539958502807
38,42.3540512472998,205.17153420451373,404274.9025878906,570.6832885742188,708.4050132218191,403218.96188970905,5.000837461264124,0.008067567042134072,1.008133182033455,26740.01953125,197.0,132.86029714453986,11.586152410316139,False,False,science_V_002.fits,403655.4153758839,563.1366080406605,716.7983924546041,-9.569648832248824,0.0015146518343632572,14.85685619300534,0.015885202307401914
39,302.49182508997575,220.11693983485242,645197.6354370117,710.5940551757812,907.9693683581518,641623.5591986433,5.084232653444805,0.0018052735632060335,1.0018085384698938,40999.6171875,233.0,132.7865334558511,11.590309842595826,False,False,science_V_002.fits,639954.4794221371,694.0199904739951,922.098049344468,-10.069994582286279,0.001177423594781313,14.356510442967885,0.015856601416737916
40,328.74359679674336,216.19295712492536,21024.3330078125,190.8527374267578,110.15997617472402,21910.212007977254,4.218688011320103,0.005003944512813829,1.0050291098997008,1530.518798828125,69.0,132.77908959177182,11.589219407980623,False,False,science_V_002.fits,20708.738726723583,264.41907140125585,78.31787101051451,-6.345005996129101,0.013862736384320767,18.08149902912506,0.021029049960207852
41,280.057389324903,227.01293899809636,532646.3454589844,663.718994140625,802.5178579507856,532753.7442238232,6.954653318504244,0.40448135385492523,1.6792085461525401,20840.703125,268.0,132.79289491038207,11.592225622632343,False,False,science_V_002.fits,518080.87172395346,632.2667676977882,819.4023443781352,-9.840615768587625,0.0013249901070565824,14.585889256666539,0.015868241268380844
42,360.3631526783693,226.7274691172378,16760.732971191406,178.93560791015625,93.66907552356481,17561.298748774512,4.129674317927331,0.022864002793064664,1.0233989975381315,1205.174560546875,63.0,132.77012328127915,11.592144878809364,False,False,science_V_002.fits,16581.652890374167,260.7030132012322,63.6036104330527,-6.1036914231998125,0.017069785702539263,18.32281360205435,0.023268499438046302
43,42.78201043974953,233.75865811221433,1442234.5992736816,1022.8688354492188,1409.9897751213505,1433510.0152810817,5.317363760285618,0.001459487936354975,1.001461621154798,60282.0078125,295.0,132.86017750638413,11.594093298540672,False,True,science_V_002.fits,1429031.8607198757,1000.419530576973,1428.4325895714057,-10.942226653122201,0.0007600638685552247,13.484278372131962,0.01583108269361354
44,317.84451362517524,232.3123109167711,72463.53903198242,291.5330505371094,248.56028809933682,73391.15631887781,4.680505880600945,0.006043880482292319,1.0060806310898565,4980.63916015625,113.0,132.78217983503743,11.59369721150634,False,False,science_V_002.fits,71607.0277080447,322.95338560778384,221.7255830072302,-7.692010992137657,0.004896593281094662,16.734494033116505,0.016553613138170425
45,203.8752973496373,237.0630093513056,1376008.5396118164,1004.5856323242188,1369.7274730360916,1367315.9261461608,5.351230891507788,0.0007373163060236942,1.0007378603424857,56441.47265625,297.0,132.8144973799469,11.595017034421463,False,False,science_V_002.fits,1361739.8567383317,979.9177279044939,1389.6471284893946,-10.889857246554858,0.0007812774752250969,13.536647778699306,0.01583211535648478
46,339.6721232697758,238.75054663842158,641664.5174560547,708.8021850585938,905.2801063289766,638523.7082427668,5.066647640542204,0.002510980328561341,1.002517301222412,41922.375,227.0,132.7759901748914,11.595485165335914,False,False,science_V_002.fits,637273.8042635397,693.5601794790126,918.8442807403476,-10.065437040954446,0.0011815930324180835,14.361067984299718,0.015856911561272138
47,87.23442247524214,238.66551885485725,98011.32131958008,319.0406494140625,307.20637479764355,98815.5321509251,4.742602712022062,0.009183769106437256,1.0092688924747981,6547.611328125,125.0,132.84757266291433,11.595458648398052,False,False,science_V_002.fits,99171.40807137708,339.88148710510325,291.78231776039576,-8.045588072907615,0.0037209245862922695,16.38091695234655,0.016244714892684985
48,441.58314583399977,244.1760109368271,374528.1527709961,561.7022705078125,666.7734357427471,373533.7661074699,5.004487292427541,0.001384284492787935,1.0013862033926482,24335.890625,192.0,132.7470915006125,11.596988418710996,False,False,science_V_002.fits,372931.3584657266,554.1836817162799,672.938180551936,-9.483694131961668,0.0016133725673129764,14.942810893292496,0.01589491910041398
49,354.88161902722896,246.04902178970852,16178.864990234375,179.8822021484375,89.9414438838351,17121.832211374738,4.157470096816527,0.006603282549630163,1.0066471757291267,1168.5125732421875,65.0,132.77167708894507,11.597512131466836,False,False,science_V_002.fits,15487.438795008735,260.69615368107713,59.408006509966796,-6.02957088177601,0.01827531445307551,18.396934143478152,0.0241667664474695
50,266.0334269271026,247.06028652964332,19928.976470947266,187.82443237304688,106.10428163768063,20805.474765315754,4.232421946378414,0.010147666529598087,1.0102516973355213,1418.7908935546875,69.0,132.79687150680806,11.59779440013473,False,False,science_V_002.fits,20949.770081448467,261.15516473477027,80.21962767891303,-6.357570026675417,0.013534094228729426,18.068934998578744,0.020813870105289747
51,233.75378616356016,262.43749715275624,312622.37384033203,515.80224609375,606.0895938470014,312079.8537154481,4.9860743173050555,0.004562460818757663,1.004583372275181,20002.05859375,183.0,132.80602505200076,11.602065801947235,False,False,science_V_002.fits,311651.9263585739,511.35157009538085,609.4670371315032,-9.288796413199602,0.0017813924853260627,15.137708612054562,0.015912851452663135
52,415.1344555907929,262.262170665932,24398.895782470703,206.4147186279297,118.20327515718796,25948.87432979467,4.374108416490692,0.047395380603425075,1.049753465014108,1696.904052734375,77.0,132.75459064191978,11.602013617551657,False,False,science_V_002.fits,20663.640640587524,274.8920674913444,75.17001428656418,-6.342638975182976,0.014443259194564994,18.083866050071187,0.0214161905652974
53,368.1906154499682,267.1341948253013,498639.768157959,634.0402221679688,786.4481632615734,496879.5535516605,5.0323107574430885,0.0009347559030556951,1.0009356304891786,33835.953125,207.0,132.76790242308553,11.603368731179307,False,False,science_V_002.fits,495503.26876836555,622.9383014428553,795.4291261601293,-9.792238183573346,0.0013649236170683494,14.634266841680818,0.015871625583039
54,427.27138084104365,273.70860497513235,1006239.0575866699,872.757080078125,1152.942875578387,999846.3532976425,5.1423099333244835,0.001402248516914506,1.001404217578932,58143.765625,264.0,132.75114839965212,11.605192623739145,False,True,science_V_002.fits,997282.1433847498,850.7142935158437,1172.2879831525674,-10.55166698140573,0.0009261376177211071,13.874838043848435,0.015839924654325387
55,404.3147239581038,270.55971620777507,29231.14242553711,218.7212677001953,133.6456337003528,30193.516676440915,4.415754996284178,0.010027525395464254,1.0101290951543576,1927.741455078125,83.0,132.75765845980004,11.604318953539089,False,False,science_V_002.fits,25872.876676303338,279.93228997533146,92.42548145690282,-6.5867336701450725,0.011746760556570673,17.83977135510909,0.019698524455937092
56,255.16875456329709,277.9923755004055,1662944.2450256348,1101.9986572265625,1509.025654541924,1652443.1360377828,5.542406265564779,0.0018395117182681275,1.001842901757647,56713.36328125,331.0,132.79995237196204,11.606386663862638,False,True,science_V_002.fits,1640959.1380845876,1071.9240934738373,1530.8538618314385,-11.092366290833692,0.0007092120463419819,13.334138734420472,0.015828722749938594
57,318.27923385812306,276.27077380681635,232494.51580810547,457.970947265625,507.6621501783992,232532.79197358026,4.930714550741501,0.006185195122351161,1.006223689858507,15339.0615234375,166.0,132.7820557793929,11.60590788742314,False,False,science_V_002.fits,230793.2639199529,459.4322229168158,502.34452963422206,-8.96267969672017,0.0021612656970516697,15.463825328533995,0.015959841840726345
58,337.51042074561724,280.3072743052465,1303796.118927002,1002.0859375,1301.0821428945578,1295224.2895145612,5.2705907308686895,0.0005082377609407773,1.0005084961979098,59875.5390625,288.0,132.77660219038628,11.60702874972415,False,True,science_V_002.fits,1289492.0507315253,957.658590402871,1346.5049691550905,-10.83066854706162,0.0008063096868340997,13.595836478192544,0.01583337037648111
59,41.20585581029337,283.13980749777056,1303499.8998718262,976.2805786132812,1335.1693441687946,1295176.2562854663,5.251721950242728,0.0017068811390587024,1.0017097995636857,59981.5078125,288.0,132.86062742534702,11.607810183972687,False,True,science_V_002.fits,1291866.646914769,954.1038187654335,1354.0105610167088,-10.832666088726338,0.0008018401268486135,13.593838936527826,0.015833143394688613
60,186.04523292165285,281.2836554913588,147230.18585205078,378.3236999511719,389.1645854358396,147708.24836846205,4.853219206933621,0.005634694531760354,1.0056666242283132,9975.01953125,145.0,132.8195542142803,11.607300250670342,False,False,science_V_002.fits,142896.6393554664,388.96033186835604,367.38100944399105,-8.442176911964104,0.0029552425740327227,15.98432811329006,0.01608660749938043
61,67.74509025233581,288.3982004913223,717050.6920166016,739.7697143554688,969.2890613146263,713644.3051645777,5.1000089877117905,0.05824515563599009,1.0618474712230703,58840.43359375,235.0,132.85310177937612,11.609272320192893,False,True,science_V_002.fits,711358.3328801605,724.6870442361554,981.6076312361237,-10.184842932089582,0.0011060427460540365,14.241662093164582,0.015851460901880488
62,168.04771476496606,291.72232933574645,311632.3280944824,515.5921020507812,604.4164114519143,310777.1348008489,4.992244781451324,0.005005107151075938,1.0050302842628118,20951.1953125,188.0,132.8246581524941,11.610199493870907,False,False,science_V_002.fits,305655.62227273604,509.47473847222807,599.9426452218447,-9.267702845724342,0.0018096729889880286,15.158802179529822,0.015916042174322735
63,202.4630476156316,289.6426794981556,16711.78045654297,176.50132751464844,94.68359638913199,17656.50341497467,4.14702231018331,0.028019151500475847,1.0288268555329356,1104.70947265625,64.0,132.81489862344998,11.609622477528527,False,False,science_V_002.fits,16859.85004126541,254.83282988760374,66.16043171792894,-6.1217561428023535,0.016410110572264967,18.304748882451808,0.022788971261592954
64,350.3652452706074,295.23481313254433,106328.98291015625,337.98126220703125,314.6002302489307,107240.41814741067,4.78834652994417,0.007144701369315887,1.0071961154653348,7086.49560546875,129.0,132.772956459866,11.611174971475197,False,False,science_V_002.fits,102653.91956329785,358.8510289875803,286.0627705399464,-8.083060715010133,0.0037953208589524955,16.343444310244028,0.01626191694082057
65,312.84118993847864,298.0220657978693,779531.1170349121,797.517578125,977.4469408782502,776491.6092798039,5.252457241256965,0.08110762496734447,1.0882667297837378,51388.7578125,240.0,132.78359752085777,11.611950003663257,False,False,science_V_002.fits,774176.1536427394,780.670839894313,991.6806342447057,-10.276721348909529,0.0010948081090913935,14.149783676344635,0.01585068096213785
66,108.12950736394941,298.0816094776338,384449.5694580078,561.106201171875,685.1636439859009,383375.24201349216,5.007530391249636,0.00624603869187057,1.0062852968994946,26321.60546875,195.0,132.84165001432166,11.611964021807786,False,False,science_V_002.fits,382914.9128328885,553.5526204145355,691.7407644934233,-9.512377575330028,0.0015695186054201702,14.914127449924136,0.015890527707427063
67,236.1221000366828,298.49757857790956,122397.57290649414,350.6647644042969,349.0444017505465,123260.88496302074,4.783096248227097,0.01362046913626802,1.0138085480386452,7865.048828125,130.0,132.80535365729625,11.61208250414698,False,False,science_V_002.fits,123406.77513986581,369.29545001157544,334.1681440591745,-8.282969382787313,0.0032489631920382704,16.143535642466848,0.016143148515421847
68,426.12953169788716,300.5554490797232,264102.2365722656,486.1095886230469,543.2977311152432,263903.36275023397,4.959981189790219,0.012303164222041363,1.012456417573061,17111.8125,174.0,132.75147090256795,11.612650131790986,False,False,science_V_002.fits,262444.90007371124,484.48500327790157,541.6987074895533,-9.102217218579101,0.00200425067475528,15.324287806675063,0.015939338221363022
69,77.10663943680092,306.76621980638055,1476309.4951782227,1037.1458740234375,1423.434766655458,1466843.617219372,5.382877279371426,0.0020221080051333606,1.0020262052109103,58316.1328125,308.0,132.85044796458638,11.614375018452591,False,True,science_V_002.fits,1459637.6753673092,1011.909584676381,1442.4585926163713,-10.965234535561672,0.0007526732521525816,13.461270489692492,0.015830729584963954
70,182.7479563196834,309.4763672069441,1761315.208557129,1131.3521728515625,1556.8231102767502,1749782.2416599642,5.596677889046523,0.0020188676938723837,1.0020229517658388,56760.69140625,339.0,132.82048982097223,11.615131494270928,False,True,science_V_002.fits,1736975.3788695289,1100.6246034145772,1578.17240635975,-11.154106030266748,0.0006879476511088554,13.272398994987416,0.0158277842460154
71,439.64306936368274,307.893434793127,35812.932220458984,234.92474365234375,152.44427497793586,36984.44107051784,4.521352964121137,0.024017254358063678,1.024608277621001,2450.44189453125,90.0,132.74763832071713,11.614687794920295,False,False,science_V_002.fits,34095.659383335806,289.8423987040074,117.6351684080387,-6.886369608482998,0.009229382800167845,17.540135416771165,0.01830920503571308
72,350.1661904148221,319.75540923407107,1842510.98147583,1159.103515625,1589.6000285033474,1830927.6895242631,5.5977917375111454,0.0012885910585250793,1.0012902536678647,59597.3046875,341.0,132.7730122494252,11.617986252212685,False,True,science_V_002.fits,1817998.1744107995,1126.714430660479,1613.5394425942434,-11.20360548098663,0.0006728685840207384,13.222899544267534,0.01582713601063405
73,216.50760491997826,321.89248838816565,83715.32592773438,315.2185974121094,265.5786384909483,84484.52727575993,5.052234230778841,0.12577693488945896,1.143872816800544,5404.11767578125,137.0,132.8109162269738,11.61858093391183,False,False,science_V_002.fits,82837.85803683041,331.70775342932427,249.7314493870592,-7.850194025752937,0.004347470063000643,16.576310999501224,0.016399572497977924
74,509.0008419761484,318.0029429949532,57715.19219970703,217.46102905273438,265.40475988325744,57952.51243900933,2.6623265297013856,0.0011029339891587275,1.0011041517957033,57523.32421875,25.0,132.7279688270558,11.617491778636035,True,True,science_V_002.fits,54511.75912694814,286.00934064848525,190.5943316513738,-7.395847367029752,0.0056963918632476,17.03065765822441,0.016807568605465232
75,199.4865144606507,330.6218703028374,1059189.104888916,890.2025146484375,1189.8293786635902,1052182.8331375683,5.198459526258143,0.001005439884001036,1.0010064518107928,56071.2734375,273.0,132.8157433489073,11.621005540313632,False,False,science_V_002.fits,1048314.0875072081,867.9736520962882,1207.7717854399962,-10.605850429025296,0.0008989281030476094,13.820654596228868,0.015838357045545978
76,499.28766074796266,333.9258310761931,1341322.1816101074,1000.8141479492188,1340.23103526127,1331268.8039366086,5.292363658500068,0.002178510099465125,1.002183266367296,61295.6640625,303.0,132.73072226079228,11.621915469357686,False,True,science_V_002.fits,1324925.4786299122,971.8466765264976,1363.3071045376857,-10.860100503439995,0.000796372289402962,13.56640452181417,0.015832867427951137
77,17.17137025264018,334.1935184367365,112936.99139404297,336.1827087402344,335.93932245131754,113427.21360672105,4.727226273586111,0.004834844029496188,1.0048583333133094,7860.68359375,127.0,132.86744648441564,11.621990258146372,False,False,science_V_002.fits,115795.6541688136,355.24068386512414,325.9639434000703,-8.213852525414087,0.0033307364878313282,16.212652499840075,0.01615980469309942
78,223.05901885519796,333.4948261486767,36428.96807861328,227.69577026367188,159.98965653348986,37350.171789061525,4.436158630910381,0.018696787635331447,1.0190530178641497,2506.61181640625,86.0,132.80905842601032,11.621803868955258,False,False,science_V_002.fits,35862.78912202243,282.0492611057323,127.15079976252262,-6.94123203030205,0.00853868007144071,17.485272994952112,0.01797093596700422
79,172.97766358362924,346.98978145221037,227669.48321533203,453.3917541503906,502.14738387106564,227563.44753588506,4.959949214573716,0.004665337255605584,1.0046872046460655,15697.1240234375,172.0,132.82326139738726,11.62555167629775,False,False,science_V_002.fits,227164.7860425017,452.566223860842,501.94816596024145,-8.945474399245008,0.0021629723418214396,15.481030626009156,0.015960073042415302
80,69.37421280384386,349.1801414936831,544839.1636352539,654.8401489257812,832.0185690034795,542347.364963514,5.051568437743441,0.0030111869341422626,1.0030202815665328,35368.734375,219.0,132.85264297916618,11.626156267864237,False,False,science_V_002.fits,541753.651901827,641.9287423848209,843.9467126665262,-9.889126492873627,0.0012864556300831275,14.537378532380536,0.015865070130822608
81,372.7331940352753,350.29279381185154,683219.4684448242,730.8389282226562,934.8427431285867,679719.8754744224,5.072624969405663,0.0006939971855716154,1.0006944791521486,44781.72265625,229.0,132.76661150747682,11.626468191174162,False,False,science_V_002.fits,679206.9708214041,714.781888277073,950.2296881900303,-10.134627210290727,0.0011425658590693054,14.291877814963437,0.01585405118290142
82,46.614805689249636,358.43688339086316,874138.0534973145,874.3933715820312,999.7080054664015,868859.0306360766,5.099611320553985,0.0011537577468379023,1.001155090441383,54729.0859375,254.0,132.85909799878505,11.628726340752095,False,False,science_V_002.fits,868077.4616762918,857.1938370412222,1012.696806912001,-10.401018075454374,0.0010720879068539838,14.02548694979979,0.015849127882876384
83,195.87835422800822,357.9794830030234,141503.23788452148,373.50885009765625,378.8484204524861,142011.67585349397,4.842307476696631,0.007554663393967931,1.0076121707819228,9726.5625,142.0,132.81676704696744,11.628604818136937,False,False,science_V_002.fits,141015.44654678178,385.7934872928929,365.5205471100226,-8.427788591541198,0.0029702844575607446,15.998716433712966,0.01608937761153532
84,425.8640342943202,356.5924173634867,38455.682067871094,238.41441345214844,161.29763931235408,39404.821627709825,4.480936708725142,0.01728274891357595,1.0175866953535917,2638.062255859375,89.0,132.75154349052372,11.628215961236487,False,False,science_V_002.fits,38870.929571564215,293.2559425820933,132.54950344504198,-7.028684190564621,0.008190902053813849,17.39782083468954,0.017808322734691188
85,150.73603901637497,363.4438835386168,191376.4995727539,420.5312194824219,455.0827398933539,191623.6246989788,4.918412127603156,0.001744593668036254,1.0017476425942402,12175.4443359375,159.0,132.82956950665982,11.6301216845385,False,False,science_V_002.fits,191180.86189222132,424.771852322115,450.0789326013159,-8.758232912005603,0.002412243545204377,15.66827211324856,0.015995761972757885
86,189.4142669416067,375.44294732154054,248581.6143798828,468.8741149902344,530.1670670923265,248472.56409248564,4.9482557216128,0.002361691541377109,1.0023672823320366,15560.837890625,170.0,132.81860057671076,11.633455667062579,False,False,science_V_002.fits,247333.19840475646,468.763877069218,527.6285364630071,-9.037827908133854,0.0020576976508474352,15.38867711712031,0.015946146926140187
87,413.7243972013959,378.5293094508764,723231.1201171875,763.2096557617188,947.6178854097033,722477.8374931577,6.728255787542405,0.3682083132047458,1.5828001869927606,31428.74609375,285.0,132.75498528571222,11.634310093080929,False,False,science_V_002.fits,705333.6963845434,728.3462394145255,968.4043909549385,-10.175608454502736,0.0011211225497742704,14.250896570751427,0.015852520239361293
88,168.9028308702616,380.21659387726504,117840.81674194336,347.96337890625,338.658674692582,118490.24234255309,4.814690220160632,0.016415462897777955,1.0166894275769527,8038.267578125,135.0,132.8244178092089,11.634781248096427,False,False,science_V_002.fits,117962.23748562587,364.1666696720771,323.92376158929613,-8.233979377976576,0.003351714596895063,16.192525647277588,0.01616414157655106
89,334.40224743483566,382.4189302375607,954129.1104125977,850.6414184570312,1121.6584211750253,948219.9188464469,5.11721491484229,0.0002335999827995927,1.0002336545645019,56787.70703125,256.0,132.77748130753915,11.635393161539662,False,True,science_V_002.fits,946703.6045136382,830.1497579554987,1140.4009884254974,-10.495156950713607,0.0009520335487423414,13.931348074540557,0.015841459845786877
90,63.35445865805383,389.9733576540146,182476.9282836914,410.4900207519531,444.5343834410941,182663.0195637086,4.890111263307964,0.008727982392913503,1.0088048308011182,12198.3369140625,155.0,132.85435236377458,11.637487393532455,False,False,science_V_002.fits,182711.1221498313,416.1730939051383,439.02675311219934,-8.709034336309466,0.0024729700235888233,15.717470688944697,0.01600503242437565
91,318.1752907635969,387.27055850282517,19239.570709228516,186.7854461669922,103.00358568636939,19952.167543811032,4.155399000450258,0.006480238726330523,1.0065225061231022,1303.89306640625,65.0,132.78208327588473,11.636741156244943,False,False,science_V_002.fits,19492.60207840663,266.69714674309756,73.08890371138222,-6.279296417045744,0.014854512037658637,18.14720860820842,0.021695668001808388
92,282.41305770114894,392.9518897984426,463072.8572692871,614.1029052734375,754.0639415524305,461361.70291716175,5.0309192416180615,0.00505813125888499,1.005083846019351,30159.21875,205.0,132.79222564916978,11.638319752374358,False,False,science_V_002.fits,461293.7564353216,603.3168378219024,764.596191448405,-9.714565815330486,0.0014199652210447392,14.711939209923678,0.015876453741208198
93,98.3890209537888,393.01871754773686,121145.12954711914,349.6332702636719,346.491995615174,121862.50087595367,4.816058014776168,0.00494273371402143,1.0049672856844412,8037.8837890625,136.0,132.8444164337824,11.638335018229142,False,False,science_V_002.fits,121962.71151147425,364.9782453459279,334.1643318929255,-8.270189551954562,0.0032490002564004505,16.1563154732996,0.016143155975020414
94,242.3952297119053,397.48893821862094,273742.8727722168,489.81280517578125,558.8724302011204,273449.48466464813,4.958002166572822,0.0049585303597319275,1.004983239906096,16850.0859375,175.0,132.80357506351265,11.639580125203556,False,False,science_V_002.fits,272537.3008789767,487.8819262419752,558.6132345140536,-9.143186750272365,0.001943562975095761,15.283318274981799,0.01593182096327693
95,407.08652899559087,398.0529443510925,947361.0624084473,848.983154296875,1115.8773382176805,941673.4305718422,5.114284770404899,0.0038929106937437563,1.00390812467408,59186.23828125,252.0,132.75686697560369,11.63973360722282,False,True,science_V_002.fits,938384.49595695,828.7084092077492,1132.3458113017723,-10.485573933361236,0.0009588060371344095,13.940931091892928,0.015841868298423406
96,40.99619792441241,402.4485647096692,638867.0702209473,708.8162231445312,901.3155305429275,637659.1185673967,5.883357344628719,0.23584383580825308,1.308633034528625,24920.65625,253.0,132.86069408615066,11.640951467497498,False,False,science_V_002.fits,630515.8133070027,687.3508155170194,917.3129631522064,-10.053861831868167,0.0011835655262835895,14.372643193385997,0.01585705866555188
97,221.86868770468837,404.2575000400582,1023836.2609863281,876.8216552734375,1167.6676263966633,1017362.5885519611,5.14747002874395,0.0015883870984980675,1.001590914085907,57954.5703125,265.0,132.80939665588176,11.641460150083308,False,True,science_V_002.fits,1015146.5688340004,855.6422420932038,1186.4147407572966,-10.570943751684556,0.0009151100055508332,13.855561273569608,0.01583928371139321
98,469.54396735195974,404.34381441457236,172773.04678344727,412.9706726074219,418.3663834833346,173226.31029635912,4.907638030059136,0.007647122350168956,1.0077060514685858,10775.9267578125,154.0,132.7391530557479,11.641477893067567,False,False,science_V_002.fits,172200.99337247125,420.2610087563597,409.74772768487384,-8.644711005118058,0.0026496791236264848,15.781794020136106,0.016033286675723388
99,121.40009052902992,407.0163002523934,541533.4975891113,653.4166870117188,828.7720659013398,539280.9161045463,5.062881703483248,0.06432714565428144,1.0687496119562676,51791.5859375,213.0,132.83789082849148,11.642224159046414,False,False,science_V_002.fits,538167.1932684339,641.6699512095706,838.6978262796468,-9.88191492302851,0.0012945067531843052,14.544590102225653,0.015865725003975924
100,450.9995446404453,402.73790242778637,7494.776916503906,140.3148956298828,53.4139791991389,8387.731629585964,3.612284194188634,0.02070542873066672,1.0211432079152944,593.9971923828125,41.0,132.7444125556739,11.641032863016948,False,False,science_V_002.fits,8083.395664052357,258.1376171451829,31.31428791142074,-5.323606466685264,0.03467107420967509,19.1028985585689,0.03810680869635431
101,177.24217821898242,410.80966608236116,997172.3570556641,864.76123046875,1153.1187129135515,991109.6673212982,5.134417087509033,0.00285273869170366,1.0028609000920894,57479.15625,260.0,132.8220534008563,11.643279508571439,False,True,science_V_002.fits,989363.0112718579,844.8263297932491,1171.084489653608,-10.543011048094497,0.0009270893856011503,13.883493977159667,0.015839980331321165
102,307.43512930841206,406.6863329689178,34631.371185302734,226.38150024414062,152.97792066911214,35616.786288557974,4.416475582515883,0.010015206052390035,1.0101165251361628,2333.392578125,83.0,132.78512897266657,11.642134596371296,False,False,science_V_002.fits,35490.693510767116,285.46818128135357,124.32451613858838,-6.929908088594473,0.008732790874405953,17.49659693665969,0.01806397294683135
103,342.76999979504285,412.8197214511152,29954.937072753906,218.3843231201172,137.16615114482323,30760.374988247895,4.365626232796034,0.008403052942702605,1.00847426262015,2206.618408203125,80.0,132.77510741348542,11.643837626960973,False,False,science_V_002.fits,27261.39662416679,281.8534101946219,96.72189740525967,-6.643492127386916,0.011224965898373294,17.783012897867245,0.01939188855133482
104,57.371924915587364,415.39748855887024,169199.7188720703,398.3141784667969,424.7895957993739,169493.16724586926,4.878810474664745,0.005340374784244761,1.0053690475101835,11067.1513671875,151.0,132.85605047325103,11.64454932214935,False,False,science_V_002.fits,168078.20113414075,405.79283069753865,414.1970690936611,-8.618400352448516,0.0026212160370321065,15.808104672805648,0.016028607415509977
105,411.81083575229326,418.0839785257666,1002938.2748413086,870.7102661132812,1151.862236927874,997273.8070670562,5.1158434678861475,0.002381923844327005,1.002387610951784,60087.53125,251.0,132.7555262290938,11.645297576220946,False,True,science_V_002.fits,994974.7461544072,851.03081450207,1169.1406811591862,-10.549152018757031,0.0009286307606057674,13.877353006497133,0.015840070620337852
106,136.1444945670594,418.4234596607496,88297.03283691406,312.06072998046875,282.9482352439552,89026.21968085197,4.743692436117667,0.017736655568735826,1.0180569250285987,5799.71826171875,123.0,132.83370951523972,11.645393328455336,False,False,science_V_002.fits,87739.76060232517,335.69907822139135,261.36431790992697,-7.912612986789256,0.004153971776568831,16.513892038464906,0.016349341383929735
107,35.91318462688269,422.4101430495399,933698.1178588867,836.01123046875,1116.848774071329,928122.2406111861,5.102100020822848,0.0026227433178306336,1.0026296401890649,60896.95703125,252.0,132.8621369187095,11.64649603849494,False,True,science_V_002.fits,926318.6374730781,818.1041335113217,1132.274730720767,-10.471522879333664,0.0009588662279064385,13.9549821459205,0.015841871941496263
108,474.6227469904739,428.05895614687506,354696.61328125,552.9605102539062,641.450169955865,353741.77351748897,5.028962336092688,0.0057937125835597625,1.005827475300539,23282.591796875,192.0,132.73771118544954,11.648065118616573,False,False,science_V_002.fits,352390.5781741035,544.9037196648943,646.7024640441383,-9.422182594576379,0.0016788245914676145,15.004322430677785,0.015901695952843
109,95.95562276098926,427.67948369097905,39427.24905395508,233.62039184570312,168.76629964731498,40492.2843972464,4.515529565496824,0.018938586641462973,1.0193041805371075,2678.83740234375,92.0,132.84510812209578,11.647962893828705,False,False,science_V_002.fits,40416.049759638954,281.6903597055925,143.47686517167153,-7.071006532972062,0.007567073609400017,17.3554984922821,0.01753014789378074
110,168.72182295963592,432.5575080831379,24021.816192626953,200.75987243652344,119.65447029371971,24821.392903514206,4.348308607730928,0.015729581614508437,1.0159809553560595,1620.367919921875,76.0,132.82447041871725,11.649320377370055,False,False,science_V_002.fits,23723.164465778824,266.42751241978243,89.04172189394868,-6.492553423288452,0.012193160429816271,17.93395160196571,0.019967940390410433
111,148.80643673119243,442.69559456957063,285440.0308227539,496.69036865234375,574.6840463148711,285115.56868622603,4.970829973264172,0.0022976612183095435,1.0023029526232394,18921.939453125,178.0,132.8301191178726,11.65213597777722,False,False,science_V_002.fits,284596.04526681046,493.8340024460355,576.2990070695064,-9.190194026177412,0.0018839178736760444,15.236310999076752,0.01592465474421669
112,434.9221070497032,444.39265133794083,642375.643371582,714.3713989257812,899.2180318774505,639222.4711759659,5.083102358059773,0.002888336425846405,1.002896703078864,42211.6796875,228.0,132.7489701792256,11.652604452663425,False,False,science_V_002.fits,636627.6204268716,697.6324544984254,912.5544781092298,-10.064335566016158,0.0011897371894437686,14.362169459238006,0.015857520510713288
113,374.43514118018294,448.3028060882513,835420.1800231934,808.9535522460938,1032.717116704184,833320.7673929711,6.0850028791036666,0.26648400923442084,1.3632967959652638,42353.2421875,276.0,132.76612553700414,11.653693120068727,False,False,science_V_002.fits,822321.8578389721,779.750557294499,1054.5960501678676,-10.342226459632515,0.0010294937097736915,14.084278565621648,0.015846303653098748
114,415.4486999448823,450.99546754472004,1476737.0389404297,1065.45654296875,1386.0133936816442,1466543.9163604567,5.352804683097606,0.0043706404094590035,1.004389826763703,60949.91015625,308.0,132.75449298379226,11.654439486509878,False,True,science_V_002.fits,1459057.9282713712,1017.0815380267471,1434.5535473017317,-10.96480321108977,0.0007568208255746924,13.461701814164394,0.015830927323747357
115,179.36069026843268,450.74018348481604,22666.853393554688,197.32211303710938,114.87234271250605,23687.384949952655,4.325893242965191,0.024127746166694997,1.0247242874996387,1542.2900390625,74.0,132.82145341476834,11.654371355184056,False,False,science_V_002.fits,23368.760423071424,265.77075183269955,87.92826246652552,-6.4762110645531585,0.012347565726245624,17.950293960701003,0.020062598573756658
116,123.68304685111379,459.506333611506,26738.43389892578,210.09056091308594,127.27099105603045,28199.052472656927,4.490118256338537,0.02653428500321542,1.027257544456307,1732.3607177734375,84.0,132.83724529963425,11.656804793726979,False,False,science_V_002.fits,24041.10640079501,268.61068659937155,89.50167510145242,-6.507008000410823,0.012130499219923332,17.919497024843338,0.019929738921830052
117,264.4929625247506,461.2663085330001,22349.047119140625,199.16819763183594,112.2119263259741,23240.521608863986,4.304245586905718,0.010740774946750742,1.010857391748025,1468.1239013671875,74.0,132.79730775829663,11.657296058117335,False,False,science_V_002.fits,20196.72840754969,269.39555767809475,74.9705324825107,-6.317824437555987,0.014481689859322723,18.108680587698174,0.021442127304662606
118,61.390923831484834,466.838522228334,71586.70248413086,286.4372863769531,249.9210329409501,72499.2388502355,4.683327290912596,0.006744083062935169,1.0067898745408255,4754.88671875,112.0,132.85491343801456,11.658838698091753,False,False,science_V_002.fits,72928.04520650515,317.1123908851131,229.9753882304975,-7.711858305816004,0.004720939959504864,16.714646719438157,0.016502507575183744
119,433.23962520661087,469.3526499481724,122884.28701782227,361.361083984375,340.0595483688988,123806.57285294787,4.8234747652754475,0.007844052116949496,1.0079060677242184,8085.14306640625,135.0,132.74944611353797,11.65953785994258,False,False,science_V_002.fits,122276.15206768038,379.38927611160165,322.29733354854096,-8.27297628246708,0.003368628551922176,16.15352874278708,0.01616765723562237
120,174.91782457826025,472.2195875575269,89009.67575073242,313.5105895996094,283.9128205028368,89873.88371173083,4.741468088968859,0.012333073800679162,1.0124870778534,6128.42138671875,121.0,132.82271400738603,11.660337753774671,False,False,science_V_002.fits,89135.38239434667,338.7801557716268,263.10685816684384,-7.929747203952569,0.004126460281440196,16.496757821301593,0.01634237304133187
121,277.897365116755,480.27069578575214,1773606.6709594727,1139.0614013671875,1557.077317193486,1761402.9642857597,5.551945775213078,0.0012166003239081347,1.0012180822431598,60541.89453125,341.0,132.79350577375345,11.662574988446343,False,True,science_V_002.fits,1748742.007103142,1106.3075741349073,1580.7014685500958,-11.161436230276042,0.0006868469610494273,13.265068794978122,0.01582773644320785
122,243.58164969935774,481.0273560839086,1235706.765411377,959.7742919921875,1287.4972540121294,1227092.8235084373,5.241295301374379,0.000672949074850715,1.0006734022402655,60371.703125,293.0,132.8032388524233,11.662785226358602,False,True,science_V_002.fits,1222099.3870239267,933.7909685598208,1308.7504893185699,-10.772388189709226,0.0008295698904114978,13.654116835544938,0.015834571935193716
123,195.763880790354,481.46419762028415,164611.68490600586,399.7830810546875,411.7525045625634,164975.20448100232,4.903571404564641,0.006557314996064156,1.0066005971910077,10567.1767578125,154.0,132.81680157640088,11.662906101501058,False,False,science_V_002.fits,164276.21243447164,406.5721108044601,404.051847308041,-8.593558576962494,0.0026870313976619055,15.83294644829167,0.016039501859464587
124,326.0589983955626,493.15069066224635,26514.022430419922,211.0959014892578,125.6017868815381,27852.009075047266,4.378489577768685,0.02011226219960649,1.0205250677437332,1981.69873046875,78.0,132.7798452778676,11.66615213114021,False,False,science_V_002.fits,27650.08127348398,278.3324015529345,99.34194193422127,-6.658862904514631,0.010928918630550734,17.76764212073953,0.019222037992911833
125,357.8636903504104,493.39725312638234,3147.6640014648438,104.13274383544922,30.22741825029396,4293.804450440393,3.032986389062563,0.10255257296356568,1.114271398941124,282.9418029785156,25.0,132.77082429010582,11.666219851563321,False,False,science_V_002.fits,3942.3838217086677,249.89663400189272,15.776058118809267,-4.544019133904197,0.0688194726352812,19.882485891349965,0.07061278422471362
126,29.026607436716567,14.280386154720881,1120055.5044250488,900.02197265625,1244.475733319499,1117840.8549847694,5.285711101774432,0.10153808985099477,1.113013238184082,65618.765625,233.0,132.86406404116562,11.533126347669679,False,True,science_V_002.fits,1130805.545359741,894.5161781556732,1264.1532629306412,-10.688091697941754,0.0008588357375932889,13.73841332731241,0.01583613213483376
127,31.87621976295872,22.631180149536128,111261.26629638672,316.2281799316406,351.8385563248607,113756.23151992924,4.430604326352146,0.18540190414377078,1.2275992358524896,7851.248046875,95.0,132.86325669779075,11.535446184041199,False,False,science_V_002.fits,309677.46399041027,509.61207166657687,607.6729363526979,-9.281895878547466,0.0017866518896109795,15.144609146706697,0.015913441084265765
128,211.0933675507925,19.487508612437992,1784911.423614502,1133.0902099609375,1575.2597700725307,1774002.3044454912,5.504225579899184,0.0019266940729881776,1.0019304133890232,61361.65625,317.0,132.81244789599472,11.53457951993984,False,True,science_V_002.fits,1761850.8249241123,1107.3378948313466,1591.0688446117447,-11.169544709351687,0.0006823714785672486,13.256960315902477,0.015827542860548795
129,238.91584889879502,16.954820777457435,1566369.2098999023,1056.514404296875,1482.5819728812337,1564066.189387912,5.323108326976504,0.025612760709956772,1.0262860182042395,61600.24609375,240.0,132.8045601230416,11.533876225834163,False,True,science_V_002.fits,1561210.8182371047,1045.7479338251821,1492.9131272833981,-11.038275754078523,0.0007272358854366901,13.388229271175641,0.01582954055558196
130,227.4000232086276,16.44883978932117,281991.0664367676,484.6094055175781,581.8935068657865,282571.7626021998,4.98997613610238,0.008348183247112173,1.0084184621114776,17426.46484375,157.0,132.8078248839206,11.53373560662352,False,False,science_V_002.fits,295811.73998720694,504.12885699124314,586.778034791897,-9.232160389052481,0.0018502737587732774,15.194344636201683,0.015920709630859804
131,249.45264830539892,24.602575362215298,1701410.222229004,1110.1611328125,1532.5795255672697,1688324.3803113252,5.6150882651934975,0.061545811767313774,1.0655821163558532,60951.203125,326.0,132.80157292651563,11.536000630686718,False,True,science_V_002.fits,1676497.8808250949,1081.7096662738045,1549.8593875010602,-11.115629396030457,0.0007005151620564401,13.310875629223707,0.015828335467130396
132,341.6218008827882,25.516527689429008,1695223.4935913086,1107.775146484375,1530.2956551889201,1684572.628115742,5.455856041283682,0.006332020556112816,1.0063723705373464,61749.58984375,311.0,132.7754425258084,11.53625347899851,False,True,science_V_002.fits,1674483.868394451,1081.5844340425508,1548.1767448666656,-11.114324294039621,0.000701276520009674,13.312180731214543,0.015828369180849428
133,340.5139764624169,41.368367754162136,1076836.6102294922,888.9584350585938,1211.3464114421895,1075700.7484872206,5.136081270109987,0.023730410314981687,1.0243072308773216,60404.94140625,232.0,132.77575621699773,11.540656788637463,False,True,science_V_002.fits,1072513.555598148,877.2164012154909,1222.632812282179,-10.630628848989954,0.0008880016870914999,13.79587617626421,0.015837740658440663
134,351.76627678306784,41.895403353094366,374608.9241027832,551.9484252929688,678.7027681145108,375041.4868735607,5.017313560622659,0.014827429883887744,1.0150505914736747,25014.873046875,175.0,132.77256607100483,11.540802905234324,False,False,science_V_002.fits,388837.5480505903,560.2131835365726,694.0885353605851,-9.529042363723647,0.0015642096716609352,14.897462661530517,0.01589000421852256
135,61.61407928453888,25.64928619788355,242244.28741455078,449.7055358886719,538.6731273739985,242934.53923914762,4.897243061530506,0.012928918457902894,1.0130982648561684,15391.9501953125,149.0,132.85482606759072,11.536286247604076,False,False,science_V_002.fits,251178.57490031054,462.8863284045201,542.6355445970389,-9.054578354225683,0.0020007904215088614,15.371926671028481,0.015938903490471
136,49.87596254574092,30.466338023893435,1649881.682800293,1086.3184814453125,1518.782669153504,1641246.5263031893,5.380337642102013,0.004425155410958448,1.0044448244499238,64293.4453125,294.0,132.85815415677376,11.537623672340533,False,True,science_V_002.fits,1628978.7799726774,1065.4839163488637,1528.8628528103588,-11.084410441471471,0.0007101356397038911,13.342094583782693,0.015828764158787784
137,37.10880604958686,41.14293193877091,127422.26010131836,350.40704345703125,363.6406929615373,127977.8997909491,4.836459246090969,0.015005097264898737,1.015233680116753,8656.93359375,139.0,132.86177437789067,11.540588645443123,False,False,science_V_002.fits,85228.41367430691,403.7862930038218,211.07307293737242,-7.8810828869194625,0.005143716272715367,16.5454221383347,0.016628388354315758
138,13.13673158808286,28.573177946603266,385206.98974609375,552.6854248046875,696.9733096946086,385825.26446478267,4.990653599378263,0.004838345240317787,1.0048618686393078,24947.953125,179.0,132.86856981704992,11.537095538260221,False,False,science_V_002.fits,383443.90354773984,552.0619636409818,694.5667856173876,-9.513876467102492,0.0015631326209112366,14.912628558151672,0.01588989822995427
139,16.43619375187757,41.792913023254464,1724144.5598754883,1101.872802734375,1564.7401003064074,1728161.2319487107,5.307123597650912,0.03333617015498169,1.0344857944672725,65749.78125,238.0,132.86763529154035,11.540767898038366,False,True,science_V_002.fits,1809303.7721281408,1116.2440937583035,1620.8854158738359,-11.198400595617619,0.0006698190935444305,13.228104429636545,0.015827006659056658
140,20.997183297332157,49.5032114438922,611339.4920349121,696.198486328125,878.110918136616,614604.4883821396,4.890841980799653,0.07251428358093581,1.0781837200263382,39156.9453125,180.0,132.86634271856448,11.542909940306906,False,False,science_V_002.fits,894211.2203052529,819.9984849767674,1090.5035029797502,-10.43322216146208,0.0009955951512612066,13.993282863792084,0.01584413746068122
141,138.58036027046546,36.39242222326402,1560217.4817199707,1055.271484375,1478.4986658139753,1556207.9747292022,5.276254523446689,0.03961870056399641,1.0412530945649014,61076.5859375,258.0,132.83300611508437,11.539273725216274,False,True,science_V_002.fits,1584999.379446176,1051.6394572181882,1507.1699417201778,-11.054694615341479,0.0007203567228529376,13.371810409912685,0.015829226006849058
142,137.92266164434469,46.96046414763637,1117143.820098877,896.568115234375,1246.0222498620092,1118892.3139209412,5.12928870763541,0.030570957719600944,1.0315350132771848,60114.8046875,207.0,132.83319292681844,11.542209267671916,False,True,science_V_002.fits,1157539.9217561367,909.243447956761,1273.0803002840923,-10.71346181926893,0.0008528134476338392,13.713043205985233,0.015835806671723806
143,128.00672623645698,56.886741144812625,2063939.0917663574,1211.3614501953125,1703.8177097624996,2055938.5667709678,5.782782413265629,0.12092532655024846,1.1375597889491018,61173.30078125,322.0,132.83600455734688,11.54496623081608,False,True,science_V_002.fits,2034425.0018707586,1185.6481033379107,1715.8758961814372,-11.325726085092871,0.0006327380683044446,13.100778940161293,0.01582548070773298
144,220.37784025061578,40.42951249679618,1879929.4153137207,1165.6138916015625,1612.8234476775865,1866323.9829529866,5.679547681558144,0.028903104735406693,1.0297633581945822,60090.96875,354.0,132.80981592317738,11.540396836417484,False,True,science_V_002.fits,1846553.097049992,1132.8308239987134,1630.0342980887049,-11.220526374458258,0.0006660596045574234,13.205978650795906,0.015826847998403545
145,199.3376516021495,44.14890147671769,1737853.908630371,1121.4686279296875,1549.6232933760934,1729404.19274606,5.920254674813572,0.18481269259266908,1.2267119359113405,60554.3359375,336.0,132.81578106573485,11.541429737709764,False,True,science_V_002.fits,1709530.4604786043,1090.9941923281574,1566.947351782418,-11.136813982733667,0.0006928758638667761,13.289691042520497,0.01582799921438197
146,272.95956434778077,43.56926330569246,463251.44442749023,603.943115234375,767.0448304518119,467506.6341606455,4.980175772972635,0.0346946125661417,1.035941592181903,30131.525390625,184.0,132.7949085113218,11.541269108947517,False,False,science_V_002.fits,479633.31046482536,610.5787326398564,785.5388417986909,-9.756895216950609,0.0013821086141507833,14.669609808303555,0.015873112687467977
147,272.1055389804132,52.867095736378886,193104.1530456543,411.6587829589844,469.0878976457894,195212.3486898052,4.836848179731178,0.041632730482014546,1.0434413108692182,13306.8037109375,134.0,132.7951505911556,11.54385184169052,False,False,science_V_002.fits,239341.1423986881,460.2529027178447,520.0209297656831,-9.002165273112093,0.0020878005823519582,15.424339752142071,0.015950059355357152
148,62.87733448879494,51.278701473225304,1092506.7168884277,894.8380126953125,1220.8988681624328,1085550.0528331352,5.152289305430687,0.004926626132136458,1.0049510179465326,62764.75390625,264.0,132.85446931783014,11.54340558548377,False,True,science_V_002.fits,1080387.5910623756,876.7693261154689,1232.2369851247404,-10.63857084253119,0.0008810805170647379,13.787934182722974,0.01583735410494121
149,47.06854466912544,59.3981268593286,1727560.6606750488,1106.03662109375,1561.938029652833,1726888.093774824,5.394863661335436,0.034584368785233854,1.0358232948245483,63672.76171875,262.0,132.85895177347481,11.545660108350223,False,True,science_V_002.fits,1764003.3283058072,1107.516732349601,1592.7554652501435,-11.17087037458975,0.000681648893183669,13.255634650664414,0.01582751172425172
150,38.533849498317885,63.394924311848214,640757.7496337891,685.1175537109375,935.2522733699149,666921.2061660053,4.9305328220346505,0.06441283351759264,1.0688474958028444,39209.12890625,178.0,132.86137172408274,11.546769830015634,False,False,science_V_002.fits,829857.6398641667,772.7425740652607,1073.912150974721,-10.352130865450341,0.0010109765487005431,14.074374159803822,0.015845111414873974
151,53.06158406139251,74.65374630909794,818977.1242370605,781.8569946289062,1047.4768785892522,814414.8508204762,5.1369907781068616,0.004161646532548469,1.0041790382124347,53994.19140625,238.0,132.8572535311434,11.54989811266417,False,False,science_V_002.fits,806830.8548808773,767.0148228156661,1051.9103814956911,-10.321578119485045,0.001032122145668212,14.10492690576912,0.015846474632905765
152,54.67297297524452,89.53481792952547,769391.8157348633,760.4146728515625,1011.8055887186348,765161.5785051853,5.102405093773443,0.0014894336519695184,1.0014916553736803,47952.40625,237.0,132.8567975136343,11.554031827928533,False,False,science_V_002.fits,762826.7425489622,745.8156559765844,1022.8087013675025,-10.260686648484805,0.0010614888185331347,14.165818376769359,0.01584841445317537
153,155.42845119790348,57.47041605198136,736963.8438415527,749.9381103515625,982.699550361659,733448.2413369678,5.224338505932698,0.04808114871539826,1.0505097137749855,43610.1875,246.0,132.8282301409645,11.545129217107322,False,False,science_V_002.fits,729875.156349008,732.5664457799891,996.3262179881641,-10.212743327268473,0.0010897033325011805,14.21376169798569,0.01585032919281525
154,148.36452551477282,72.24476995382071,173338.05993652344,395.33636474609375,438.45716051912007,174807.58741543663,4.890164781878967,0.030017320204701603,1.0309462435051278,11153.8779296875,141.0,132.8302333058825,11.54923299988577,False,False,science_V_002.fits,182583.9117419748,418.84824465600036,435.919009024213,-8.708278142339111,0.002490600266389611,15.718226882915053,0.01600776598575476
155,144.71687333392347,83.91745212232036,1729145.9518432617,1109.0550537109375,1559.116426238245,1724681.570047405,5.47175841664556,0.015466631413484255,1.0157096061006947,60212.671875,267.0,132.83126784397552,11.552475299856773,False,True,science_V_002.fits,1720444.498329419,1094.7078918116329,1571.60143924993,-11.143723541065542,0.0006908240046650545,13.282781484188622,0.01582790952631359
156,135.9417861538113,88.52536244801064,224573.07919311523,429.2441101074219,523.1826690339769,230813.2282735421,4.810926387675716,0.10558893621428866,1.1180541481311397,14410.466796875,120.0,132.83375592245716,11.553754996874263,False,False,science_V_002.fits,359358.6157521859,541.4738243755384,663.6675672487416,-9.44344202825125,0.001635909382314416,14.983062997002914,0.01589722245157598
157,132.94615677112304,100.75879894530789,1759195.7715759277,1123.3463134765625,1566.0315527555533,1749935.7964919966,5.531714294074521,0.007892520013172866,1.007955307436325,59559.99609375,309.0,132.83460567215232,11.557153071579888,False,True,science_V_002.fits,1735711.4190402918,1099.0829794828514,1579.2360098752429,-11.153315675657522,0.0006874843235659049,13.273189349596642,0.0158277641144571
158,151.25816394900852,103.28149490666489,147112.5036315918,371.5365295410156,395.9570376924441,148280.35219996207,4.872707817944223,0.026483749798983047,1.027204219542832,9691.3388671875,137.0,132.8294138157092,11.55785438931594,False,False,science_V_002.fits,143207.8207542398,391.68773546596196,365.61732162452324,-8.444538713971621,0.0029694982589336338,15.981966311282543,0.0160892324887658
159,199.60162539086636,112.1241096967006,861119.2401733398,807.5556640625,1066.3280297501503,855382.9024736275,5.126329102291134,0.006417501962127425,1.0064589523011935,56046.15234375,262.0,132.81570728881948,11.560311729260972,False,False,science_V_002.fits,851647.7378037442,787.2966582957184,1081.7367619053891,-10.380271866934985,0.001003663773141656,14.046233158319179,0.015844646513484106
160,151.60140100590064,113.65025446620791,157920.59423828125,394.50225830078125,400.3033972948198,160113.18877491285,6.401073056030344,0.3736057019500212,1.5964385421659952,7532.61328125,172.0,132.82931680129332,11.560734608263802,False,False,science_V_002.fits,156580.7800724515,396.51937654672525,394.88809206780405,-8.541468004923766,0.002749386526989982,15.885037020330397,0.016050065683433857
161,164.67896303207192,117.4509470642814,520300.1205749512,637.758544921875,815.8261848748535,518545.5123201552,5.064806631920537,0.005422002213249955,1.0054515605868173,32535.04296875,203.0,132.82560902132997,11.56179070456358,False,False,science_V_002.fits,515534.8641694708,628.9421348153764,819.6856843130793,-9.83526697585124,0.0013245320990445853,14.591238049402923,0.015868203031507586
162,165.40105137890717,132.5724572214966,1112965.7047424316,906.9395751953125,1227.1663241762835,1105588.4055716146,5.222227426850104,0.008734212738463643,1.0088111713838048,57514.80078125,272.0,132.8254046693297,11.565991139865023,False,True,science_V_002.fits,1088325.7593743284,886.1390881945426,1228.1658419918363,-10.646519145358177,0.0008840011363931231,13.779985879895987,0.015837516856404336
163,192.36576913840068,130.86349254550097,1307401.0401916504,973.696044921875,1342.7198836948653,1302967.3079158915,5.2622687842667215,0.0031685548387920814,1.0031786264911413,58668.2265625,256.0,132.8177591970583,11.565516993317745,False,True,science_V_002.fits,1290997.2168744442,957.945941054558,1347.672307534646,-10.831935139084605,0.0008056112705811378,13.594569886169559,0.015833334825204527
164,185.5067759796043,141.2458431375548,224724.14645385742,428.1322326660156,524.8942483365038,237460.95886034064,4.784777994113076,0.07447127891758387,1.0804634985616535,14450.9462890625,112.0,132.81970416221822,11.568400853582963,False,False,science_V_002.fits,321931.6854943717,539.3946065001659,596.8389034944358,-9.32403118246934,0.0018190838325774818,15.102473842784823,0.01591711494453979
165,193.77359800324865,142.65826259692278,489135.81286621094,606.7138061523438,806.2051792890809,493736.060877824,4.934971906627466,0.06900939527366678,1.074124695698677,31335.12109375,140.0,132.81736023266234,11.568793341132398,False,False,science_V_002.fits,554026.283989046,661.9672909390447,836.9390626584023,-9.91344779633411,0.0012972270604163804,14.513057228920054,0.015865947189311565
166,203.78435929679677,148.62244117586084,1731486.8686828613,1113.13671875,1555.502427974202,1723387.6641174317,5.449314192824244,0.01420411436016289,1.0144087782948532,62458.73828125,281.0,132.81452188866345,11.570450212039002,False,True,science_V_002.fits,1711553.5251585816,1093.497712926594,1565.20997248165,-11.138098087323252,0.0006936449544073732,13.288406937930912,0.015828032900222375
167,131.1104074695341,150.8450899822479,753082.1389160156,770.107177734375,977.8926371411751,754529.4520929512,6.558636848449669,0.34552659085609794,1.527945957816791,28988.720703125,249.0,132.83512790545657,11.57106585989123,False,False,science_V_002.fits,738902.7682218814,750.6965468346295,984.2895525995456,-10.226090108042474,0.0011030290803479786,14.20041491721169,0.01585125090710006
168,175.85526029303816,148.52421660997982,1348036.9212341309,983.5547485351562,1370.576394696697,1356883.7903543534,5.240923066336656,0.05910235858364321,1.0628148652755416,58531.20703125,230.0,132.8224408911781,11.570422425528662,False,True,science_V_002.fits,1432368.2595391623,1009.2664012048779,1419.2172233507217,-10.944758595864228,0.0007649991714705242,13.481746429389936,0.015831320409242487
169,151.9845188983403,150.36956011344708,205622.5817565918,421.0274353027344,488.38285706664584,208578.17188506716,4.838021570089115,0.07385350087714637,1.0797427846966894,13443.109375,136.0,132.82920924322244,11.570934421301454,False,False,science_V_002.fits,250800.6750958035,476.78692207633566,526.0225553243032,-9.05294362698531,0.0020639799358615806,15.373561398268853,0.015946958811741702
170,142.8475511868187,153.6155713258642,787375.794128418,762.2705688476562,1032.9347954738878,787876.5283360269,5.071423450389579,0.023213275530510558,1.0237649375743902,50806.0,191.0,132.83180004187102,11.571835819681931,False,False,science_V_002.fits,796855.4397194899,764.9452345839026,1041.7156728258399,-10.308070728263578,0.0010422229676691384,14.118434296990586,0.015847135731168714
171,167.64028791552403,154.24209566088626,1653861.0249023438,1086.697998046875,1521.914117698599,1671578.0042356683,5.407111777217011,0.03963732241706863,1.0412732849185986,57766.8828125,263.0,132.82477030146677,11.572010536150644,False,True,science_V_002.fits,1714202.577984612,1094.342054538097,1566.4230126915368,-11.139777233793822,0.000693107794767695,13.286727791460342,0.015828009368929336
172,195.9646644511891,163.82035474641089,1725171.9097595215,1127.037109375,1530.714379685526,1692506.0052366322,6.363503910668109,0.2473236531540668,1.328592301578851,64108.42578125,397.0,132.81673933478888,11.574671734696292,False,True,science_V_002.fits,1671985.4122228746,1081.1787515602016,1546.4467922719587,-11.112703083983273,0.0007020610120086618,13.31380194127089,0.015828403957200792
173,133.15400194067135,165.5281465060006,608096.861328125,675.9755859375,899.5840589194726,613644.6207072126,5.012626866159172,0.03285549161317103,1.0339716467686644,38825.7734375,176.0,132.83454896921484,11.575144554295079,False,False,science_V_002.fits,614169.4219118075,692.9322077522173,886.334067085861,-10.025342349336393,0.0012249331717211613,14.40116267591777,0.015860199981177096
174,122.6552692301918,168.08138996519267,1374037.9659729004,987.6031494140625,1391.2855247455486,1380011.83581027,5.1556353177168575,0.0906494001332494,1.0996858638973048,58128.484375,204.0,132.83752591992382,11.57585342025663,False,True,science_V_002.fits,1704798.5011701996,1091.450013615306,1561.9574693331538,-11.133804511245899,0.0006950893486642231,13.292700514008265,0.015828096264882064
175,114.43478857932156,169.44713494756436,1272069.7893066406,956.4550170898438,1329.9839162087326,1276551.104680026,5.139866724201594,0.06596955413349026,1.0706289119647376,59020.4921875,231.0,132.8398568499515,11.57623248427992,False,True,science_V_002.fits,1624161.5508430197,1065.5331406782668,1524.271267441909,-11.081194936842902,0.0007122747920204937,13.345310088411262,0.01582886027315596
176,134.2435921171789,183.77542230581432,301296.3285827637,576.1727294921875,522.9270896738077,300285.3336029983,5.042770795986826,0.014938131846794378,1.015164663590928,19995.287109375,193.0,132.83424064389374,11.580213276795638,False,False,science_V_002.fits,298445.6045511333,549.9655248066085,542.6623871670494,-9.241784841716044,0.0020006914532401266,15.18472018353812,0.01593889106741166
177,99.70945341237577,61.22064820134604,837085.4247436523,785.6919555664062,1065.4117288755954,836089.6803427387,5.062010429858517,0.022738818211909262,1.0232679028244058,54612.9765625,212.0,132.84402740833548,11.546168993752419,False,False,science_V_002.fits,880509.3928259669,796.7900621370827,1105.0707515908762,-10.416456856942029,0.000982471030417745,14.010048168312135,0.01584331819706204
178,89.75723464728445,62.20202039540864,909413.5055541992,815.5715942382812,1115.0627510556733,915167.1049852974,5.03090112692672,0.04776245884476138,1.0501581346885533,60443.7109375,212.0,132.84684905502994,11.546441157990246,False,True,science_V_002.fits,953287.3435606412,826.477358496021,1153.4343122180408,-10.502681441778641,0.0009412759690772608,13.923823583475523,0.0158408169807529
179,306.75819472107577,65.24712712928738,168629.5135192871,390.15008544921875,432.2170359776472,170387.9687689445,4.773743410154256,0.061722563118908,1.0657828491795334,11028.4033203125,129.0,132.78532594669133,11.547290407889008,False,False,science_V_002.fits,215381.6601849674,442.8436682361492,486.36048256675934,-8.887643674607773,0.0022322948490186463,15.53886135064639,0.01596961560153225
180,302.35992809953666,71.55830237984401,122821.07287597656,342.9700622558594,358.11018625978704,124352.97621173147,4.734336430759243,0.06790928715649058,1.0728569507460504,7621.408203125,116.0,132.7865728415991,11.549043570617282,False,False,science_V_002.fits,187715.82628574834,421.5911205670377,445.25564493215984,-8.738374097666972,0.002438374476230211,15.688130927587192,0.015999723505550904
181,491.2637197646855,81.23071152765414,553725.1932373047,668.9681396484375,827.7302915028265,550294.632627097,5.135431153393337,0.004719913292551836,1.0047422965209383,36618.140625,237.0,132.73301462881759,11.551722975067948,False,False,science_V_002.fits,545930.4088893383,649.7911419447543,840.162897966611,-9.89746508812155,0.0012922493990482628,14.529039937132614,0.015865540982805713
182,488.9326060824217,99.75524583951173,1516572.4559936523,1043.40966796875,1453.4774811374218,1544239.297841915,5.192392425297123,0.0644583355613324,1.0688994814570958,63281.41015625,234.0,132.73367432412047,11.556868823169495,False,True,science_V_002.fits,1863256.923442362,1141.7149506505812,1631.9808393335186,-11.230303733154894,0.0006652651635563239,13.19620129209927,0.01582681458492481
183,485.9356032165976,107.21409082103955,1170432.0774536133,913.4972534179688,1281.2650208572488,1214701.5835277797,4.8792901606459065,0.0494007422359759,1.0519680000089366,62194.3828125,163.0,132.73452356471864,11.558940913914393,False,True,science_V_002.fits,1933533.0256302992,1161.4277726404787,1664.7897279350032,-11.270500860093996,0.0006521544323478599,13.156004165160168,0.015826268908728236
184,492.5490163441924,111.58895685150291,817852.8983764648,781.5863037109375,1046.4012668765242,819420.4368657772,4.975732274494607,0.11022744075665503,1.1238827154327973,48830.36328125,197.0,132.73264818679843,11.560155726348892,False,False,science_V_002.fits,1216704.3715120875,932.8425586607378,1304.2976654698132,-10.767584545134795,0.00083240201124559,13.658920480119368,0.015834720561982544
185,463.6717531982834,89.81421142055122,1789822.9257507324,1131.5118408203125,1581.7977869795548,1806229.5872492217,5.412752445695551,0.04097737277196778,1.0427282648068577,61930.984375,264.0,132.74083700458027,11.554108967321888,False,True,science_V_002.fits,2034927.1411444182,1189.35367163057,1710.952082364694,-11.325994034767833,0.0006345589751990379,13.100510990486331,0.0158255536162484
186,461.4868968136898,98.329002211012,1374615.78515625,1004.080322265625,1369.0297027777042,1400105.4904340506,5.2936853763907985,0.11782820086126189,1.1335660479923493,61651.4609375,255.0,132.74145596497377,11.556474309174368,False,True,science_V_002.fits,1713918.690482661,1097.678786015377,1561.4027640128331,-11.139597411135572,0.0006953362867180609,13.286907614118592,0.01582810711106587
187,176.95119399026495,87.82559498964797,393124.88049316406,557.5745239257812,705.0624869394013,395915.9821240712,4.9713275725188835,0.03030510909607642,1.0312522107524222,26413.896484375,166.0,132.82212881409563,11.553561729848749,False,False,science_V_002.fits,415047.11701157136,571.7650139135652,725.9050604910128,-9.599865377848856,0.001495650132629764,14.826639647405308,0.015883401760548102
188,187.4138998253541,93.11301511802955,1644416.9893798828,1083.1092529296875,1518.2374122757437,1641615.5501081971,5.4535009652117745,0.020302986664165523,1.0207237404909857,58297.97265625,260.0,132.81916250333376,11.555030666388511,False,True,science_V_002.fits,1661430.7041697495,1076.8924173091573,1542.8010054348645,-11.105827454562379,0.0007037200495562143,13.320677570691785,0.015828477629762583
189,196.45522838739117,94.05492787331546,233093.42080688477,454.8338928222656,512.4803241036616,251941.20325514892,4.725727929551645,0.1323813037308359,1.1525800496232816,17611.67578125,129.0,132.81659908605545,11.555292465645332,False,False,science_V_002.fits,478115.399672259,621.5741469869123,769.2009102854886,-9.753453704442133,0.0014114647883048436,14.67305132081203,0.015875695733301626
190,297.4335845572436,97.8154685349028,1216794.0030212402,944.089599609375,1288.8543667091544,1213790.0305275288,5.257786482919996,0.02692053890328483,1.0276653037902412,58887.5546875,259.0,132.78796923357942,11.556337283604984,False,True,science_V_002.fits,1208090.216893034,926.960905048478,1303.280656512535,-10.759870292609278,0.000833051572257075,13.666634732644885,0.015834754721491175
191,285.89688143575256,101.25938601807468,561018.2818603516,660.2210083007812,849.7431538936501,561270.388523434,5.058562513650134,0.01553229391050892,1.0157773523848805,37255.1328125,201.0,132.79124015026576,11.557294043275744,False,False,science_V_002.fits,567064.3300742961,656.6609641808343,863.5572403511035,-9.93870269857261,0.0012572414997743268,14.487802326681553,0.015862727960741868
192,352.04211216647604,101.14395366702185,1235433.7580566406,954.1528930664062,1294.796428365132,1227939.3168836506,5.2423215203114255,0.005445261377833299,1.0054750745900392,58938.23828125,274.0,132.77248624711277,11.557260813492658,False,True,science_V_002.fits,1221076.600957791,932.5859920600077,1309.3447803784086,-10.771479146781447,0.0008291933616493482,13.655025878472717,0.015834552213395567
193,366.4026384482223,100.90174631931592,896390.9215698242,819.7013549804688,1093.557935610809,892490.0473989807,5.132886304605843,0.003411135438322943,1.003422811110601,58105.42578125,233.0,132.7684146703004,11.55719312154592,False,True,science_V_002.fits,887335.2901441789,804.9087499621012,1102.404825622729,-10.424841259428765,0.0009848469226236445,14.001663765825398,0.01584346570762686
194,374.563330593102,112.08409158188815,381614.7028198242,561.4085083007812,679.7451359881593,380705.606433599,5.033338337058383,0.006068187575105521,1.0061052352880233,24570.8984375,189.0,132.7661005243522,11.560299066875052,False,False,science_V_002.fits,379488.74888343894,555.6978317710697,682.9048579764417,-9.502619135092157,0.0015898261482823624,14.923885890162007,0.01589254634567757
195,73.42684936641992,103.14887647610931,139270.7688293457,364.6163330078125,381.96525010403633,139807.25194693566,4.872694162143092,0.01603134533500794,1.0162925366158804,9008.5029296875,144.0,132.8514810617852,11.557814493001612,False,False,science_V_002.fits,138544.2481824412,374.99091577935957,369.4602785096775,-8.40859312473386,0.0029386108958166708,16.0179119005203,0.01608356043184343
196,61.98955723221339,115.50734823299591,1178152.8365478516,928.8721923828125,1268.3691536997849,1170583.973500241,5.18971111713403,0.004493782547688396,1.0045140677867275,59778.79296875,278.0,132.85472451044137,11.56124680859492,False,True,science_V_002.fits,1167252.4580101562,908.6797230481573,1284.5587156876563,-10.722533866902943,0.0008451929730738683,13.703971158351221,0.015835398110861643
197,421.59193083037025,115.4089795247808,943080.3525085449,844.6917724609375,1116.478676903601,936945.2896276445,5.138638477969684,0.004046875762464763,1.004063319511712,59038.22265625,258.0,132.75276638915673,11.561220792571829,False,True,science_V_002.fits,933484.5453981869,824.130542823951,1132.6901466356596,-10.479889704649597,0.0009585145621905243,13.946615320604566,0.015841850659997977
198,429.89238734935867,128.82274179429683,1179807.6852416992,934.5166015625,1262.4791076681522,1172451.0840313775,5.220813222138632,0.004543704733661502,1.0045644442204726,60186.34765625,262.0,132.75041229863902,11.56494644427008,False,True,science_V_002.fits,1165528.920533878,913.9731332826958,1275.233240552351,-10.720929509635722,0.0008513736667731019,13.705575515618442,0.015835729199762852
199,421.07693765408095,140.8806090076907,1061601.2796936035,890.7105102539062,1191.8589344937482,1055234.064817353,5.170055521635436,0.0037995935241487144,1.00381408549871,58460.50390625,258.0,132.75291121170514,11.568296263729362,False,True,science_V_002.fits,1050424.5166290896,870.6715542784829,1206.4532388445448,-10.608033997834683,0.0008999105518915979,13.81847102741948,0.01583841283617626
200,116.22542995129606,118.12831512524478,39500.753356933594,219.97702026367188,179.5676353356667,42031.11610096611,4.359982199244144,0.179058606813568,1.2181137512369347,2834.70068359375,77.0,132.83934711260508,11.561977333122746,False,False,science_V_002.fits,104095.02180280109,344.4248611138043,302.228536773384,-8.098196775260318,0.0035923146490103816,16.328308249993842,0.016215739474511843
201,109.5871946272415,124.09311543581317,438510.020111084,587.247802734375,746.7205804249414,439240.8640925553,5.020190150412444,0.009270711321661462,1.0093574616472971,28212.236328125,184.0,132.841229501853,11.563633961097972,False,False,science_V_002.fits,442802.38084336004,586.1343122468286,755.4623088792836,-9.670146742319313,0.0014371332457480492,14.756358282934851,0.015877998429707108
202,94.32907673948417,142.77196401297246,57162.60073852539,246.0916748046875,232.28173315449584,63473.922069606895,4.401021274673285,0.1517827008581779,1.1789431800220804,4019.362548828125,79.0,132.845556521135,11.568821883260643,False,False,science_V_002.fits,187253.89694282552,417.91636845675714,448.0654769141955,-8.735699035472384,0.0024230833570958463,15.69080598978178,0.01599740026139191
203,86.27862046681071,146.83412404549375,630551.8941650391,684.478759765625,921.2146982923894,633678.8675679597,4.8819451329197765,0.04197091043635248,1.0438096409530413,58211.6328125,170.0,132.84783932284842,11.569949894820352,False,True,science_V_002.fits,705209.1027670603,720.6184009490443,978.6165629941032,-10.175416647771574,0.001109423282882391,14.25108837748259,0.01585169713905576
204,93.8147551390717,153.01344360651373,957704.9873352051,832.5845336914062,1150.279579526965,958655.1066918344,5.088846901759761,0.04004436385656984,1.041714806756535,59364.8359375,192.0,132.84570281648777,11.571666714213116,False,True,science_V_002.fits,999535.5686948755,846.9939759027244,1180.0976124175766,-10.554117507027312,0.0009200086404511986,13.872387518226851,0.01583956748356002
205,92.04337853260405,166.16799093592618,1518250.014831543,1049.2823486328125,1446.9413469213346,1512612.6762626818,5.80953052848747,0.16487814984195326,1.1974300514478817,59311.5546875,311.0,132.84620567859292,11.575320674003374,False,True,science_V_002.fits,1492037.6477552396,1022.2819849804914,1459.5167181623697,-10.9890713280053,0.0007438763711915338,13.437433697248863,0.01583031377526561
206,276.2752236882635,152.77867953091257,295698.3885498047,495.6361999511719,596.6036955713399,300197.88709757535,4.901950880950842,0.06286639173598407,1.0670837020266941,19651.470703125,156.0,132.79396783339473,11.571605021598335,False,False,science_V_002.fits,349088.022871657,535.7615424696675,651.573499028107,-9.411959245360352,0.001666274029897533,15.014545779893812,0.015900375822931294
207,296.32832889481296,160.60671006771503,321010.8603820801,524.218994140625,612.3602234373959,320085.9498031916,5.038907347712876,0.014758292538342377,1.0149793623499406,20361.376953125,193.0,132.78828186932222,11.573779300902123,False,False,science_V_002.fits,318797.4021899647,516.4091881388414,617.3348761258932,-9.313408808461178,0.0017586889093539454,15.113096216792986,0.015910325856110918
208,280.1167085189237,161.7300521222117,766172.510925293,761.1119995117188,1006.6488393519229,764418.0859876418,5.091485308568484,0.017611949829789753,1.0179276914318514,51117.34765625,219.0,132.79287855239917,11.574091488836183,False,False,science_V_002.fits,779580.0267834102,757.5802057779488,1029.0395932175527,-10.284273633425535,0.001055061444822822,14.142231391828629,0.015847985260596966
209,469.50956838491555,167.1587833148948,26958.58953857422,209.68463134765625,128.5673125651111,28600.313108583243,4.417132047244993,0.008927413234409709,1.0090078298538605,1811.377685546875,77.0,132.73917717058924,11.575593210108103,False,False,science_V_002.fits,31959.625515709016,282.797846379121,113.012266270457,-6.816126078695372,0.009606921760171952,17.61037894655879,0.018502389788181754
210,475.62419558783773,175.06536009392596,101763.29898071289,332.9230041503906,305.6661681892777,102774.96285714988,4.82640716854788,0.016125504154439363,1.0163897979087066,6727.4580078125,127.0,132.73744290948534,11.577789112800867,False,False,science_V_002.fits,102753.62824122632,356.2658131760402,288.41843489050433,-8.084114788545557,0.003764322486571211,16.342390236708606,0.016254710269661923
211,363.3824631517024,174.6371648089197,669720.7521972656,708.7931518554688,944.8747500509564,699911.1066409086,4.817122633273478,0.2019881035977651,1.2531141509398673,43418.8515625,171.0,132.7692687139475,11.577675263857095,False,False,science_V_002.fits,1454824.0231498983,1013.0996981161549,1436.0126904145009,-10.961648033639484,0.0007560518143378078,13.46485699161468,0.015830890578666462
212,367.0979152227339,180.8424316744481,1675329.859741211,1095.18115234375,1529.7285350062039,1693300.0078536551,5.4355765343599645,0.05453044106933724,1.05767551218784,57765.9453125,251.0,132.76821501292818,11.579398835587138,False,True,science_V_002.fits,2012013.1329112498,1182.6754209195794,1701.2386469880516,-11.313698901894593,0.0006381820692365363,13.11280612335957,0.015825699305915115
213,399.1517825825532,185.39936479930432,1721966.8427734375,1136.54443359375,1515.0897684911304,1711210.8630382526,5.5354294678322775,0.0008412350557558401,1.0008419433279983,58655.38671875,319.0,132.75912599914022,11.58066351663553,False,True,science_V_002.fits,1699259.2678707128,1090.9464742988343,1557.6009528449588,-11.130270992218758,0.0006970334719023949,13.296234033035406,0.015828181760034834
214,354.75750114164896,188.91663764759684,31611.28109741211,223.9958953857422,141.1243766006269,32948.304438973486,4.606589486893508,0.05197743751640649,1.0548272156943586,2051.91943359375,89.0,132.7717138929451,11.581642030745607,False,False,science_V_002.fits,28484.858925778455,281.13001446189867,101.32272422174611,-6.691157056314663,0.010715266573606247,17.7353479689395,0.01910137219969263
215,376.1457902471135,197.21486504372407,490610.63583374023,658.941162109375,744.5439199202823,488554.541315033,5.1031266690596295,0.014999467334222527,1.0152278773836074,32901.03515625,215.0,132.76564894100764,11.583946441300101,False,False,science_V_002.fits,481280.8970833405,646.018056781535,744.9960446633398,-9.760618434239177,0.0014573231734278842,14.665886591014987,0.015879838569694497
216,391.15850022253926,200.55316673382265,1092072.1871948242,903.973876953125,1208.079364943256,1088010.153683036,5.740643970608539,0.20249954771108214,1.2539177841591,58823.12890625,267.0,132.76139191087032,11.584873213887008,False,True,science_V_002.fits,1077353.0272011035,881.2343236866946,1222.5500054218667,-10.635516964790632,0.000888061834023187,13.790988060463532,0.01583774403091538
217,71.79939041448144,194.80808896411196,365732.1121520996,543.3945922851562,673.050702646991,366234.51565625303,5.005119496329898,0.012070706248575425,1.0122181884117838,24200.45703125,180.0,132.8519472273397,11.583275286000136,False,False,science_V_002.fits,370558.01624352834,543.6731174109889,681.5823780439111,-9.476762405921779,0.0015929109011237575,14.949742619332385,0.015892855228267385
218,82.33274089434258,195.82250189794803,191804.05950927734,412.3717346191406,465.1241668792461,194278.78791998862,4.9013186444423305,0.037910725916389665,1.0394045822332856,12664.1533203125,147.0,132.84896051983807,11.583557584588714,False,False,science_V_002.fits,203745.40085050664,429.88979431110334,473.9479828243139,-8.827341409499887,0.0022907577188749305,15.599163615754277,0.015977892636212455
219,230.51916942842965,201.11791397583494,1222476.0359191895,939.7765502929688,1300.8156412692902,1229622.645134997,5.079857489827355,0.04353674205796276,1.0455184678516958,66026.6328125,220.0,132.8069418741944,11.585032564416748,False,True,science_V_002.fits,1506650.9557006496,1028.4355412230818,1464.9930844560693,-10.999653502553228,0.0007410956485184398,13.426851522700936,0.015830183351054405
220,231.22667370963916,210.28742733676984,1672139.8754882812,1092.34033203125,1530.7865382749999,1697897.3251558158,5.438215159605439,0.060601788964504855,1.0645112884531722,60427.75390625,252.0,132.80674131974848,11.58757965601047,False,True,science_V_002.fits,1809399.2103701576,1122.8494235712878,1611.4353112595081,-11.198457865172596,0.0006737471820394764,13.228047160081568,0.015827173387344098
221,241.25604287335815,222.27277833615628,1018026.2667541504,872.26025390625,1167.1129828455616,1011915.455049803,5.1886478797009845,0.006196618008688204,1.0062352555052407,55764.58984375,262.0,132.80389746843565,11.590908972002225,False,False,science_V_002.fits,1007291.096902599,852.0408877751794,1182.2098110019153,-10.562509362513895,0.0009183649043479653,13.863995662740269,0.01583947209553668
222,256.0069019303198,224.53337208049757,52004.10543823242,261.58123779296875,198.80671059210914,52770.86505217998,4.685015549488902,0.027902974320710205,1.028703898462411,3448.8876953125,107.0,132.7997147085866,11.591536940642332,False,False,science_V_002.fits,51987.41515729231,298.95406883182505,173.8976671581531,-7.344367435569069,0.006243326996518007,17.082137589685093,0.017000723930268313
223,483.6106588007897,221.64873047335405,1596096.1401367188,1080.7535400390625,1476.8363748121794,1586200.145367662,5.422356561624209,0.005691732298788943,1.005724313559162,60981.24609375,303.0,132.73517536915517,11.5907284336663,False,True,science_V_002.fits,1575631.8356661082,1053.6884738370354,1495.3488386642418,-11.04825874192243,0.0007260513212220295,13.378246283331734,0.015829486178925562
224,471.175321962587,226.464614240043,406875.07681274414,579.4417724609375,702.184578589686,406737.35003714566,5.050295460155991,0.01268977745685651,1.0128528776134513,25670.138671875,188.0,132.73870123776726,11.592066942232496,False,False,science_V_002.fits,407766.14439570985,575.8295539766949,708.13688109557,-9.580649785956068,0.0015331781594545622,14.845855239298096,0.01588697949379855
225,412.29448350641843,237.8274233958097,84448.89468383789,312.05267333984375,270.6238462244099,85463.1132051021,4.792425561358306,0.024318673293686865,1.024924811644988,5661.306640625,121.0,132.75539706165824,11.595226314448439,False,False,science_V_002.fits,84906.49813966913,339.37327099480797,250.186167846342,-7.876974197360025,0.004339568447552263,16.549530827894138,0.016397479577018485
226,400.4576424845584,242.8537439445706,227403.7540283203,448.3384704589844,507.2144574065143,230118.3979378523,4.953200741423621,0.038136006058808736,1.0396480233162158,14401.4482421875,146.0,132.75875336456113,11.596623009349143,False,False,science_V_002.fits,259379.06472774583,481.6586094233039,538.512256717063,-9.08945917388009,0.002016110100480837,15.337045851374073,0.01594083379579023
227,400.8721394592514,253.799812060309,1336732.226196289,992.0796508789062,1347.4041373714774,1330576.1227178923,5.291912871499596,0.018859747742173694,1.0192222749996986,58363.5390625,274.0,132.75863537670065,11.59966356634372,False,True,science_V_002.fits,1323757.4178772466,971.4423488776016,1362.6721332528973,-10.859142890935749,0.0007967433790608719,13.567362134318415,0.015832886097607864
228,386.70400049418305,261.3276405534355,118727.95706176758,353.3102722167969,336.04445270392307,119588.40367483681,4.837659053559234,0.015994854986427276,1.0162548489380172,7556.85888671875,135.0,132.76265274394498,11.601755172933338,False,False,science_V_002.fits,116283.82217123752,370.70424520149686,313.68354605173533,-8.218420119794184,0.0034611314927590667,16.20808490545998,0.016187183614758797
229,129.53883731073324,244.13024109756333,1036350.9443054199,869.9047241210938,1191.3384484174342,1049405.4917224506,5.091182407677175,0.04427055016769588,1.0463212158791002,57277.44921875,221.0,132.83557681107177,11.596978340390608,False,True,science_V_002.fits,1141173.6407378078,901.2632905463985,1266.1934117453754,-10.698001203045884,0.0008574519421195096,13.72850382220828,0.015836057148191644
230,138.46231123054986,248.2534291995098,1616447.5083312988,1063.498291015625,1519.9342791492552,1638771.2602775167,5.113610238864853,0.1568429306329856,1.1860186391495628,56918.01953125,178.0,132.83304654887422,11.598123968626952,False,True,science_V_002.fits,2581749.9670122103,1331.7187022569658,1938.6601409417174,-11.584407324400498,0.0005600259566241527,12.842097700853666,0.015822740320179683
231,143.14863297336873,252.57853985327841,1298906.732788086,963.8665771484375,1347.6001384246065,1328355.6344651217,4.955102287648347,0.17061279178758493,1.2057094564495492,57197.140625,209.0,132.83171779628225,11.599325535980483,False,True,science_V_002.fits,2347357.6202723286,1272.0538436372412,1845.3288215854311,-11.481070022706469,0.0005883504269267365,12.945435002547695,0.01582376814771412
232,171.70024681340703,250.35414859129406,74856.26574707031,292.1461181640625,256.22885635958636,75934.60529365286,4.830182462403984,0.009777740760684162,1.0098742889987096,4790.70458984375,116.0,132.82362139522354,11.598708419667084,False,False,science_V_002.fits,77230.5961319477,323.9455311113102,238.40611681539352,-7.774095341811952,0.004553993892869355,16.65240968344221,0.016455526200764244
233,178.39342686861247,262.4669738781616,1530896.1114501953,1043.6668701171875,1466.8436407091274,1569483.174654255,5.2696208240588,0.11692880207778411,1.1324115228227425,57088.3828125,223.0,132.8217236836588,11.602073241031666,False,True,science_V_002.fits,2090059.9539403692,1203.3566327365195,1736.8582987633704,-11.355018734404672,0.0006250941719154695,13.071486290849492,0.01582517693081217
234,171.3247916180788,267.37554090307987,1918467.759979248,1168.7288818359375,1641.4994014399283,1945812.5615820386,5.987585232813581,0.16871295013281118,1.2029539016152913,57004.296875,283.0,132.82372826433425,11.603436575124146,False,True,science_V_002.fits,2255816.7074021264,1249.644516542596,1805.1667314504105,-11.437881396231226,0.0006014402886361998,12.988623629022937,0.015824260254070074
235,153.4140060602703,273.93565916355436,1198753.9693603516,943.022705078125,1271.1825101401355,1189740.4667504455,5.279244275650644,0.008738099616050543,1.0088151270745562,56751.43359375,295.0,132.8288074684746,11.605258371180055,False,True,science_V_002.fits,1178091.3695673973,917.7340727830327,1283.6957943544908,-10.732569310185804,0.000845761125630194,13.69393571506836,0.015835428445399712
236,137.42673577606647,280.30617786091614,571886.8111877441,670.9613647460938,852.3394061655971,568829.0531198992,5.089526643048998,0.004827269749930085,1.0048506853164245,36190.828125,227.0,132.8333412680515,11.607027474874199,False,False,science_V_002.fits,566703.2818068374,655.9082420450978,863.9978056074999,-9.938011193215097,0.0012566004137436616,14.488493832039067,0.015862677162684986
237,101.93803157836761,273.88859549535084,906157.0583496094,818.224609375,1107.4673726102867,910630.0737220286,5.036768682946203,0.05392802524078344,1.0570020322761475,56892.22265625,220.0,132.84340475797575,11.605243485284904,False,True,science_V_002.fits,987601.8804070475,842.0971981625223,1172.788464991951,-10.541076644448694,0.0009257423929450495,13.88542838080547,0.015839901551014852
238,110.31062165457436,273.5287164159482,360187.71688842773,533.8080444335938,674.7513842182935,372664.4731013824,4.849628229355074,0.07259392967333489,1.0782763149779306,22778.7421875,150.0,132.8410304877845,11.605143863634344,False,False,science_V_002.fits,576891.2113521739,660.2384250259771,873.7619464203043,-9.957356680916536,0.0012425581183158412,14.469148344337627,0.015861570945058995
239,283.2005624834936,274.59901340968946,493391.25408935547,632.1361083984375,780.5142714270789,491135.7475290056,5.059213282774649,0.008584574182162852,1.0086589072134733,31927.990234375,218.0,132.79200324811532,11.605443953320883,False,False,science_V_002.fits,489485.5713684073,618.1597053166969,791.8432197349923,-9.778971610469288,0.0013711047502097111,14.647533414784876,0.0158721583410636
240,274.54160686170263,292.25372667938865,1234093.3153381348,957.831298828125,1288.4245031959254,1225766.4754906115,5.266568657485102,0.002458445695787459,1.0024645045463818,57176.19921875,292.0,132.7944586153308,11.610348097388263,False,True,science_V_002.fits,1219917.853402459,932.5486268251128,1308.1546831029098,-10.770448342090141,0.0008299477225619429,13.656056683164023,0.01583459173423593
241,465.1693758276634,283.7823696242629,2123309.1549987793,1251.3717041015625,1696.7853340772435,2112230.760358424,7.006112691210184,0.31592104495546036,1.4618195642853697,60466.5546875,433.0,132.7404008918155,11.607988885910432,False,True,science_V_002.fits,1977135.6240037275,1174.3985356677415,1683.5303893491014,-11.29471302726463,0.0006448948037224094,13.131791997989534,0.01582597142281052
242,497.71440508978617,284.02250698473347,673331.3645019531,755.4663696289062,891.2790715392152,668822.6630323268,5.144538967015225,0.009233021782248385,1.009319064911567,44508.4140625,248.0,132.73117184116487,11.60805355201235,False,False,science_V_002.fits,664396.4956943587,709.941491555585,935.8468318826801,-10.110690206876487,0.001160125741747562,14.315814818377676,0.01585532635754977
243,481.89757852799073,289.01167045799707,305432.7917480469,520.1089477539062,587.2477162084219,304696.688530331,5.109445690672944,0.017797284722687046,1.0181197673818914,20549.1328125,192.0,132.73565681661006,11.609440457241993,False,False,science_V_002.fits,287290.540175961,512.0969143702389,561.0081453610438,-9.200425188785653,0.0019352660188227467,15.22607983646851,0.01593081092510225
244,476.9620444485391,300.3155979290685,246502.3663635254,483.2667236328125,510.07519100532693,251405.06434850543,4.879215460224686,0.19853371812727816,1.247713126076097,17864.115234375,138.0,132.73705572164835,11.612580741545274,False,False,science_V_002.fits,548776.3786148921,672.5854778258024,815.920647571614,-9.903110397651746,0.0013306441051973835,14.523394627602418,0.015868714374593917
245,473.0945930680784,308.22342635018924,1641435.6587524414,1090.3541259765625,1505.4151854401518,1642196.653478764,5.471828132998348,0.01754652840955173,1.0178599077889627,60242.9375,270.0,132.73815197476222,11.614777594643103,False,True,science_V_002.fits,1665327.0776783072,1084.6486627682104,1535.360836040774,-11.108370733031865,0.0007071301901901369,13.318134292222298,0.015828629608201257
246,462.91525605642556,320.16359633358485,1140355.8177185059,923.9007568359375,1234.2838873991805,1133976.1862157658,5.271681464161177,0.0479994829309448,1.0504195975425747,59477.5078125,266.0,132.74103797448115,11.61809490666958,False,True,science_V_002.fits,1124727.3815105658,901.6033193941411,1247.4747567104782,-10.682240044485265,0.000870318212180045,13.744264980768898,0.015836759010548825
247,446.98928371432936,325.5032319939853,459161.6940612793,616.989013671875,744.1975203556365,456887.69132978073,5.077404800151201,0.010852061130923518,1.010971120400181,29265.765625,213.0,132.745554095469,11.619579019679135,False,False,science_V_002.fits,454082.6655996598,602.9829518227564,753.0605371628068,-9.697459182095958,0.0014417167630246953,14.729045843158206,0.01587841394448871
248,371.3907974492123,287.0344438240021,174975.33618164062,408.32965087890625,428.5148918404926,175635.06591075595,4.911028560476654,0.00269652044106794,1.0027038113235707,11453.5859375,148.0,132.7669942843703,11.608896475558206,False,False,science_V_002.fits,175363.35994613348,419.28365567046524,418.2451607032348,-8.664469018858462,0.002595845934414426,15.762036006395702,0.016024478097053988
249,366.832371802476,298.1346191038166,290359.97872924805,501.4683837890625,579.0195117293475,290582.81295806373,4.970290288310268,0.0036052970104196724,1.0036183422087677,19706.00390625,171.0,132.76828660583897,11.61198000091321,False,False,science_V_002.fits,289396.08786789165,501.679038362306,576.8550522114771,-9.208353513831273,0.001882101917696265,15.21815151142289,0.0159244400151573
250,35.625030324286854,313.1860187867362,531282.2491760254,708.9508056640625,749.3922637952038,530778.2857694919,5.975764072701852,0.2530994279502635,1.338866292812813,28486.529296875,244.0,132.86221188065403,11.616156014107503,False,False,science_V_002.fits,522431.0020293034,688.8337077144256,758.428334993576,-9.84969422623005,0.0014315129721639373,14.576810799024114,0.015877490719796397
251,49.420164537398534,314.21980681142236,426830.5398864746,587.772216796875,726.1835923659874,425387.72240713215,5.093462197058649,0.02418540119560386,1.024784832308552,27057.669921875,206.0,132.85829983751628,11.616443988719617,False,False,science_V_002.fits,423821.9580706744,577.3227312903587,734.11617991102,-9.622580508056448,0.0014789212248824083,14.803924517197716,0.01588183522635702
252,414.59415673613853,323.65653659050236,1110375.8184509277,911.0283203125,1218.8159178959966,1103645.071183334,5.206617894347545,0.008616405931969107,1.0086912936460979,58711.37890625,259.0,132.75474108998958,11.619067625944355,False,True,science_V_002.fits,1098290.4184519353,890.2935734283648,1233.627256481939,-10.656414861060801,0.000880087558292285,13.770090164193363,0.01583729889463503
253,403.75597855521715,331.7345302556156,467368.298828125,616.4461669921875,758.1656336814374,466574.5617426812,5.05985233879213,0.007534701777636044,1.007591904514074,30798.494140625,198.0,132.75781433707422,11.621311974889405,False,False,science_V_002.fits,465600.2505366208,608.5209659262526,765.1342790267105,-9.724654887373578,0.0014189666177041047,14.701850137880585,0.015876364458839616
254,417.9543064809744,338.0137220148825,93512.46997070312,325.82965087890625,286.9980363004372,94518.61845208205,4.830990340305333,0.023437358884606296,1.0239998520298064,6428.19775390625,126.0,132.75378752878453,11.623055581112263,False,False,science_V_002.fits,92488.66461631045,350.3877328792974,263.96090940823893,-7.969843146530403,0.004113109029795275,16.45666187872376,0.01633900694836533
255,317.11094846240564,338.8650129175592,1774370.873413086,1139.1419677734375,1557.6380500503062,1762769.4296276676,5.603945614409588,0.004190318137699767,1.0042079507902186,58033.2890625,343.0,132.78238597935658,11.623295194239299,False,True,science_V_002.fits,1749852.6389318646,1106.305052255893,1581.7089828557669,-11.162125566051753,0.0006864094544369185,13.264379459202411,0.01582771746357912
256,246.58092445487028,348.94705098532074,678640.6343688965,716.665771484375,946.9416028663962,688689.3329338792,5.023903634209219,0.0491682602086414,1.051710789775939,44528.30078125,188.0,132.80238784397272,11.626096284347827,False,False,science_V_002.fits,735838.3133853805,740.1551181057087,994.1677026683593,-10.221577866003253,0.0010920692727051653,14.20492715925091,0.015850492025931997
257,273.24113423512085,354.294017840807,1724245.0187988281,1118.1650390625,1542.030879667354,1714418.3295931248,5.562755696954441,0.005020275269509988,1.005045605598516,57177.734375,306.0,132.79482708411578,11.627581516309174,False,True,science_V_002.fits,1698729.953147342,1091.2952537183367,1556.618108032003,-11.12993273560513,0.000697473577107892,13.296572289649033,0.015828201147272257
258,255.46433441517476,352.9332557682056,926918.4689941406,838.4802856445312,1105.4743741310838,935939.1598427435,5.949470034601277,0.2574077013754026,1.3466339495469637,53318.65625,260.0,132.79986854275776,11.627203573004476,False,False,science_V_002.fits,947022.1935678067,830.1731834321836,1140.7525712316249,-10.495522266192927,0.0009517401296126936,13.930982759061237,0.01584144221471209
259,234.908403845686,356.330723193385,574391.8482666016,673.096435546875,853.3574357735556,572414.2985063216,5.072321705777356,0.003765693014477267,1.0037799270594001,37817.05859375,216.0,132.8056981675107,11.628147257831086,False,False,science_V_002.fits,570679.212884142,660.6365231703134,863.8323690393662,-9.945602007953463,0.0012568410711529185,14.480903017300701,0.015862696228758966
260,301.7178717945481,357.3913926201912,691335.6700744629,721.5076904296875,958.1819837051828,710425.6010277575,4.953992843761237,0.08286419565933734,1.0903510638960487,44209.1953125,179.0,132.7867511079242,11.628441641657762,False,False,science_V_002.fits,1003832.4032054426,853.5563260301795,1176.0587703381975,-10.55877489999064,0.0009231681505914767,13.867730125263524,0.01583975131124266
261,286.6069331069579,362.0165218484922,1781153.9110412598,1136.0736083984375,1567.815586837031,1771364.8592507807,5.626273116372965,0.01755252118430084,1.0178661165739462,56855.15625,311.0,132.7910365062611,11.629726563433296,False,True,science_V_002.fits,1753196.919911394,1107.9759481970177,1582.3420379876734,-11.16419862153126,0.000686134839330141,13.262306403722905,0.015827705556570405
262,309.04853338837773,358.61096086083336,701878.1554870605,727.7357177734375,964.4684716513707,713676.025836315,4.907519437858016,0.09622000145032306,1.1064639642443186,46105.01171875,184.0,132.78467212471088,11.628780308159083,False,False,science_V_002.fits,1008335.4004301747,854.876789343105,1179.5096240769253,-10.563634410484436,0.0009204672669370207,13.862870614769728,0.015839594128551703
263,467.6693006259695,346.31111502196103,1146234.2338256836,915.90673828125,1251.4748346285298,1154382.2794157856,5.036084324690695,0.09712306308392771,1.1075706545519568,59915.1171875,211.0,132.73968821640975,11.625357824417822,False,True,science_V_002.fits,1690333.5205247442,1090.0399385878075,1550.707878387137,-11.124552883848342,0.0007001318656671925,13.301952141405822,0.01582831850820136
264,464.9315764688505,352.2172351776479,793999.3210449219,794.9303588867188,998.8287806203542,836265.9548877067,4.768804305663075,0.17259935439580543,1.2086043264684279,55860.75,176.0,132.74046427153894,11.62699857239576,False,False,science_V_002.fits,1532896.9307060656,1059.731936698346,1446.4949838936548,-11.018404260637935,0.0007505729450077512,13.40810076461623,0.01583062986471242
265,18.267270051064052,381.95807971434476,1251460.87789917,954.4912719726562,1311.1286762347902,1246159.0342123932,5.174283909589734,0.0059904393948073675,1.0060265410235694,62727.6875,255.0,132.86713888810405,11.635258251379101,False,True,science_V_002.fits,1244627.3135125106,938.2793501964943,1326.4997393919637,-10.792220192549387,0.0008184698177910382,13.634284832704777,0.01583399428477799
266,12.10635428404655,393.67182048198373,1052312.2575683594,879.564208984375,1196.4018622170347,1047685.2256706676,5.1102540603101465,0.007201087487917701,1.0072533192745918,62293.078125,239.0,132.868886958055,11.638511654852818,False,True,science_V_002.fits,1048270.9610974399,866.0884692823531,1210.350903258237,-10.605805762194818,0.00089701259120584,13.820699263059346,0.015838248443452607
267,368.9734562160031,397.0348497342239,1416084.4899597168,1030.0328369140625,1374.795481474406,1414735.9158678777,5.281131418947337,0.031588235879603244,1.0326185999075452,58682.1875,252.0,132.76767625190485,11.639452209871596,False,True,science_V_002.fits,1434563.6284484132,1007.8771086382523,1423.3517322232462,-10.946421413166208,0.0007627770251167355,13.480083612087956,0.01583121318654363
268,361.36166149720555,404.3187709700759,914737.2672119141,827.1189575195312,1105.9319326389805,915674.8749974864,5.051605991625039,0.0335173973022016,1.0346797730333093,57094.01171875,213.0,132.76983481141997,11.641475752660577,False,True,science_V_002.fits,962270.8088742017,837.538872107205,1148.9267434873532,-10.512865152494943,0.0009449688643373031,13.913639872759221,0.015841036844926347
269,253.23473618921426,422.1585793683016,553918.0320129395,653.4939575195312,847.6253309448301,564925.6650652037,4.597753252464398,0.03693012004382146,1.0383462517231894,36992.92578125,151.0,132.8005008851912,11.64643282103651,False,False,science_V_002.fits,1035551.3381776845,869.7311923919056,1190.6567767562135,-10.59255095957619,0.0009118496792651243,13.833954065677974,0.015839095681424588
270,254.6101185299178,429.6172472966437,1211010.1797485352,929.4337158203125,1302.9548628755144,1240556.5436514225,5.4244717275973375,0.20452123930817856,1.2571045883491698,58135.30859375,169.0,132.80011080447838,11.648504672227878,False,True,science_V_002.fits,1721772.4191304017,1096.9056682359692,1569.6631615545718,-11.1445612406044,0.0006916770595066642,13.281943784649764,0.015827946781638954
271,264.0122228162707,428.07127941589454,107956.99008178711,342.237548828125,315.4446098958129,112730.17306671492,4.641479178004876,0.07839586353113881,1.0850645742883855,8373.06640625,100.0,132.797444193916,11.648075225757578,False,False,science_V_002.fits,245377.58706920146,484.4794803968078,506.47673843323054,-9.029209102774043,0.002143632505924316,15.39729592248012,0.015957463535543562
272,251.83905653855203,436.1934521499296,455859.7162780762,599.3818969726562,760.5496905737753,481264.2183583131,4.65361212055955,0.13971368979874144,1.1624037115806902,33127.0,151.0,132.8008967359068,11.650331393073063,False,False,science_V_002.fits,1010625.9083998664,859.3694973362346,1176.008587147295,-10.566097943080186,0.0009232075444564899,13.860407082173978,0.015839753607234188
273,248.20254343163157,453.54813598841395,669036.2016296387,725.7091064453125,921.9068572898713,664983.3435662584,5.112985354016974,0.0021541692504157828,1.0021588197134597,42578.91796875,243.0,132.80192815981633,11.65515212946551,False,False,science_V_002.fits,661463.7050576259,706.3273561511568,936.4832032869333,-10.10588692193457,0.0011593373978191338,14.320618103319594,0.015855268694340348
274,288.48336907440785,424.89197083304634,486280.5542907715,635.16015625,765.6030522471418,495294.35301599087,4.7687194329994895,0.18620218594430538,1.2288064464271982,35673.75390625,158.0,132.7905037550926,11.647191940758285,False,False,science_V_002.fits,1022582.4535956354,874.8342894443679,1168.887029159667,-10.57886771512287,0.0009288322762726938,13.847637310131294,0.015840082435555472
275,293.7947422208364,429.4092787126772,987913.3780212402,853.6226196289062,1157.3186503079241,1005005.3497310071,5.031863904443906,0.05849432676106825,1.0621284910157134,58485.296875,207.0,132.78899730693198,11.648446694321608,False,True,science_V_002.fits,1267804.6801426606,962.309175149679,1317.460866925086,-10.812252750669078,0.0008240851984727191,13.614252274585086,0.015834285540626356
276,328.4332078003031,428.42079660766797,645506.6192321777,700.451416015625,921.5580188330698,647918.8746965942,4.905456776972324,0.07363047298157455,1.0794828314555625,38791.48046875,175.0,132.77917320665318,11.648171576551327,False,False,science_V_002.fits,913495.7849499002,817.8872394922829,1116.896976552621,-10.4563882434724,0.0009720681699319193,13.970116781781764,0.01584267650034999
277,349.7507694014692,434.5741649780227,1094454.687866211,908.404541015625,1204.8097939301097,1087113.235375443,5.177318343163545,0.007697274007500199,1.0077569816205043,59776.52734375,274.0,132.7731269868928,11.649880346434234,False,True,science_V_002.fits,1083215.3819346095,884.5194011791586,1224.6372216263069,-10.641408920233967,0.0008865482616625032,13.785096105020196,0.01583765923323279
278,330.1261497999667,436.7284935920003,1206657.6289978027,940.7080078125,1282.7121901553019,1208374.3345641107,5.136211187546888,0.06017028166724525,1.0640225356716604,59049.50390625,233.0,132.77869288074618,11.650479233377018,False,True,science_V_002.fits,1338643.3483751798,975.7358588866066,1371.9321025084391,-10.871284084934388,0.0007913656936920621,13.555220940319776,0.015832616392400207
279,123.89014669007977,440.74185126656704,226849.45162963867,442.6490478515625,512.4815081624441,231621.40083194576,4.898486687884091,0.05335043999300093,1.056357116980656,14835.349609375,143.0,132.83718586593565,11.651592450835352,False,False,science_V_002.fits,309461.36645091866,510.27860329674473,606.455697831712,-9.281137971207862,0.001790237941339741,15.145367054046302,0.015913844100479288
280,119.19102728400571,446.07866239757305,151030.54776000977,371.2198791503906,406.8492994116391,155455.2068472068,4.637457520124182,0.14319113794038618,1.1671214482961585,10219.67578125,119.0,132.83851884381286,11.653074722641103,False,False,science_V_002.fits,265888.14917960425,480.62777366849383,553.2101217334078,-9.116369326427732,0.0019625454368009543,15.310135698826432,0.015934147820302638
281,12.344738937180773,451.5871729504288,1269432.752532959,954.1927490234375,1330.3735055963816,1300342.003621455,5.017974531293316,0.08457478017585407,1.0923885188482145,65271.59375,211.0,132.86882331742123,11.65459924648118,False,True,science_V_002.fits,1725126.67352883,1096.5466888341361,1573.235951642888,-11.146674349513022,0.0006901062735479906,13.279830675741142,0.015827878216505754
282,15.89478275732169,459.0229594020131,1700125.2445983887,1089.9306640625,1559.8471541864044,1711502.9491781201,5.144998087528455,0.12669978496771706,1.1450815914009975,65482.515625,179.0,132.86781693924058,11.656664976859298,False,True,science_V_002.fits,2338710.1993493102,1269.7857043700906,1841.814875770307,-11.47706289818647,0.0005894729238441649,12.949442127067694,0.015823809923520078
283,20.72153105684355,466.1707612142178,1413852.4660644531,1005.280029296875,1406.42649297763,1426329.5311097833,5.157680664253484,0.06796508006216406,1.0729211734542061,65997.8984375,223.0,132.86644841676085,11.658650791419891,False,True,science_V_002.fits,1763048.5546503465,1108.8105337144696,1590.0358997710875,-11.17028255655656,0.0006828147717647789,13.256222468697604,0.015827561978406127
284,24.213852554194602,482.02343254439756,1855345.598815918,1164.9151611328125,1592.6873138226665,1843478.1645035855,5.500917185089424,0.0020877071582405815,1.0020920747977715,65656.6640625,321.0,132.86545892655408,11.663054529046752,False,True,science_V_002.fits,1831503.3648584492,1128.4651676146407,1623.003897169371,-11.21164117627082,0.0006689447892845697,13.214863848983343,0.01582696968149172
285,92.59555138269089,464.92735883184235,694633.5605163574,732.3410034179688,948.5110860574189,690433.663270486,5.110163787220531,0.0013718116777814426,1.0013736961301747,45493.14453125,237.0,132.8460628071659,11.658309363617892,False,False,science_V_002.fits,687665.6161863621,715.4841819908153,961.1192441361195,-10.148065148601608,0.0011296204988339997,14.278439876652556,0.015853123497883093
286,105.56581041561003,472.51153485455177,370123.96197509766,551.863525390625,670.6802405778008,373374.49247816746,5.0827101417300256,0.03409057316426145,1.0352937575896117,22335.17578125,186.0,132.84238438940207,11.660416638275718,False,False,science_V_002.fits,367707.30541369476,553.1497887706543,664.7517776891943,-9.46837751975832,0.0016332412133956275,14.958127505495844,0.015896948104239413
287,116.88497773929355,476.23035786268497,1168168.782043457,929.5972290039062,1256.6396989965083,1160964.8427316658,5.231830749556611,0.009772496443459788,1.0098689406306738,61501.203125,273.0,132.8391740691566,11.66145009554412,False,True,science_V_002.fits,1144981.7148484127,908.5382622447316,1260.246004410974,-10.701618251857637,0.0008614984663311392,13.724886773396527,0.015836276764922934
288,131.48402959650485,489.0990795281989,1871430.5317382812,1166.63720703125,1604.123818835269,1857210.919754872,5.586181960582197,0.002843572644828596,1.0028516816086428,62478.70703125,360.0,132.83503376047773,11.665025266239564,False,True,science_V_002.fits,1841897.414874928,1132.8022577092083,1625.9655225261258,-11.217785469916643,0.0006677263354964866,13.20871955533752,0.015826918228981364
289,105.24553954655401,491.70303509832127,1594735.7826538086,1079.89794921875,1476.7467461231101,1582303.4345059823,5.435317398747662,0.0014328257485296536,1.0014348816839527,62478.359375,331.0,132.84247603952335,11.665747589319519,False,True,science_V_002.fits,1570553.5425210586,1049.872841975742,1495.9464420143056,-11.044753740880495,0.0007257612769465831,13.381751284373669,0.01582947287811133
290,400.04249574408544,481.5649479533478,55036.377044677734,265.6869812011719,207.14743641505527,57286.78049755695,4.596888978064008,0.06544194503058098,1.070024483425722,3750.079345703125,95.0,132.75886131321943,11.662931651394326,False,False,science_V_002.fits,70988.8885897297,330.0118655045487,215.11010969619582,-7.682597816197453,0.005047182587249643,16.743907209056708,0.016598781106960326
291,410.1709270078548,488.174054155999,1585439.751586914,1080.0877685546875,1467.8804794803482,1574640.5644266773,5.408588396464355,0.0009598566375621509,1.000960778847516,62605.35546875,306.0,132.7559882621663,11.664767088780943,False,True,science_V_002.fits,1565358.4764072238,1051.3152174452098,1488.952552414475,-11.041156397274008,0.0007291703138823575,13.385348627980155,0.015829629544445896
