id,x,y,flux,flux_err,snr,kron_flux,fwhm,ellipticity,elongation,peak,area,ra,dec,flag_edge,flag_saturated,frame,flux_aper,flux_aper_err,snr_aper,mag_inst,mag_inst_err,mag_calib,mag_calib_err
1,314.0004448161651,0.6633472393436438,61132.14279174805,213.0308837890625,286.96375710612676,61021.072071389266,2.2324295517664434,0.358819231184886,1.5596225723487855,61164.21484375,15.0,132.78327375115722,11.529350547284313,True,True,science_V_001.fits,61355.54810391758,267.6962531663569,229.19838204006857,-7.524256474337918,0.004736944433622561,16.90133646005139,0.02025233907023165
2,380.9256648514581,15.744426985566305,96016.44439697266,321.16790771484375,298.96026997262453,96649.25478059967,4.726629942522632,0.009851374066956242,1.0099493892219191,6591.2099609375,123.0,132.76430006296548,11.533538029365598,False,False,science_V_001.fits,97915.5953770705,400.9964128478159,244.18072641021584,-8.03175154652108,0.004446296871834425,16.393841387868225,0.020186335752703816
3,177.82302904369527,23.142232497743095,1377567.9727783203,1075.568359375,1280.7814219998147,1369331.9735340816,5.259533236901184,0.002342905176241472,1.0023484072717945,61285.0390625,284.0,132.82188024493388,11.535594332960072,False,True,science_V_001.fits,1366607.4977883943,1000.1165371463156,1366.4482558080745,-10.893731371833248,0.0007945416120846459,13.531861562556061,0.01970659513010144
4,479.8367400975584,18.475858074311642,18093.47525024414,182.64822387695312,99.06187350846288,19239.685764071626,4.184443994093056,0.04237745504575874,1.0442527750302533,1259.451904296875,65.0,132.73625841248807,11.534291991566795,False,False,science_V_001.fits,18477.391077798027,262.4479944035463,70.40400944877007,-6.2212235011398676,0.015420996737267026,18.20436943324944,0.02501051250213006
5,271.68555482731625,21.96125702805334,366366.1018371582,550.2382202148438,665.8317949889203,365673.72351018153,5.098335837130317,0.05036876611340213,1.0530403427309942,23720.00390625,193.0,132.7952698312201,11.5352670649502,False,False,science_V_001.fits,364613.99254230654,543.2223290780706,671.2058268317337,-9.459205202195017,0.0016175366133586576,14.966387732194292,0.019756898034457723
6,499.6221695245441,25.300083741162695,1065250.6388549805,896.328369140625,1188.460251320968,1056670.755458719,5.223439550201874,0.018291463316428058,1.0186322748890628,64756.72265625,284.0,132.73064872286915,11.536186329630231,False,True,science_V_001.fits,1051911.4033127183,870.7275321573819,1208.0833147729018,-10.609569781872477,0.0008986962957965299,13.816023152516832,0.019711069232298945
7,99.4773057560968,25.10326786751696,17354.967163085938,167.962646484375,103.3263497946873,18094.11388223059,4.043557376764563,0.017654573426228337,1.0179718589293014,1222.531982421875,60.0,132.84409166497977,11.53613655866422,False,False,science_V_001.fits,19306.15119516595,243.4316077832975,79.30831731741368,-6.2688611315986655,0.01368961083431805,18.15673180279064,0.0239817438907908
8,428.6497078089819,38.701488670962235,975539.3387451172,857.161376953125,1138.1046381403462,969255.3080193922,5.122155626593441,0.0047880490551093224,1.0048110847649723,61821.5,260.0,132.75076907890758,11.539913016330074,False,True,science_V_001.fits,967683.2753130925,836.8542624319693,1156.334285136964,-10.518954961806093,0.0009389153413118791,13.906637972583216,0.019712943901572754
9,293.864174694613,48.322896207459216,61990.84149169922,271.6448669433594,228.20545880082807,63151.20295794217,4.614607827947942,0.01113112993041343,1.011256426678322,4262.49560546875,106.0,132.78898181783882,11.542589564723185,False,False,science_V_001.fits,61903.61107253452,307.2475509797341,201.4779641860112,-7.5339118335513255,0.0053886786298756005,16.89168110083798,0.020414613702553416
10,450.2304260063159,52.50148494239795,1409674.3325805664,1018.5804443359375,1383.959745564919,1400327.0751342028,5.291155608534978,0.0014273583932972178,1.0014293986574683,63612.625,299.0,132.7446500050438,11.54374524842259,False,True,science_V_001.fits,1394723.033025013,992.9529618081887,1404.6214540567887,-10.915841806736331,0.00077294846726448,13.509751127652978,0.019705736336951486
11,254.4470494392239,50.994059914217694,73848.69039916992,288.0785217285156,256.3491715941417,74764.99847262082,4.678953447402173,0.012822372441731678,1.0129889212273249,4915.7216796875,112.0,132.80015701868632,11.543331761572192,False,False,science_V_001.fits,73587.4059240385,318.2931414758285,231.19381581028128,-7.721630608060298,0.004696059867323314,16.70396232632901,0.020242815355722837
12,487.8515561199328,58.36577370340692,59620.195709228516,275.0019836425781,216.79914784439254,60918.70221128982,4.698783749846702,0.01616094708975535,1.016426413489026,4002.757568359375,109.0,132.73398357185462,11.545372000001377,False,False,science_V_001.fits,59910.004592275516,311.2469116332756,192.48385237911708,-7.498370256241635,0.005640473144010025,16.927222678147672,0.020482517729437023
13,205.9884210622065,78.99975504384321,189364.32751464844,412.1728515625,459.4294039425207,189858.62960293546,4.853191452223701,0.004721861925949589,1.0047442636840058,13101.7080078125,147.0,132.81389601103695,11.551110784176151,False,False,science_V_001.fits,189853.58607745456,421.0924982373709,450.85957805506575,-8.750668886012514,0.002408066841306847,15.674924048376795,0.019837272523222673
14,13.336526342724937,83.1750724843909,320665.6031188965,512.3370361328125,625.8880004836714,320264.0336789593,4.936662216381453,0.0009659570420199604,1.000966891017207,21283.41015625,178.0,132.86851692028878,11.552262886299399,False,False,science_V_001.fits,321676.2078710306,510.07873340909345,630.6403047253488,-9.323169224986858,0.0017215835903048335,15.102423709402451,0.01976568858671032
15,387.52206046584155,80.3967737476064,21460.38360595703,192.65679931640625,111.39177896707386,22216.608107792847,4.234998053544057,0.01123386854719921,1.0113615021690652,1503.7822265625,71.0,132.76242755475167,11.551496758240756,False,False,science_V_001.fits,22575.79232901196,263.91041321384677,85.54339351027723,-6.438729377604337,0.012691804187889314,17.98686355678497,0.023426491175422077
16,241.0897896018637,93.1476439464714,34922.6706237793,224.44004821777344,155.59910497744121,35886.294296831344,4.50627405563157,0.025039828475092563,1.0256829244992935,2466.4794921875,90.0,132.80394412830788,11.555041054623526,False,False,science_V_001.fits,35460.94674533158,274.69072225254826,129.09408244494364,-6.9289976898501004,0.008410145371791399,17.496595244539208,0.021411425464528698
17,27.482482124425864,101.9811568985414,218556.60397338867,435.2414245605469,502.1502817523865,218620.6361589642,4.876317109506075,0.002557810018215645,1.0025643691874135,14449.337890625,159.0,132.86450745532449,11.55748770556452,False,False,science_V_001.fits,219623.8753424693,438.99643097241625,500.28624345756714,-8.908820750438027,0.0021701576131626854,15.516772183951282,0.019809800082645247
18,322.47342102100345,105.1604285833089,586229.4235839844,679.42919921875,862.8263610955601,583388.2901945177,5.074214407343209,0.003847560488408286,1.0038624213883316,37240.25,226.0,132.78086969182206,11.558377337031663,False,False,science_V_001.fits,580264.9174258305,664.7098330758812,872.9597315278309,-9.963687659279763,0.001243699979264607,14.461905275109546,0.01972980955019147
19,249.00704578575443,108.6389778248315,1655217.275390625,1101.99951171875,1502.0127121554171,1641787.1085487786,5.67668764506287,0.08321085671930495,1.0907633530885172,58132.16796875,366.0,132.80169942276913,11.55934422221074,False,True,science_V_001.fits,1628987.41607859,1066.8635918921145,1526.8938114098844,-11.08441619753663,0.0007110514116220694,13.34117673685268,0.01970340552692284
20,339.0394959782723,122.94254603612666,2000455.964416504,1205.1236572265625,1659.9590858753006,1991022.7585009865,6.25896695706277,0.22862704809448642,1.2963897651968632,58247.71484375,374.0,132.77617233575143,11.563316465717527,False,True,science_V_001.fits,1957930.8189668925,1166.385143038248,1678.6314800502291,-11.284115230257559,0.0006467768613320138,13.14147770413175,0.01970119071418675
21,308.8364839515036,115.49516694638503,9283.9501953125,147.64305114746094,62.88105077183755,10474.136639863707,3.882637964097113,0.016014641159637244,1.016275283992549,651.6709594726562,50.0,132.78473597896487,11.561248323985684,False,False,science_V_001.fits,7798.545359211831,265.41035639593827,29.382973087824755,-5.284655880324026,0.03694997088126099,19.14093705406528,0.041869069053114126
22,274.4107347522735,127.61940715895126,781818.1372070312,773.6829223632812,1010.5149210465966,777025.7948348181,5.109077277176703,0.0035672959134296356,1.0035800670720656,48952.75390625,251.0,132.79449665361514,11.564616514399006,False,False,science_V_001.fits,775344.2344685958,754.8137460903073,1027.1994097678134,-10.27835827849455,0.0010569515419069507,14.147234655894758,0.019718918373235972
23,365.77185571228506,135.34695698180883,200444.3416748047,429.6562194824219,466.52261176683675,200757.86365047452,4.905450162868478,0.006580651727368436,1.0066242435672417,13208.05078125,158.0,132.7685924609633,11.566761416148537,False,False,science_V_001.fits,199917.18515893852,434.62649974245414,459.97468004689796,-8.806747194740204,0.002360347312789705,15.618845739649105,0.019831536367245915
24,497.406385698213,138.85936349157254,232558.71017456055,461.3948669433594,504.03402126081596,232425.77121656647,4.982758893407934,0.013707204948335217,1.0138977036201682,14994.634765625,172.0,132.73126914167946,11.56773067665364,False,False,science_V_001.fits,230833.08172096618,460.6557027264788,501.0967634932911,-8.962866998110869,0.0021666474004566902,15.46272593627844,0.019809415847175035
25,461.63284127911743,139.49933784779006,69356.21752929688,290.54852294921875,238.7078647838067,70335.89722800018,4.7048039407391595,0.008779051485213185,1.0088568058396743,4337.5244140625,114.0,132.74141220974312,11.567910661126243,False,False,science_V_001.fits,70459.55404484742,322.7170191681042,218.3323154957156,-7.674471599294922,0.004972694937691462,16.751121335094386,0.020308773724470562
26,352.01525927121247,139.45407796708244,20585.898498535156,192.7350311279297,106.80932458443984,21519.853946786396,4.30726398449557,0.0264505966104156,1.0271692391966172,1457.658447265625,73.0,132.77249283583373,11.567902676515084,False,False,science_V_001.fits,20035.757623277488,263.2733497414288,76.10249059753068,-6.30913629728759,0.014266287364256489,18.116456637101717,0.02431554133487363
27,399.95199849631643,146.42757057431828,157668.6332397461,390.9490966796875,403.29709053894345,158177.89278749222,4.850256878089604,0.007001131149168671,1.0070504925723338,10421.1220703125,145.0,132.75890071573073,11.56983815806146,False,False,science_V_001.fits,157853.86045076684,402.0706990311992,392.6022483884556,-8.550259892540916,0.0027653942494128745,15.875333041848393,0.01988381252685434
28,28.312364048687193,149.7129187351853,113660.24331665039,335.25408935546875,339.02716454604325,114201.06331424412,4.756279195611025,0.008979743777344673,1.009061110225508,7577.53125,131.0,132.86427521485442,11.570746566598574,False,False,science_V_001.fits,115736.30879398255,352.0086842398804,328.78822022218264,-8.213295942015185,0.0033021256031202247,16.212296992374124,0.019965536024539533
29,329.36545122297474,162.26206902645117,660602.0613098145,716.4351806640625,922.0681495533254,657301.9428406925,5.031231657640126,0.018566768127742495,1.0189180145167116,47047.1171875,228.0,132.77891441503567,11.574238762542226,False,False,science_V_001.fits,657132.2113794442,701.6824990712246,936.5093361303026,-10.098753764059026,0.0011593050470656916,14.326839170330283,0.019724669412706404
30,499.05636177637786,165.04725723261876,73572.2982788086,386.0080261230469,190.59784589908014,74867.24899821132,5.1480812960381215,0.009854038619027339,1.0099521070664004,4468.955078125,131.0,132.7307995100699,11.575004973825056,False,False,science_V_001.fits,73219.199507549,403.8063612448238,181.32255094207622,-7.716184315309251,0.005987672213738205,16.709408619080055,0.020580836080868442
31,451.9644788768544,168.78538451240271,294711.2043457031,558.2434692382812,527.925933012408,294643.36614552344,5.206683493826738,0.007936531372607192,1.0080000238125773,18758.53515625,188.0,132.74415191822237,11.57604620607999,False,False,science_V_001.fits,293217.3259380179,552.297067521667,530.9050928946219,-9.222595945997732,0.002044998276585563,15.202996988391577,0.019796479818382905
32,42.19487294447319,174.82398335961716,242850.27600097656,457.2527160644531,531.1073449517685,242836.10594758423,4.9143124732295185,0.005905554520015732,1.0059406372773407,16462.697265625,167.0,132.86034048196998,11.577722698166255,False,False,science_V_001.fits,244063.7304249947,458.3769272710698,532.45204089573,-9.023379986588036,0.002039056885148859,15.402212947801273,0.019795866948160584
33,17.41200334638366,194.14996147588604,328869.22576904297,520.9221801757812,631.3212189545635,328225.3740045503,4.955007194879599,0.0013534211703337684,1.0013552554016856,21374.435546875,184.0,132.8673688769548,11.58308948131605,False,False,science_V_001.fits,330049.6764460841,516.8040869662283,638.6359643236566,-9.351070152392767,0.0017000295327085186,15.074522781996542,0.01976382290095934
34,427.44379811905264,195.39481830846987,521575.9264526367,646.7852783203125,806.4127987067952,519560.44906999904,5.03019832054263,0.0005866465674624344,1.0005869909236729,32335.982421875,209.0,132.75110334117065,11.583438961194574,False,False,science_V_001.fits,519187.39210163784,635.3688283135714,817.1433173385161,-9.842932217924744,0.0013286530978876372,14.582660716464565,0.019735346824997276
35,264.47043499489297,197.24737807093402,150924.54626464844,383.5044860839844,393.54049754608917,151380.14788915098,4.867546875639044,0.006244600897987285,1.006283840976995,9793.4013671875,148.0,132.79731487725772,11.583957652886554,False,False,science_V_001.fits,151997.23147711196,393.0996900680111,386.6633205709589,-8.509211068160006,0.002807869126031459,15.916381866229303,0.019889764309245203
36,186.13218095424727,203.37648422277218,817836.1740112305,788.1615600585938,1037.6504202392598,812797.0389392371,5.108427139640061,0.0027107865446476254,1.002718154882329,53413.2421875,251.0,132.81952806757832,11.585659539921869,False,False,science_V_001.fits,811686.7790950461,769.7792722384575,1054.4409395887278,-10.3280930544298,0.001029645150560509,14.097499879959509,0.01971747358016428
37,351.8881072311047,203.51159546704673,414228.7931213379,583.8802490234375,709.4413517397646,412910.73088317586,5.01421768056995,0.005437806094748421,1.0054675375035083,26596.86328125,198.0,132.77252713696052,11.585696429668353,False,False,science_V_001.fits,411323.88636541786,575.1870128266355,715.1133060950963,-9.590081700424314,0.0015182209458924863,14.835511233964995,0.01974901491439384
38,42.386330387129654,205.17641565749807,396751.01455688477,595.0740356445312,666.725467407025,395642.04232844466,5.044638970254653,0.004953028678536642,1.0049776832866077,26657.158203125,197.0,132.86028801576097,11.586153935075481,False,False,science_V_001.fits,396110.11559258855,587.8404032862672,673.8395547127617,-9.549161707203526,0.0016112144091375024,14.876431227185783,0.01975638142779735
39,302.48873865774647,220.111682518063,645433.490020752,710.6788330078125,908.1929277238748,642036.4237852235,5.086472163452271,0.0008295685276951126,1.000830257283007,41154.37109375,233.0,132.78653435491302,11.590308549176711,False,False,science_V_001.fits,640336.2280357865,694.3462672078451,922.2145466566017,-10.070642057583608,0.0011772748585848042,14.3549508768057,0.019725733733908596
40,328.7515182196688,216.19405600097997,21184.583618164062,191.089111328125,110.86232737660997,21908.400659270876,4.222262794026489,0.00887208196926148,1.0089515004146885,1455.9901123046875,69.0,132.77908736936016,11.589219879968676,False,False,science_V_001.fits,20741.964349673162,264.58140218425547,78.39539808330285,-6.3467465827445615,0.013849027194763865,18.078846351644746,0.024073100122122052
41,280.06557934022214,227.01336656907125,533093.6356201172,663.2057495117188,803.8133505516262,533434.154622687,6.944206285101901,0.4048190620971136,1.6801613363551078,20821.119140625,265.0,132.79289261181157,11.592225908251452,False,False,science_V_001.fits,518839.0045050262,632.9091597384474,819.7685189442333,-9.842203417496606,0.0013243982598871394,14.583389516892703,0.019735060830896767
42,360.4247367085222,226.6886442708832,17099.17742919922,221.0336456298828,77.36006606809313,17956.617353656773,4.150610422804673,0.018257686723386235,1.0185972291063328,1211.6053466796875,65.0,132.77010584336412,11.592134259244562,False,False,science_V_001.fits,17208.519246879565,363.26006989419693,47.37244930854006,-6.143980628799889,0.022918384331972373,18.28161230558942,0.03021540891062705
43,42.78776125032161,233.75715190068811,1441228.5244750977,1022.85546875,1409.0246066107252,1432571.8786501656,5.317984715126177,0.0024495242375640602,1.0024555391402044,60281.6484375,297.0,132.8601758994226,11.594093047392011,False,True,science_V_001.fits,1428148.3102898758,1000.2916745146194,1427.7318772875612,-10.941555149987124,0.0007604368980418358,13.484037784402185,0.019705249542299817
44,317.8314934417396,232.29959973836853,72066.95376586914,291.0574951171875,247.60384107907294,72916.6020184594,4.674972870615294,0.013351067904790792,1.0135317309637573,4903.34765625,113.0,132.78218355110837,11.59369384775579,False,False,science_V_001.fits,71319.23639415196,322.63437014822824,221.05281703677662,-7.687638585524173,0.004911495879373353,16.737954348865134,0.02029387560377527
45,203.872359065374,237.0679024908417,1379237.0476074219,1005.4288940429688,1371.7897464248504,1370648.281138652,5.356569617967104,0.0014827511022768025,1.0014849529178527,56442.23046875,296.0,132.8144982370309,11.595018560491425,False,False,science_V_001.fits,1365014.7987248038,981.1172655286704,1391.2860844307659,-10.892465273489574,0.0007803571186038319,13.533127660899735,0.01970602832843187
46,339.666642897613,238.74919280654638,641060.1735534668,708.2966918945312,905.0729459695453,637897.0624521271,5.073242073496715,0.0007490430238695778,1.0007496045098985,41784.1015625,226.0,132.77599175276254,11.595484956305835,False,False,science_V_001.fits,636620.2772580481,693.3752059807581,918.146873102519,-10.064323042540934,0.0011824905489590143,14.361269891848375,0.01972604570477269
47,87.24400228087494,238.66548327894066,98329.74331665039,318.8933410644531,308.34680645393746,99070.03734195334,4.742246646192552,0.010546957820361191,1.0106593818713494,6419.908203125,124.0,132.84756997025684,11.595458805865984,False,False,science_V_001.fits,99599.1361467536,340.3504064767997,292.63704185863185,-8.050260803224509,0.0037100566391198146,16.3753321311648,0.020037043582172512
48,440.80352444935926,243.75956283785436,577928.1441040039,671.92431640625,860.1089884572426,575358.4262959517,4.879360156304284,0.17963623975486231,1.2189714471311899,59329.234375,193.0,132.747312620596,11.596872945755967,False,True,science_V_001.fits,576095.7489617041,665.2642944730605,865.9652317850838,-9.955858550436986,0.0012537454855571504,14.469734383952323,0.01973044533179519
49,354.8325279852875,246.07691848556314,16520.199432373047,179.64263916015625,91.96146031702888,17339.139470598187,4.147433957285469,0.018196702441502066,1.018533959385503,1220.49462890625,64.0,132.77169103255426,11.59752004880896,False,False,science_V_001.fits,16247.356937065564,261.52940381753575,62.124398633207015,-6.081578677942243,0.01747622550698892,18.344014256447064,0.02632749614413672
50,266.06757380699713,247.06453873953288,20035.805633544922,187.99913024902344,106.57392726767148,20869.524976593246,4.248544310722729,0.011372128710692264,1.011502941643615,1433.2081298828125,69.0,132.79686184766334,11.597795748105934,False,False,science_V_001.fits,20625.90641867998,261.27195651211093,78.944203174457,-6.340654481517765,0.01375275139076059,18.084938452871544,0.024017842660498695
51,233.74788274465314,262.44619438030276,312218.17446899414,514.3656616210938,606.9965352760833,311756.4082605002,4.970128109641607,0.005938264915202329,1.0059737385572898,19929.708984375,179.0,132.80602674991067,11.602068384715173,False,False,science_V_001.fits,311394.24972955725,511.3960801044847,608.9101223965882,-9.287898345377563,0.0017830217630917862,15.137694589011746,0.019771134561680132
52,415.1993988990596,262.232395635741,25348.841735839844,208.8052520751953,121.39944509973904,26660.674627611384,4.400173902261701,0.011522728837600638,1.0116570498622093,1779.794189453125,78.0,132.75457225097972,11.602005510742623,False,False,science_V_001.fits,21351.689542794786,276.55861213170454,77.20493452804335,-6.378202489314814,0.014062572640426738,18.047390445074495,0.02419658125677432
53,368.18992803062787,267.1302035613319,498957.59765625,635.32373046875,785.3596107422474,496896.3256668877,5.040038112695369,0.001227828141607823,1.0012293375568557,34043.3046875,211.0,132.7679026419389,11.603367789422634,False,False,science_V_001.fits,495612.04264786816,623.1330473025591,795.3550927739934,-9.792476500423508,0.0013650506671345482,14.633116433965801,0.01973783064503919
54,427.27123008390623,273.7140704175734,1007372.5792541504,873.0029907226562,1153.9165271590484,1000918.2831773998,5.144849909380388,0.003183253266319075,1.0031934187269123,58143.70703125,263.0,132.7511484659196,11.605194308830255,False,True,science_V_001.fits,998446.4430295364,851.2698551120347,1172.890637479618,-10.552933809399827,0.0009256617499590767,13.872659124989482,0.01971231708662736
55,404.2917369860594,270.50197597428377,28824.095733642578,214.97584533691406,134.08062514404318,29825.081466472475,4.367827193589803,0.029882228603787087,1.030802681370098,1925.9066162109375,79.0,132.75766500452318,11.604303082444964,False,False,science_V_001.fits,25568.335693889232,279.9824767955615,91.32119976407952,-6.573878023156007,0.011888805696867899,17.851714911233298,0.02300135422418172
56,283.20638873145543,274.5909151916916,492871.80725097656,630.2489624023438,782.0271617303081,490735.11262784747,5.044896636682913,0.005000307242527424,1.005025435966387,31791.052734375,212.0,132.79200161980745,11.605441870676572,False,False,science_V_001.fits,489345.9857599816,618.0822305449833,791.716638299906,-9.778661949121215,0.0013713239655179911,14.646930985268094,0.019738265492864556
57,255.1548985376011,277.9934479705607,1675152.8224487305,1104.668701171875,1516.430057873156,1664845.3992767087,5.53053128216863,0.006452886253717538,1.0064947964363624,56713.484375,324.0,132.7999563250113,11.606387128677715,False,True,science_V_001.fits,1653574.828723717,1075.8865741366465,1536.941596330116,-11.1006815057704,0.0007064028994936547,13.32491142861891,0.01970323832025631
58,318.2945881137523,276.2693554375398,232636.5252685547,457.3177185058594,508.69781741372447,232727.48777871998,4.926685604458275,0.006009393053914125,1.0060457241868483,15350.75390625,164.0,132.78205144912693,11.605907660069011,False,False,science_V_001.fits,231343.23318438933,459.73733191750233,503.20741241414515,-8.965263876188933,0.002157559632898367,15.460329058200376,0.01980842393573795
59,337.5129763785637,280.30991290030363,1303286.8166503906,981.5348510742188,1327.8049324728895,1295260.9498105126,5.2576172458023,0.002298092068061419,1.0023033854599166,59875.44921875,284.0,132.77660148940438,11.607029649514905,False,True,science_V_001.fits,1290165.495227389,957.8920473628982,1346.8798480781297,-10.831235430901538,0.0008060852655485131,13.594357503487771,0.01970706392905189
60,41.20775378953765,283.1383644891294,1303188.0259399414,975.989990234375,1335.2473273081343,1295202.6993265967,5.24868234287075,0.001111620028112159,1.0011128571023555,59981.84765625,287.0,132.86062691088404,11.607809950155435,False,True,science_V_001.fits,1292070.1691017295,954.2876931537991,1353.9629384002662,-10.832837123409494,0.0008018683297807073,13.592755810979815,0.019706891892602166
61,186.05072090452413,281.27418921341786,147312.4151611328,378.5124816894531,389.18773432151664,147844.94188331167,4.872388084480326,0.004314514498506505,1.0043332101967255,9939.94140625,145.0,132.8195526816536,11.607297788159642,False,False,science_V_001.fits,143178.2449990304,389.38710093722614,367.70156138816844,-8.444314460963755,0.00295266627615396,15.981278473425553,0.01991072156871118
62,274.54525453688404,292.2569696851565,1235756.2350463867,958.1309814453125,1289.757098953511,1227303.0944490226,5.268826787716378,0.0011302166643906153,1.00113149549946,57177.31640625,291.0,132.79445760471293,11.610349165109538,False,True,science_V_001.fits,1221783.4654165895,933.1293710212467,1309.339844355591,-10.772107482695368,0.0008291964875890124,13.65348545169394,0.019708022784222512
63,168.04577885699084,291.72174002139144,310125.9192504883,514.1048583984375,603.2347568482555,309439.15189808304,4.985985204781036,0.0014834271329220439,1.001485630958195,20824.908203125,186.0,132.82465872529056,11.610199497031997,False,False,science_V_001.fits,304374.2512341264,508.87668658094134,598.1296830066374,-9.263141649511281,0.0018151582020515646,15.162451284878028,0.019774058626060527
64,202.45787019941184,289.6280821682009,16906.956787109375,177.88272094726562,95.04552604702702,17621.36533164548,4.146742018033837,0.0162020659146469,1.0164688960540562,1118.8028564453125,65.0,132.81490011526242,11.609618589545727,False,False,science_V_001.fits,17385.193506794847,255.5162401658331,68.03948545701694,-6.155070696499281,0.015956910795362746,18.270522237890027,0.025344458908794398
65,350.3733387017664,295.2290834835496,106092.89822387695,336.2747497558594,315.494690876737,107003.28362667144,4.763983966240341,0.010287689992406812,1.010394626689374,7017.576171875,126.0,132.77295418867303,11.611173546598762,False,False,science_V_001.fits,102025.1028223438,358.8709400429784,284.2946904815566,-8.07638947687504,0.0038189246452720303,16.349203457514268,0.020057486898778464
66,312.9442072963135,297.880540541039,754415.1273193359,763.4597778320312,988.1530752826573,750318.8628993001,5.094749821326203,0.0023045486276555005,1.0023098718396335,51214.82421875,242.0,132.78356833313288,11.611910856350914,False,False,science_V_001.fits,749093.9712187084,745.4741580407806,1004.8557191941318,-10.24096262864278,0.0010804536206160057,14.184630305746529,0.019720192069924317
67,108.13028526768814,298.07545622114964,384291.7299499512,561.4133911132812,684.5075946405584,383113.9100774697,5.01392543924947,0.0011442896538756964,1.0011456005527357,26336.35546875,197.0,132.84164981730387,11.61196247950807,False,False,science_V_001.fits,382356.3191377824,553.4229645675055,690.8934822330513,-9.510792554278929,0.001571443396007857,14.91480038011038,0.019753177708795627
68,236.12346644712233,298.5147351410188,123671.3511352539,353.2417297363281,350.1040243109626,124495.70657709698,4.807948113280764,0.007136661847084946,1.007187959886163,7943.23583984375,133.0,132.80535329371313,11.612087436771942,False,False,science_V_001.fits,124767.32706867579,370.6675483636986,336.6017004171464,-8.294874051919107,0.0032254739018088897,16.1307188824702,0.01995300170750391
69,426.1328236907789,300.55935789457715,263751.22842407227,485.5483093261719,543.2028561485419,263486.6996929657,4.955192138370456,0.007964623458743159,1.0080285679796137,17183.404296875,173.0,132.75146999261082,11.61265138432257,False,False,science_V_001.fits,261956.21992982106,484.43809837203435,540.7423999271138,-9.100193661198636,0.0020077952092277963,15.325399273190673,0.019792671291430114
70,182.7455051067912,309.4758979876605,1759298.5124206543,1130.12939453125,1556.7230805020945,1748553.2114803344,5.582865177209667,0.0016745813864048609,1.0016773903130007,56759.9765625,334.0,132.82049053991355,11.615131530789304,False,True,science_V_001.fits,1736330.3930244464,1100.5520108815379,1577.690446118628,-11.15370279223497,0.0006881578085682122,13.271890142154339,0.019702592631882156
71,439.6574108780129,307.86434604908555,35486.12759399414,233.73231506347656,151.82379716881206,37027.54654315497,4.507873428993962,0.028113908724039516,1.0289271643831528,2458.13134765625,89.0,132.74763427898492,11.61467988089054,False,False,science_V_001.fits,34304.773627414725,290.315693703174,118.16368998118571,-6.893008268593482,0.009188101693277077,17.532584665795827,0.021728778335985775
72,350.166308822611,319.75574881610186,1840555.2274780273,1158.3707275390625,1588.9172470615288,1828991.2024129187,5.5930058176627035,0.0023535779726530093,1.0023591303699262,59597.515625,340.0,132.77301223963244,11.617986513443963,False,True,science_V_001.fits,1816398.9024618478,1126.374039932546,1612.6072140038175,-11.202649951069795,0.000673257561154275,13.222942983319514,0.019702077834382218
73,216.50741489381937,321.8737101481685,83041.99172973633,312.9584655761719,265.34508845080114,83736.52715446313,5.0095813759986365,0.11685915120482349,1.1323222126620553,5233.01611328125,134.0,132.81091630447708,11.61857588463875,False,False,science_V_001.fits,82216.73841729919,331.3057524385342,248.15970689356658,-7.842022484260656,0.004375005167400713,16.58357045012865,0.020170752724258622
74,199.4890588734653,330.6186811026264,1057851.2374267578,889.1337890625,1189.7548495397448,1051261.7532897778,5.191284285768826,0.001251189457968982,1.0012527568941885,56071.58984375,270.0,132.8157426511059,11.621004821370052,False,False,science_V_001.fits,1047539.4066069903,867.7762163074408,1207.1538570905727,-10.605047797408947,0.0008993882541341539,13.820545136980362,0.019711100793209854
75,17.15403391788841,334.2209531134691,112070.72982788086,333.8040771484375,335.7380496525354,112822.73568609652,4.710291034046627,0.002304700332480647,1.0023100242461287,7687.240234375,124.0,132.86745142654775,11.621998044647443,False,False,science_V_001.fits,114937.3624010885,354.70184031544363,324.0393743062408,-8.205774940692384,0.003350518752001831,16.219817993696925,0.01997359685074072
76,223.08374431795906,333.4971795589647,36880.63897705078,228.9414520263672,161.09201130078986,37731.64501062558,4.458220790387865,0.02137201726699689,1.0218387555272141,2435.805419921875,87.0,132.80905143791094,11.621804689804996,False,False,science_V_001.fits,36152.45698312973,282.74203083862085,127.86375225466308,-6.949966419123844,0.008491069445839805,17.475626515265464,0.02144334058822174
77,316.9605538035661,338.1278411627306,2049938.4524230957,1216.496826171875,1685.1161534666153,2042975.4325170112,6.242963191348905,0.21427867702119752,1.272715873624036,58035.4375,340.0,132.78242866696087,11.62309059384112,False,True,science_V_001.fits,2023431.9473775162,1185.8935998675483,1706.250837008912,-11.319843380693783,0.0006363073801641332,13.105749553695526,0.019700849787013124
78,172.97652997100687,346.9820698755694,228207.935546875,454.0476989746094,502.60784508377503,228005.18506522835,4.95171926100903,0.005717439770406507,1.0057503168607185,15612.9072265625,173.0,132.82326174252168,11.62554970107405,False,False,science_V_001.fits,227629.1921795866,453.0199117119156,502.47061176494276,-8.9476917669154,0.0021607233827794364,15.47790116747391,0.019808768785194438
79,69.3760970492227,349.17311649477915,545249.6683349609,655.4868774414062,831.8239267630504,542728.611118678,5.056231307429236,0.0010745369337610278,1.0010756928054099,35649.8515625,221.0,132.8526424682768,11.626154483479818,False,False,science_V_001.fits,542133.8596056744,642.2362266005148,844.1346612838981,-9.889888205287406,0.0012861691976357064,14.535704729101903,0.019732532185539456
80,372.72631308763613,350.2941397499553,684311.0,731.1561889648438,935.9299836726183,680931.646076368,5.069459340348438,0.0028021349041557064,1.0028100089282546,44707.58203125,228.0,132.76661348263568,11.626468732176257,False,False,science_V_001.fits,680758.0459040767,715.5655815095477,951.3566100649482,-10.13710383150238,0.0011412124418054765,14.28848910288693,0.01972361430077498
81,46.619745115143175,358.4377667603887,873692.3866271973,809.969970703125,1078.672565933223,868900.3060219204,5.0857536373823535,0.0030702048306533447,1.0030796600177165,54344.19921875,246.0,132.85909662187015,11.628726753323594,False,False,science_V_001.fits,868444.3796387067,793.4119777982405,1094.5692829703491,-10.401476896198714,0.0009918970108988622,14.024116038190595,0.019715538413358987
82,195.87904933426384,357.96943125052144,141767.466796875,373.6014709472656,379.461746864711,142298.4625948558,4.844043390521471,0.007259730620931104,1.0073128197221937,9840.4091796875,142.0,132.8167668734901,11.628602192901772,False,False,science_V_001.fits,141246.88948832854,386.07910070242133,365.84961276419256,-8.429569105660217,0.0029676128171817564,15.996023828729092,0.0199129435564184
83,425.83270362078736,356.56645854967553,38422.68859863281,236.9587860107422,162.14924648074023,39334.56282265044,4.463069244415491,0.007950753765462282,1.008014474881807,2568.92578125,87.0,132.75155240087696,11.628208918848664,False,False,science_V_001.fits,38644.585042113824,293.54833527538375,131.6464118451244,-7.0223434947683705,0.008247091468602072,17.403249439620936,0.021347906523588974
84,150.72090244323758,363.4466877414681,191721.62274169922,421.4908752441406,454.86541702865594,191902.55340523267,4.923695094051618,0.002899870622718015,1.0029083043290037,12338.8232421875,161.0,132.829573823306,11.630122629952012,False,False,science_V_001.fits,191569.97893569138,425.1379868369048,450.60659095886234,-8.760440502753776,0.0024094188185079563,15.665152431635534,0.019837436686512295
85,189.41054149565068,375.45147514379653,248978.17184448242,469.0406188964844,530.8243290959648,248895.23567024773,4.944650104490609,0.0020257627135984446,1.0020298747581968,15377.595703125,170.0,132.81860165724115,11.633458202739497,False,False,science_V_001.fits,247804.25421531382,469.1484681874542,528.2000710195232,-9.039893768834064,0.0020554711359739115,15.385699165555245,0.01979756441684748
86,413.72514416818416,378.52758714570314,723665.0229797363,763.0904541015625,948.3345245509009,722662.5325518863,6.722363548131097,0.36657725314587475,1.578724485292752,31718.859375,284.0,132.75498509773092,11.634309781536324,False,False,science_V_001.fits,706007.3590909383,728.7719442175127,968.7630879492531,-10.17664494393644,0.0011207074397294465,14.24894799045287,0.019722438500699366
87,168.90237744010986,380.2158667369664,118250.07556152344,349.6470947265625,338.19836442227427,118817.93697660365,4.832872219498534,0.013660120913317697,1.0138493040816383,8244.0556640625,138.0,132.82441796161245,11.634781213008363,False,False,science_V_001.fits,117914.40413375113,364.6148402365813,323.39441822291724,-8.233539025746014,0.003357200801318785,16.19205390864329,0.019974718833284718
88,334.4023424901376,382.41543518381127,953983.6765136719,850.9417724609375,1121.0916038999185,948014.6251883393,5.119340563927378,0.0008480802128278953,1.0008488000633662,56716.98828125,258.0,132.77748130445732,11.635392357595826,False,True,science_V_001.fits,946620.7906525369,830.1666858141454,1140.2779789027368,-10.49506197068003,0.0009521362510611178,13.930530963709279,0.019713578028581934
89,63.34379973835017,389.9498675767578,182332.97778320312,411.1338806152344,443.4880859498955,182514.69494133344,4.904143855800706,0.005807378759062565,1.0058413014087892,12225.31640625,157.0,132.85435540929703,11.637481034856165,False,False,science_V_001.fits,182658.25067178803,416.26676087407566,438.8009513136307,-8.70872010921447,0.002474242584820655,15.716872825174839,0.01984541437251799
90,318.1897602745741,387.3615794627958,18849.146606445312,187.87962341308594,100.3256567371449,19812.70446351183,4.193285037126486,0.010177525586114844,1.0102821726614577,1369.85009765625,67.0,132.7820791944085,11.636766606485859,False,False,science_V_001.fits,18978.119911339647,266.8647483093142,71.11512491467299,-6.25025483992586,0.015266794529330717,18.175338094463445,0.024915730180936017
91,282.4066627101864,392.95911454676224,462932.063079834,613.1890869140625,754.9580919803832,461277.1418045574,5.018600923742314,0.0038015657417860282,1.0038160727933856,30106.123046875,202.0,132.79222748659484,11.638321926202678,False,False,science_V_001.fits,461380.51584057,603.4558318584221,764.5638528667253,-9.714769999689993,0.0014200252809875562,14.710822934699316,0.019741708817806212
92,98.39554590952487,393.03010055885665,120783.92874145508,348.4210510253906,346.66082426992375,121459.47532261969,4.805285986340408,0.003100554111254872,1.0031101974467351,8027.9619140625,134.0,132.84441460759155,11.638338347363796,False,False,science_V_001.fits,121264.44686683513,364.7658137462337,332.4446598254912,-8.26395559935641,0.0032658067077086217,16.161637335032896,0.01995956133537304
93,407.0832094928708,398.056187444257,947727.1676330566,916.0108032226562,1034.6244436188063,941870.5798530116,5.1299871854015,0.0061956831833343,1.0062343089866828,59188.38671875,258.0,132.75686794069372,11.639734675127428,False,True,science_V_001.fits,938123.0220325219,828.7355097431505,1131.9932728878407,-10.48527135881201,0.000959104639579932,13.940321575577299,0.019713915820000538
94,242.40062582600606,397.4793188242733,273522.60064697266,490.23846435546875,557.9378619476157,273096.12948977214,4.963110016135003,0.008299084293433179,1.0083685354747507,16812.203125,177.0,132.8035735569011,11.639577620075793,False,False,science_V_001.fits,272237.8352293897,487.72435256359194,558.1797049879603,-9.141993080778157,0.0019450725103368244,15.283599853611152,0.01978640700882481
95,40.99593849392537,402.4487067949419,640364.083770752,709.1845703125,902.9582855822392,639191.4126172941,5.880365120170063,0.2373423890439299,1.3112043800971143,25044.01953125,251.0,132.8606941835845,11.640951673856184,False,False,science_V_001.fits,631780.7428700178,688.3039668418317,917.8804326362358,-10.056037834450159,0.0011828337999120117,14.36955509993915,0.01972606628414844
96,221.8712812046917,404.25110574742376,1024980.9441223145,876.9918823242188,1168.7462162202603,1018486.0210583571,5.149017772508939,0.004048198280666382,1.0040646528011474,57955.36328125,264.0,132.8093959440921,11.641458540821777,False,True,science_V_001.fits,1015943.242042419,856.1446349573338,1186.649078392051,-10.571795488506304,0.0009149292910345153,13.853797445883005,0.01971181602125985
97,469.53663556846215,404.34324315331475,172783.7996826172,413.238037109375,418.121722025519,173126.4867086786,4.910141281987959,0.0033644772139386214,1.003375835134326,10868.115234375,155.0,132.73915515893526,11.641477901726484,False,False,science_V_001.fits,171803.4917869367,420.21987048274235,408.8419036195775,-8.64220183983931,0.002655549713441876,15.78339109455,0.01986883337111077
98,121.25368570149367,406.8296872906616,494972.68881225586,630.69091796875,784.8102370118181,492786.6098727591,5.064222331069983,0.0029891842004339253,1.0029981462117206,33361.57421875,219.0,132.83793236750444,11.642172483627876,False,False,science_V_001.fits,491321.43839609117,617.1512199876272,796.1119130671755,-9.78303616059406,0.0013637529877139137,14.64255677379525,0.019737740941148822
99,451.00215017188054,402.7550093281558,7663.058807373047,141.77989196777344,54.04898184796797,8601.045059778458,3.6676928492099923,0.041078225754034414,1.0428379319953764,580.7032470703125,42.0,132.7444118395481,11.64103778169337,False,False,science_V_001.fits,7954.54542119181,258.4672584485078,30.77583392550483,-5.306160289148587,0.03527767931904029,19.11943264524072,0.04040090659113291
100,177.02780463969924,410.66893593067726,1051427.938873291,885.9815063476562,1186.7380203088733,1046777.2041446033,5.375903342306548,0.11156298912648832,1.1255721989978777,57436.2421875,263.0,132.82211422083557,11.643240579161844,False,True,science_V_001.fits,1042811.3278954852,865.9445880632084,1204.2471796352017,-10.600136224527352,0.0009015590971355958,13.825456709861957,0.019711199964843124
101,307.44174566430644,406.64938867304585,34583.892150878906,227.17433166503906,152.2350342021549,35324.921440909864,4.410685870651396,0.0049077000300331575,1.0049319043370963,2275.60302734375,84.0,132.78512712053546,11.642124500882588,False,False,science_V_001.fits,35263.279709305876,285.5997203396064,123.47098823267173,-6.922928629018241,0.00879315874555147,17.502664305371066,0.021564745210015165
102,342.708763302792,412.8604775344939,29707.477630615234,218.0580291748047,136.23656850902034,30621.940871462255,4.387979801598741,0.007139115499900317,1.0071904489454178,2070.350341796875,80.0,132.77512480380597,11.643849116484656,False,False,science_V_001.fits,27639.94729614222,282.1929990616496,97.94696320621276,-6.6584649005162255,0.011084570306832487,17.76712803387308,0.022596156623096685
103,57.370027595967635,415.37812365910554,168841.5101928711,398.4659729003906,423.7288041533184,169259.0774048462,4.875947726222381,0.011739065296162088,1.0118785078757364,10714.8828125,152.0,132.85605103412342,11.644544109818302,False,False,science_V_001.fits,167753.53708448805,405.895241325536,413.2926923130552,-8.616301089140192,0.0026269518435559926,15.809291845249117,0.019865031367626025
104,411.8125801263105,418.08054117857205,1004680.8137512207,873.8975830078125,1149.6551006506663,998241.8886767139,5.140490590253538,0.005901828212087068,1.005936866578753,60090.92578125,265.0,132.7555257582993,11.645296788233296,False,True,science_V_001.fits,995170.7527892308,851.2175422664484,1169.1144782325482,-10.549365884025274,0.0009286515736605598,13.876227050364035,0.01971245771063735
105,136.15622685434056,418.44331862557544,88161.18283081055,312.4566650390625,282.15491200928255,89021.5461509031,4.753340979146838,0.0030803524571866303,1.003089870346902,5759.259765625,124.0,132.83370621227752,11.64539901212311,False,False,science_V_001.fits,87891.7408174439,336.00599602872643,261.57789401451544,-7.914492039941045,0.004150580094278734,16.511100894448262,0.020123267884899473
106,35.913051098461644,422.40824350423594,934804.5291748047,836.5924072265625,1117.3954258966216,929464.3513979918,5.093341188152705,0.0025724069059962495,1.0025790412495175,61315.33984375,252.0,132.86213698031173,11.646495677742003,False,True,science_V_001.fits,928048.5335060767,818.9361510604741,1133.2367392797453,-10.473548596060894,0.0009580522430732715,13.952044338328415,0.01971386464772601
107,474.627863253909,428.06758615258025,353522.66094970703,553.4840087890625,638.7224478682953,352422.3836989395,5.0340839056356605,0.005896729436186909,1.005931707108098,23293.595703125,196.0,132.73770975762358,11.648067682431323,False,False,science_V_001.fits,350934.1654130587,544.2157261764188,644.8438524161577,-9.417686002245878,0.0016836634108117862,15.007906932143431,0.019762421858904592
108,168.77156863918688,432.5412402705823,24312.489624023438,202.8979949951172,119.82616991660527,25135.358080578422,4.369543507532489,0.0066367897500008155,1.0066811310118184,1643.0908203125,78.0,132.82445633329374,11.6493160266344,False,False,science_V_001.fits,23884.787615033758,267.3267306486944,89.34679879215591,-6.499925333700692,0.012151526575961866,17.925667600688616,0.023138240930864022
109,2.0001747444555664,435.0019543310269,47807.066009521484,198.7342987060547,240.55770101482227,47596.65262985532,2.6560857024280202,0.0019694392576101727,1.0019733256025198,48124.31640625,25.0,132.87175613037988,11.649991703543648,True,False,science_V_001.fits,46548.89033459941,260.72683490760005,178.53509536559997,-7.224395205094531,0.006081157308464922,17.201197729294776,0.020608228197948022
110,148.80808775910074,442.6957259472375,284904.1687927246,497.0472106933594,573.1933761287899,284514.0103631413,4.976754776902836,0.0018617134863867513,1.001865185928184,19077.515625,180.0,132.83011867343748,11.652136181225751,False,False,science_V_001.fits,283849.6899232314,493.67263445857674,574.9755406931488,-9.187342934389308,0.0018882542354604493,15.23825,0.019780902388570092
111,434.9235262143452,444.3905711016717,642695.6116333008,714.2122802734375,899.8663694038466,639364.6291029842,5.086261017071406,0.00212749136623247,1.0021320272357692,42070.87109375,228.0,132.74896980060464,11.652604041655856,False,False,science_V_001.fits,636371.3815348308,697.6028593864451,912.2258789112927,-10.063898475577776,0.0011901657529117045,14.361694458811533,0.019726507287601818
112,374.4359847817801,448.30500453166667,834824.0163879395,809.2257690429688,1031.6330106185874,832620.7319024778,6.087704941433632,0.2666322717936862,1.363572409227525,42411.11328125,279.0,132.7661253214555,11.653693897624892,False,False,science_V_001.fits,821557.1625260935,779.5589784284942,1053.874286949094,-10.341216339743639,0.0010301987755513416,14.08437659464567,0.01971750249817535
113,415.45131427075665,450.996687212013,1477104.529083252,1045.6929931640625,1412.5604156663826,1467250.2209834477,5.35061689135722,0.004578327430405982,1.0045993849205508,60953.0625,305.0,132.75449226603365,11.654439992095465,False,True,science_V_001.fits,1459700.9505326287,1017.3007345910911,1434.8765324733226,-10.965281601110867,0.000756650468126731,13.460311333278442,0.019705103785043105
114,179.41557881857943,450.7451753527456,22317.320373535156,197.58265686035156,112.95181838408368,23235.314357403702,4.344423357447399,0.013145284310618566,1.0133203845526904,1486.6490478515625,75.0,132.82143787094378,11.654372909871563,False,False,science_V_001.fits,22831.686833566015,265.52583480118733,85.98668694766089,-6.450966871277965,0.012626373204271183,17.97462606311134,0.02339110718931323
115,123.65245347939977,459.4959702639191,26568.463348388672,208.35870361328125,127.5130958661577,27928.082940574102,4.4337174418441485,0.023038665665663816,1.023581962618164,1725.6317138671875,82.0,132.83725400019685,11.656802080812517,False,False,science_V_001.fits,23582.002309041294,268.6780185246149,87.7704936136442,-6.486073567928479,0.012369760671269879,17.93951936646083,0.023253592718392974
116,264.49702720370703,461.23994527471115,22680.693817138672,201.39259338378906,112.61930459337506,23892.0467966213,4.352734016265302,0.01343334412650854,1.0136162559787862,1525.0914306640625,76.0,132.79730662932113,11.65728890189274,False,False,science_V_001.fits,21392.109002014953,270.51072072981634,79.08044806616444,-6.380255881143654,0.013729057264465987,18.045337053245653,0.02400428313071211
117,61.39928633754589,466.82405623462466,72307.82958984375,288.4032897949219,250.71776969416848,73297.56272774312,4.69143006258068,0.0015734191140556186,1.001575898663134,4778.57958984375,114.0,132.85491108921795,11.65883484712217,False,False,science_V_001.fits,73502.33065446504,318.25265838084175,230.9559047469366,-7.720374649449529,0.004700897347437924,16.70521828493978,0.020243938132674496
118,433.2340343019103,469.3484811640495,123587.21264648438,363.2117614746094,340.2621438929473,124433.27405183236,4.857368295648237,0.006423325416242687,1.006464851259651,8154.21142578125,138.0,132.74944772327663,11.659536869131635,False,False,science_V_001.fits,122632.003771857,379.79809906227797,322.8873553465264,-8.276131435461656,0.003362472955420674,16.149461498927653,0.019975605613456106
119,175.15821065524165,472.6284263866787,52035.91384887695,417.2281799316406,124.7181191294476,53290.856655921474,5.274368049185462,0.06418968918071588,1.0685926286968552,2801.63330078125,120.0,132.82264585951114,11.66045149222915,False,False,science_V_001.fits,51998.66749313751,437.0043539952089,118.98890026552824,-7.3446024106378776,0.009124380489081077,17.080990523751428,0.021701910389593057
120,277.89555219683353,480.2726436778688,1775062.6477050781,1139.0487060546875,1558.3729108945186,1763380.0440657833,5.545911366215627,0.0015625192339171479,1.0015649645210818,60541.8671875,338.0,132.79350631175276,11.662575696444485,False,True,science_V_001.fits,1751073.8614973375,1107.0114732028849,1581.8028122427722,-11.16288303731373,0.0006863687379975203,13.26270989707558,0.0197025302256564
121,243.588415880213,481.0327717099161,1236702.9028015137,959.8226318359375,1288.4702462536884,1227675.2565992824,5.238171515760811,0.002723499592266254,1.0027309372988862,60372.9609375,292.0,132.80323695713923,11.662786897624905,False,True,science_V_001.fits,1223427.5058869992,934.108912353163,1309.7268313231255,-10.773567474942034,0.000828951483648841,13.652025459447275,0.01970801247743281
122,195.74364577492943,481.45871447101547,165043.09188842773,399.6370544433594,412.9824550886818,165496.94370900263,4.9079351951507135,0.0012843048410561275,1.0012859564010874,10491.923828125,153.0,132.81680733945933,11.662904744978789,False,False,science_V_001.fits,164821.21837246523,407.107121493646,404.85958036732035,-8.597154674435444,0.002681670516515795,15.828438259953865,0.019872341382120875
123,326.12074712326125,493.10905131269055,26659.265625,211.4452667236328,126.08116529676069,27955.431272840066,4.393972087535819,0.005835229349256399,1.0058694791060006,1864.417236328125,78.0,132.77982778829136,11.666140730355838,False,False,science_V_001.fits,27665.046602385937,278.74142280044646,99.24985789496955,-6.659450389364629,0.010939058483579234,17.766142545024678,0.02252513253580477
124,357.7563495283225,493.50605629455276,3331.329345703125,109.64673614501953,30.38238494666258,4122.096171544514,3.1658870696142714,0.009494549158981513,1.009585559727026,251.28317260742188,28.0,132.77085475655431,11.66625024459598,False,False,science_V_001.fits,3972.325013508959,250.16025522375102,15.879121205548776,-4.552233811589465,0.06837280136262294,19.873359122799844,0.07115165888031774
125,8.498061866563045,507.9991380827968,266517.1393737793,438.6080627441406,607.6430462913092,266441.05622373696,3.4544202030052227,0.338033262147467,1.5106499206350925,67132.28125,48.0,132.86991827982678,11.670269111995179,True,True,science_V_001.fits,266139.41449306323,469.34057042348417,567.0496676921125,-9.117394866782153,0.001914647096820972,15.308198067607156,0.019783439254936655
126,245.9996872585805,509.77730668373067,57181.996337890625,211.57464599609375,270.26866129766023,57295.11374763823,2.4729525976452864,0.14833153119994713,1.1741658129118446,56992.39453125,20.0,132.80255311304205,11.670771486646672,True,True,science_V_001.fits,56327.021100651655,274.31666042934904,205.3357641948941,-7.431413833624109,0.005287437404082758,16.994179100765198,0.02038812373786507
127,29.08196537889375,14.006550485901684,1051474.4465026855,873.2850952148438,1204.044878659018,1049594.715988412,5.082906258822645,0.010868740250893572,1.010988167792463,65005.62890625,226.0,132.86404835351416,11.533050452700547,False,True,science_V_001.fits,1064745.273254268,869.6552585310984,1224.3302881335862,-10.622736175984846,0.0008867705148870251,13.802856758404463,0.019710529094737073
128,31.710965307000535,22.449259672783683,117813.57247924805,325.2993469238281,362.1697171953905,126001.40926284123,4.524281858619566,0.11561940964643758,1.130734901814404,7911.67626953125,100.0,132.86330356043337,11.535395807438123,False,False,science_V_001.fits,279428.25461874844,489.1603111926596,571.2406510198115,-9.170297669150244,0.0019006000326863054,15.255295265239065,0.019782084716547212
129,211.09436948492237,19.487878673380255,1786682.1975402832,1133.956787109375,1575.6175348575696,1776032.9012897385,5.507582811384585,0.0009364955427655364,1.000937373388766,61362.18359375,320.0,132.81244763576674,11.534579789652597,False,True,science_V_001.fits,1764345.2533547631,1108.002081375279,1592.3663709772234,-11.171080807543035,0.0006818154538981592,13.254512126846274,0.019702372130319182
130,238.91690246250738,16.952955569744937,1567795.196258545,1101.240966796875,1423.6622533383525,1565425.6726405802,5.329490735422154,0.025076905856767695,1.0257219323323195,61600.93359375,241.0,132.8045598481595,11.533875874632354,False,True,science_V_001.fits,1562531.9667457403,1046.1540812883102,1493.5963972166746,-11.039194151624,0.0007269031995679744,13.386398782765308,0.019703983950205246
131,227.39914265569257,16.444302471461867,280670.2700805664,482.0845642089844,582.2013209261258,281506.315966012,4.968314595680974,0.016039789657790182,1.0163012584139064,17480.755859375,152.0,132.80782515734026,11.533734513158528,False,False,science_V_001.fits,294020.4418162893,503.7705548411442,583.6395934434951,-9.225565688671567,0.0018602233505001437,15.200027245717742,0.01977824628631542
132,249.44889525429778,24.605267712610242,1701120.099243164,1126.3946533203125,1510.2345294597355,1687778.6097816247,5.623551704138234,0.06620873695790286,1.0709031446087947,60951.83984375,327.0,132.80157401433962,11.53600154546127,False,True,science_V_001.fits,1675955.744846434,1084.997459083371,1544.6632900526026,-11.115278240291532,0.0007028716270994096,13.310314694097777,0.019703112032686234
133,341.48891604946994,25.598598609099653,1737405.1816711426,1120.7686767578125,1550.1907018825254,1729464.1387166926,5.661355646568783,0.0854391219458106,1.093420923632323,61748.56640625,313.0,132.77548022109363,11.536276446513586,False,True,science_V_001.fits,1717292.283731651,1094.7726759523057,1568.6291057984586,-11.141732420342738,0.0006921330198366813,13.283860514046571,0.01970273187569561
134,340.5171642994844,41.36546245219552,1077977.8737792969,889.8374633789062,1211.4323324688764,1076958.0829259143,5.139562127699429,0.023472966206153578,1.0240371903632408,60403.78125,234.0,132.7757553370835,11.540656148441187,False,True,science_V_001.fits,1074185.8585146999,877.9886876874303,1223.462071412379,-10.632320450689914,0.0008873998020606028,13.793272483699395,0.019710557416194523
135,351.7652723999349,41.89757929260931,375443.73474121094,552.294677734375,679.7887973162397,375753.2231108275,5.012023518880147,0.020026396544101543,1.020435648953684,25024.6953125,174.0,132.77256637949276,11.540803676594074,False,False,science_V_001.fits,390312.13739599806,561.1234977189931,695.5904341604738,-9.5331520155168,0.0015608322752603114,14.89244091887251,0.019752336384334334
136,61.61149866796803,25.63116389461593,243537.15185546875,451.941162109375,538.8691543801667,244400.09522685737,4.931919179362713,0.014399576538915548,1.0146099536852362,15301.62109375,153.0,132.85482682206307,11.536281380408328,False,False,science_V_001.fits,252386.53200070545,463.9286153043579,544.0201868882966,-9.059787314319843,0.00199569800196206,15.365805620069466,0.019791447793515236
137,49.87704268550506,30.466117624908286,1647426.6192321777,1085.6461181640625,1517.461898190308,1638752.9414895778,5.378502749064298,0.006010259402888574,1.0060466010436668,64292.52734375,294.0,132.85815387438103,11.537623778085624,False,True,science_V_001.fits,1626577.2329616663,1064.8735703547077,1527.4838987879623,-11.082808597116841,0.000710776722989675,13.342784337272468,0.01970339561594264
138,37.12424135443351,41.145059689804285,128134.27426147461,352.0141906738281,364.0031500326707,128804.39362735921,4.849308338407935,0.01906406494449231,1.019434566787905,8872.763671875,141.0,132.86177002582266,11.540589404314893,False,False,science_V_001.fits,83398.6082554457,364.0983702906298,229.0551539378642,-7.857518882169307,0.004739906443207639,16.568074052220002,0.02025303207766099
139,13.149021793439232,28.572409799436713,384596.72424316406,552.2218017578125,696.4533508436821,385220.10947639024,4.985850571309096,0.00743885732416838,1.0074946086486058,24917.2890625,178.0,132.86856635651114,11.53709549260952,False,False,science_V_001.fits,382625.7296881973,551.9118643106302,693.2732460211178,-9.511557301114678,0.0015660491822396515,14.914035633274631,0.019752749309642877
140,16.434634712515113,41.79432094013244,1724422.3940734863,1102.181640625,1564.5537273653372,1728140.487357237,5.304931092536074,0.03459071027147531,1.0358300988394284,65748.375,239.0,132.86763575748867,11.540768455929399,False,True,science_V_001.fits,1809932.5418469275,1116.666557230904,1620.835270947109,-11.1987778453995,0.0006698398162112975,13.22681508898981,0.019701961339617578
141,20.99890711054446,49.50082091844197,609176.4176330566,676.4821166992188,900.5063143508228,612628.6520277839,4.877301724303467,0.07115610521003868,1.0766071732926976,39156.609375,176.0,132.86634225353725,11.542909443290085,False,False,science_V_001.fits,895281.0583909882,805.4139956764965,1111.578720008471,-10.434520364416212,0.0009767189497759785,13.991072569973097,0.01971478062660742
142,138.57840084122577,36.39235276358002,1560343.040802002,1055.2994384765625,1478.5784810560724,1556452.867229634,5.27694536877976,0.0397582309600063,1.0414043965195918,61076.7265625,258.0,132.83300669442684,11.53927387276529,False,True,science_V_001.fits,1585734.3899698644,1051.8107966438615,1507.623229415078,-11.05519798623842,0.0007201401376796415,13.370394948150889,0.019703735611967112
143,137.92152087105228,46.959815928316175,1115990.6347045898,896.1146240234375,1245.3659440283855,1118009.6680894848,5.127006839342144,0.028037240296711285,1.0288460026032995,59929.328125,207.0,132.83319327404988,11.54220925448054,False,True,science_V_001.fits,1159536.6474356877,909.2456103594958,1275.2732971427074,-10.715333071973063,0.0008513469249552605,13.710259862416246,0.01970896716814543
144,128.0053618870876,56.88997998737434,2066486.3756103516,1225.0421142578125,1686.8696606910735,2057759.8437695818,5.789642758661754,0.12050600576551684,1.1370174288346402,61174.078125,327.0,132.8360049681075,11.54496729735196,False,True,science_V_001.fits,2036568.5293829294,1196.1194646365943,1702.646424202854,-11.32686944512185,0.0006376544093752781,13.098723489267458,0.01970089334000363
145,220.37557356417526,40.42719673740573,1882715.2536010742,1166.2435302734375,1614.3414344683677,1869050.2356347805,5.684906732719285,0.02950526643992779,1.0304022942316167,60091.375,353.0,132.8098165895983,11.540396360036194,False,True,science_V_001.fits,1849250.6040413892,1133.6579796021072,1631.2244409821396,-11.222111297121963,0.000665573646840599,13.203481637267346,0.019701816757034675
146,199.33027484623,44.090266929333346,1772672.670074463,1131.5010986328125,1566.655721515759,1764008.639045073,5.914806202411194,0.19310027392933837,1.239311363841544,60554.4296875,334.0,132.81578318001985,11.541413617146286,False,True,science_V_001.fits,1744227.9506682528,1101.7086977719644,1583.2024873686523,-11.158629978124221,0.0006857619342200997,13.266962956265088,0.019702509096021982
147,272.9626495975909,43.57003619910742,461895.28454589844,603.14111328125,765.8162814222094,466404.8913419693,4.985427677937714,0.03291464972567504,1.0340348964197819,30410.73046875,184.0,132.79490766042736,11.541269490530755,False,False,science_V_001.fits,478403.48922380223,610.1996410468518,784.0114235450196,-9.754107720310326,0.001384801250842561,14.671485214078983,0.01973920641142239
148,272.1046295951952,52.866519670409396,194078.8480834961,412.7519836425781,470.20694212231416,196213.91543602291,4.847009129111709,0.041153569817017455,1.042919875927539,13227.1318359375,135.0,132.79515087278918,11.543851848582717,False,False,science_V_001.fits,240505.44348503274,461.3402732617686,521.3189860590554,-9.007434150126933,0.0020826020709650717,15.418158784262376,0.01980039965845113
149,62.87377617379478,51.27709133393794,1090928.1613769531,894.24658203125,1219.9411027089952,1083935.3948587293,5.151177884517863,0.00636133989813048,1.0064020656135484,62764.796875,264.0,132.8544703504114,11.543405304941487,False,True,science_V_001.fits,1079462.003890452,876.2872108653023,1231.8586765913449,-10.637640274433222,0.0008813511002773647,13.787952659956087,0.019710286020511315
150,47.05036711123723,59.40203230415298,1729844.502960205,1106.637451171875,1563.1537692207908,1728203.0547684454,5.403510643725694,0.028273964796450723,1.0290966422346892,63672.31640625,261.0,132.858956951145,11.545661359060606,False,True,science_V_001.fits,1765139.5756759346,1107.894225036491,1593.2383577663254,-11.171569504652489,0.0006814422931180997,13.25402342973682,0.019702359220338406
151,38.509673221227345,63.432884953637966,631938.1083374023,683.0247802734375,925.2052437752208,663760.5682122442,4.925228450195721,0.08555598503816464,1.0935606594152572,38846.5,177.0,132.8613786045918,11.546780540089268,False,False,science_V_001.fits,820391.5790367257,770.8374427703346,1064.2861043286857,-10.339674858728287,0.001020120431511996,14.085918075661022,0.019716978494262044
152,53.058310882487916,74.65483619685213,819229.844329834,780.8992309570312,1049.0852236156343,814966.7171957998,5.119341130538799,0.005820370382924489,1.0058544454236769,53974.625,232.0,132.85725448305772,11.549898582134487,False,False,science_V_001.fits,807371.2343512276,767.4437856342333,1052.02654508955,-10.322305053963817,0.0010320081798958637,14.103287880425492,0.019717597118608942
153,54.373156140559445,89.08863752299995,933395.3567199707,829.3134765625,1125.5036642945795,930002.4864126093,5.178493712836315,0.12589154536636038,1.1440227979709046,61455.21484375,238.0,132.85688251709004,11.55390803942577,False,True,science_V_001.fits,926558.5294907648,815.8207510400268,1135.7378790740086,-10.471804019880846,0.0009559424053771937,13.953788914508463,0.019713762226698434
154,155.42401528835552,57.470562831558105,736012.6054992676,749.5149536132812,981.9852185084218,732500.3142474518,5.221590724587739,0.04872378727287208,1.0512193899321736,43366.29296875,246.0,132.8282314224386,11.54512942466394,False,False,science_V_001.fits,728937.3397478287,732.2828115945982,995.4314483505566,-10.21134736777359,0.0010906828408917759,14.21424556661572,0.019720755165759232
155,148.35619887449695,72.23716967435897,171685.97534179688,392.8074645996094,437.07411598401586,173223.67417638053,4.863487489537936,0.028787518702016346,1.0296408038985898,11363.0830078125,138.0,132.83023569023555,11.549231055360694,False,False,science_V_001.fits,181133.07783282056,417.9480659573477,433.38656782133666,-8.69961629094281,0.0025051537832791793,15.725976643446499,0.019849291945212597
156,144.70171516944663,83.99095177497004,1774000.2423706055,1122.0380859375,1581.0517170532312,1769683.545866093,5.477302920916933,0.023210696078483806,1.023762234071667,60213.11328125,264.0,132.8312721677546,11.552495882855728,False,True,science_V_001.fits,1766292.4743197036,1108.6667310663804,1593.1681043777514,-11.1722784203698,0.0006814723424456488,13.25331451401951,0.019702360259672497
157,176.90992876687218,87.78215756042978,399617.78115844727,681.5470581054688,586.3392357224536,402370.2058427363,5.011985893061869,0.015294294087991878,1.0155318426573214,26478.4375,166.0,132.82214053657881,11.553549829924194,False,False,science_V_001.fits,420372.1285812011,692.8875407843407,606.6960420522855,-9.61370665857882,0.0017895287339066465,14.811886275810489,0.019771722442364022
158,135.9377425101624,88.5216451635513,224381.29690551758,430.35382080078125,521.3879511700393,230585.13813939007,4.840187340462721,0.11271660314877352,1.1270356275669984,14432.962890625,124.0,132.83375709262808,11.553754131069622,False,False,science_V_001.fits,361343.92369679065,542.261927776067,666.3641778775434,-9.44942376425834,0.0016292892626042653,14.97616917013097,0.019757863719280008
159,187.415831639921,93.11168360071771,1645583.7976074219,1083.103759765625,1519.3223943415292,1643056.3472567266,5.450154096004205,0.018085826170375907,1.0184189480632897,58297.40625,257.0,132.81916197941572,11.555030463464885,False,True,science_V_001.fits,1663846.799699128,1077.7548918689947,1543.8081629244648,-11.107405213320241,0.0007032609530599567,13.318187721069068,0.01970312592500242
160,196.45146485369185,94.05749439080166,234610.87817382812,455.07403564453125,515.5444165069616,253469.0665400665,4.7200636469797,0.13298227090837578,1.1533789522939761,17514.451171875,129.0,132.8166001769721,11.555293345411814,False,False,science_V_001.fits,483680.95534050156,624.0686858842972,775.0444242449562,-9.766019343114879,0.0014008229283859217,14.65957359127443,0.019740336879726633
161,132.9454723591258,100.7563762222189,1759686.4592895508,1123.9296875,1565.6552886361503,1749873.33317183,5.533550783342321,0.009042889008211263,1.009125409069582,59560.796875,313.0,132.83460588994964,11.557152565484808,False,True,science_V_001.fits,1735652.858789524,1099.2086782522279,1579.0021432047463,-11.153279043959241,0.0006875861471577619,13.272313890430068,0.019702572673591816
162,151.25700244526558,103.278755475246,147376.08724975586,372.94061279296875,395.17307097784237,148170.51902543416,4.884747091164048,0.029452397504168504,1.030346164812967,9695.19921875,140.0,132.82941416877543,11.557853795236168,False,False,science_V_001.fits,141642.23776924176,391.98465342464414,361.34638571117256,-8.432603822658299,0.003004596262567325,15.992989111731012,0.019918488746625263
163,199.60794236606117,112.1245627684894,860365.4522399902,806.7435302734375,1066.4671236326842,854791.1750068467,5.117867229467987,0.00869243694954236,1.0087686579559567,55984.98828125,259.0,132.81570552160002,11.560312022116655,False,False,science_V_001.fits,850784.0317360928,787.2387417687986,1080.7192108260806,-10.379170199255665,0.0010046087726802897,14.046422735133644,0.019716182034931355
164,151.60452132747872,113.6400214053399,158025.74880981445,394.9735107421875,400.0920175959931,160369.3240457105,6.406793313338027,0.37298513751357276,1.5948585270124225,7523.623046875,173.0,132.82931594012013,11.56073193274355,False,False,science_V_001.fits,157426.19796575842,396.9703356030088,396.5691736805062,-8.547314391131753,0.0027377317049728338,15.878278543257556,0.019879984158364342
165,164.67612160767894,117.4535820305428,520453.92837524414,638.1101684570312,815.6176693339909,518550.680079974,5.069204336550872,0.0026575464383100655,1.0026646278104572,32489.505859375,204.0,132.8256098508551,11.561791603333626,False,False,science_V_001.fits,515261.2067593292,629.132996888561,819.0020382138658,-9.83469048982602,0.0013256377265772952,14.590902444563289,0.01973514404889229
166,165.40331305077063,132.5695957079232,1110155.118560791,926.6514892578125,1198.0287426613354,1102792.2297768146,5.221623869147114,0.010558355951089116,1.0106710244253345,57514.45703125,272.0,132.8254040518209,11.565990511962424,False,True,science_V_001.fits,1085491.6355597335,886.1036723967313,1225.0165182406909,-10.643688077224386,0.000886273763523801,13.781904857164923,0.019710506752296207
167,192.36654886847592,130.86736535351338,1305011.2440185547,973.2147827148438,1340.928299895059,1300650.4237944232,5.264794726432906,0.009019595837553407,1.0091016893973566,58667.92578125,258.0,132.81775899986846,11.565518236016846,False,True,science_V_001.fits,1289055.821283405,957.2814449778075,1346.5797629800386,-10.83030118517157,0.0008062649015289667,13.59529174921774,0.01970707127758565
168,185.51096508818014,141.2651113066357,225515.3804321289,428.7648010253906,525.9652375680305,238377.14754644997,4.788393529357192,0.0720336767767652,1.0776253135206035,14240.9921875,112.0,132.81970299864997,11.568406372836526,False,False,science_V_001.fits,326273.13409093104,541.5423346722046,602.4886942374027,-9.33857516074459,0.0018020255158052716,15.08701777364472,0.0197728574365977
169,193.77473880179303,142.65655598666427,489581.71603393555,606.9635009765625,806.6081654765604,494089.5203456032,4.931704376487844,0.06704251822600726,1.0718602074968386,31365.267578125,140.0,132.81735993299515,11.568793033999492,False,False,science_V_001.fits,556535.1795790469,662.8432183286807,839.6181241505599,-9.918353429204508,0.001293087855980242,14.5072395051848,0.019732984352390473
170,203.78446082042973,148.62852109071346,1731899.7538757324,1113.7930908203125,1554.9564529980898,1723619.6771672592,5.453207008943019,0.012711599259081163,1.0128752644612675,62458.83203125,285.0,132.81452188378552,11.570452067811273,False,True,science_V_001.fits,1712577.9909191632,1093.7252574888691,1565.8210132690403,-11.138747770079165,0.0006933742687060583,13.286845164310144,0.019702775518309783
171,131.10872909585777,150.82830078851828,748148.2710876465,770.0228881835938,971.592250786795,749751.4335719356,6.568287829057923,0.34645447443264143,1.5301152878858377,28835.650390625,251.0,132.83512840458846,11.571061363077098,False,False,science_V_001.fits,733998.2375617219,750.3992002917336,978.1436830907663,-10.218859416821061,0.0011099596294169936,14.206733517568248,0.019721830686509283
172,175.85761626963395,148.52517945123802,1347245.3370361328,983.4398803710938,1369.9315676803342,1356183.1610870897,5.244705701225191,0.05863021128341439,1.0622818067736672,58531.19140625,231.0,132.822440247012,11.570422859941987,False,True,science_V_001.fits,1432697.7796555643,1009.3993495603512,1419.3567494169506,-10.945008343630775,0.0007649239702745547,13.480584590758534,0.019705423211103697
173,151.9814999957755,150.3669382055527,204884.59344482422,464.99932861328125,440.6126650888509,207763.03396327537,4.855131526671895,0.0725664266821654,1.078244338753625,13627.2412109375,138.0,132.8292101229549,11.570933859814314,False,False,science_V_001.fits,251700.10314136124,515.9407930181094,487.84687419071093,-9.056830357823547,0.002225493402619557,15.368762576565763,0.01981593843686205
174,142.8433338590173,153.6220042631526,787876.3402404785,762.89306640625,1032.74806776252,788150.7507624701,5.077435757546534,0.021451579118218378,1.0219218371420886,51247.61328125,193.0,132.8318012616901,11.57183777338389,False,False,science_V_001.fits,796435.4934669641,765.2321950804566,1040.7762488132466,-10.30749838977664,0.0010431636975170965,14.118094544612669,0.019718184139220864
175,167.6400753725349,154.2451008564153,1656434.7967529297,1087.3431396484375,1523.3781649539742,1674389.457697142,5.4086447302173015,0.03904907524614609,1.0406358683261046,57766.9921875,262.0,132.82477038563184,11.572011537827864,False,True,science_V_001.fits,1717862.3373233883,1095.498962272698,1568.1095067032734,-11.142092769670299,0.0006923623607655626,13.28350016471901,0.019702739933496777
176,195.96179435771313,163.82089745426822,1722642.4208374023,1126.350830078125,1529.4012973896579,1690073.8281616347,6.366640229994858,0.2468901518665948,1.327827543987794,64108.96875,398.0,132.81674017241684,11.574672052307797,False,True,science_V_001.fits,1669318.4810884064,1080.4785570631104,1544.9806663686543,-11.110969877788538,0.0007027272403038193,13.314623056600771,0.01970310688248604
177,133.15589006460758,165.52705465615873,607713.8955993652,674.9405517578125,900.3961815846411,613468.8261187114,5.004593967713978,0.030469277396968253,1.0314268302041665,38603.1171875,172.0,132.83454845764274,11.575144417973084,False,False,science_V_001.fits,613244.5248636992,693.3163441052186,884.5089692139616,-10.023706072669489,0.00122746070168721,14.40188686171982,0.019728792538383846
178,122.65360825275118,168.0778606755418,1374862.8046569824,988.6487426757812,1390.648412636334,1380372.4487306813,5.177690116046344,0.09321224548234264,1.102793895283604,58127.91796875,209.0,132.83752641458776,11.575852606744204,False,True,science_V_001.fits,1707584.3287718652,1092.3005509185348,1563.291648380043,-11.135577275153146,0.0006944961300887483,13.290015659236163,0.019702815030424255
179,114.43700808192463,169.45090669656557,1270573.5520019531,955.2368774414062,1330.1135896314781,1275388.2490973757,5.131134822965204,0.06624849723706616,1.0709487449723394,59019.7734375,226.0,132.8398562446068,11.576233698979667,False,True,science_V_001.fits,1626314.6904042384,1066.3423203491427,1525.1337768079477,-11.082633336476635,0.0007118719790419518,13.342959597912674,0.019703435156412416
180,134.22951305177764,183.7962782796745,298614.77658081055,505.98284912109375,590.1677835513846,297729.7469472368,5.01940843035911,0.014007527619780302,1.0142065259240425,20083.150390625,194.0,132.83424466054723,11.580219236556863,False,False,science_V_001.fits,296224.2422573677,498.36547865469566,594.3915759514589,-9.233673367098293,0.0018265736661258875,15.191919567291016,0.019775109774820172
181,99.70628997532016,61.22554724363299,835762.9374694824,784.4776000976562,1065.3751456580046,834761.3031399122,5.058436169699478,0.024511717911544606,1.0251276395233233,54732.55859375,209.0,132.84402832926898,11.546170521366784,False,False,science_V_001.fits,880431.2417003032,796.8748755975685,1104.855064027557,-10.41636048628084,0.0009826628264183986,14.009232448108468,0.019715075994751537
182,89.75031278748025,62.193526106044615,912647.5402526855,817.7960205078125,1115.9843253895694,918011.8541618381,5.0427482679118905,0.044341885958908644,1.0463993192831322,60444.9921875,218.0,132.8468510409247,11.546438965059618,False,True,science_V_001.fits,955876.1789156299,827.5852533766345,1155.0183803004645,-10.505625971110739,0.0009399850413787943,13.91996696327857,0.01971299487968329
183,306.67109195915003,65.36441739673923,173160.56930541992,396.7468566894531,436.45101753372785,174088.71060569864,4.9160994019116,0.02881578059928991,1.0296707669087448,11136.6787109375,136.0,132.78535066381627,11.547323156635713,False,False,science_V_001.fits,210779.7166373853,447.05499239217056,471.4849855708194,-8.864193914866929,0.002302724441342624,15.56139901952238,0.019824760656844267
184,302.07475938636316,71.72015355037503,103381.02853393555,337.79840087890625,306.04356996644134,105685.11924044305,4.727540893441898,0.12131587816467415,1.1380654038806108,7734.65625,112.0,132.78665371367165,11.549088699850518,False,False,science_V_001.fits,161370.4419719192,413.6668978255627,390.09754664963975,-8.574181845234051,0.002783150033432805,15.851411089155258,0.01988628973330623
185,491.2659670083445,81.23061560910219,554213.9531555176,668.95947265625,828.4716426166891,550686.624474429,5.127515233004316,0.008224769664597065,1.0082929774943215,36698.81640625,236.0,132.73301401545663,11.551723115183771,False,False,science_V_001.fits,546043.0665665166,650.1706517116194,839.8457622303011,-9.897689116492273,0.0012927373677719186,14.527903817897036,0.019732961388256896
186,488.9308304752807,99.75510668378203,1514359.6861877441,1042.22705078125,1453.003628194629,1542315.9944003192,5.1861607863920955,0.06354665241952162,1.0678588555251658,63281.33984375,231.0,132.73367485133147,11.556868951535536,False,True,science_V_001.fits,1864845.8890517945,1142.2559565313195,1632.5989620704265,-11.231229242821074,0.0006650132857019209,13.194363691568235,0.01970179783467904
187,485.9365688842417,107.21003430579898,1168882.602355957,913.4913940429688,1279.577027193072,1212382.9691680714,4.883000913677469,0.04956022025448503,1.052144513845743,62194.15234375,166.0,132.73452331496208,11.558939953950476,False,True,science_V_001.fits,1936844.7697558512,1162.4599556076435,1666.1604216236592,-11.272358911977117,0.0006516179270072895,13.153234022412192,0.019701350237260416
188,492.55247911526965,111.58392265995091,815040.0419921875,780.208251953125,1044.6442215291452,816808.5043652614,4.970444010814722,0.10843680405987055,1.121625482695623,48648.20703125,196.0,132.73264722911202,11.560154494643374,False,False,science_V_001.fits,1216365.4185913755,932.8769787162142,1303.886199727306,-10.767282035554839,0.0008326646913105323,13.65831089883447,0.019708169010249504
189,463.67790549599107,89.81807729326243,1790873.982788086,1132.84130859375,1580.86924373475,1806694.8316871822,5.423083041977327,0.04456395306731997,1.0466425285191903,61931.02734375,271.0,132.74083528381288,11.554110207726712,False,True,science_V_001.fits,2038167.1020575282,1190.3515267093198,1712.2396672955604,-11.327721342508468,0.0006340817940019087,13.09787159188084,0.01970077802955732
190,461.4864237102478,98.32947815194865,1373311.9054870605,1003.38427734375,1368.6799130664242,1398329.589223605,5.286421274337012,0.11614042482307174,1.131401444397797,61651.4375,253.0,132.74145612285943,11.556474608312962,False,True,science_V_001.fits,1715944.342892372,1098.4104128417923,1562.2069154032365,-11.140879867253373,0.0006949783599695303,13.284713067135936,0.0197028320342338
191,297.4365406728028,97.820585921755,1216440.544769287,944.260498046875,1288.2467786012378,1213404.465867231,5.260376224228861,0.029142962541773287,1.0300177692671122,58887.97265625,261.0,132.78796841918913,11.556338871972004,False,True,science_V_001.fits,1207750.0103504355,926.9337400000371,1302.9518273338363,-10.75956449874206,0.0008332618115449537,13.666028435647249,0.019708194247443953
192,285.8991148826971,101.26025653733468,562336.1391601562,661.0565795898438,850.6626460159596,562750.639959511,5.0596525763424385,0.015823006319999222,1.0160773991076892,37704.2421875,202.0,132.79123954082368,11.557294451973585,False,False,science_V_001.fits,568636.8982190226,657.5804510269851,864.7411846428012,-9.941709466933588,0.0012555201709844206,14.48388346745572,0.019730558181363052
193,352.04235636676253,101.1451706426071,1234118.4022521973,953.6220092773438,1294.1379186365614,1226866.9454114065,5.236970680447972,0.003622985790282307,1.0036361595446437,58937.203125,273.0,132.77248620163743,11.557261318440759,False,True,science_V_001.fits,1220466.4883868443,932.4151063830606,1308.9304109638101,-10.770936521649059,0.0008294558602245036,13.65465641274025,0.01970803369878549
194,366.4013097152098,100.90537750433762,894899.2442932129,820.1678466796875,1091.1171998708105,890619.1325398786,5.1328703651349254,0.008129204795227829,1.0081958303788443,58104.359375,238.0,132.7684150707094,11.557194297154535,False,True,science_V_001.fits,886204.1545839376,804.3977619332927,1101.6989312029302,-10.423456328295247,0.0009854779461522568,14.002136606094062,0.01971521650986253
195,374.55984389412805,112.08580313038468,380348.0807800293,560.7037963867188,678.3404771486554,379476.3703701121,5.034394407436691,0.006218889796948068,1.0062578064053536,24708.869140625,189.0,132.76610153666672,11.560299709325763,False,False,science_V_001.fits,378391.8726912397,555.1620895164488,681.5880980288522,-9.499476373576346,0.0015928975331873261,14.926116560812963,0.019754896046287815
196,73.4231378039222,103.15178778957844,140137.34323120117,365.6112060546875,383.2960831354815,140606.17674512824,4.874039102968431,0.017412565938196956,1.01772113639416,9167.4658203125,145.0,132.85148213810302,11.557815468419445,False,False,science_V_001.fits,139339.9824183831,375.72472715410964,370.8565669174883,-8.414811252541435,0.0029275469193499734,16.01078168184787,0.0199070119860666
197,61.99519809152354,115.50469905008475,1180196.2188720703,929.9661254882812,1269.0744173637563,1172207.1227195438,5.204783517105391,0.005649509685816345,1.0056816079851594,59779.68359375,281.0,132.85472293478844,11.5612462399174,False,True,science_V_001.fits,1168285.635299746,909.2209950799892,1284.9303322532335,-10.723494466146112,0.0008449485335879135,13.702098468243197,0.01970869182043334
198,421.58846396338197,115.4094620819258,945728.3329162598,844.5588989257812,1119.7896725961432,939742.2645558859,5.137465510891527,0.0002713064006160115,1.0002713800277545,59282.265625,252.0,132.75276739587838,11.561221093680519,False,True,science_V_001.fits,936208.289192704,825.3803779455568,1134.2749527472504,-10.483053079175594,0.0009571753280546307,13.942539855213715,0.019713822050963132
199,429.88823254051744,128.82113978638316,1178099.7127075195,933.343505859375,1262.2359349067153,1170948.3196985247,5.211570633772008,0.005183999835081443,1.0052110137293953,60186.69140625,259.0,132.7504135005288,11.564946166374492,False,True,science_V_001.fits,1164035.322070344,913.5929920366008,1274.1289964094972,-10.719537271448186,0.0008521115232912122,13.706055662941123,0.019709000210475655
200,421.07959284073047,140.88268958195798,1060064.8710021973,889.3181762695312,1191.9973068007066,1053868.330919604,5.159814761946741,0.003492706638603904,1.0035049483951315,58461.26953125,254.0,132.75291048254684,11.568297008450758,False,True,science_V_001.fits,1049045.250722028,870.2919825402016,1205.3945937317299,-10.606607428926653,0.0009007009037918676,13.818985505462656,0.019711160731080632
201,116.20638006054838,118.12249018158708,39518.664306640625,219.90370178222656,179.70895435755995,42093.596051512475,4.356487535504367,0.1781465055625746,1.2167618763786108,2870.99755859375,77.0,132.83935253744392,11.561975881261597,False,False,science_V_001.fits,105934.49911470608,346.1550566634786,306.0319272403187,-8.11721541772799,0.0035476690611676897,16.308377516661317,0.020007612326711305
202,109.57791203307413,124.0946095810521,440399.34228515625,590.1781616210938,746.2142297428848,440709.1189838449,5.0459235756280325,0.013164056842632554,1.0133396608969414,28405.353515625,192.0,132.84123215766786,11.563634542672135,False,False,science_V_001.fits,444294.51009769953,587.0100242744392,756.8772111632335,-9.673799241382289,0.0014344466764052834,14.75179369300702,0.019742751391734988
203,94.33118653276924,142.7770186470953,57247.98962402344,246.2010955810547,232.52532442600838,63393.66633417132,4.403906087329428,0.1578240849298379,1.1874003781225322,4106.76708984375,79.0,132.84555594699674,11.568823454324296,False,False,science_V_001.fits,189351.88031914213,419.73908024179946,451.1180617493659,-8.747795929412248,0.002406687056132986,15.67779700497706,0.019837105076965282
204,86.37127131850909,146.92360562383223,594331.540435791,667.4618530273438,890.4352177433625,597144.6501324847,4.987835248014704,0.05201487153448758,1.0548688686906758,38836.30859375,174.0,132.8478130808254,11.569974922013538,False,False,science_V_001.fits,676846.2774311187,707.5694883664628,956.579231523573,-10.13084698576829,0.0011349817811440173,14.294745948621019,0.019723254774299613
205,93.83216893010344,153.01068795808135,954039.6833496094,830.2952880859375,1149.0366102750472,955742.8141771067,5.054612832443672,0.03280937232832637,1.033922343113796,59364.39453125,187.0,132.84569790268347,11.571666116435624,False,True,science_V_001.fits,998563.2273635503,846.7876886162786,1179.236827350768,-10.553060796245823,0.0009206802016513473,13.872532138143486,0.0197120837884308
206,92.04460819708486,166.16876066011378,1517402.7923278809,1048.546630859375,1447.1486032855187,1511786.3408809113,5.808637033264343,0.16656308818630317,1.1998508655248232,59310.75,307.0,132.846205353803,11.575321054776852,False,True,science_V_001.fits,1491408.5205175318,1022.1684398568856,1459.0633621268378,-10.988613423829406,0.0007441075063507895,13.436979510559903,0.019704626137773112
207,276.27511127659005,152.7732394380105,295416.2572631836,495.75592041015625,595.8905281832547,299873.1570371499,4.899134112147375,0.06354533082336311,1.0678573484814107,19689.669921875,157.0,132.79396788910861,11.571603677368554,False,False,science_V_001.fits,349739.31496913545,536.2890752194339,652.1470063995472,-9.413983011680155,0.0016648086847688916,15.011609922709154,0.019760824456618344
208,296.33010047491223,160.60925008942394,321418.22283935547,522.94677734375,614.6289388605923,320665.5670762072,5.0192161623421745,0.01676659743970177,1.0170525100103824,20469.91796875,188.0,132.78828139077805,11.573780173349444,False,False,science_V_001.fits,319390.1452097843,516.9836317606569,617.795468924342,-9.315425653648505,0.0017573777319706432,15.110167280740804,0.019768838401414232
209,280.11550510550626,161.7263139583993,767817.5234069824,761.2154541015625,1008.6730626261551,766186.100470972,5.087213216714509,0.017764198693730138,1.018085472622873,50847.1015625,216.0,132.79287891745275,11.574090617372011,False,False,science_V_001.fits,781797.597066284,758.6340007109013,1030.5332958102017,-10.28735770216693,0.0010535321899972445,14.13823523222238,0.01971873538855279
210,469.4789817549919,167.15744080982813,27420.945709228516,212.121337890625,129.27009598330665,28544.968538440484,4.471194912099697,0.02928796060412464,1.0301716259977078,1858.2032470703125,79.0,132.73918586711673,11.575593005905993,False,False,science_V_001.fits,32595.30047766888,283.6590376146476,114.91014265496372,-6.837509346316506,0.009448252129143986,17.588083588072802,0.021840056399750382
211,475.6072905286458,175.04303348773144,101887.25778198242,332.64019775390625,306.29869291191505,102888.73956942826,4.831245406104309,0.007205249760916077,1.0072575421648642,6600.2939453125,126.0,132.73744772802343,11.577783078905387,False,False,science_V_001.fits,102958.04169162337,372.3085146919256,276.53958378260063,-8.08627255778594,0.003926020228820169,16.339320376603368,0.020078153054638986
212,363.3829385817211,174.6338907286974,669650.8642272949,709.0809936523438,944.3926296459427,699736.6885227546,4.827316776473893,0.20352632749837996,1.2555342813267516,43357.46484375,173.0,132.76926860303413,11.577674521282491,False,False,science_V_001.fits,1458185.7508122437,1014.3468722437469,1437.561243311886,-10.964153999178299,0.0007552373890511544,13.46143893521101,0.019705049575228794
213,367.09905684985927,180.84087379555663,1676657.2570495605,1095.1724853515625,1530.9526850570346,1695094.7706360845,5.432497813359618,0.05705743620521653,1.0605099805608458,57767.47265625,249.0,132.76821471306326,11.579398569713893,False,True,science_V_001.fits,2014993.8259832493,1183.6920387600946,1702.2956647524088,-11.315306173502304,0.000637785798601508,13.110286760887005,0.01970089759308701
214,399.1639493876984,185.3597870415179,1746067.074005127,1125.9168701171875,1550.7957295491922,1735676.7070741546,5.517597138679194,0.00838813428943641,1.0084590902746264,58656.21875,311.0,132.75912257464174,11.58065268924,False,True,science_V_001.fits,1723405.0913788532,1098.536258274086,1568.8194890230575,-11.145590303111597,0.000692049026415456,13.280002631277712,0.01970272892528764
215,354.7549091786287,188.93987304205146,31774.307220458984,226.24497985839844,140.44204313547993,32966.406615260275,4.609783462028219,0.02450152648752202,1.0251169296034872,2142.287841796875,92.0,132.77171465103916,11.581648651997828,False,False,science_V_001.fits,29090.74500272656,281.1046343516749,103.48724797732324,-6.714008982798802,0.010491147665245726,17.711583951590505,0.022311046021699532
216,376.16778228148894,197.22050814031246,489162.4422607422,629.7117919921875,776.803687784222,487073.41374265554,5.079288178522816,0.009098273919011857,1.0091818125647996,32607.529296875,213.0,132.76564272869382,11.583948174997076,False,False,science_V_001.fits,479654.0495306291,616.9454042310098,777.4659576701002,-9.756942162538634,0.0013964598569095059,14.668650771850675,0.019740027745177142
217,391.32958675141543,200.30978274310567,1036173.6622009277,883.2801513671875,1173.0974148995465,1030696.63944242,5.451154604907211,0.1043049039770978,1.1164513509566327,58823.38671875,268.0,132.76134343173067,11.584805767714078,False,True,science_V_001.fits,1021302.5637652874,860.0773639231368,1187.4542995838674,-10.577507929325975,0.0009143088709860025,13.848085005063334,0.019711787234037593
218,71.79845647457812,194.81727335445424,366055.8731689453,544.2068481445312,672.6410636268356,366425.0286667377,5.004178933699333,0.015639315453074287,1.0158877896065837,24535.162109375,182.0,132.85194751647794,11.583278004077208,False,False,science_V_001.fits,370791.4051414272,544.032339655499,681.5613302992718,-9.477446020900896,0.001592960092855139,14.948146913488413,0.01975490109076309
219,82.33000244803797,195.807767649731,190496.99938964844,410.02569580078125,464.5977101937655,192881.040551833,4.857077532808754,0.030021613911273004,1.0309508070920324,12715.095703125,143.0,132.84896131945484,11.583553658519323,False,False,science_V_001.fits,202511.29153764652,429.2448767282102,471.784993873958,-8.82074498261855,0.0023012601377695695,15.60484795177076,0.019824590625536025
220,230.51525625000554,201.12091333850506,1223702.9366760254,940.9876098632812,1300.4453234552373,1229977.3714842093,5.087521466131894,0.0462996634183519,1.0485473912951566,66027.203125,225.0,132.8069430076298,11.585033564452647,False,True,science_V_001.fits,1508791.1126343126,1029.2741063141254,1465.878820207921,-11.0011946671349,0.0007406478523552198,13.424398267254409,0.01970449579384365
221,231.22765165841184,210.28773964658865,1668984.451019287,1090.6268310546875,1530.2983600772966,1694612.1242018284,5.429097478860164,0.05949436222344451,1.0632578475171024,60428.3125,247.0,132.80674106626194,11.58757990967572,False,True,science_V_001.fits,1808448.7092668249,1122.6110831160445,1610.9307457103425,-11.197887363865068,0.000673958208874621,13.227705570524241,0.01970210178929429
222,241.2560007284009,222.2701389604235,1019117.0034179688,872.4720458984375,1168.07983500322,1012969.7911345295,5.190009970139557,0.002546584600350177,1.002553086250479,55764.86328125,261.0,132.8038975041899,11.590908405748264,False,False,science_V_001.fits,1007801.8565046999,852.5010416490948,1182.170821228779,-10.563059759162215,0.0009183951934048713,13.862533175227094,0.0197119771961027
223,256.0366140080178,224.555459282666,52008.97961425781,260.3636169433594,199.75517403252263,52741.35987788119,4.658858456093213,0.031456339724414306,1.0324779780350468,3522.734130859375,105.0,132.79970630720447,11.591543242873847,False,False,science_V_001.fits,51872.961423594934,308.9156205396258,167.9195157984605,-7.3419744803952325,0.006465597490782866,17.083618453994074,0.020724925721488638
224,483.60811636941986,221.65027341898843,1597297.2481384277,1081.69384765625,1476.6629685463743,1586953.4417342197,5.433725272605799,0.007685232104140183,1.007744752323334,60981.98828125,307.0,132.73517611375988,11.590729029328552,False,True,science_V_001.fits,1576616.5559139163,1053.911817659934,1495.9662938542392,-11.048937080889775,0.0007257516459162858,13.376655853499534,0.019703941501637533
225,471.1818289881903,226.4635524946654,407219.19921875,579.2947998046875,702.9567663235476,407013.795851724,5.050071248164532,0.01878435992013261,1.019143967088217,25837.04296875,187.0,132.73869941646672,11.59206681382081,False,False,science_V_001.fits,408675.8012135799,576.2230602976379,709.2319439671255,-9.58306918088074,0.001530810913460949,14.84252375350857,0.019749986767113915
226,412.30485303104365,237.84047961409934,84041.73916625977,310.623291015625,270.5583953201767,85116.76037347686,4.759075949980603,0.03676131744313216,1.0381642869091916,5568.833984375,119.0,132.75539414443344,11.595230107629947,False,False,science_V_001.fits,84727.10930531191,339.2393403388417,249.75614331959292,-7.874677847860307,0.004347040219189791,16.550915086529,0.02016470564912013
227,400.45732894881303,242.8594463000869,226000.97677612305,446.998779296875,505.59640706764463,228856.82653063437,4.9408569886978135,0.035098013911648906,1.0363746934068754,14558.173828125,145.0,132.75875347702203,11.596624760255025,False,False,science_V_001.fits,258184.54110794596,481.16230994454804,536.5851309877132,-9.08444746196813,0.0020233508856302256,15.341145472421179,0.019794255329635017
228,400.87034047200814,253.802230147173,1337846.5799865723,991.990478515625,1348.648610003266,1331621.3059996222,5.285444805173917,0.018953250776107655,1.019319416522303,58362.93359375,271.0,132.75863591052516,11.599664405012932,False,True,science_V_001.fits,1324763.2816417066,972.0131136466781,1362.906799345149,-10.859967579796088,0.0007966061953184609,13.565625354593221,0.019706678479105084
229,386.71931760838515,261.33554780684034,118583.63580322266,353.24737548828125,335.6957306174143,119260.1420060537,4.836100666156054,0.0198957293863532,1.020299604830715,7619.88427734375,135.0,132.76264842394656,11.60175753574042,False,False,science_V_001.fits,116019.38801543872,370.65403625855527,313.012611940121,-8.215948299792199,0.0034685503349868004,16.209644634597108,0.019993734935592717
230,129.53844327379755,244.1321242955879,1038273.0531311035,870.7015380859375,1192.4557471364278,1051167.2414204252,5.09522164383047,0.04515242352388793,1.0472875720023547,57278.7734375,222.0,132.83557694670694,11.596979030393467,False,True,science_V_001.fits,1144364.9428544478,902.5484788846309,1267.9262883126828,-10.701033236304944,0.0008562800613944334,13.724559698084365,0.019709180875722494
231,138.46184597327854,248.25370479392308,1618432.286529541,1064.182373046875,1520.822302192232,1640887.105736605,5.1170179557270234,0.1573218487428757,1.186692687484753,56919.37109375,179.0,132.83304670464648,11.598124212072024,False,True,science_V_001.fits,2587153.2976217307,1333.12070352753,1940.6744571410102,-11.586677281296813,0.0005594446796602078,12.838915653092496,0.019698517040579573
232,143.14753738372852,252.580463714734,1298521.142211914,964.2738647460938,1346.6310658060115,1327073.147896778,4.962049100899247,0.17124710411227906,1.206632284438472,57198.3828125,213.0,132.83171813084857,11.599326237258557,False,True,science_V_001.fits,2350913.6583897043,1272.9514635282633,1846.8211284927024,-11.482713571934601,0.0005878750157499566,12.942879362454708,0.019699344970900597
233,171.70716732657067,250.3421729388211,74999.88330078125,292.1825866699219,256.68840896910973,76093.80092299002,4.816450061975941,0.016738225166492482,1.0170231626967567,4878.140625,116.0,132.82361945632988,11.598705260162655,False,False,science_V_001.fits,77695.31124939531,324.33249335028256,239.5545091607073,-7.780608901096054,0.00453216265393547,16.64498403329325,0.02020542238039411
234,178.3937570230736,262.46396201443577,1531716.5031738281,1044.0675048828125,1467.0665412058295,1570660.1906241956,5.270046047946399,0.11549629634291803,1.1305775158039308,57088.43359375,224.0,132.82172361379574,11.602072571315988,False,True,science_V_001.fits,2094004.8353394116,1204.4283259462914,1738.5881668751028,-11.357066074512085,0.000624472212963126,13.068526859877224,0.019700471080488578
235,171.32843221437875,267.37605560782066,1918293.3391723633,1168.1551513671875,1642.1562982684516,1945986.343322591,5.985081311455625,0.16929105349791895,1.2037910560741685,57004.19140625,279.0,132.8237272557971,11.603436885087989,False,True,science_V_001.fits,2258430.3213698366,1250.5316595138402,1805.976125584721,-11.439138613928437,0.0006011707378736708,12.986454320460872,0.01969974622944365
236,153.4133345404212,273.9335011221213,1197527.529083252,941.921142578125,1271.3670762347565,1188780.549010126,5.2723154880976955,0.010230214040881314,1.0103359530529292,56751.578125,291.0,132.82880768266767,11.605257938611393,False,True,science_V_001.fits,1177444.54909025,917.5334211537566,1283.2715647672724,-10.7319730327764,0.0008460407210822108,13.693619901612909,0.019708738674763866
237,137.42585973734742,280.30991740596534,571747.628112793,669.7036743164062,853.732255084906,569010.9109003276,5.081750115838859,0.010060277021814112,1.0101625147352895,36033.625,222.0,132.83334154043118,11.607028680514095,False,False,science_V_001.fits,566995.7517677633,656.1148207170667,864.1715350189692,-9.938571386393395,0.0012563477920806178,14.487021547995914,0.01973061086289701
238,101.93290362530844,273.8923963427243,905545.7050170898,839.863037109375,1078.206403908166,910405.2008290642,5.023125704196493,0.05066065666855579,1.0533641179251838,56893.6875,213.0,132.84340623613562,11.605244707764495,False,True,science_V_001.fits,987808.5107718398,864.8695152449868,1142.1474492508025,-10.541303783143396,0.0009505777916084045,13.884289151245913,0.019713502818786487
239,110.3082203771594,273.51759181760065,361878.2937011719,535.29296875,676.0378238223811,374198.66132629686,4.858911254558751,0.07424556426853146,1.0802000632164053,22780.123046875,152.0,132.84103119210786,11.605140940278917,False,False,science_V_001.fits,579910.8712861539,661.892974237528,876.1399408328606,-9.963024999831646,0.001239185601980354,14.462567934557663,0.019729525493649338
240,465.16831061610344,283.78740727648415,2122406.7629699707,1248.9041748046875,1699.415219988265,2112140.8699765597,6.989832299656455,0.31614815686521536,1.4623050446365526,60466.59765625,417.0,132.74040121736257,11.60799045222542,False,True,science_V_001.fits,1978549.5639495149,1174.8296085293246,1684.1161897735137,-11.295489209282628,0.0006446704844907459,13.13010372510668,0.01970112167573149
241,497.7216398914275,284.01771536020556,675027.1336669922,732.131591796875,922.0024668110127,670720.0299445414,5.139011406647529,0.006208958965416844,1.0062477509949708,45092.078125,247.0,132.73116981363725,11.608052387426723,False,False,science_V_001.fits,666487.7807781425,711.0214282623491,937.36665912722,-10.114102352979458,0.001158244737455131,14.311490581409851,0.019724607122075872
242,481.89164942672227,289.00902865045714,305663.7372741699,551.0579223632812,554.685315045091,304988.92995649006,5.123348126956521,0.02142527265031713,1.0218943653984853,20700.8203125,191.0,132.73565852192002,11.609439890685236,False,False,science_V_001.fits,288544.5589015965,544.0638088814784,530.3505842353402,-9.20515409706663,0.002047136426870092,15.220438837322678,0.019796700805907588
243,476.97175049381326,300.31572787298927,245686.67041015625,483.0505676269531,508.6148053134955,250680.62039673535,4.881090485617311,0.1973524055261292,1.2458767794046555,17949.3046875,138.0,132.7370529929537,11.612580943950553,False,False,science_V_001.fits,549083.6155410424,673.3827193064261,815.4109094254603,-9.903718085817166,0.0013314759312761536,14.521874848572143,0.01973553706905316
244,473.095434747318,308.2232182069054,1641967.4030456543,1089.968994140625,1506.434964547085,1642442.601909694,5.470928038946561,0.019386132514038756,1.0197693844201283,60332.96484375,267.0,132.73815175986252,11.614777703680751,False,True,science_V_001.fits,1666000.7406294954,1084.9876610730844,1535.5020157388446,-11.108809849387729,0.0007070651740418516,13.31678308500158,0.01970326207532008
245,462.84052472397525,320.2747152422269,1103055.9107971191,910.0650634765625,1212.0626920709465,1095790.0421851613,5.202395063083769,0.003179481664437267,1.0031896230123214,59478.421875,265.0,132.74105918462627,11.618125944221035,False,True,science_V_001.fits,1087087.9936137754,887.7264598726075,1224.5754100534268,-10.645283622007808,0.0008865930110034075,13.780309312381501,0.019710521109690727
246,446.9962027377206,325.5017683639745,459676.69708251953,616.1155395507812,746.0884648643604,457741.63002121926,5.0678586934204395,0.006827973238746177,1.0068749149742087,29444.302734375,209.0,132.74555215716654,11.619578779653631,False,False,science_V_001.fits,454531.155918945,603.6570164304703,752.9625988722327,-9.698531017467918,0.0014419042879767637,14.727061916921391,0.019743294639550144
247,67.80980819267955,288.1938350028847,665008.3858337402,717.2428588867188,927.1732406871848,661055.4075916212,5.099832872527481,0.0074520374290040214,1.0075079872308648,44747.46875,242.0,132.85308343978724,11.609215722285786,False,False,science_V_001.fits,658914.2406806408,700.0610928842958,941.2239122815305,-10.101694108466674,0.001153498105852686,14.323898825922635,0.019724328965229958
248,77.10939198768288,306.7633592420217,1474737.8344726562,1037.2388916015625,1421.7918807455897,1465107.713698607,5.388316895098097,0.0032858886726895298,1.0032967213319712,58317.3203125,313.0,132.85044720770512,11.614374390893303,False,True,science_V_001.fits,1457745.2593489045,1011.3557922344651,1441.3772784434223,-10.963825968417895,0.0007532379039389836,13.461766965971414,0.019704973042060578
249,371.4007469661625,287.0223263543701,175051.9061279297,408.44683837890625,428.5794127399715,175773.31572445226,4.902489827062051,0.006997248021118008,1.007046554510724,11492.728515625,148.0,132.76699148709042,11.608893276180735,False,False,science_V_001.fits,175800.8997337682,419.6102046820647,418.96240313547935,-8.667174607603288,0.002591401977539542,15.758418326786021,0.019860361513769065
250,366.8269108106981,298.1412464522277,291279.4850769043,502.1308898925781,580.0867680919179,291486.40991688275,4.961225685063592,0.009145887964386201,1.0092303073210211,19844.244140625,171.0,132.76828817805972,11.611982008918032,False,False,science_V_001.fits,290348.5627733078,502.46629999218385,577.8468382413395,-9.21192107557845,0.0018788715766002932,15.213671858810859,0.019780008939577355
251,35.60639523857254,313.1745952051466,528886.171081543,679.37060546875,778.494339943695,528404.341265242,5.978843012805353,0.2580961479031544,1.347883552799593,28517.345703125,246.0,132.8622171884394,11.616153006666751,False,False,science_V_001.fits,519348.3631183196,657.993877192543,789.2905711132435,-9.843268791916056,0.0013755390470060857,14.582324142473253,0.01973855878523663
252,49.41854793438919,314.22519541782225,427071.89724731445,587.0386962890625,727.5021220015467,425729.5566940048,5.073290155697828,0.01972539884297242,1.0201223196231854,27132.29296875,203.0,132.85830032012143,11.616445652367831,False,False,science_V_001.fits,423953.87496910867,577.6316717692872,733.9519207292373,-9.622918396795956,0.001479252208947521,14.802674537593353,0.01974605738738951
253,414.5913607392469,323.65931362098036,1109273.859527588,909.776123046875,1219.2822293605457,1103098.642363916,5.188375913608863,0.0072139176980930975,1.0072663364512189,58710.2578125,254.0,132.75474190656237,11.61906856437098,False,True,science_V_001.fits,1098162.3548234224,890.4250878915276,1233.3012285444518,-10.656288253905995,0.0008803202128334443,13.769304680483314,0.019710239950988084
254,403.74860160724745,331.74002980926434,468704.3384094238,617.3193359375,759.257504379998,467819.3770133873,5.065678568833382,0.007299808813524322,1.0073534878690813,30724.0078125,198.0,132.75781645266653,11.621313669752533,False,False,science_V_001.fits,467058.24490407045,609.4866704532656,766.3141255521251,-9.728049481575692,0.0014167819224495688,14.697543452813617,0.019741475787391976
255,417.94722058853984,338.0299572349481,93418.78387451172,325.8963623046875,286.651815362003,94164.97289190462,4.821870563909077,0.010743487826249232,1.0108601638645187,6276.6650390625,126.0,132.7537895613302,11.623060258119295,False,False,science_V_001.fits,91996.07558461279,350.7189728755544,262.307096848324,-7.964045127505339,0.004139041654018966,16.461547806883967,0.020120891159740112
256,499.2780531446676,333.92176758302344,1340033.128753662,997.7959594726562,1342.993140062304,1331098.59360664,5.27350992119724,0.008396982459152769,1.0084680888527116,61298.60546875,290.0,132.73072500947686,11.621914508166602,False,True,science_V_001.fits,1324935.226579778,971.8011389638746,1363.3810184585827,-10.860108491559576,0.0007963291151196131,13.565484442829733,0.019706667280592904
257,508.91903563569,340.2022985396618,269145.2899169922,445.1429748535156,604.6266146411959,269307.87579257495,3.431714408856759,0.3071137957944474,1.443238433570166,53631.640625,53.0,132.72799045907146,11.623658433274132,True,False,science_V_001.fits,286419.1350537088,486.96731654364663,588.1691138670848,-9.197126946281934,0.001845897675350134,15.228465988107375,0.01977690404174189
258,467.6716801257336,346.3100622802746,1147727.1033325195,916.6822509765625,1252.0446448153868,1155774.9079882987,5.0423464989075555,0.09698064182748745,1.1073959721348081,59917.10546875,213.0,132.7396875654339,11.62535769875559,False,True,science_V_001.fits,1692740.4642960564,1090.8399005265442,1551.7771796566822,-11.12609781396101,0.0006996494176053048,13.299495120428299,0.019702997349539463
259,464.9311591277476,352.21366824572567,793412.2883911133,767.9390869140625,1033.1708620008053,836206.7128380344,4.762552262983571,0.17325987753228766,1.2095699396022166,55843.40234375,172.0,132.74046441388273,11.626997748512382,False,False,science_V_001.fits,1536828.8795295449,1041.8916954249823,1475.037075617231,-11.021185656626695,0.0007360492952664852,13.404407277762614,0.019704323480228037
260,246.58182497886102,348.9445337700917,679382.0825805664,717.0592041015625,947.4560520170667,689563.1945706484,5.028439551396975,0.05133095255884379,1.0541083876377106,44517.22265625,189.0,132.8023876123946,11.626095752029713,False,False,science_V_001.fits,737162.2954145996,740.7062297580432,995.2154657257288,-10.223529658286436,0.0010909195419388788,14.202063276102873,0.019720768258244602
261,273.2438972518379,354.2924384004952,1723932.2123413086,1118.4229736328125,1541.395565884799,1713792.800026449,5.575119682742688,0.00415683803224931,1.0041741894617577,57180.29296875,310.0,132.79482632434735,11.627581244467999,False,True,science_V_001.fits,1697640.9498421552,1090.9541282889875,1556.1066279703925,-11.129236480461133,0.0006977028312102642,13.296356453928176,0.019702928322690577
262,255.4654945303935,352.9336948166577,926658.1463928223,837.5595092773438,1106.3788735350327,935536.6193433203,5.9497320557236675,0.2586715841156032,1.3489298110972998,53422.72265625,257.0,132.7998682375637,11.627203861868301,False,False,science_V_001.fits,946434.9759631169,830.0724787327551,1140.1835384399308,-10.494848827739515,0.0009522151157220894,13.930744106649794,0.019713581837784155
263,234.90460447522187,356.33694362549454,575100.4842834473,673.7369384765625,853.5979719085174,573011.1599387394,5.0853513743688525,0.003403775593605385,1.0034154008516667,37670.3984375,218.0,132.80569926885562,11.628149152613394,False,False,science_V_001.fits,571109.3392369766,660.8961142704109,864.1438902503559,-9.946420029425331,0.0012563879838176672,14.479172904963978,0.01973061342214897
264,301.72463772317053,357.3893082811018,691434.9509277344,721.3588256835938,958.5173512953112,710109.1216116333,4.9490991346737285,0.08338313512152518,1.0909683623730622,44324.3359375,179.0,132.78674921294808,11.628441229493303,False,False,science_V_001.fits,1006818.730284347,854.6671834031523,1178.0243231936797,-10.562000089839847,0.0009216278294293755,13.863592844549462,0.019712128071428067
265,286.6064875163983,362.01835307432657,1782966.1930541992,1136.1094970703125,1569.36122587826,1773131.7880402408,5.627133934712467,0.01940693054488185,1.0197910133667023,56857.4609375,309.0,132.79103665642032,11.629727239016987,False,True,science_V_001.fits,1754801.9613808265,1108.456059799882,1583.1046669523682,-11.165192151925122,0.0006858043076141511,13.260400782464187,0.01970251057090811
266,309.04856164688186,358.61453614751974,702508.3016967773,727.85546875,965.175549073289,714981.7121419032,4.911817826904073,0.09825185523648317,1.108957091630335,45793.0703125,184.0,132.7846721404446,11.628781468199648,False,False,science_V_001.fits,1011647.8627132549,856.2822598796331,1181.4420432527254,-10.567195294890762,0.000918961709717787,13.858397639498547,0.0197120035986282
267,18.26647767508588,381.9606512892816,1252201.1897277832,954.2643432617188,1312.2162622651317,1247356.0813178138,5.176742933123941,0.007421395242929729,1.0074768841554327,62727.87109375,252.0,132.86713913684954,11.635259132558684,False,True,science_V_001.fits,1245530.7027164456,938.7852966952782,1326.74713494233,-10.793007967784803,0.0008183171995673407,13.632584966604506,0.0197075680459947
268,12.11081455003174,393.67120501952155,1051887.9497680664,879.2924194335938,1196.2891144286812,1047402.2102755927,5.109618407984392,0.00796435615267832,1.0080282963642222,62292.48046875,238.0,132.868885716897,11.63851165109771,False,True,science_V_001.fits,1048255.6196996962,866.1596370929705,1210.233743075216,-10.605789872378669,0.0008970994291079885,13.81980306201064,0.01971099649013488
269,368.9739862305828,397.03685353121716,1415140.9768981934,1015.52392578125,1393.5082581235247,1413956.6618920304,5.2817007714631865,0.030794766129583095,1.0317732148500762,58683.00390625,252.0,132.76767612531526,11.639452933370837,False,True,science_V_001.fits,1433872.7744254328,1007.8232378696974,1422.7423228068292,-10.94589842075215,0.000763103748722466,13.47969451363716,0.01970535263779154
270,361.3602368306407,404.31675752152245,916719.4325256348,828.5032958984375,1106.4765065678282,917397.8064130072,5.060667463739076,0.036895453851064186,1.0383088772642535,57094.53125,216.0,132.76983523932591,11.64147536031781,False,True,science_V_001.fits,963950.874275493,838.4081231810294,1149.739425970896,-10.514759127950688,0.0009443009219964621,13.910833806438621,0.019713201147446527
271,253.15731411037257,422.25128669593795,554419.3192443848,659.758056640625,840.3373231505394,562603.2952533183,4.721628738624866,0.06187002753953419,1.0659503793245892,37181.37109375,161.0,132.8005228672533,11.646458739922364,False,False,science_V_001.fits,966888.5708931792,845.9572041602813,1142.952109324416,-10.5180629407514,0.0009499085667217878,13.907529993637908,0.019713470560343633
272,255.02550497598017,429.7447958623462,1105355.5612487793,885.8150024414062,1247.8401903357862,1133848.5739783566,4.987360630867181,0.03500684743422744,1.0362767832508961,58135.07421875,142.0,132.7999930168411,11.648540269286714,False,True,science_V_001.fits,1600587.7003791716,1059.8479320218084,1510.2050511395785,-11.065320562192614,0.0007189089979408736,13.360272372196695,0.019703690654182635
273,264.0072503887335,428.33420748463305,125905.33505249023,343.9408264160156,366.0668504069962,130018.10876243208,4.59054453171352,0.09211051427316996,1.1014556460023643,8186.8134765625,103.0,132.79744562732972,11.648148428199194,False,False,science_V_001.fits,268979.97790333297,488.33010113003286,550.8158872059963,-9.128921757971408,0.0019710760441337192,15.2966711764179,0.01978898016624812
274,251.7951893327331,436.13789947495763,453856.17681884766,603.2632446289062,752.3352050033059,478857.00273131474,4.769566495071879,0.17234835964331185,1.208237803490652,33018.90234375,160.0,132.80090920131883,11.650316128653685,False,False,science_V_001.fits,992620.9913809906,854.1978700387489,1162.0504173534903,-10.5465805119652,0.0009342968117275201,13.87901242242411,0.01971272446367594
275,248.20127328086025,453.54421214555697,669066.031463623,725.90185546875,921.7031564571146,664577.6835423966,5.116478987461718,0.004638745844468661,1.0046603640890204,42757.83203125,244.0,132.80192854386885,11.655151206413873,False,False,science_V_001.fits,661210.9549327733,706.2375363079915,936.2444233556257,-10.105471974898915,0.001159633075419243,14.320120959490394,0.019724688695084897
276,288.4714505487161,424.90715225077577,495620.40560913086,634.833740234375,780.7089859876575,504874.0482779532,4.720300405369807,0.17686467389609262,1.214867067767866,35862.421875,157.0,132.79050715905817,11.647196324832711,False,False,science_V_001.fits,1034911.7884731598,876.0840510279157,1181.2928077607282,-10.591880208880761,0.0009190778043066774,13.833712725508548,0.01971200901122899
277,293.7978862627986,429.405315002479,987254.9157714844,852.896728515625,1157.5316011467125,1004377.32207059,5.013967105836659,0.057806299918909176,1.0613528830790675,58483.6875,204.0,132.78899643907081,11.64844576016405,False,True,science_V_001.fits,1277272.2222699136,962.8165973509522,1326.5997135738412,-10.820330542474094,0.0008184081369014768,13.605262391915215,0.01970757182219439
278,328.4325595216769,428.4191155338051,645026.3641052246,700.3306884765625,921.0311281779726,647578.9586973558,4.903918786488915,0.07252209897527484,1.0781928053435546,38661.6796875,175.0,132.7791734143509,11.648171276506039,False,False,science_V_001.fits,915654.5833854239,818.8324513004801,1118.2441315450671,-10.458951058153009,0.0009708971139422828,13.9666418762363,0.01971449305597953
279,349.7495614592354,434.5722122289643,1093256.070098877,906.847412109375,1205.5568064707882,1086421.6007710288,5.16574540625159,0.007427708679930811,1.0074832923958137,59776.16796875,268.0,132.7731273533373,11.649879970942273,False,True,science_V_001.fits,1082510.0422782039,884.441215884893,1223.9479830156274,-10.640701708857932,0.0008870475012549106,13.784891225531377,0.019710541558209057
280,330.126761164515,436.7255271907323,1205903.3187561035,940.7313232421875,1281.8785650721322,1207315.7745036897,5.130127451558763,0.061554318374108186,1.0655917753997899,59048.203125,234.0,132.7786927312121,11.650478576270691,False,True,science_V_001.fits,1339865.126287447,976.2992949642025,1372.391779035931,-10.872274582905979,0.0007911006292697817,13.55331835148333,0.019706456694546452
281,123.89765364905044,440.7450147102866,226362.3366394043,443.3572692871094,510.5641709752063,231008.84285730834,4.903245302002852,0.05058952282993434,1.0532851954412046,14731.275390625,146.0,132.83718376074847,11.65159349674821,False,False,science_V_001.fits,309401.55510546896,510.442816200235,606.1434215269627,-9.280928104560015,0.0017911602459777015,15.144664829829294,0.019771870176469766
282,119.18558031265637,446.0623409303655,151762.98974609375,372.71478271484375,407.18264148434497,156124.52937655375,4.671004476573,0.15732305727994467,1.1866943893968733,10225.7119140625,121.0,132.8385204119104,11.653070355605728,False,False,science_V_001.fits,267072.6704108756,481.7829461021401,554.3423082357402,-9.121195496218887,0.0019585371418886794,15.304397438170422,0.01978773516561613
283,12.343042510037915,451.5889353717039,1269992.177581787,954.3677978515625,1330.7156637522207,1300867.9893369335,5.01696105883123,0.08532252621155034,1.09328154311941,65269.70703125,210.0,132.86882382254348,11.65459990283348,False,True,science_V_001.fits,1728959.6137867055,1097.9239987933224,1574.7534580598704,-11.149083996157989,0.0006894412547203456,13.27650893823132,0.01970263750090617
284,15.895806631949915,459.0201184793178,1698071.0033874512,1089.39306640625,1558.73123829321,1709083.6789125386,5.1456910673000875,0.1271296186466977,1.145645471953803,65480.83984375,179.0,132.8678166725028,11.656664354689422,False,True,science_V_001.fits,2342534.5451002126,1270.8734650503816,1843.247663533007,-11.478836884291312,0.0005890147165134646,12.946756050097997,0.01969937901520434
285,20.720973177580426,466.16904107588635,1411953.3988952637,1004.145263671875,1406.1246415007224,1424921.7016012934,5.146837039637232,0.06625493899892554,1.070956133281062,65996.46875,219.0,132.8664485987292,11.658650480474172,False,True,science_V_001.fits,1764538.2340512685,1109.4345299010129,1590.4843291732645,-11.171199556790478,0.0006826222554260237,13.25439337759883,0.01970240006679406
286,24.171913743755134,481.8578475186048,1916730.7297973633,1172.2977294921875,1635.0204232056708,1907135.9081189241,5.6396641383665616,0.07392412268334414,1.079825125018419,65655.546875,315.0,132.8654708348582,11.663008697507106,False,True,science_V_001.fits,1893297.8231851894,1146.6628234479954,1651.1373565701515,-11.247669212955003,0.0006575467484154594,13.177923721434306,0.019701547222864386
287,92.60357892729736,464.9253280799663,696399.6647033691,733.5625,949.3392379018409,692258.9798178233,5.120481849135469,0.0015718932503815397,1.0015743679887967,45180.20703125,239.0,132.8460605540701,11.658308966789198,False,False,science_V_001.fits,689257.9715989515,716.437493546814,962.0629542804818,-10.15057636811787,0.0011285124275593641,14.27501656627144,0.019722883550524747
288,105.560764596163,472.5049896461011,369896.0037841797,551.457275390625,670.7609461171107,373453.05683827307,5.079081163226661,0.032520736150967844,1.0336138844171057,22410.982421875,185.0,132.84238584411304,11.660414986861275,False,False,science_V_001.fits,368671.11223179864,553.3569581669728,666.2446487580877,-9.471219646929022,0.0016295815689083544,14.954373287460287,0.019757887825831218
289,116.87829675312132,476.22663355878706,1167100.8842468262,928.40283203125,1257.1061224504554,1160199.9469246771,5.217212972405614,0.008380507964254491,1.008451334439836,61500.86328125,268.0,132.83917598778746,11.661449227666276,False,True,science_V_001.fits,1145191.0088502674,908.5921136537164,1260.401660592361,-10.701816698091434,0.0008613920736106815,13.723776236297875,0.019709403632603473
290,131.4845498792855,489.09928290719364,1871441.9472351074,1165.7574462890625,1605.344193333218,1858104.187359456,5.579349074372133,0.0016244620803187448,1.0016271052510999,62478.08984375,353.0,132.83503363674672,11.665025489657571,False,True,science_V_001.fits,1842741.2705483274,1133.1994556760317,1626.1402715279323,-11.218282780372533,0.0006676545799950388,13.207310154016776,0.019701887165614163
291,105.24357065490491,491.70399854868225,1593402.539642334,1079.661865234375,1475.8347876781174,1581280.6184030287,5.435049332909042,0.004620674345274689,1.0046421240889603,62478.046875,332.0,132.84247662185027,11.665748023768264,False,True,science_V_001.fits,1568919.0870135918,1049.6707554534134,1494.67733464279,-11.04362324038614,0.0007263775096044187,13.38196969400317,0.019703964563885686
292,400.05476458522435,481.60496712717446,55444.00686645508,268.00457763671875,206.87708902349289,57468.24335354331,4.676448694085086,0.07117925131362712,1.0766340022165692,3688.006103515625,98.0,132.75885785551392,11.662942934226594,False,False,science_V_001.fits,71711.07543013747,331.0266879151044,216.63230805284377,-7.6935874628873,0.005011717826203292,16.732005471502006,0.02031836388142233
293,410.1769709080496,488.1744937325795,1584658.317565918,1079.1878662109375,1468.3804063973616,1574550.675703057,5.402046294687936,0.002413819643146242,1.0024196602666275,62607.1171875,303.0,132.7559865716689,11.664767377530627,False,True,science_V_001.fits,1565272.5342850194,1051.3834315997024,1488.77420666923,-11.041096785985872,0.0007292576638797295,13.384496148403437,0.01970407094964721
