id,x,y,flux,flux_err,snr,kron_flux,fwhm,ellipticity,elongation,peak,area,ra,dec,flag_edge,flag_saturated,frame,flux_aper,flux_aper_err,snr_aper,mag_inst,mag_inst_err,mag_calib,mag_calib_err
1,268.9997302088187,0.6624000559954221,49660.75827026367,194.0369415283203,255.93455493120894,49559.68366118896,2.2317582866011674,0.3590845984491394,1.5602683249306248,49798.37109375,15.0,132.79603127849026,11.529350652474182,True,False,science_V_003.fits,48643.255651628446,252.45368423492076,192.6819004406506,-7.272178459532985,0.005634675584562312,17.154066217563113,0.015350607523114155
2,380.93701047048523,15.746888307425316,95605.1244506836,319.7514343261719,298.99826611304195,96215.03889179316,4.7109686728611235,0.008107641811009425,1.008173912969561,6534.6162109375,121.0,132.7642967678834,11.533538629751874,False,False,science_V_003.fits,97588.31911150257,344.7084701949955,283.1039198320209,-8.028116468181736,0.003834987522052672,16.39812820891436,0.01478508409444214
3,177.82299563772747,23.139106819772387,1377475.4014892578,1001.0263671875,1376.0630555211399,1369073.8607588983,5.264375751495179,0.0012362287173757203,1.0012377588704366,61284.296875,287.0,132.82188017583067,11.5355933817961,False,True,science_V_003.fits,1366400.226107555,979.7895368470836,1394.5854438337506,-10.893566687067398,0.0007785109222245884,13.5326779900287,0.01430026788705195
4,479.8152410024057,18.460674888106027,17954.429229736328,183.2066192626953,98.0009854556179,19113.981300148596,4.199702941380991,0.02421577932541885,1.0248167359261846,1275.6475830078125,66.0,132.7362644300182,11.534287692431125,False,False,science_V_003.fits,18579.65877328655,262.8964622250427,70.67291288759195,-6.2272162081634805,0.01536232137094517,18.199028468932617,0.020973614383067715
5,271.68307713191,21.972677535878063,366779.3748779297,550.2276611328125,666.5956671876543,366109.0891013626,5.091634962735096,0.049911129671244,1.0525331168798697,23531.015625,192.0,132.79527045510451,11.535270154400237,False,False,science_V_003.fits,365190.90579262126,543.8479256751044,671.494527333707,-9.460921758865911,0.001616841174135808,14.965322918230187,0.014370308200167702
6,499.62998204578207,25.310491366485888,1062846.5070800781,895.53271484375,1186.8315802014229,1054333.7774676057,5.217525789384673,0.02294094047396622,1.0234795842178617,64757.53125,285.0,132.7306464287879,11.536189137185744,False,True,science_V_003.fits,1049459.2551149204,870.057817093368,1206.1948464768525,-10.60703582883037,0.0009001033317056501,13.81920884826573,0.014307402573254652
7,428.65019614564403,38.70255995303309,975615.3869934082,856.6131591796875,1138.9217834660396,969881.6742961972,5.117504529885256,0.0018456847673140597,1.001849097618622,61821.6015625,257.0,132.75076886192267,11.53991323096415,False,True,science_V_003.fits,968128.376394585,837.4080172487229,1156.1011555338814,-10.519454248363278,0.0009391046750564224,13.90679042873282,0.014309909153315372
8,293.8913799194399,48.342654213086114,62414.29202270508,272.2496643066406,229.25388055724662,63208.746651004054,4.613719446939042,0.016967023943299298,1.01725987261522,4231.4814453125,106.0,132.7889740261374,11.542594969841039,False,False,science_V_003.fits,62709.423966540446,308.0161002682068,203.59138341124327,-7.547953902717351,0.005332740422549939,16.878290774378744,0.015242365393852896
9,450.2266575841623,52.501640380219754,1410750.0708312988,1019.0639038085938,1384.3587880591576,1401125.1610836622,5.2948636048255295,0.00182264764341733,1.001825975753822,63612.91796875,300.0,132.74465099494589,11.543745208881557,False,True,science_V_003.fits,1395269.597937129,993.4399500802134,1404.4830770339672,-10.916267202355186,0.0007730246221925411,13.509977474740912,0.014299970260526495
10,254.4460696499027,50.999883432955436,73146.15130615234,287.2967529296875,254.60138536286905,74120.71058848854,4.669425063880212,0.02705598508674456,1.0278083678732088,4955.78173828125,112.0,132.8001572179698,11.543333296294012,False,False,science_V_003.fits,72988.11510529826,318.2491804786684,229.34266474942424,-7.712752244739299,0.0047339643549804255,16.713492432356798,0.015043337425573206
11,487.8117325045115,58.35273892005392,59298.94271850586,274.5314636230469,216.00053391303788,60378.45298622184,4.68402205087783,0.01094768666302015,1.0110688651301807,3984.9873046875,109.0,132.7339947847737,11.545368298864217,False,False,science_V_003.fits,58832.53250275579,311.18944234841035,189.0569681888063,-7.478665732571117,0.005742713481556203,16.94757894452498,0.015390592597969502
12,205.9747135924389,79.00090094597223,190215.90557861328,415.0098876953125,458.3406593875275,190537.21032833162,4.894272207768078,0.00692529274468956,1.0069735868752814,13027.6328125,153.0,132.81389981889023,11.551111019376576,False,False,science_V_003.fits,190379.25254247803,421.9315347275265,451.2088736515522,-8.753670917496088,0.002406202677739082,15.672573759600011,0.014480379612143632
13,13.328682371079058,83.17117518121975,319759.94522094727,511.1904602050781,625.5201732298892,319360.40978595277,4.931094011610586,0.004268532132681413,1.0042868306068742,21392.8125,176.0,132.8685190654319,11.552261720274412,False,False,science_V_003.fits,320958.0525983015,509.7870740567803,629.5923708778718,-9.32074256474544,0.0017244491042452674,15.105502112350658,0.014382812906332285
14,387.47996980666755,80.36898393756788,21214.35137939453,193.00802612304688,109.91434815187382,22059.477909538684,4.2638435798993894,0.008556404739046397,1.0086302486394039,1448.2772216796875,72.0,132.76243941085528,11.551488957470834,False,False,science_V_003.fits,22422.750862559067,264.33787827089395,84.82609836029701,-6.4313441028889775,0.012799126931295519,17.99490057420712,0.019175745946086176
15,241.08151341117807,93.14279809056525,34895.31463623047,225.73348999023438,154.58634267223752,35734.21075180964,4.522899432692742,0.023325224495582053,1.0238822841344861,2480.928466796875,92.0,132.80394639628648,11.555039625601006,False,False,science_V_003.fits,35126.99632251037,274.9703937168686,127.74828536151394,-6.918724412175235,0.008498744205666523,17.50752026492086,0.01661686599388635
16,27.468920050090084,101.97495880363844,219094.7211303711,435.62188720703125,502.94699959886395,219215.19626873347,4.885233687062334,0.0009272330816775254,1.0009280936408043,14200.134765625,159.0,132.86451122160986,11.557485900103238,False,False,science_V_003.fits,220561.77778868141,439.7497842565722,501.5619920349854,-8.913447508153324,0.0021646377062882975,15.512797168942775,0.014442203390927277
17,322.47580213029283,105.15649028507558,584987.8927001953,679.1427612304688,861.3621849407863,582033.997651437,5.072460720487286,0.006479321286340545,1.006521576676924,37345.3984375,227.0,132.78086893829374,11.558376160095772,False,False,science_V_003.fits,579340.4351494868,664.4005896440731,871.9745951156455,-9.961956477048652,0.0012451050822828266,14.464288200047447,0.014333243493757886
18,249.00764990165516,108.64056229547823,1653433.0479431152,1101.5025634765625,1501.0705401579364,1639853.4496623338,5.675110135883013,0.0803767151716741,1.0874017834233924,58131.81640625,366.0,132.8016991729879,11.559344579421714,False,True,science_V_003.fits,1627709.593192571,1066.5470306298657,1526.148914625267,-11.083564181744023,0.0007113984681282459,13.342680495352075,0.014296771319633026
19,308.7619445253004,115.46930431491488,8950.034393310547,145.9506072998047,61.3223511631289,9934.140159893306,3.8395335224615628,0.028381110564082435,1.0292101263907698,662.0428466796875,49.0,132.7847570350431,11.561241058109136,False,False,science_V_003.fits,7982.6171831998045,245.7121111658138,32.48768302598197,-5.3099851305736685,0.03341881903771695,19.11625954652243,0.036341560894671256
20,339.0343886605558,122.940776839325,1998709.3526000977,1234.8961181640625,1618.5242816793425,1989485.984787905,6.253020559434593,0.22709558892373283,1.2938210542847115,58247.08203125,371.0,132.77617370539056,11.563315891471941,False,True,science_V_003.fits,1957527.9621596006,1168.3664901442119,1675.4400084839665,-11.283891810093024,0.0006480088779677664,13.142352867003074,0.014293757304898923
21,274.4118320083304,127.62241280889532,782682.7713317871,773.9664306640625,1011.2619104942911,777710.9118559412,5.105883289215783,0.0008955040159314143,1.0008963066621468,48989.34375,250.0,132.79449626399182,11.564617266374993,False,False,science_V_003.fits,776201.7501666767,755.4573317481486,1027.4594176887858,-10.27955841815341,0.0010566840707365583,14.146686258942688,0.014318106146092599
22,365.7662129667085,135.34612317121454,200930.19311523438,430.4882507324219,466.7495402566198,201146.8033057002,4.906673426821429,0.00464427489787389,1.0046659448283148,13205.4111328125,159.0,132.76859398241942,11.566761101786339,False,False,science_V_003.fits,200501.5230593974,435.4053083193816,460.4939793529667,-8.809916063984755,0.0023576855478664484,15.616328613111344,0.01447239660623093
23,497.40430777134577,138.85026763094444,233430.3272705078,462.689697265625,504.50729430549234,233270.73231071292,4.992089044321989,0.0033802305074126515,1.003391695219064,14949.21875,174.0,132.73126965299042,11.567728067246657,False,False,science_V_003.fits,231526.0246244581,461.6038600649867,501.56864934331963,-8.966121411189892,0.002164608975105315,15.460123265906207,0.014442199084645412
24,461.39152139831157,139.20706881031177,35901.477294921875,332.60888671875,107.93902005775247,37445.70084574097,5.434706429124452,0.07932622558573776,1.0861610570326123,1636.91748046875,116.0,132.74148057132982,11.56782940616716,False,False,science_V_003.fits,36547.3093601643,360.48027959263686,101.38504497795226,-6.9617603975186535,0.01070867996592695,17.464484279577444,0.017848456767969367
25,352.04539131938884,139.48000829445053,20587.506286621094,193.67906188964844,106.29701572156073,21687.643856925642,4.320385087727544,0.004152505642998405,1.0041698208475984,1449.9837646484375,74.0,132.77248421308346,11.56790979565423,False,False,science_V_003.fits,20397.761965326725,264.2257046693191,77.1982498480029,-6.328578172577593,0.01406379033381787,18.097666504518504,0.02004200042258794
26,399.9356177602454,146.42829698370392,157523.1321105957,393.0093688964844,400.81266396498063,157934.37408662814,4.881375933551285,0.003245705674544186,1.0032562745834375,10391.99609375,150.0,132.75890528178857,11.569838277575792,False,False,science_V_003.fits,157866.00490904792,402.3681973965948,392.3421531087037,-8.550343420246937,0.0027672275114909517,15.875901256849161,0.014544728615061151
27,28.310638702824416,149.71300411453325,145119.05673217773,369.2911376953125,392.96652943756726,145641.6144907852,4.81665732546047,0.0017770293019965244,1.0017801927566885,9611.8046875,142.0,132.86427562554516,11.570746507286714,False,False,science_V_003.fits,147267.02308294026,380.89124394951216,386.6379850476709,-8.47488564378682,0.0028080531194216154,15.951359033309279,0.014552551140845365
28,329.33463865927945,162.1717865003625,630455.4715576172,701.9747924804688,898.1169670350499,627384.9496183388,5.064453157752986,0.0015211421026168903,1.0015234595010056,41641.90625,226.0,132.7789230751354,11.574213601780851,False,False,science_V_003.fits,627028.7282558599,687.6186863281732,911.8843637076551,-10.047840471879944,0.0011906114889234675,14.378404205216155,0.01432861256727192
29,498.8790093827426,165.0636697461635,91970.48825073242,325.1152648925781,282.88578907889956,92726.75947279569,4.824498584006517,0.0105229835337044,1.0106348943518517,6350.64599609375,131.0,132.73084971763683,11.575009461866436,False,False,science_V_003.fits,91227.98420915692,346.4732397092178,263.30456079586753,-7.954942070832303,0.004123361922476201,16.471302606263794,0.014862492924444165
30,452.0527660364946,168.88617398200492,340809.6729736328,538.4674682617188,632.9252797273621,340031.73055863706,4.992120426540861,0.004998538863905555,1.0050236497725322,23392.591796875,186.0,132.7441268007513,11.576074115418193,False,False,science_V_003.fits,339318.5313949041,533.3453179130058,636.2079500813213,-9.381140820698466,0.0017065174992881241,15.045103856397633,0.01438067398840551
31,42.19108160724944,174.82346644072754,243268.45877075195,457.7923889160156,531.3947209711711,243185.1062918141,4.914961290840793,0.009213925786256683,1.0092996117184716,16611.453125,168.0,132.86034147844268,11.577722471434676,False,False,science_V_003.fits,244342.60456357422,458.88719886882996,532.4676852304569,-9.024619871331707,0.002038996975995077,15.401624805764392,0.014423906927512508
32,17.42166803539986,194.14753273126888,328405.0886230469,519.48193359375,632.1780747044597,327954.9201568542,4.942602094795776,0.0012953359803181685,1.0012970160518773,21557.943359375,180.0,132.8673660578301,11.583088724378605,False,False,science_V_003.fits,329646.56669897115,516.9083355853328,637.7273183758749,-9.349743266250991,0.001702451766947972,15.076501410845108,0.014380192085094362
33,427.43482236871046,195.3948897797093,522226.55682373047,647.552490234375,806.4621242282859,520097.7468654123,5.039977794616274,0.00445167293843729,1.0044715789454206,32305.564453125,211.0,132.75110580777948,11.5834388985544,False,False,science_V_003.fits,519597.08217141364,635.8713323008634,817.1418583871077,-9.843788633043694,0.0013286554701076973,14.582456044052405,0.014340742928581956
34,264.4683910931348,197.22890289164627,151651.71017456055,430.40374755859375,352.34755978493234,152142.60619760858,4.8640174986749605,0.0058836629465361945,1.005918485319309,9671.162109375,146.0,132.79731537836355,11.583952437977503,False,False,science_V_003.fits,152804.4963322281,440.0902252528636,347.21174787381585,-8.514962208323727,0.0031269103267628105,15.911282468772372,0.014617426263779891
35,186.13129548126133,203.3790690666733,816534.9444274902,786.6914672851562,1037.9354275257654,811808.1291603022,5.103376274583157,0.0024623459738108977,1.0024684240879256,52893.3125,246.0,132.81952824020362,11.585660174996592,False,False,science_V_003.fits,811107.7258176439,769.6638500954548,1053.8467224581864,-10.327318219251914,0.001030225721504844,14.098926457844184,0.014316177821704941
36,351.8881794254019,203.50565500784555,413367.31091308594,583.293701171875,708.6778240234793,412120.3370625711,5.008912867290554,0.00377111435195987,1.003785389488588,26401.98046875,197.0,132.77252703816055,11.58569469661861,False,False,science_V_003.fits,411086.0421557593,575.2408928983865,714.6328559579224,-9.589453701982753,0.0015192416510778593,14.836790975113345,0.014359654507675177
37,42.364416536465704,205.17969539206038,404419.38482666016,570.7286987304688,708.6018027939584,403244.46056279284,4.998169859180144,0.000764438200640094,1.000765023013456,26597.037109375,197.0,132.86029415122766,11.586154761905341,False,False,science_V_003.fits,404027.0622429884,563.553833396919,716.9271829944706,-9.57064801323556,0.0015143797386301277,14.855596663860538,0.014359140934547572
38,302.4914552995242,220.1101284251856,645690.9959716797,760.835693359375,848.6602319098776,642686.676149046,5.073678446399446,0.004880908436030285,1.0049048485527086,41528.45703125,229.0,132.7865335061081,11.590308034528089,False,False,science_V_003.fits,641224.818810038,724.8923361275127,884.579387658532,-10.072147682823703,0.0012273629875932687,14.354096994272396,0.01433171316656666
39,328.75215016642636,216.18728521835104,20937.039611816406,190.9136962890625,109.66756193393074,21818.70455768214,4.226247561915024,0.001885367216951206,1.0018889285408974,1448.162841796875,69.0,132.77908711181388,11.589217916262506,False,False,science_V_003.fits,20571.877004222075,265.2545077053829,77.55523999264577,-6.337806671749545,0.013999054094900001,18.08843800534655,0.01999662716403351
40,280.0638231927831,227.00886500491828,532155.3042907715,662.4269409179688,803.3418803186488,532521.6287990627,6.941995162111267,0.40630270467909047,1.6843600398406275,21030.107421875,263.0,132.79289303132225,11.592224574908615,False,False,science_V_003.fits,518572.2622164724,633.1631274332389,819.0184168157376,-9.841645082001907,0.001325611216681908,14.584599595094192,0.014340461201900695
41,360.5469777318056,226.6718145231442,11499.032409667969,263.41912841796875,43.65298935854948,12585.401166896101,4.562501127951408,0.05989224998116127,1.0637078568706206,535.548095703125,65.0,132.77007110252077,11.592129497832719,False,False,science_V_003.fits,11851.288611705842,324.7605767659072,36.49238688305584,-5.73903581035491,0.02975141098550922,18.687208866741187,0.0330005763285144
42,42.783383684276004,233.75901469015002,1443390.7717590332,1023.9491577148438,1409.631289682645,1434497.2353677396,5.326798290027769,0.003328131585926375,1.0033392450327931,60281.96875,300.0,132.86017706233392,11.594093481656065,False,True,science_V_003.fits,1430083.0449766717,1001.0288038661917,1428.6132821087456,-10.943025018276835,0.0007599677348634345,13.483219658819264,0.014299270378010891
43,317.8435016800408,232.32268731043288,72093.4006652832,290.7616882324219,247.94669856110812,72806.44045195427,4.659469407603548,0.0073434477163758505,1.0073977728746988,4816.53857421875,112.0,132.78218006711054,11.593700177840859,False,False,science_V_003.fits,71121.5106933456,323.2646259644888,220.01018664243958,-7.684624306334355,0.004934771505668867,16.74162037076174,0.015107731537149699
44,203.8764246319992,237.0668790665002,1377369.4621276855,1014.9119873046875,1357.1319280458792,1368689.374403813,5.357794144251878,0.0005361501366555332,1.0005364377478274,56442.70703125,297.0,132.81449700566188,11.595018193343785,False,False,science_V_003.fits,1363304.855995582,980.6262593505414,1390.2389855422437,-10.891104328140626,0.0007809448672427624,13.535140348955473,0.01430040059827343
45,339.67385639527004,238.74223481598543,642148.3761291504,710.3155517578125,904.0325451695809,638638.6131032202,5.075519047166288,0.0028857221906217756,1.0028940736832708,41831.31640625,232.0,132.77598962894118,11.595482940441553,False,False,science_V_003.fits,637048.1825838652,694.1232210511992,917.7739099681784,-10.065052576696136,0.0011829710871140847,14.361192100399963,0.014327979724244941
46,87.23087963200604,238.66232216222133,98768.20281982422,320.27593994140625,308.3847098782807,99545.61559306044,4.7638146988673835,0.013995169853069811,1.0141938147006686,6493.568359375,126.0,132.84757361271505,11.595457844249466,False,False,science_V_003.fits,100295.79046101021,341.35078334230803,293.8203026194118,-8.057828637850172,0.0036951156551163094,16.368416039245925,0.014749422432424664
47,441.5741223155175,244.17303923170766,375266.2437133789,562.4662475585938,667.1800225208826,374316.37947278295,5.002138395819931,0.0050597906455759345,1.005085522323858,24258.107421875,193.0,132.74709400483107,11.596987677688507,False,False,science_V_003.fits,374207.35807809053,555.2150020020973,673.986395772276,-9.48740268110436,0.0016108633747065014,14.938841995991739,0.014369636849878882
48,354.91432015695693,246.0583762786469,16507.098846435547,180.57611083984375,91.41352513166038,17412.87238334606,4.171199019075662,0.03248326023580039,1.0335738482868184,1202.455322265625,65.0,132.7716677610229,11.597514813018337,False,False,science_V_003.fits,16282.255967924275,262.4437651601062,62.04093268510737,-6.083908318689111,0.017499736915796194,18.342336358406985,0.02258611021197555
49,266.04481246015416,247.05578639751323,19631.69091796875,187.33114624023438,104.7967266094287,20436.438501234843,4.2305040218035925,0.012297808920344044,1.0124509280544385,1471.8792724609375,69.0,132.7968682235675,11.597793234048837,False,False,science_V_003.fits,19900.168003810846,261.2387931650891,76.17615960748599,-6.301763731248574,0.014252490616412043,18.124480945847523,0.02017486235780407
50,233.7548983148056,262.43774157426674,311626.7029724121,514.5269775390625,605.6566838592125,311130.07776188746,4.968397362136219,0.0017869433704678084,1.0017901422532995,20036.28515625,181.0,132.8060246819415,11.602065953834181,False,False,science_V_003.fits,310823.9445643663,511.27458038968786,607.9393666069996,-9.285908043118056,0.0017858688869902505,15.140336633978043,0.014390306114428075
51,415.1594244915915,262.218385574663,24871.199249267578,209.70864868164062,118.59882463419345,26456.558141166777,4.4118680615075965,0.03425655251219217,1.035471690334844,1784.4691162109375,80.0,132.75458350872884,11.60200153791007,False,False,science_V_003.fits,21743.503481886393,276.94773085187006,78.51121731528559,-6.397945679748541,0.013828597200831095,18.028298997347555,0.019877667944913958
52,368.1865481778554,267.1347659154675,498755.71060180664,635.1585693359375,785.2459758564843,496744.38724292116,5.038678254698569,0.0016305281516648673,1.001633191115756,33784.44921875,211.0,132.76790352173808,11.603368973928276,False,False,science_V_003.fits,495431.6811943325,623.3291480323852,794.8155204328616,-9.792081311074144,0.001365977352088848,14.634163366021955,0.014344248900233359
53,427.269874037836,273.7138944548651,1006530.1817626953,871.7931518554688,1154.5516039217111,1000502.4716256959,5.134448327757883,0.0001929302539059874,1.0001929674831715,58142.6796875,258.0,132.7511487719836,11.605194177095832,False,True,science_V_003.fits,998230.3114478696,851.4879533710973,1172.336387726696,-10.552698756947198,0.0009260993784431663,13.873545920148901,0.014309061550087031
54,404.2985349078099,270.5619122361131,29006.299560546875,216.88580322265625,133.73996420950078,29975.664493492215,4.395571485709424,0.029665766200716592,1.0305727296506506,1937.66552734375,81.0,132.75766299579823,11.604319648200757,False,False,science_V_003.fits,26050.601057508593,280.7711705652287,92.7823216502797,-6.594166244276377,0.011701582593419909,17.83207843281972,0.018461273454885338
55,255.0917118125067,278.01128942288517,1695101.1033325195,1110.963623046875,1525.793525699444,1685343.368848505,5.581432611208898,0.029272191408863946,1.0301548911546565,56713.421875,326.0,132.7999741647568,11.606392001718238,False,True,science_V_003.fits,1674129.1515998791,1082.2997577651672,1546.82576577193,-11.114094271122406,0.0007018890065218114,13.312150405973693,0.014296301289595937
56,318.28697065833586,276.26364329344096,232438.48928833008,457.8555603027344,507.66772196594405,232460.5505564074,4.931860609284563,0.011930175154014622,1.0120742227462256,15316.0068359375,166.0,132.78205353085923,11.605905990575218,False,False,science_V_003.fits,230961.9643525769,459.8768115538341,502.2257233892734,-8.963473035547292,0.0021617769648936873,15.462771641548807,0.014441774892005871
57,337.51091860905393,280.30851351217507,1305535.9924926758,983.7284545898438,1327.1304559722294,1296777.6292012543,5.2744571192928555,0.0015964417051200774,1.001598994406477,59876.39453125,293.0,132.77660199447996,11.607029177922444,False,True,science_V_003.fits,1291746.2636158762,958.5769506592444,1347.5665805729009,-10.832564909090937,0.0008056744769808913,13.593679768005162,0.014301772398842205
58,41.205615264176885,283.1395364220519,1303252.680480957,976.1653442382812,1335.0737025989256,1295116.7937727687,5.246308691145611,0.0010346895021418057,1.0010357611933753,59981.81640625,288.0,132.86062743887442,11.607810192645198,False,True,science_V_003.fits,1292220.1052383105,954.5097427284753,1353.8050450323187,-10.832963108554186,0.0008019618511423717,13.593281568541913,0.01430156373254736
59,186.04759377498618,281.28481400551993,147141.79397583008,379.1663818359375,388.0665613427122,147558.15359611323,4.868552866503909,0.015348393212055611,1.0155876384157072,9981.8271484375,147.0,132.8195534901371,11.607300656510386,False,False,science_V_003.fits,142692.59803976744,389.5677657268167,366.2844069594563,-8.440625487383572,0.0029640901424454447,15.985619189712528,0.014583463674928824
60,67.80234813634834,288.1929146528123,665448.8849487305,715.7042846679688,929.7818934498165,661939.566346196,5.074788099487444,0.006310687621768896,1.006350765317849,44838.83203125,233.0,132.85308547673674,11.609215383326235,False,False,science_V_003.fits,660294.1347383196,700.9179231022301,942.0420180095958,-10.103965472887143,0.001152496363478493,14.322279204208956,0.014325495811777594
61,168.0515504508276,291.72232792099686,310115.64334106445,513.2346801757812,604.2375063876253,309621.6591472476,4.979467446849932,0.003421312738623894,1.0034330583047344,20829.2734375,183.0,132.82465701009005,11.610199577555742,False,False,science_V_003.fits,304066.96344260254,509.3949912272354,596.9178509392954,-9.262044966706581,0.0018188432433232967,15.164199710389518,0.014394435491856187
62,202.46742931363647,289.63041048523866,16559.013793945312,175.40711975097656,94.40331622487132,17738.193877522674,4.130046630267588,0.016765005103985042,1.0170508629076593,1139.9429931640625,63.0,132.8148973260255,11.609619153518835,False,False,science_V_003.fits,17468.252280811463,256.34683421521777,68.14303884145443,-6.160245512747661,0.015932661919085427,18.265999164348436,0.021394889534963744
63,350.35396814015695,295.22262546024996,106915.85372924805,339.3912048339844,315.0224643609922,107707.5036544076,4.8081302583637004,0.005105811260564641,1.0051320143572593,6937.9775390625,131.0,132.77295960347683,11.611171670294286,False,False,science_V_003.fits,102524.50234561083,359.7384564667899,284.9973376562692,-8.081691048784133,0.0038095092709583334,16.344553628311964,0.014778495974589016
64,312.9451355703436,297.8785070124076,753453.3265686035,762.37841796875,988.2930954106412,749147.8889337676,5.086224247412367,0.004106168533422383,1.0041230986714473,51358.94140625,239.0,132.78356799143003,11.611910208546464,False,False,science_V_003.fits,747635.6065395225,745.2515674057147,1003.1989723176389,-10.238846815797826,0.0010822379507544385,14.187397861298273,0.014320014712544097
65,108.1279332812418,298.07392619146094,384226.9169921875,560.7471923828125,685.2052443802204,383158.617393994,5.005157491480843,0.004843550619055614,1.0048671247843177,26322.208984375,194.0,132.84165040570875,11.611961971483835,False,False,science_V_003.fits,382584.3905167607,553.9398274929852,690.660558292508,-9.511439991021772,0.0015719733622608075,14.914804686074326,0.014365329186520014
66,236.1154805397115,298.4902804193027,123750.90121459961,353.7589416503906,349.8170269202663,124419.95077991328,4.8109571100826924,0.009454538420174186,1.0095447799085315,8004.5556640625,134.0,132.8053554797405,11.612080560831748,False,False,science_V_003.fits,124709.71724142601,370.99817192711436,336.14644674294044,-8.294372610381833,0.003229842262263334,16.131872066714262,0.014639790416004205
67,426.127318062116,300.55924337098185,263748.2561340332,484.6556396484375,544.19722903741,263585.6036407839,4.9398421907401895,0.006465808377752125,1.0065078871288715,17187.728515625,170.0,132.75147147543004,11.612651269850701,False,False,science_V_003.fits,262660.8251806208,485.1069996736809,541.4492583230217,-9.103110134835873,0.0020051740459717934,15.323134542260226,0.014419164516020516
68,1.9964120137075672,298.9978459889232,39549.830078125,183.5220489501953,215.5045146038999,39232.86216811483,2.6536983617404757,0.0024224363039629937,1.0024283187514642,39911.1640625,25.0,132.8717474064337,11.612212743499972,True,False,science_V_003.fits,40099.623375141804,246.8414750832485,162.45091454593685,-7.062472608155824,0.006683249540543477,17.363772068940275,0.015765703498626403
69,77.10543822545779,306.76218274363634,1475935.3345947266,1037.454833984375,1422.6502072638234,1466097.218581306,5.3853896775813155,0.0018084748462727784,1.0018117513530225,58316.12109375,311.0,132.8504482503553,11.61437398097315,False,True,science_V_003.fits,1458925.6907737432,1011.9921311117845,1441.6373862225125,-10.964704804067903,0.0007531020008053714,13.461539873028196,0.014298907126387083
70,182.74805931036758,309.4802583143332,1761326.9854736328,1131.2928466796875,1556.9151618372534,1750150.2609095788,5.590155712978178,0.0031265502314798965,1.003136356206704,56759.87890625,338.0,132.8204897371632,11.615132659121551,False,True,science_V_003.fits,1737822.7116076662,1101.2411166038019,1578.0583247445982,-11.154635545838907,0.0006879973844919299,13.271609131257192,0.014295626001910304
71,439.6695775741081,307.85867834239303,35500.531341552734,233.2097625732422,152.2257514001087,36667.756227676684,4.484188827507347,0.018514139025330834,1.018863378232413,2441.88037109375,88.0,132.74763075051246,11.614678222985926,False,False,science_V_003.fits,34116.72009727824,290.69517653163365,117.36252559927024,-6.8870400551240945,0.009250823416216181,17.539204621972,0.017013797820105887
72,350.1663976614781,319.75713056058146,1844160.0518188477,1158.7020263671875,1591.574028398602,1832386.7476588013,5.594429107864984,0.0010568926925896838,1.001058010896575,59598.859375,336.0,132.77301213591028,11.61798681433892,False,True,science_V_003.fits,1820145.5526212128,1127.5324210369251,1614.2733624877342,-11.204887171163838,0.0006725626682749958,13.22135750593226,0.014294891497600933
73,216.48413909108305,321.7756326453482,77807.9609375,417.0194396972656,186.58113634698788,78606.97629029572,5.135710808258633,0.11197543316251024,1.1260949723061005,5279.03173828125,139.0,132.8109228256577,11.618548557722624,False,False,science_V_003.fits,77120.17835350608,429.4553116077845,179.57672490947988,-7.772541937230043,0.006045883733247024,16.653702739866052,0.015506266233409229
74,199.48662210515712,330.6228287687158,1059608.5655517578,890.1456909179688,1190.3765601100977,1052842.1013362873,5.189668020625646,0.0025521224996161163,1.0025586524942154,56071.62890625,272.0,132.81574326371214,11.62100589054131,False,False,science_V_003.fits,1049343.9229941175,868.6284236674976,1208.046955870507,-10.606916503435249,0.000898723344091915,13.81932817366085,0.014307315822146446
75,499.28989022089155,333.9306644902191,1340777.0903625488,1000.981201171875,1339.4628078857684,1330548.8557117712,5.297698580394487,0.0015708587948163322,1.0015733302745151,61297.51953125,306.0,132.73072157349068,11.62191689580615,False,True,science_V_003.fits,1324446.2525760473,971.8557252398467,1362.8013070038598,-10.859707721199216,0.0007966678593719056,13.566536955896883,0.01430126784811691
76,17.162627979332875,334.1982882298617,112051.24240112305,334.8563537597656,334.62480595936796,112641.55700095711,4.71439072824498,0.0026120336348418594,1.0026188742223963,7674.34326171875,126.0,132.86744890930328,11.621991666497392,False,False,science_V_003.fits,114933.37720662256,355.1307707802719,323.6367745720763,-8.205737294579421,0.0033546867516386233,16.220507382516676,0.014667839158752933
77,223.0697411792868,333.4922855936402,36611.869232177734,227.15716552734375,161.1741771261476,37490.222101053354,4.423313222072708,0.009578087061047125,1.0096707140016978,2460.10888671875,85.0,132.80905533053945,11.621803247326024,False,False,science_V_003.fits,36213.77076491985,282.8812628514939,128.01756609779858,-6.9518062444330075,0.008480867376986244,17.47443843266309,0.01660772994275424
78,317.11023530336166,338.86315360210995,1772191.8913269043,1146.9766845703125,1545.0984446042282,1761009.7884599715,5.593228642427321,0.0007226414458569863,1.0007231640341603,58034.25390625,337.0,132.78238612694304,11.623294761760693,False,True,science_V_003.fits,1748555.6246569562,1106.1988361378749,1580.6883604775544,-11.16132050539858,0.0006868526568209755,13.264924171697519,0.014295570955985224
79,172.9863069232319,346.9781599550643,228010.2487487793,453.9842224121094,502.2426716446555,227818.2409574841,4.952899303331452,0.0021100695603938346,1.0021145313686695,15625.7607421875,173.0,132.82325889122484,11.625548532286958,False,False,science_V_003.fits,227672.01185122106,453.3431359114586,502.2068138155006,-8.947895987187582,0.002161858362198291,15.478348689908517,0.014441787076523214
80,69.38438896418883,349.18095750410413,545042.6541442871,654.3215942382812,832.9889444941679,542766.3304682776,5.046429201821794,0.0056831881314589605,1.005715671367136,35608.1171875,216.0,132.85264003861894,11.626156579042547,False,False,science_V_003.fits,542354.6982772453,642.6356316355457,843.9536676435455,-9.890330390763143,0.0012864450284711117,14.535914286332956,0.01433689377782734
81,372.73131472835485,350.2924974303113,684214.3232421875,732.1812133789062,934.4876797434357,680628.266869182,5.08635244562048,0.003120284219132685,1.0031300508674594,44984.1953125,233.0,132.76661198575337,11.626468192892839,False,False,science_V_003.fits,680065.14069299,715.5806227499243,950.3683010302168,-10.135998159073267,0.0011423992138869545,14.290246518022832,0.014324687024480353
82,46.61943408312123,358.4386756472699,873447.7265319824,810.73095703125,1077.3583011192638,868557.9873585125,5.087185956997522,0.002288942331565069,1.0022941936084322,54799.25390625,250.0,132.8590966316148,11.628726922853513,False,False,science_V_003.fits,868287.4799953185,793.6150733874745,1094.0914671505816,-10.401280721270664,0.0009923301959639298,14.024963955825434,0.014313500676048752
83,195.88811195559543,358.0061432543716,143315.1632385254,503.0379333496094,284.89931620906594,143964.30446250067,4.8937886702947,0.017673620305828086,1.0179915969591802,9807.7265625,146.0,132.81676422545098,11.628612307905557,False,False,science_V_003.fits,143031.22268353662,541.707527504223,264.03772408797033,-8.443199001952758,0.004111912431264079,15.983045675143343,0.014859320517029382
84,425.82045308118006,356.5858186521683,37785.48098754883,234.66986083984375,161.0154829952214,38828.60176747262,4.430881492952518,0.018110136970403645,1.0184441632939618,2640.6513671875,85.0,132.75155579568798,11.628214214311125,False,False,science_V_003.fits,38187.25260350499,293.77540976718024,129.9879136710889,-7.00941790907747,0.008352314990970385,17.416826768018627,0.01654245290438558
85,150.7412365194426,363.44634393890885,191793.86724853516,494.0975036621094,388.17007944183865,191963.00601221333,4.928848448373142,0.005939518569373803,1.005975007235803,12017.8544921875,160.0,132.8295679780406,11.630122452118478,False,False,science_V_003.fits,191544.58130308683,494.2555614515102,387.54158019095684,-8.760296550358664,0.0028015058396186378,15.665948126737435,0.014551289199065613
86,189.41565934880447,375.4542158541757,249570.70825195312,468.8160400390625,532.3425116409381,249510.52286496534,4.942682932360025,0.0026094769367875914,1.0026163041220537,15422.138671875,168.0,132.8186001273454,11.633458881220164,False,False,science_V_003.fits,248631.7717975159,469.98517964571965,529.0204512085625,-9.043513436159381,0.0020522836074100483,15.382731240936717,0.014425791153024165
87,413.7326202044729,378.5333666958215,722021.7438659668,762.2476806640625,947.2272099758293,721210.398303861,6.720617555241494,0.368854335845886,1.5844202959711986,31137.876953125,283.0,132.75498289874983,11.634311303716293,False,False,science_V_003.fits,704904.9720401447,728.5487981902179,967.5466815554338,-10.17494830871701,0.0011221164008899524,14.251296368379089,0.014323083732303336
88,168.90536734588173,380.21017610879187,118043.89462280273,348.1316833496094,339.0782863743481,118578.78702937686,4.810661556578828,0.006845861774862905,1.006893050646798,8133.5537109375,135.0,132.82441703501547,11.63477954942988,False,False,science_V_003.fits,118046.3579889335,364.91732172689,323.4879545599682,-8.23475335554877,0.0033562300688347053,16.19149132154733,0.014668192208325348
89,334.402065499143,382.4169897353559,954626.3135681152,850.3607788085938,1122.6132923317602,949153.9744612878,5.114142055617758,0.0027115131071042686,1.0027188854005045,56788.41796875,254.0,132.77748130448592,11.635392706501069,False,True,science_V_003.fits,947897.0228358638,830.8854505101605,1140.8275620350057,-10.496524772124125,0.0009516775682236594,13.929719904971973,0.01431073976352328
90,318.2131617294606,387.30498803327646,18979.808471679688,189.03469848632812,100.40383391863053,19938.769591785167,4.2162822773535105,0.018218273518867623,1.018556337959319,1330.9658203125,68.0,132.78207248010904,11.636750803320838,False,False,science_V_003.fits,19647.011317971577,267.6849527576819,73.3960243770473,-6.2878631123677415,0.014792354343643777,18.138381564728355,0.020559798866072187
91,63.359087274449095,389.97332774308103,181584.11190795898,408.02752685546875,445.0290726887149,181990.81089813437,4.862757987463979,0.007025684279868383,1.0070753937626,12085.6787109375,150.0,132.85435099639136,11.637487469455412,False,False,science_V_003.fits,182410.7925154164,416.39202205516614,438.07465766298833,-8.707248199581494,0.0024783446862503312,15.718996477514604,0.014492542039590278
92,282.4023302235279,392.9434606267774,463451.8342590332,613.85986328125,754.9798610089207,461861.75902669824,5.022018564566507,0.003144576176235536,1.003154495728351,30252.875,203.0,132.79222863694906,11.63831749500595,False,False,science_V_003.fits,462166.57580168627,604.1941991448658,764.9305081972063,-9.716618208563597,0.0014193446180605159,14.709626468532502,0.014349429310263305
93,98.38458252372655,393.0141626793582,121146.87210083008,350.6192626953125,345.5225795911461,121817.70702012908,4.831322977377705,0.01321407562051069,1.0133910256460334,8025.13134765625,138.0,132.84441763768257,11.638333836781582,False,False,science_V_003.fits,121989.15571540451,365.7263359895009,333.5531070940063,-8.27042493797601,0.0032549539395956336,16.155819739120087,0.0146453510553457
94,242.3935315778812,397.4813450276737,272803.0397338867,488.8623352050781,558.0365270305507,272563.4231078549,4.955547473685965,0.0019921940580810427,1.001996170817723,16861.45703125,174.0,132.8035754904063,11.639578099964472,False,False,science_V_003.fits,272056.1631631877,487.87159516962873,557.6388661623067,-9.141268296203732,0.0019469589834579348,15.284976380892367,0.014411184256288371
95,407.08826492671596,398.05234342905953,946006.5164489746,848.3527221679688,1115.1098967790792,940655.358269282,5.11681230287938,0.002891277581272056,1.0028996613070023,59187.24609375,252.0,132.7568664286014,11.639733524212444,False,True,science_V_003.fits,937297.3118456091,828.6666389172858,1131.0909210370255,-10.48431530273615,0.0009598697857150075,13.94192937435995,0.014311286888010973
96,40.994141053053646,402.45253710255037,640146.4830322266,709.3134155273438,902.4874886319546,638799.984081199,5.884840951710835,0.23519358062474005,1.3075204060353736,25067.48046875,252.0,132.8606946150722,11.64095265480216,False,False,science_V_003.fits,632024.7755857458,688.4252013751584,918.073269722331,-10.056457131808864,0.0011825853510889902,14.369787545287235,0.014327947881606651
97,221.86621930928177,404.25314517438,1024676.3127746582,877.3289184570312,1167.950002807121,1018320.0654345887,5.1479954115282975,0.0025209880557984787,1.002527359498908,57954.55078125,266.0,132.80939730122185,11.641459024361922,False,True,science_V_003.fits,1016082.2564967001,856.3992514578275,1186.4585994990632,-10.571944042770355,0.0009150761775070748,13.854300634325744,0.014308352343860813
98,469.5323824203495,404.33281970887623,172066.28448486328,413.19024658203125,416.433557926936,172362.2212009469,4.926969456109052,0.006836261264328125,1.0068833174205805,10743.525390625,156.0,132.73915628732667,11.641474923661066,False,False,science_V_003.fits,171192.03884181764,420.15287815819636,407.4517818187128,-8.638330784714684,0.002664609773342603,15.787913892381415,0.014525554296811505
99,121.25064598977217,406.83115114600724,495483.1636657715,629.5565795898438,787.0351605070649,493372.1553228427,5.050648929104556,0.010057157052660193,1.0101593310404842,33278.9140625,213.0,132.83793315114872,11.64217280722072,False,False,science_V_003.fits,492207.4913497904,617.8826663638331,796.6034947158716,-9.784992422382256,0.0013629114197989327,14.641252254713843,0.014343957261636155
100,451.07744500393693,402.7717863300338,7872.314208984375,144.8834991455078,54.335478197404235,8593.2895586524,3.724561119821899,0.04937211525410634,1.0519363212949553,577.419189453125,44.0,132.74439040569007,11.641042354951276,False,False,science_V_003.fits,8045.543710514981,325.7103129431936,24.701531977337744,-5.3185103706715475,0.04395273948984493,19.10773430642455,0.04621401184757282
101,177.24502235866044,410.8125233179741,998173.7513122559,865.88623046875,1152.7770233416134,991789.5325516651,5.140345486961183,0.0005848813183614299,1.000585223604715,57479.203125,264.0,132.8220525396012,11.643280386294398,False,True,science_V_003.fits,990117.7904543604,845.4599584054938,1171.09956611273,-10.54383903402297,0.0009270774504714407,13.88240564307313,0.014309124885351965
102,307.4632319389714,406.6690846236424,34989.944763183594,228.4657440185547,153.1518211340336,35765.951700955215,4.449582698225277,0.025377386436242877,1.0260381670639152,2321.98876953125,85.0,132.78512094797483,11.642129888743577,False,False,science_V_003.fits,35748.047337942866,286.67328976032945,124.69960967702882,-6.937752684941895,0.008706522841666915,17.488491992154202,0.016724088088081037
103,342.7471438838767,412.85053547004077,29696.817504882812,217.9266357421875,136.26979283071606,30643.63140688023,4.378763128680176,0.014871682681249054,1.0150961884049032,2107.26513671875,80.0,132.77511384028554,11.643846270947035,False,False,science_V_003.fits,27520.127700560188,282.60636742733203,97.37971564860999,-6.6537479860600355,0.011149139148420768,17.77249669103606,0.01811614987066167
104,57.369075546884105,415.39481404675325,168200.71853637695,397.2252197265625,423.4391730015559,168546.3267983743,4.863053741337484,0.0033509087636697243,1.0033621751056965,10968.66015625,150.0,132.85605122655343,11.644548663059343,False,False,science_V_003.fits,167196.46353961318,405.7967941842925,412.02016855678005,-8.612689592063422,0.0026350651809181544,15.813555085032677,0.01452016359732608
105,411.81015291970573,418.0771341278264,1003606.8649291992,873.0399169921875,1149.554385081089,997362.8729691517,5.132073560493643,0.004362671570319332,1.0043817878716943,60089.27734375,262.0,132.7555263683573,11.645295759016303,False,True,science_V_003.fits,994838.8567036431,851.3173902496724,1168.5874952135996,-10.549003723362368,0.0009290703558329204,13.87724095373373,0.014309254142390293
106,136.13441753202036,418.4380703397777,88621.47094726562,312.9634094238281,283.1687931519519,89355.55438963624,4.753399877820743,0.0014570350103165763,1.0014591610590653,5791.697265625,124.0,132.833712319057,11.645397470627122,False,False,science_V_003.fits,88437.8112914941,336.85008680278014,262.5435312512563,-7.92121683873214,0.004135314227037559,16.505027838363958,0.014865813336032627
107,35.91354141830248,422.40231236702147,932775.9736328125,835.3787231445312,1116.5905328802949,927284.7924812194,5.091816818020599,0.004695835491982936,1.0047179903987482,60934.49609375,250.0,132.8621367623641,11.646493947315257,False,True,science_V_003.fits,926174.2338580331,818.2747935595619,1131.8621093399443,-10.47135361095407,0.0009592157834783744,13.954891066142029,0.014311243038419139
108,474.6267253507817,428.05286396230673,353568.77154541016,552.257568359375,640.2244021675942,352587.05601458106,5.021103009803139,0.006206724658333496,1.0062454886869703,23467.92578125,192.0,132.73771000278543,11.648063510088205,False,False,science_V_003.fits,351441.46002974076,544.7694365904649,645.1196348849869,-9.419254360280046,0.0016829436608196875,15.006990316816053,0.014377895595354677
109,95.96681844044498,427.6489738831334,39549.1875,233.929931640625,169.06424595873204,40396.75499933619,4.521406485828073,0.008470975737410291,1.0085433462159217,2714.5908203125,92.0,132.8451048907535,11.64795450337045,False,False,science_V_003.fits,40802.58483604381,282.79237721347016,144.28459931663346,-7.081341065127851,0.007524711612619339,17.344903611968245,0.01614041099967763
110,168.7475934810791,432.5434149457193,23963.889770507812,199.88751220703125,119.88687790404576,24941.496235936436,4.326489815109281,0.012859649528481065,1.0130271744259451,1628.293212890625,75.0,132.82446305466652,11.649316547215705,False,False,science_V_003.fits,23555.768332778865,267.48178631731145,88.06494325125693,-6.484865060170229,0.012328401744408144,17.941379616925868,0.018864810414020917
111,148.81034349152853,442.7015894597612,285000.9067077637,497.0923767089844,573.3359030661888,284550.3790442203,4.9713827900920595,0.0067670802681621955,1.0068131856422853,18804.5390625,180.0,132.83011795532832,11.652137727123629,False,False,science_V_003.fits,283880.30582014745,494.0481052174527,574.600535498864,-9.187460035081553,0.0018894865788062715,15.238784642014545,0.014403532272221119
112,374.43164072229155,448.30144153904206,835977.9944763184,809.7265625,1032.420119571313,833656.3705697332,6.090362484801042,0.26723236809210427,1.364689099866919,42420.00390625,279.0,132.76612647516615,11.653692825129323,False,False,science_V_003.fits,822357.9576618385,780.2090979878373,1054.022517531138,-10.342274122264852,0.0010300538953788778,14.083970554831247,0.014316165457719866
113,179.3893042898782,450.76086387815843,22565.970275878906,198.80589294433594,113.50755222430553,23329.65756741209,4.348606697948686,0.003966604597917089,1.003982401208863,1532.7227783203125,76.0,132.8214452448815,11.6543771843188,False,False,science_V_003.fits,22516.30679697224,266.2571474317059,84.56601828030776,-6.435864767860606,0.012838490236128555,17.99037990923549,0.0192020419208113
114,123.68312668949284,459.48377173486875,26627.515197753906,210.80250549316406,126.31498442326335,27874.728546938375,4.496903972680917,0.007668120448758642,1.0077273748901692,1724.8509521484375,85.0,132.83724522147682,11.65679861053495,False,False,science_V_003.fits,23540.237319224623,269.5789058565386,87.32225262369748,-6.484148966136765,0.012433256900490944,17.942095710959332,0.018933500984736867
115,264.5033903844861,461.18854508692397,22116.82080078125,197.12693786621094,112.19583198614806,23204.493173073446,4.2773560868332385,0.020777998253446284,1.0212188841921304,1517.2862548828125,72.0,132.79730474618523,11.657274541139758,False,False,science_V_003.fits,20273.44154231141,270.45497015706906,74.96050647742742,-6.3219405718668344,0.014483626792555531,18.104304105229264,0.020338805949501035
116,61.38664205451608,466.8630502906024,71906.76846313477,285.9031066894531,251.5074750175402,72957.14885674577,4.661399130338442,0.008599006242991591,1.0086735905018662,4799.8857421875,110.0,132.85491459912075,11.658845595187216,False,False,science_V_003.fits,73360.97628032058,318.5783572438736,230.2760831432197,-7.718284629657593,0.004714775347836498,16.707960047438505,0.015037309897917015
117,433.2263073680308,469.37668548615045,123458.91192626953,361.27386474609375,341.7321981290772,124243.85896871459,4.812742857757073,0.013937746613329471,1.0141347532221823,8100.93896484375,134.0,132.74944983496258,11.65954462111624,False,False,science_V_003.fits,122462.81198858212,380.37867577666646,321.94973006448,-8.274632442728919,0.003372265601162506,16.151612234367178,0.014671869603776137
118,174.93419437146852,472.23965032575205,89422.88589477539,317.0508117675781,282.0459137014575,90177.82612508125,4.769772435960199,0.006080671262209014,1.0061178720308528,6241.4228515625,127.0,132.82270931017953,11.660343411109045,False,False,science_V_003.fits,89234.41001416782,339.8695699788414,262.554867797441,-7.930952765518859,0.004135135673194256,16.495291911577237,0.01486576366760719
119,277.8960648005501,480.26953248680843,1776440.850769043,1140.3612060546875,1557.7878669820793,1763767.001446621,5.556786750020603,0.0011109778042788232,1.001112213448734,60541.61328125,344.0,132.79350608788394,11.662574749301964,False,True,science_V_003.fits,1751958.2169739674,1107.3978858753112,1582.0494506264854,-11.163431234851029,0.0006862617344673184,13.26281344224507,0.014295542576398434
120,243.58216541467417,481.02733103513833,1235893.2015075684,1039.3792724609375,1189.0685472121693,1227336.121060873,5.235661190351061,0.001163567450797598,1.0011649229171866,60372.01171875,291.0,132.80323865146218,11.662785303387794,False,True,science_V_003.fits,1223042.9896445205,934.2786170600554,1309.0773644088479,-10.773226180648907,0.0008293627477779205,13.653018496447192,0.014303126404839888
121,195.75071874611746,481.4671319813025,165185.98272705078,401.0470275878906,411.8868146725007,165635.8898378511,4.924906683354084,0.0029891040465480634,1.0029980655764945,10462.9912109375,156.0,132.816805254964,11.662907000369124,False,False,science_V_003.fits,164936.61229279454,416.42908333466164,396.0737107313032,-8.597914549413828,0.0027411564327139604,15.828330127682271,0.01453979095358786
122,325.98743835271534,493.1223052306861,26541.890258789062,209.5366668701172,126.66943048798827,27764.951371502015,4.355712187772423,0.03344697532474572,1.0346043874168036,1918.0673828125,76.0,132.77986552080432,11.66614433170786,False,False,science_V_003.fits,27598.590687417065,279.13207121633724,98.87287608032393,-6.656839137871959,0.010980766849727135,17.769405539224138,0.01801301815336599
123,357.85716436647147,493.47027642637454,3300.8970947265625,107.91149139404297,30.588930354721995,4568.75410353378,3.121528441997274,0.0661574819737204,1.070844366899836,310.6224060058594,27.0,132.77082608429788,11.666240219955798,False,False,science_V_003.fits,4094.0867277833263,250.97470669603382,16.312746338784844,-4.585014469978492,0.06655531677205466,19.841230207117604,0.068069830123293
124,29.084376482168054,14.006039516380392,1050497.599822998,873.3209228515625,1202.8769405786354,1048717.796429996,5.092273162860322,0.01199897801854144,1.0121447020312562,65006.30859375,229.0,132.8640475914124,11.53305022799404,False,True,science_V_003.fits,1064147.911244417,869.5586607678213,1223.779325370382,-10.622126866336822,0.000887169751516605,13.804117810759276,0.014306594722484883
125,31.718886788231764,22.448776844771533,117691.01382446289,325.1030578613281,362.01140216485965,125865.17840547342,4.5333077669408235,0.11916209549097545,1.1352826608403006,7900.2138671875,100.0,132.8633012361159,11.535395590885134,False,False,science_V_003.fits,282088.94848090946,491.31906192019045,574.1461513388866,-9.180587053911983,0.0018909819345966,15.245657623184115,0.014403728512520532
126,211.09127859848138,19.48981732988356,1784977.834411621,1133.8734130859375,1574.230256932866,1774107.9343801257,5.51154015631594,0.003191465750804978,1.0032016838150455,61361.88671875,323.0,132.8124484335637,11.534580245209742,False,True,science_V_003.fits,1762154.1309132634,1107.6634489929834,1590.8750374631402,-11.169731604829122,0.0006824546079566952,13.256513072266976,0.014295360319955128
127,238.91649229137698,16.953898294685864,1567811.4179077148,1057.0682373046875,1483.1695462776559,1565605.0615360914,5.325887514271979,0.026616666455696714,1.0273444855058074,61600.8359375,241.0,132.8045598859475,11.533876053577673,False,True,science_V_003.fits,1563360.577381719,1046.6170701087724,1493.7273832341016,-11.039769764877176,0.0007268394569090161,13.386474912218922,0.014297547970947537
128,227.39040443443315,16.443894852443893,281853.30685424805,523.8336181640625,538.0588360137908,282682.70619160775,4.994095745927392,0.01545052409316694,1.0156929889977708,17287.7578125,156.0,132.8078275561412,11.53373431694435,False,False,science_V_003.fits,295820.0034231875,543.2017970851667,544.5858334979089,-9.232190718431255,0.001993625124301308,15.194053958664844,0.014417563022982478
129,249.44935388331095,24.60364173508533,1701040.327758789,1110.2689208984375,1532.0975808115886,1687628.8750694108,5.6195688555839,0.06374410277181664,1.068084060095678,60951.75,328.0,132.80157380581372,11.53600101088154,False,True,science_V_003.fits,1676628.5445466465,1081.9385789821756,1549.6522419266355,-11.115714013378694,0.0007006088015270976,13.310530663717405,0.01429623849403064
130,341.62363330138373,25.516885380089036,1697332.3809814453,1108.2099609375,1531.598199627778,1687131.3994696815,5.454507521581987,0.0044008850565872,1.0044203384580523,61748.69140625,309.0,132.77544195160488,11.536253662298803,False,True,science_V_003.fits,1677165.7093935702,1082.7711159603223,1548.9568244587615,-11.116061810102675,0.0007009233458649609,13.310182866993424,0.01429625391220388
131,340.51819868349276,41.36646424867272,1077216.5258789062,889.014404296875,1211.69749407028,1076422.9566933427,5.131972876548344,0.02145821558803296,1.0219287678153957,60403.91015625,231.0,132.77575496530957,11.540656343772811,False,True,science_V_003.fits,1074027.2670948997,878.1425296449792,1223.0671341349496,-10.632160142157673,0.0008876863499139756,13.794084534938426,0.014306626766685775
132,351.76375598401887,41.89671731246331,374460.4467468262,552.2446899414062,678.06980052005,374660.06139755534,5.0200136699055,0.018306460432787608,1.0186478363103604,25060.060546875,176.0,132.77256673094314,11.540803354275237,False,False,science_V_003.fits,390125.85943587206,561.3009891969224,695.038610200994,-9.532633720072141,0.001562071493677212,14.893610957023958,0.01436424901402037
133,61.60884977921878,25.6340795723488,243040.82022094727,451.5187683105469,538.2740148993938,243728.36001949132,4.92733646367996,0.01560321568982248,1.0158505350063252,15338.439453125,153.0,132.85482749467874,11.536282107256117,False,False,science_V_003.fits,251746.78539179583,463.96541699443213,542.5981682484256,-9.057031708197204,0.0020009282440167,15.369212968898895,0.014418574694578171
134,49.875736639183586,30.46843278247502,1650596.0457458496,1087.06787109375,1518.3928157908922,1641637.7919509276,5.3854867495020375,0.003823058080605568,1.0038377299450834,64293.12109375,298.0,132.85815416627028,11.537624338189712,False,True,science_V_003.fits,1629716.2950918274,1065.9202544800185,1528.9289121228326,-11.084901893946553,0.0007101049573930591,13.341342783149546,0.01429670701371265
135,37.11647814119702,41.14124007748923,128265.2021484375,352.0594482421875,364.3282485070583,128836.4034284477,4.857450843688951,0.02000223324837458,1.0204104886021073,8868.060546875,141.0,132.86177214801063,11.540588259927612,False,False,science_V_003.fits,80862.45000690632,364.4363375730076,221.8836094814698,-7.8239891131576105,0.0048931059060073135,16.60225556393849,0.015094173306041967
136,13.134254735425294,28.569872513651426,384626.0669555664,550.931884765625,698.1372427177496,385539.06333641615,4.968563971186326,0.0033060201815096057,1.0033169862048446,24946.1484375,173.0,132.86857046435793,11.53709470390697,False,False,science_V_003.fits,383085.781361967,552.5194207415968,693.3435585807746,-9.51286195648727,0.0015658903678608502,14.913382720608828,0.014364664807421913
137,16.447137174709425,41.73611998509262,1757097.9739074707,1111.97119140625,1580.165014603808,1760815.9283465988,5.306691167659003,0.03723632016540468,1.0386764903426788,65749.0625,239.0,132.86763213049142,11.540752206925665,False,True,science_V_003.fits,1841325.9208978813,1125.9891723180847,1635.296294285962,-11.217448541280993,0.0006639163824889982,13.208796135815106,0.014294487306243744
138,21.003798214319147,49.50371104632088,608517.3784790039,676.3899536132812,899.6546669983766,611892.4499410808,4.877143534461242,0.06840325861159613,1.0734258242570185,39113.09375,177.0,132.86634078852597,11.542910163496353,False,False,science_V_003.fits,898037.0784815376,806.7944595208562,1113.0927684045687,-10.437857544905956,0.0009753903994508638,13.988387132190143,0.014312336245937179
139,138.58348745911792,36.39464413503552,1560341.6352233887,1054.8243408203125,1479.2431069707275,1556581.3415516226,5.2727488223256245,0.04066345507986213,1.0423870593642894,61075.8828125,254.0,132.8330051738968,11.53927442649883,False,True,science_V_003.fits,1587881.090643493,1052.5594533204217,1508.59040373856,-11.05666681635464,0.0007196784477147933,13.369577860741458,0.01429718571794923
140,137.98056566906206,46.97148012479035,1137406.168334961,905.224365234375,1256.4908900131857,1138750.8672945558,5.207314696775058,0.05807577696300725,1.0616565277148906,59969.0390625,214.0,132.8331764560863,11.542212413511463,False,True,science_V_003.fits,1180042.8667405709,916.7994899120027,1287.132987883572,-10.734366333939134,0.000843502583043274,13.691878343156965,0.014303953264500933
141,155.4228898899097,57.47452913235883,735884.2539978027,749.2042236328125,982.2211765299152,732265.9415897337,5.219827411253337,0.05161543546438763,1.0544245840711903,43584.8671875,244.0,132.82823166310823,11.545130443461664,False,False,science_V_003.fits,729051.6581214819,732.561005697594,995.209480782054,-10.211517629137123,0.0010909261024591897,14.214727047958975,0.014320673941768699
142,128.00607902134092,56.89278326052715,2063408.4779968262,1210.27978515625,1704.9020427375272,2056123.820354899,5.769398023924527,0.11868046535638965,1.1346622430244688,61173.3125,314.0,132.83600468638048,11.544967993142608,False,True,science_V_003.fits,2035773.8805743481,1186.2075517897722,1716.203776904585,-11.32644571896838,0.0006326171836996029,13.09979895812772,0.01429306779129443
143,148.37158704826382,72.24551181152106,173439.4250793457,395.5546875,438.4714188966493,174951.3579277905,4.899054306144238,0.03560712603012406,1.0369218054085665,11291.7353515625,141.0,132.83023124915428,11.549233290149916,False,False,science_V_003.fits,182958.06187761863,420.12867379828697,435.4810163837111,-8.710500751612258,0.0024931052311207244,15.71574392548384,0.014495073510640357
144,144.69778295967185,83.92212171268935,1732337.1286010742,1110.348388671875,1560.1743977610315,1726984.571240426,5.497175665021719,0.010185005171272854,1.0102898069078408,60211.72265625,269.0,132.83127320196925,11.552476680370061,False,True,science_V_003.fits,1721835.9269213902,1095.281937732082,1572.0481344617683,-11.144601287381523,0.0006906277080197152,13.281643389714576,0.014295752831401038
145,176.95439007671717,87.83027040783482,392637.6140136719,557.7025756835938,704.0268973698095,395221.05562014424,4.961817566186356,0.029525538459074685,1.0304238180695593,26489.01171875,167.0,132.82212785335517,11.553563112629286,False,False,science_V_003.fits,415805.01544361026,572.6232782971459,726.1406079754944,-9.601846182767778,0.0014951649695325124,14.824398494328321,0.014357127173342981
146,135.89409821225587,88.83468481676341,186846.8868713379,424.8078308105469,439.8386124729106,193548.83713777078,4.831012661877538,0.12572437027082084,1.1438040430221827,14024.3251953125,115.0,132.83376939877948,11.553841002105804,False,False,science_V_003.fits,312952.72699043166,534.206886769327,585.826829906755,-9.29331872463442,0.00185327804152092,15.13292595246168,0.01439882710100409
147,187.41778280520344,93.11266487082622,1645318.2175292969,1083.212158203125,1518.9251755248165,1642526.0024318886,5.4516650444966475,0.018985604487804286,1.0193530335280063,58296.72265625,258.0,132.8191613477273,11.555030653155486,False,True,science_V_003.fits,1664717.554336671,1078.194342438187,1543.986541955083,-11.107973271952403,0.0007031797042901846,13.318271405143696,0.01429636471561746
148,196.45554602655793,94.04710516212106,235663.83032226562,455.2053527832031,517.7088293917828,254271.4801082654,4.705351988135527,0.1300675689294707,1.1495145649063927,17504.37109375,131.0,132.81659894118494,11.555290376662088,False,False,science_V_003.fits,489868.2591483444,626.4862843360718,781.9297427516543,-9.77982012504287,0.0013884879173151302,14.64642455205323,0.014346410041608191
149,132.9474076160825,100.75933059701617,1758853.9182739258,1123.40283203125,1565.648463867322,1749547.235871791,5.532249178936846,0.007654468289162497,1.0077135111153934,59559.6640625,310.0,132.83460526284603,11.557153303288377,False,True,science_V_003.fits,1736149.2878164498,1099.3896763018752,1579.1937337964691,-11.153589540323113,0.000687502727983803,13.272655136772986,0.014295602204398785
150,151.23744708073718,103.28759581203988,146829.0403137207,371.8425598144531,394.8688401537129,147597.53113706512,4.863975969544366,0.030483866956222738,1.0314423514135027,9741.490234375,138.0,132.82941963499465,11.557856167404301,False,False,science_V_003.fits,142206.3303214463,392.3723245856322,362.42701488088994,-8.436919197698975,0.0029956376192233096,15.989325479397122,0.014589908400368118
151,199.60391688136784,112.12118186581233,860905.3643188477,807.7296142578125,1065.8336021391217,855309.200028205,5.126207868393238,0.007252024859991546,1.0073050009081799,55728.7890625,263.0,132.81570658438588,11.560310999995531,False,False,science_V_003.fits,851918.2376339223,787.690632847144,1081.5391247635187,-10.380616663045858,0.0010038471795806659,14.04562801405024,0.014314303739455102
152,151.62002186501903,113.6407644681259,158028.20138549805,395.5439453125,399.52122452701855,160180.79945263258,6.4196063834832,0.3741854755526125,1.5979175313692648,7461.71630859375,174.0,132.8293114667716,11.560732056670682,False,False,science_V_003.fits,157487.59407777386,397.53958941192246,396.15574969714123,-8.547737744977633,0.002740588773052042,15.878506932118466,0.014539683944584391
153,164.67682414492575,117.44976371567903,519774.31005859375,637.1869506835938,815.7328229979661,518135.38969964045,5.054910246530878,0.004328900644382183,1.00434772149878,32809.20703125,201.0,132.82560957305986,11.561790459788119,False,False,science_V_003.fits,515573.8272157159,629.3343931042781,819.236693346088,-9.835349030420907,0.0013252580222762851,14.590895646675191,0.014340428557439763
154,165.40334261988312,132.57156601633537,1112383.9364624023,906.8572998046875,1226.6361385655491,1105266.5396758914,5.21301323525374,0.006769821096123563,1.0068159639526808,57513.45703125,272.0,132.82540396497987,11.565990976350259,False,True,science_V_003.fits,1088489.062355246,886.5033129322578,1227.8454535661988,-10.646682047555728,0.0008842318036416177,13.77956262954037,0.014306412837185901
155,192.36444607765412,130.8670494617134,1306579.7517089844,973.6409912109375,1341.9522837508762,1302316.0566629744,5.257847198120677,0.005717669587465557,1.0057505493284722,58667.421875,257.0,132.81775951757203,11.56551806531232,False,True,science_V_003.fits,1291064.7860385256,958.1997902092413,1347.385794935936,-10.831991963659464,0.0008057825784422952,13.594252713436635,0.01430177848902532
156,185.5080080948276,141.2614492235136,224822.09454345703,428.2807312011719,524.9409514943918,237789.50291740237,4.7865738900522645,0.06885313501311152,1.0739444416365844,14189.876953125,112.0,132.81970375849136,11.568405272614399,False,False,science_V_003.fits,325857.7293687643,542.4976292538129,600.6620338912276,-9.337191941416204,0.0018075056167052618,15.089052735679894,0.014393007293121454
157,193.78499750019233,142.65803154081067,487205.6544494629,606.9600219726562,802.6980967642901,491725.188646207,4.9491329395872965,0.07135287666020951,1.0768352960633698,31294.67578125,141.0,132.81735694578632,11.568793361128101,False,False,science_V_003.fits,555889.9040347327,663.5498960558148,837.7514748159554,-9.917093840384721,0.00129596907034812,14.509150836711378,0.014337751504916146
158,203.78409090023695,148.62415075062256,1732119.2797546387,1113.0706787109375,1556.1628860447836,1723937.735709631,5.45075607753336,0.014498591988168164,1.0147118937327728,62458.48046875,279.0,132.81452191010564,11.570450770902502,False,True,science_V_003.fits,1713275.1474736729,1094.1676748446307,1565.8250438781733,-11.139189661830788,0.0006933724838829895,13.287055015265311,0.014295885694381874
159,131.11159732894504,150.84440885216736,752860.4212646484,770.416748046875,977.211909233886,754800.0949951478,6.55878163477401,0.3446297053526375,1.5258549375327939,29070.806640625,250.0,132.8351275133825,11.571065754714688,False,False,science_V_003.fits,739250.026998237,751.4319981619792,983.7883252329691,-10.22660024668858,0.0011035910593296557,14.199644430407519,0.01432164430544407
160,175.85456888331163,148.52418864490704,1347603.4715881348,983.4652099609375,1370.2604402667794,1356618.9327833655,5.241537276923506,0.05762180503551462,1.061145095826083,58530.47265625,230.0,132.82244103253828,11.570422501731056,False,True,science_V_003.fits,1435196.9716675256,1010.7132526754448,1419.984320843163,-10.946900647339374,0.0007645859070861638,13.479344029756724,0.014299516565071039
161,151.98559864558715,150.35944220618455,205973.39614868164,422.464599609375,487.55184775039515,209031.1360742838,4.865041535604052,0.06838559381797282,1.073405470508161,13554.0322265625,139.0,132.82920888209767,11.570931694788953,False,False,science_V_003.fits,253160.0583397633,478.51056538264737,529.0584506474177,-9.063109841750931,0.0020521362028551116,15.363134835345168,0.014425770183269068
162,142.84056549592896,153.6241574331016,787288.3320007324,762.5075073242188,1032.4991222230378,787438.5606390489,5.071554089730606,0.01993869600357434,1.0203443355250021,50753.63671875,192.0,132.8318019681936,11.571838288480263,False,False,science_V_003.fits,796523.25515221,765.5805446088464,1040.4173156714335,-10.307618023808896,0.001043523578132053,14.118626653287203,0.014317140910235667
163,167.61944503860116,154.428421839869,1711363.1291503906,1104.3829345703125,1549.6102625093883,1731428.4493513005,5.608327516736977,0.09860213582476884,1.1093880291307199,57766.25390625,264.0,132.82477616119291,11.572062376888796,False,True,science_V_003.fits,1765291.54774925,1110.0967427583078,1590.2141495910978,-11.171662978552101,0.0006827382338908085,13.254581698543998,0.014295373862947502
164,195.96374433236588,163.82099063714162,1727064.7027282715,1129.3101806640625,1529.3094247257334,1693921.4031493156,6.388617063254397,0.24861854989977195,1.330881937352337,64108.546875,410.0,132.81673954101063,11.574671995303115,False,True,science_V_003.fits,1673340.717751453,1081.7008031121425,1546.9533839090382,-11.11358282144636,0.0007018311031819947,13.312661855649738,0.01429629844689946
165,133.14719606320136,165.5276374164008,606740.1360168457,674.9491577148438,898.941985602395,612138.9237831726,5.005682764354437,0.03178020333832898,1.0328233356185281,38785.0234375,174.0,132.83455084428732,11.575144496638137,False,False,science_V_003.fits,612875.387591039,693.5569904619163,883.6698296168242,-10.023052326311584,0.001228626307713572,14.403192350784515,0.01433182141213852
166,122.64922423130696,168.077281725781,1372770.233581543,987.38818359375,1390.304498667521,1378662.0256184048,5.161661766261368,0.08999189559212672,1.0988913122380188,58127.421875,205.0,132.83752757912276,11.575852362844305,False,True,science_V_003.fits,1713796.8461193633,1094.3267654013619,1566.0741382769716,-11.139520222211798,0.0006932621984260021,13.2867244548843,0.014295880345791675
167,114.43896500661316,169.4556056066048,1271578.004333496,955.7670288085938,1330.4267316257758,1276084.583728424,5.132155131544178,0.06826103391114136,1.0732619718564302,59019.39453125,227.0,132.83985561140503,11.576234921387266,False,True,science_V_003.fits,1633005.0706326182,1068.731737692985,1527.984070312818,-11.087090707199687,0.0007105440567699957,13.339153969896412,0.014296728830121855
168,134.23791276412774,183.8051614398911,298908.3166503906,505.1033630371094,591.7765323380556,298191.23681094707,5.0073737854808735,0.012453667790700562,1.0126107174767585,19604.216796875,190.0,132.83424220060672,11.580221621460021,False,False,science_V_003.fits,296842.5389133947,499.1278203006798,594.7224875875955,-9.235937217744647,0.0018255573358323524,15.190307459351452,0.014395285407793678
169,220.3772782711769,40.42854772466249,1880602.9134216309,1165.7713623046875,1613.1833172705044,1866936.529697211,5.680348781646551,0.029204421440806927,1.0300829773907196,60091.33203125,354.0,132.80981602780926,11.540396652405734,False,True,science_V_003.fits,1847480.4346723058,1133.379871705917,1630.0628595878927,-11.221071493522869,0.0006660479340499073,13.20517318357323,0.01429458646606744
170,199.3360153778083,44.14917752592334,1738585.2765808105,1121.5802001953125,1550.1212274236407,1730378.5971801304,5.912884906312975,0.18507089828577528,1.2271006126747392,60554.0546875,335.0,132.81578147494213,11.541429898350506,False,True,science_V_003.fits,1711661.799005058,1091.8608415651695,1567.655633250306,-11.138166769438783,0.000692562816075211,13.288077907657316,0.014295846447120095
171,272.95478715664126,43.5654561133523,462980.8046569824,603.781494140625,766.8019128607988,467507.90106880874,4.981719052111223,0.03077715312779261,1.0317544651646564,30373.71875,184.0,132.7949098110329,11.541268135404346,False,False,science_V_003.fits,479866.4100144352,611.234861287915,785.076965347367,-9.757422751497835,0.0013829217362397311,14.668821925598264,0.014345872399892262
172,272.1162909859451,52.87458997311428,193179.42449951172,411.35626220703125,469.61585916561677,195437.57542855057,4.8337729234524165,0.035943161712290284,1.0372832392083127,13201.7548828125,133.0,132.79514748810118,11.543854007355892,False,False,science_V_003.fits,240200.80805426178,461.6059108097423,520.3590388019622,-9.006058034215568,0.002086444010849968,15.42018664288053,0.014430690593171138
173,62.873312764628295,51.28140628280286,1091044.1283874512,894.0913696289062,1220.2825857051841,1084075.049445551,5.1512420430749035,0.005801824188273241,1.005835681788026,62765.26171875,263.0,132.85447040351173,11.543406420591666,False,True,science_V_003.fits,1078647.490603127,876.5096938252916,1230.6167270046487,-10.63682071767806,0.0008822405678188858,13.78942395941804,0.014306289903567998
174,47.051766404312,59.403632739296604,1728748.4165344238,1106.2708740234375,1562.6809465272052,1726790.9729547831,5.404354903266361,0.028031918279478596,1.0288403691506598,63672.7734375,261.0,132.85895647600265,11.545661720784818,False,True,science_V_003.fits,1763044.382666926,1108.0240737751594,1591.1607196945104,-11.170279987325669,0.0006823320778107478,13.25596468977043,0.014295354470940403
175,38.49142482225438,63.44224429030248,627962.419921875,683.5676879882812,918.6543351250981,632499.5711510071,4.929743733632958,0.09115775871586695,1.1003009703720057,39107.01171875,178.0,132.86138370034507,11.546783055893776,False,False,science_V_003.fits,816592.8132651459,771.3303499988327,1058.681035001905,-10.334635757617006,0.0010255213460001638,14.091608919479093,0.014315840052771204
176,53.06296705193424,74.65190659560709,819859.7620239258,781.8289184570312,1048.6434342208138,815344.0613782633,5.134906617053059,0.003926181031353115,1.003941656689078,54111.890625,236.0,132.8572530842645,11.54989768569566,False,False,science_V_003.fits,807814.2854125596,767.7786620580426,1052.1447460485563,-10.322900696487876,0.0010318922411364636,14.103343980608223,0.014316297844860028
177,54.669719718244544,89.53637585081538,769776.3194274902,760.6723022460938,1011.9683826458705,765427.0267090036,5.102784369534907,0.0015965115535471197,1.0015990644784618,48183.91015625,238.0,132.85679838142352,11.554032344490032,False,False,science_V_003.fits,763077.2888413972,746.2336300302803,1022.5715622203107,-10.261043194083365,0.0010617349827748178,14.165201483012734,0.014318479792180247
178,99.70641062047679,61.22562252930473,837354.858795166,785.5106201171875,1066.0006845868538,836340.4542515085,5.058817420145059,0.02411461264261472,1.0247104966987108,54675.4765625,211.0,132.8440282165551,11.546170459364085,False,False,science_V_003.fits,882198.853547808,797.978151756679,1105.5426161803107,-10.418538096690774,0.0009820516948963328,14.007706580405324,0.014312791758314484
179,89.7520242610771,62.19784964910837,909565.1859130859,816.0099487304688,1114.6496281426084,915289.2373061152,5.030972247705632,0.04372675215638411,1.0457262108450565,60445.20703125,215.0,132.84685047738444,11.546440083199643,False,True,science_V_003.fits,954402.7750136077,827.1662829874584,1153.822145127352,-10.503951107578795,0.0009409595790694128,13.922293569517304,0.014310031003281185
180,306.760089751095,65.26137551407875,169035.6807861328,520.17578125,324.9587675534112,170459.15127385827,4.778750795461761,0.06868328835722093,1.07374858358986,11255.998046875,130.0,132.78532535451953,11.547294449728755,False,False,science_V_003.fits,216874.1966602256,556.0969752535527,389.9934837108972,-8.895141582629822,0.002783892668331944,15.531103094466276,0.014547908467343978
181,302.386419710564,71.56723218000246,122775.69500732422,443.0564880371094,277.1107033129392,124154.97041851282,4.7493629322577755,0.07746612934750907,1.0839710408602328,7688.52587890625,117.0,132.7865652759434,11.549046134755468,False,False,science_V_003.fits,189990.94345154613,588.3174631432263,322.939493307702,-8.751454122439256,0.0033619300906177108,15.674790554656843,0.014669497480132953
182,491.2618507274773,81.23544679845682,552588.6616821289,667.8417358398438,827.4245708636666,549203.8749224178,5.132154340809787,0.006658942351117525,1.0067035811112837,36280.5234375,235.0,132.7330151037038,11.551724374526158,False,False,science_V_003.fits,545010.1446215999,649.6694578358981,838.9037502810631,-9.895633339421387,0.0012941889932382008,14.530611337674712,0.014337590715864544
183,488.93432191186156,99.7512115818121,1515235.5595092773,1043.107177734375,1452.617326246727,1543312.0173877873,5.1974090795076355,0.06494605769898976,1.0694570171418865,63281.82421875,235.0,132.73367378319764,11.5568677864187,False,True,science_V_003.fits,1869355.9693603206,1143.7590062798024,1634.396720897175,-11.233851896894961,0.0006642818026482719,13.192392780201137,0.014294504283071725
184,485.93300047885435,107.21447093114806,1169405.2395629883,936.749755859375,1248.3646056466541,1213299.7682762332,4.888536685951743,0.04767586053126738,1.0500626399724196,62194.625,169.0,132.73452424793416,11.558941103651456,False,True,science_V_003.fits,1945511.6451611049,1165.073314910554,1669.8619908829235,-11.277206460751863,0.0006501734909397792,13.149038216344236,0.01429385560140255
185,492.550700163638,111.59597049765961,816249.0094299316,781.323974609375,1044.6998120568583,818140.1217505417,4.971623019617522,0.10288960228276545,1.1146900120036238,48911.296875,199.0,132.73264765420905,11.560157758456947,False,False,science_V_003.fits,1221944.7092896895,935.0682680392624,1306.7973227794118,-10.772250762388165,0.0008308097828750044,13.653993914707934,0.01430321038371271
186,463.67773493466336,89.81565855281141,1789696.1359558105,1132.6134033203125,1580.1474101482706,1805433.4662760985,5.4214426919312215,0.043065082234834406,1.0450031464369687,61931.33984375,272.0,132.74083525383134,11.554109452944454,False,True,science_V_003.fits,2040852.7131140842,1191.3615123424604,1713.0423401888738,-11.329151031850248,0.0006337846850185237,13.09709364524585,0.014293119512982122
187,461.53015790402577,98.37587506296289,1384988.2206726074,1004.2947998046875,1379.0654108155854,1435496.3441212582,5.3972346647987814,0.14629049917504555,1.1713586401857805,61651.703125,258.0,132.74144364193168,11.55648741092211,False,True,science_V_003.fits,1719418.952961842,1097.755201460765,1566.3045373630107,-11.143076148060585,0.0006931602214648859,13.283168529035514,0.014295875400899643
188,297.4329419655607,97.81700701055338,1216671.4025268555,944.1419677734375,1288.6530247099618,1213611.5152679,5.259192552889566,0.02903111331569297,1.029899117998342,58886.515625,259.0,132.78796936106045,11.556337794952126,False,True,science_V_003.fits,1208556.9715376487,927.3488790091044,1303.2387258924841,-10.760289693856697,0.0008330783749972522,13.665954983239402,0.014303342335423365
189,285.9012336647837,101.25794580490835,560288.0510864258,659.7036743164062,849.3026079731991,560676.4396795307,5.051500568814277,0.015916188093453743,1.016173610317416,37386.12890625,200.0,132.79123886161668,11.557293727165257,False,False,science_V_003.fits,567241.6875282382,657.1866287759414,863.1363796685391,-9.939042224957044,0.0012578545240057308,14.487202452139055,0.014334356643707032
190,352.04314576326135,101.14752090962773,1234263.3948059082,953.6630859375,1294.2342143741084,1226625.8663290865,5.240943528007199,0.004405360702056105,1.0044248537790064,58937.3359375,273.0,132.77248589926725,11.557261888350634,False,True,science_V_003.fits,1220184.922339893,932.5568745025013,1308.4294971186985,-10.770686009469221,0.00082977340574393,13.655558667626877,0.014303150222601528
191,366.39925203409376,100.89938371974284,896491.6769714355,820.3956909179688,1092.755223967986,892426.542957159,5.135784066779976,0.00807169332135882,1.0081373757226326,57828.5625,236.0,132.76841557581386,11.557192549358144,False,True,science_V_003.fits,887944.1094142217,805.3725285199382,1102.5259466523253,-10.425585950264153,0.000984738729547894,14.000658726831945,0.014312976376383001
192,374.5623706366006,112.08614061821746,380672.91748046875,560.8939208984375,678.6896831948338,379995.6016764719,5.030211628864749,0.005405353572603744,1.0054347302109656,24603.123046875,189.0,132.76610074176068,11.560299720068576,False,False,science_V_003.fits,379560.5864063164,555.9412951824984,682.7350112240148,-9.502824646370687,0.001590221655768825,14.923420030725412,0.0143673375160432
193,73.42187910716595,103.14980501163487,139550.69921875,366.1691589355469,381.1099209568158,140054.80009679473,4.892482709356847,0.0148212851975138,1.0150442604725634,9024.349609375,148.0,132.85148241636068,11.55781483466487,False,False,science_V_003.fits,138570.67890744164,375.5952263016871,368.93620899254546,-8.408800235880411,0.002942785157804712,16.017444441215684,0.014579148358886466
194,61.99579422553211,115.49951451102547,1177668.727355957,938.1116943359375,1255.3608855602158,1169774.7199740899,5.196823962576166,0.004165839717146569,1.0041832665350257,59780.0390625,281.0,132.8547226869686,11.56124471688016,False,True,science_V_003.fits,1166278.4583276506,917.8918961662451,1270.6054636704391,-10.721627509268917,0.0008544745249746553,13.704617167827182,0.01430460447196136
195,421.5897351706451,115.40957618950371,944613.6524963379,844.3338623046875,1118.7679360838702,938799.6352057292,5.135861322735175,0.0032997634273270737,1.0033106879142257,59027.796875,253.0,132.7527669569621,11.56122104239818,False,True,science_V_003.fits,935906.7353774837,825.2879686627864,1134.0365677376017,-10.482703305904828,0.0009573765351905425,13.943541371191271,0.014311119879854256
196,429.8866084647098,128.82261089516206,1180736.6504821777,935.37451171875,1262.3143304520613,1173217.2177562325,5.221324201049111,0.004853800955150422,1.0048774752491736,60186.390625,265.0,132.75041388245182,11.564946492173265,False,True,science_V_003.fits,1166835.402104052,914.6662745803292,1275.6952284475822,-10.722145867197172,0.0008510653452245087,13.704098809898927,0.014304401232042827
197,421.0743684534687,140.8757241886161,1059685.3122253418,889.5874633789062,1191.209808870682,1053360.124947273,5.167786516060065,0.002509037813507198,1.0025153489190592,58460.8046875,256.0,132.75291188569597,11.568294990939188,False,True,science_V_003.fits,1048777.9633342489,870.3559123234156,1204.9989532839909,-10.606330757762361,0.0009009966332677181,13.819913919333738,0.01430745880017084
198,116.22074271639325,118.12625921131833,39443.88204956055,219.86141967773438,179.40338103600027,41986.09056329848,4.359328954837643,0.1813839765019747,1.2215739385687852,2926.52392578125,77.0,132.8393483868242,11.561976845842253,False,False,science_V_003.fits,106720.38366261564,347.42420870387406,307.1760141895536,-8.125240318729604,0.0035344556535915964,16.301004358366495,0.014709995212529196
199,109.58256508160078,124.09275846069819,439938.1719970703,589.4776000976562,746.3187268255615,440452.00673852407,5.04900503257328,0.009728496746939652,1.0098240701817445,28084.296875,190.0,132.8412307597896,11.563633945738305,False,False,science_V_003.fits,444003.093980807,587.1665415040118,756.1791461133065,-9.673086865172655,0.0014357708825751166,14.753157811923444,0.01435106338961252
200,94.31905879998087,142.7900666142703,56833.34130859375,243.9115753173828,233.00797116594825,62830.70879486703,4.351718986265126,0.15183777000310972,1.1790197259829247,4108.556640625,76.0,132.84555930774565,11.5688269952997,False,False,science_V_003.fits,192488.69497679276,422.8656559673464,455.2005873743899,-8.765634944322716,0.00238510237050077,15.660609732773382,0.014476888329444096
201,86.36918336266426,146.92212044928075,594370.6468200684,668.1148681640625,889.6234392348749,597013.7606083514,4.995607126978247,0.052807522674733876,1.0557516280364205,38793.1015625,177.0,132.8478135942579,11.569974426447706,False,False,science_V_003.fits,678866.8327769603,708.6407624810162,957.9844523763852,-10.134083351486867,0.001133316931508442,14.292161325609232,0.01432396557007416
202,93.83175180478679,153.01212270360088,955051.1006164551,830.8839111328125,1149.4398770032208,956510.1334813654,5.054390009917904,0.033762345223351864,1.034942071504299,59364.265625,188.0,132.8456979425077,11.57166643203676,False,True,science_V_003.fits,1000424.4960108896,847.7301672941185,1180.1213813166025,-10.555082666933234,0.0009199901104992597,13.871162010162864,0.014308667449795691
203,92.04123176439069,166.16787536806666,1516954.2634887695,1048.6761474609375,1446.5421638144726,1511263.3066032846,5.802990980807365,0.1650581697466711,1.1976882266116562,59310.71875,309.0,132.8462062326176,11.575320725790231,False,True,science_V_003.fits,1491805.5958751196,1022.4166192326329,1459.0975614175588,-10.988902453766565,0.0007440900654684178,13.437342223329534,0.014298435313381498
204,276.2791818777879,152.70544762840342,281678.66510009766,496.0613708496094,567.8302759548959,286227.06479312514,4.9461040275556405,0.06621287954303057,1.0709078954854592,19584.880859375,156.0,132.79396665683657,11.571584763370618,False,False,science_V_003.fits,333998.033508926,535.8619633683159,623.2911763497533,-9.363981648564291,0.0017418825120520734,15.062263028531808,0.014384913523244381
205,296.3397758772235,160.5985601127013,321660.2021484375,525.0421752929688,612.6368838254832,320690.2992123503,5.038419586903999,0.017709815484262093,1.0180291076541632,20296.84765625,194.0,132.78827856901447,11.573777120881305,False,False,science_V_003.fits,319572.7684890815,517.4201146274818,617.6272615902436,-9.316046286575121,0.0017578563439777258,15.110198390520978,0.014386856547261774
206,280.1188518338215,161.7224878671491,766587.2950439453,760.9633178710938,1007.3906022022001,764962.7853346952,5.08007378388634,0.018924598317926034,1.0192896471417787,50728.8125,217.0,132.79287789004016,11.574089471625372,False,False,science_V_003.fits,781023.0470140578,758.8139197817959,1029.268212737384,-10.286281497925398,0.0010548270961487612,14.139963179170701,0.014317969220116234
207,469.4919496809308,167.15536292368313,27043.745819091797,211.52430725097656,127.85171676276435,28298.972768000323,4.476537079388483,0.03668876285491596,1.0380860945457757,1771.010498046875,79.0,132.73918211177687,11.575592345028099,False,False,science_V_003.fits,31987.67153919647,284.0063825426192,112.63011504467252,-6.817078443735166,0.009639517810750514,17.60916623336093,0.01722822933470537
208,475.6079268719504,175.06071117981315,102063.03204345703,334.3586730957031,305.25014080984715,103084.21464526428,4.84719859067271,0.016182244028823956,1.0164484163155296,6702.4755859375,129.0,132.7374474680091,11.57778790641252,False,False,science_V_003.fits,103085.79236225525,357.4835843337287,288.365107881484,-8.087618907670153,0.003765018618154784,16.338625769425942,0.014767090017348659
209,363.3852322186454,174.63275215853182,668803.4915161133,708.5708618164062,943.8766502501244,698840.5734157129,4.8291328111843175,0.203260509132701,1.2551153940059376,43209.5,172.0,132.76926787422505,11.577674122023964,False,False,science_V_003.fits,1465315.7716010844,1016.8008140323075,1441.1040504482976,-10.969449934207187,0.0007533807150581954,13.456794742888912,0.01429892180855773
210,367.10180538453244,180.84064582753396,1679060.207244873,1096.7486572265625,1530.9434811535116,1697563.9772613698,5.437882773265594,0.05313131512407132,1.0561126542388857,57766.2109375,254.0,132.7682138552373,11.579398423383902,False,True,science_V_003.fits,2021196.7148253275,1185.4610958243038,1704.9878076512496,-11.318643333244331,0.000636778747113526,13.107601343851767,0.0142932525884839
211,399.15490236285945,185.39755608664422,1719577.224822998,1118.9420166015625,1536.7885013788987,1709277.9149739917,5.5257586897529,0.002324642679488953,1.0023300592346316,58656.23828125,317.0,132.7591250599004,11.58066309807695,False,True,science_V_003.fits,1697741.0967644418,1090.7279359839554,1556.5211458830881,-11.129300528122258,0.0006975170256257786,13.296944148973841,0.01429608731039595
212,354.78604705482604,188.91966692994959,31960.345977783203,225.30029296875,141.8566552073513,33167.71290919779,4.597326094249313,0.041568161880217835,1.0433710152636047,2108.67236328125,90.0,132.771705743944,11.581642955412232,False,False,science_V_003.fits,28409.732492370236,282.30782127968286,100.63388383499536,-6.688289735043545,0.010788612727897606,17.73795494205255,0.017896528908645397
213,376.16047759136774,197.2183208918959,489945.68518066406,630.4583129882812,777.1262192711717,487766.5930655733,5.093641991931178,0.012394974976761675,1.0125505385885112,32679.71875,214.0,132.7656447215477,11.583947484752018,False,False,science_V_003.fits,480771.88142009143,617.6366246058278,778.4057199116346,-9.759469522665306,0.0013947739234537611,14.666775154430793,0.014347019784016918
214,391.32520502617024,200.30964413110198,1037136.0086669922,883.0521850585938,1174.4900541729303,1031701.082799915,5.441398887822009,0.10498706545828274,1.1173022884993729,58823.625,265.0,132.76134459570395,11.584805646455134,False,True,science_V_003.fits,1022674.8397030071,860.849097478062,1187.9838669739315,-10.578965802480376,0.0009139012996578211,13.847278874615723,0.014308277253776659
215,71.80130171667423,194.80516446307146,366247.70806884766,542.955810546875,674.5442280099301,367011.90639792196,4.9931588860821545,0.012328615765242357,1.0124825078077913,24744.70703125,177.0,132.85194663056188,11.583274557721305,False,False,science_V_003.fits,371489.09845799423,544.6148830839144,682.113379558074,-9.479487058252737,0.0015916708754538738,14.946757618843362,0.014367497992385255
216,82.32565426998242,195.82607465221582,190509.13912963867,410.34100341796875,464.2702960288572,193002.33736688463,4.869613768168639,0.02863887697677847,1.029483243973821,12638.1328125,144.0,132.8489624747705,11.583558660667748,False,False,science_V_003.fits,203484.48070314454,430.156785611524,473.04724116781,-8.825950104479602,0.0022951196107173916,15.600294572616496,0.01446233578689576
217,230.5138640057906,201.11917673576374,1224290.503326416,940.1820068359375,1302.1845710987486,1230930.3469567334,5.076515422148569,0.043810272305170095,1.0458175517224886,66027.5703125,219.0,132.80694332389325,11.585032999133068,False,True,science_V_003.fits,1514568.6395970893,1031.193688582101,1468.7528214797671,-11.005344274424305,0.0007391985799939831,13.420900402671794,0.014298181595087237
218,231.2265490159591,210.28985783936568,1671911.366607666,1092.0465087890625,1530.9891594833248,1697886.362064696,5.439061944643175,0.061766875511932606,1.0658331856974617,60428.83984375,251.0,132.80674130043664,11.5875804151348,False,True,science_V_003.fits,1814769.8852043569,1124.5136587357258,1613.8264494223004,-11.201675783667113,0.000672748919432227,13.224568893428986,0.014294900261772499
219,241.25411445362982,222.27014872143687,1017942.9750976562,871.8038940429688,1167.628387591814,1011895.1998025038,5.1856051004818955,0.003090149928337782,1.0030997285543077,55765.28515625,260.0,132.80389796056213,11.590908325531947,False,False,science_V_003.fits,1007548.2972724516,852.3936443764834,1182.0223014561097,-10.56278655756552,0.0009185105887279351,13.863458119530579,0.014308572398636825
220,256.0252839562196,224.58612637858647,51459.876861572266,257.8601989746094,199.56502425036655,52373.3079698862,4.636072464961019,0.028258522841462907,1.0290802888481136,3438.4306640625,102.0,132.79970944145734,11.591551678594099,False,False,science_V_003.fits,51334.90563760469,299.3550404283869,171.48502181270356,-7.330653794167874,0.0063311651858773115,17.095590882928224,0.015619706623246517
221,483.610659196798,221.6492625684481,1598464.98828125,1081.8612060546875,1477.5139170675175,1588336.0516452754,5.429619872457677,0.006872823866097222,1.0069203864633451,60980.62109375,305.0,132.73517531430113,11.590728665455863,False,True,science_V_003.fits,1578106.822823392,1054.6838303672557,1496.2842677448398,-11.049962867727148,0.0007255974171514471,13.376281809368951,0.014297484883615128
222,471.17898887925105,226.4772573286772,407282.97802734375,579.4235229492188,702.9106722390324,407101.37826974643,5.042249105460691,0.014244707333197715,1.0144505512059296,25964.849609375,187.0,132.73870014249422,11.592070537966004,False,False,science_V_003.fits,408444.58748575405,576.6661852285604,708.2860031473285,-9.582454737463323,0.0015328553651711323,14.843789939632776,0.014361101209724838
223,412.2964582098348,237.84507801500584,83439.09194946289,309.3070068359375,269.7614024428506,84586.8625244534,4.7473262558799405,0.022051794863945595,1.0225490417060255,5496.41796875,118.0,132.75539644621728,11.595231302407502,False,False,science_V_003.fits,84430.26491013866,339.31974621448927,248.82213856416416,-7.870867253857571,0.004363357723171521,16.555377423238525,0.014930856405638184
224,400.44995784335816,242.85465642022663,226865.12237548828,448.6911315917969,505.6153474008977,229549.04981698503,4.954259075053891,0.03655349710209532,1.0379403495597814,14424.890625,148.0,132.75875548892662,11.59662334710896,False,False,science_V_003.fits,259908.31558225813,482.5086437105948,538.6604343157617,-9.091672310709116,0.002015555498111014,15.334572366386983,0.014420611857733075
225,400.87351835840684,253.79853627679321,1335897.4095153809,990.6209716796875,1348.5454555340636,1329759.6310051084,5.276469230920734,0.017513890184014724,1.0178260944445259,58363.32421875,267.0,132.75863493103955,11.599663295889426,False,True,science_V_003.fits,1323943.2782455254,971.7696651606684,1362.40441095332,-10.859295321557154,0.0007968999448851605,13.566949355538945,0.014301280778573093
226,386.70778871591665,261.3318575140182,118734.28955078125,354.30865478515625,335.1154084078999,119503.32550617328,4.853191195902731,0.023819952538842393,1.0244011876710584,7598.98046875,137.0,132.7626516148582,11.601756428158613,False,False,science_V_003.fits,116595.24140534266,371.36614272563435,313.9630353741842,-8.221323938915416,0.003458050399805991,16.20492073818068,0.014691824085287184
227,129.53840089349652,244.13124900060646,1037844.8677978516,870.7947387695312,1191.8364013824532,1050699.5929088963,5.097988322755921,0.048130120586145075,1.0505637604751006,57277.73828125,223.0,132.83557688018354,11.596978704334017,False,True,science_V_003.fits,1146764.7636955804,903.4517915149032,1269.3148372340834,-10.70330772414174,0.0008553433459942913,13.72293695295436,0.01430465639660607
228,138.4618560744812,248.2544252476232,1616150.1976013184,1063.53076171875,1519.608323307444,1638476.5178104723,5.113711732072414,0.15696738930546184,1.1861937335687918,56918.25,179.0,132.8330466232965,11.59812432927781,False,True,science_V_003.fits,2592870.6569646997,1334.6875393170774,1942.6799011635335,-11.589074006334933,0.0005588671604363331,12.837170670761166,0.014289993523037035
229,143.15034357685605,252.5772449867151,1298861.8426513672,963.6871337890625,1347.8044866537252,1328070.513100377,4.95134272771943,0.1697407762188945,1.204443108076383,57197.27734375,208.0,132.83171725648916,11.599325260333805,False,True,science_V_003.fits,2358000.899586632,1275.0754363943802,1849.303054770246,-11.485981790151286,0.0005870860361147705,12.940262886944813,0.014291124952194183
230,171.70506448711438,250.34353982481286,75243.08502197266,293.05340576171875,256.75553855583814,76066.00103354198,4.824673988923108,0.013128924553031718,1.0133035863342994,4864.4365234375,117.0,132.82361997415404,11.59870555688422,False,False,science_V_003.fits,77854.49663507963,325.1674582372911,239.42893011841696,-7.782831126879448,0.004534539746149447,16.64341355021665,0.014981776700206
231,178.3911488198131,262.4662141883217,1533454.0946350098,1044.4847412109375,1468.1440849554,1572009.1102178777,5.2708305061172664,0.11628219943842799,1.1315829548352818,57088.2421875,223.0,132.82172427495112,11.602073113944016,False,True,science_V_003.fits,2098617.9316307902,1205.98275136839,1740.1724272171853,-11.359455322464582,0.0006239036908177016,13.066789354631517,0.014292684779314283
232,171.32699056529194,267.3764651074623,1917291.4648742676,1168.03125,1641.472747303865,1944932.2374509494,5.988444078057573,0.1688809728747105,1.2031970961594314,57003.85546875,280.0,132.8237275861131,11.603436915883979,False,True,science_V_003.fits,2264552.1584343673,1252.204635958237,1808.4521438474321,-11.442077694161041,0.0006003476529327468,12.984166982935058,0.014291675888075832
233,153.4122271214875,273.93184131451966,1200215.3531799316,943.2752075195312,1272.3914967892129,1191579.2573924975,5.2726748384320965,0.007990676011028208,1.008055041235799,56750.80078125,293.0,132.82880791814827,11.605257394602136,False,True,science_V_003.fits,1180370.1234873636,918.8492347988612,1284.6178445648377,-10.734667395238144,0.0008451540702112692,13.691577281857954,0.014304050747526761
234,137.42279586858547,280.3083796715514,571613.3569335938,670.2128295898438,852.8833404806786,568768.2611514949,5.077703314709759,0.008754595166379331,1.0088319150068077,36143.38671875,224.0,132.83334233071247,11.60702817034555,False,False,science_V_003.fits,567012.7948105627,656.4176913466688,863.7987706384206,-9.938604021506531,0.0012568899573653892,14.487640655589567,0.014334272034196653
235,101.93503662275793,273.8900063181644,907831.8937988281,819.6255493164062,1107.6178561734548,911648.531337824,5.045825291907626,0.05574445584525456,1.0590353492657059,56892.2578125,224.0,132.84340555265572,11.605243961038752,False,True,science_V_003.fits,990191.8676097109,843.5633222806571,1173.8204370154797,-10.543920261975599,0.0009249285203795463,13.8823244151205,0.014308985818472172
236,110.31032162719232,273.5258906500104,360009.1962890625,533.9838256835938,674.1949455644785,372392.9072047684,4.854089386260753,0.07354325806622108,1.079381210948625,22606.470703125,151.0,132.84103051807375,11.605143162673087,False,False,science_V_003.fits,582794.0810937836,663.4830341966159,878.3858080100945,-9.9684097050126,0.0012360172376413476,14.457834972083498,0.014332456907214925
237,283.20715332944616,274.5955308036427,493843.5065612793,632.3519287109375,780.9630747359141,491606.55405833037,5.061921552385252,0.009118779549972866,1.0092026969144006,31950.189453125,218.0,132.79200132445263,11.605443069864469,False,False,science_V_003.fits,489983.4730540237,618.8550493865664,791.7580595645372,-9.78007545328316,0.001371252223939633,14.646169223812938,0.014344752177959913
238,274.5455362976721,292.2540168558453,1234997.8236999512,958.4414672851562,1288.5479873884815,1226563.494434131,5.274815391352596,0.004630720016387424,1.0046522633453823,57176.625,294.0,132.79445744632966,11.610348261957125,False,True,science_V_003.fits,1221068.1236475075,933.1177111723612,1308.5895906030632,-10.771471609044143,0.0008296718908635483,13.654773068051956,0.01430314433374408
239,465.1653075993415,283.7858565349528,2122284.075378418,1249.9832763671875,1697.8499756783856,2111656.216108098,6.998973310944363,0.31631551106268185,1.462662991746888,60465.34765625,424.0,132.7404019905606,11.607989938718216,False,True,science_V_003.fits,1979469.8888129278,1175.249681250844,1684.2973202988956,-11.295994123447038,0.0006446011561707714,13.130250553649061,0.014293603220880415
240,497.7156816455748,284.02065071379155,675392.8906860352,731.92919921875,922.7571347159522,670940.4502900257,5.138200543865864,0.003002753943719183,1.0030117976309332,44942.94921875,245.0,132.73117142458102,11.608053120281692,False,False,science_V_003.fits,666970.3164444489,711.5080181150742,937.4037951271239,-10.114888139149949,0.001158198852664945,14.31135653794615,0.014325955708703719
241,481.88662595172815,289.00231988657157,305775.7060852051,520.43896484375,587.5342292578099,304910.84954487724,5.120764942765103,0.015870928774668558,1.0161268772955847,20601.41015625,192.0,132.73565986842058,11.609437944535781,False,False,science_V_003.fits,287717.91677767795,512.9460053403623,560.912676543342,-9.202039141865418,0.0019355954062059918,15.22420553523068,0.014409653429626681
242,476.9686706032987,300.3194126725849,247529.12231445312,483.53790283203125,511.9125530071185,252599.7234545194,4.87710445341413,0.19715726549324897,1.245573954922041,18078.689453125,137.0,132.73705378764384,11.612581884774023,False,False,science_V_003.fits,556093.9383655884,676.8562852894946,821.5834741458365,-9.917492276862058,0.0013214725395112818,14.508752400234041,0.014340079220775199
243,473.0961357200368,308.22539345956073,1640475.747039795,1090.2545166015625,1504.6722779496752,1640998.5128409746,5.471570946891943,0.021373042193415293,1.0218398257098078,60331.75390625,271.0,132.7381514824627,11.614778224954392,False,True,science_V_003.fits,1666384.8170905497,1085.3065226366195,1535.4047749038414,-11.10906012398158,0.0007071099541604558,13.317184553114519,0.014296558567455982
244,462.8420691325,320.2753855002065,1102552.674255371,910.0116577148438,1211.5808241666075,1095553.6156749744,5.198198891362932,0.005130373669945842,1.0051568301354934,59477.09375,265.0,132.7410586681297,11.618126047394313,False,True,science_V_003.fits,1087637.2638694646,888.0653990244381,1224.7265404825605,-10.645832070703502,0.0008864836060237726,13.780412606392597,0.014306552190139144
245,446.9934683610717,325.5001149500843,459534.55966186523,614.7733154296875,747.4861841403766,457717.63315921696,5.052887008706051,0.00926426696952054,1.0093508961680253,29419.978515625,204.0,132.74555285421272,11.619578237597127,False,False,science_V_003.fits,454917.42214762606,604.1543471507725,752.9821216929803,-9.69945329776938,0.00144186690323928,14.726791379326718,0.014351674555677573
246,371.39631400892256,287.03295179554715,175137.57794189453,409.2549133300781,427.94251757862236,175909.45279025513,4.932860202614512,0.012519852985105495,1.0126785870307897,11541.2451171875,150.0,132.76699266534337,11.608896144913832,False,False,science_V_003.fits,175619.13043386277,420.11893820756126,418.0224085663511,-8.66605143014908,0.0025972291861661554,15.760193246947019,0.014513344956656255
247,366.83782198357756,298.13004127145257,290643.06771850586,501.9214172363281,579.0609002477722,290877.52430489036,4.968850923780492,0.005947760306866612,1.0059833478255658,19790.05078125,172.0,132.76828500571438,11.611978813110225,False,False,science_V_003.fits,289495.3023571961,502.3857200655395,576.2411047818588,-9.20872567609158,0.0018841071749142253,15.217519001004518,0.01440282757766646
248,35.5929151679958,313.1799977000719,529111.9692077637,651.4853515625,812.1624959621269,528625.8251211896,5.976813768011699,0.25605699888487554,1.34418900171258,28431.986328125,243.0,132.8622209330112,11.616154423619532,False,False,science_V_003.fits,520421.67939898017,630.2647591979666,825.7191470791331,-9.845510323622747,0.001314853850538059,14.580734353473352,0.014339470807310186
249,49.42304506563921,314.2224932272556,426372.33908081055,586.993408203125,726.3664857600367,425005.2879491402,5.08318436008108,0.02207537866641518,1.0225737016788792,27251.8046875,204.0,132.8582989661242,11.616444819095234,False,False,science_V_003.fits,423632.01057878503,577.5931447680654,733.4436262204878,-9.622093796376452,0.0014802773671846144,14.804150880719646,0.014355584400128936
250,414.5861607072593,323.6589362069722,1111966.2788391113,910.46826171875,1221.3125109270482,1105736.6002682815,5.189984677662006,0.007896451007791017,1.0079593012400896,58709.26953125,252.0,132.7547433027643,11.619068376843083,False,True,science_V_003.fits,1101062.2379101894,891.6891050215908,1234.805081400573,-10.659151544805916,0.0008792480824330177,13.767093132290183,0.01430610567470716
251,403.75266340585387,331.73352118435685,466497.28967285156,616.1596069335938,757.1046274754068,465376.5676789001,5.053417833804404,0.009442152369342649,1.0095321564428847,30759.22265625,198.0,132.7578152225629,11.621311778714043,False,False,science_V_003.fits,464758.8680975472,608.695185288363,763.5330118101273,-9.722691087359367,0.001421942448075825,14.703553589736732,0.014349686502187639
252,417.946781438876,338.0115103095831,94346.5659790039,327.47747802734375,288.1009300160976,95309.02955598448,4.8552294148355255,0.013963127089641647,1.0141608569347194,6511.6865234375,127.0,132.7537896082326,11.62305505107516,False,False,science_V_003.fits,93332.44486616891,352.29513438941296,264.9268631766085,-7.979703480109156,0.004098112161907261,16.446541196986942,0.01485550758732257
253,467.6679093599955,346.3141644390093,1145809.9943847656,915.1123046875,1252.097680815303,1153844.8415925952,5.027063493651021,0.09622669824222019,1.1064721629362868,59915.9140625,208.0,132.73968855607677,11.625358755544955,False,True,science_V_003.fits,1695723.5552895502,1091.8551867631777,1553.0663551789776,-11.128009506522451,0.000699068649822681,13.298235170573648,0.014296163099328126
254,464.9268207171929,352.21828497343404,794221.5069885254,769.9887084960938,1031.471628382398,837344.3290016223,4.776994700651009,0.17283027472646262,1.2089417316008626,55559.73828125,179.0,132.74046556548657,11.626998948267628,False,False,science_V_003.fits,1540819.723967572,1043.415745249656,1476.7073728592268,-11.024001447043847,0.0007352167531322395,13.402243230052251,0.01429797629245176
255,246.5827603963977,348.9426671995122,678832.8203735352,716.9285888671875,946.8625340302762,689113.7241764968,5.024944818474831,0.04951337605975248,1.0520926594995041,44473.15234375,189.0,132.8023872686092,11.626095150619632,False,False,science_V_003.fits,738207.9091686405,741.6397267327673,995.3726621694803,-10.225068608843388,0.0010907472560414161,14.20117606825271,0.014320660318644114
256,273.24412382211443,354.29753345168774,1722759.2350769043,1133.519287109375,1519.832308694252,1713008.6506801704,5.558483627299608,0.0052823035285535225,1.0053103544325102,57177.43359375,302.0,132.7948261815684,11.627582576837959,False,True,science_V_003.fits,1698152.4341439747,1108.0553887031972,1532.5519386999167,-11.129563553970064,0.0007084262350814767,13.296681123126035,0.014296623731356223
257,255.46234539487745,352.93607418162964,926215.683013916,837.59375,1105.8053895625605,935363.4768804465,5.948555735322189,0.25902872402991384,1.3495799802641353,53406.09765625,257.0,132.79986905215014,11.62720443988272,False,False,science_V_003.fits,947500.232915873,830.9240069345374,1140.2970969769078,-10.496070187538438,0.0009521202876674399,13.930174489557661,0.014310769211597752
258,234.90032594458214,356.33333056288626,574595.828125,673.5762939453125,853.0523316957044,572648.8126129375,5.082660409242489,0.002818554713833188,1.0028265214191028,37955.03515625,218.0,132.80570040371762,11.628148066040778,False,False,science_V_003.fits,570993.2012649296,661.101041117609,863.7003510078433,-9.94619921702546,0.0012570331813957325,14.480045460070638,0.014334284593399006
259,301.72227933362745,357.39069478127516,691626.6596984863,721.6537475585938,958.3912811903338,710146.7284286835,4.948520533622007,0.0806835939407099,1.0877647710939538,44170.80078125,179.0,132.78674980327003,11.628441531742142,False,False,science_V_003.fits,1009907.5171146787,856.287615799551,1179.4022224316377,-10.565325886106985,0.0009205510888062881,13.860918790989114,0.014308703529409248
260,286.60471269901325,362.0168462234184,1781279.9439086914,1135.71923828125,1568.415752650634,1771673.2684276677,5.624838189404761,0.01837392761472456,1.018717847998961,56854.59765625,308.0,132.79103708127485,11.629726737542402,False,True,science_V_003.fits,1754298.8818927326,1108.52438813767,1582.553257885439,-11.164880840485393,0.0006860432624243435,13.261363836610705,0.01429553209024918
261,309.0533234436791,358.61218227387633,703318.7245483398,744.8101196289062,944.2926539434789,714893.1968690194,4.91388470963486,0.09862650381251858,1.1094180206425825,46082.4140625,188.0,132.78467071154557,11.62878073135417,False,False,science_V_003.fits,1015194.5160014612,871.2133083750599,1165.265160945426,-10.570995031714325,0.0009317192656125825,13.855249645381774,0.01430942637478316
262,18.266497198850715,381.95950091051196,1250111.98336792,953.7604370117188,1310.719059898015,1245056.8695668976,5.175432428914063,0.005577370607588894,1.005608652139178,62727.06640625,253.0,132.86713905271617,11.635258730090152,False,True,science_V_003.fits,1244049.1417859255,938.3637830177939,1325.7642337655468,-10.791715713965132,0.0008189238873312367,13.634528963130967,0.014302524907115805
263,12.110929942442729,393.6690067535278,1053844.5555114746,880.2127075195312,1197.2612375493234,1048845.7026268658,5.113450317330415,0.008200873702602363,1.0082686841368957,62292.33203125,239.0,132.86888560550005,11.638510957556264,False,True,science_V_003.fits,1050006.2545861744,866.9883910793836,1211.09609469965,-10.60760158915424,0.0008964606563851996,13.818643087941858,0.01430717386816393
264,368.9757729804346,397.0389404490293,1415001.5529174805,1015.6226806640625,1393.235479924774,1414020.9388955426,5.280959465895301,0.03206164676533474,1.033123645383191,58683.359375,253.0,132.76767554001887,11.639453430092827,False,True,science_V_003.fits,1434858.4999751819,1008.2658730341892,1423.0953742957115,-10.946644561019095,0.0007629144325884074,13.479600116077004,0.014299427289821013
265,361.3596510036521,404.3206261863581,916374.7640991211,827.8982543945312,1106.8688202142612,917040.5602742085,5.063509655223842,0.03640241684734036,1.0377776132732093,57095.09765625,214.0,132.7698353268667,11.641476352042954,False,True,science_V_003.fits,964880.1919278788,838.9806681977237,1150.0624847538013,-10.515805351144278,0.0009440356627513334,13.91043932595182,0.014310233601097243
266,253.1643075541718,422.252902205758,553587.3325500488,658.4099731445312,840.79426972551,562213.5003497348,4.704694177073655,0.053407060834225306,1.0564203034107698,37232.13671875,157.0,132.8005208052962,11.646459105757817,False,False,science_V_003.fits,974406.6562588204,848.9488341036481,1147.7801925337885,-10.526472479049126,0.0009459128211676637,13.899772198046973,0.0143103575584496
267,255.03670328803943,429.7454862002596,1107811.3168945312,888.201904296875,1247.251679528322,1134928.765929781,5.018431092357093,0.042782189696199735,1.0446943101514394,58134.609375,149.0,132.79998976228828,11.64854037812646,False,True,science_V_003.fits,1606631.2969088184,1062.175530726933,1512.5854912222185,-11.069412430774946,0.0007177776107866267,13.356832246321153,0.014297090161427004
268,264.0405357497564,428.1166898915164,108867.30908203125,341.9527893066406,318.36941380936145,113503.59942138096,4.640509802413035,0.0793733427896256,1.0862166462028569,8182.71923828125,100.0,132.79743610904066,11.648087923684303,False,False,science_V_003.fits,248177.49538037815,486.0434604396724,510.60762170501806,-9.041527867358226,0.00212629023510193,15.384716809737872,0.014436505551874944
269,251.79607534229527,436.14528722429844,453909.4057006836,603.8289794921875,751.7184850624686,478556.690767526,4.7703596587193084,0.1669067440592371,1.2003458110710057,33276.3125,162.0,132.80090887153509,11.650318097884936,False,False,science_V_003.fits,996874.6885778338,856.12746712209,1164.3998433187428,-10.55122329670176,0.0009324116678902718,13.875021380394339,0.014309471475349611
270,248.20265982868148,453.5480342393797,667788.0548706055,725.393798828125,920.5869362950418,663765.166139632,5.114234593836233,0.00704715759266461,1.0070971724856332,42437.3203125,244.0,132.8019280721156,11.6551521851877,False,False,science_V_003.fits,660082.2544767238,706.2202228631537,934.6691486695502,-10.103617017590699,0.0011615875002886679,14.3226276595054,0.014326230066079951
271,288.48838201723595,424.88988142303265,485372.2406616211,633.8438720703125,765.7599324519124,494618.9374971597,4.75752644935805,0.1834216890333934,1.2246222886036149,35772.953125,154.0,132.79050227866296,11.647191444305962,False,False,science_V_003.fits,1030558.8142175125,878.3567639485993,1173.2804442521717,-10.587303829300454,0.0009253542111937323,13.838940847795644,0.014309013341303453
272,293.7941313483523,429.4061966005209,987277.2608032227,852.8375244140625,1157.6381579615957,1004463.0345410114,5.0271060494655355,0.05897296554445253,1.0626687261738157,58484.54296875,204.0,132.78899742552943,11.648445922172115,False,True,science_V_003.fits,1271329.9872252129,964.1626591126524,1318.5845512781586,-10.815267601390445,0.0008233829214422284,13.610977075705653,0.01430278091214254
273,328.4255108188025,428.42209496268134,646880.3459472656,701.1115112304688,922.6497291593087,649405.8041689482,4.913025247695832,0.07290162692785129,1.0786341870995582,38520.01953125,175.0,132.7791753349386,11.648172021347698,False,False,science_V_003.fits,922192.8269867032,821.7624926630709,1122.2133344126835,-10.466676223693494,0.0009674631076881715,13.959568453402605,0.014311798183672236
274,349.75578545922934,434.5739496283061,1094271.1315917969,907.14306640625,1206.282858917586,1087038.090522104,5.168162028969265,0.0038274902586238335,1.0038421962272552,59776.9765625,268.0,132.77312550954701,11.649880370468503,False,True,science_V_003.fits,1083356.7989622275,884.8766984216442,1224.3025507334667,-10.641550657110706,0.000886790605271196,13.784694019985393,0.0143065712161588
275,330.1319383891163,436.72863841677014,1206631.4930114746,940.894775390625,1282.4297940335841,1208273.5144894915,5.134020581281024,0.060254421886055565,1.0641178030408882,59049.39453125,234.0,132.77869118428407,11.650479357470871,False,True,science_V_003.fits,1342947.4077328325,977.6192077016111,1373.6917167269148,-10.874769387137373,0.0007903520031313063,13.551475289958725,0.014300917406735832
276,123.88594857856656,440.7357199470315,226741.94369506836,442.3004150390625,512.6423941407409,231292.96509821224,4.882218164923979,0.05217487721990943,1.0550469448065207,14988.9384765625,142.0,132.8371870017085,11.651590831525452,False,False,science_V_003.fits,311207.808365231,511.89677759884376,607.9503172983715,-9.287248086860963,0.0017858367190672216,15.138996590235136,0.014390302122352924
277,119.1924431045734,446.0672226328096,151157.7392578125,371.8607177734375,406.4902046198597,155378.01071836578,4.638564505189706,0.14837002034601532,1.1742188789623138,10235.9296875,120.0,132.83851838713812,11.653071628971063,False,False,science_V_003.fits,268131.8543518497,482.76490487788504,555.4087541215811,-9.125492903286073,0.0019547765351972403,15.300751773810026,0.014412242493379855
278,434.9173121448599,444.39613727869255,643431.849609375,716.2233276367188,898.3676247078831,639842.0421655595,5.091547161448685,0.008063561521726825,1.0081291111092734,42473.23046875,234.0,132.7489714842898,11.652605505204207,False,False,science_V_003.fits,637254.376177439,698.2446614098909,912.6519848940903,-10.06540394042863,0.0011896100791650515,14.360840736667468,0.014328529391597636
279,415.4497807650646,450.9954781027057,1476942.9320373535,1058.835693359375,1394.8745223646995,1467034.6749253012,5.349528913287567,0.004277878195839913,1.0042962570602416,60951.44921875,305.0,132.75449262254273,11.654439573380005,False,True,science_V_003.fits,1460450.343510687,1026.9540849927753,1422.1184421511516,-10.96583886203594,0.0007634385208855938,13.46040581506016,0.014299455260974044
280,12.339942026439376,451.5867693004767,1268121.1037902832,953.6471557617188,1329.7592260707586,1298813.9834789857,5.019854824021096,0.08392680295510191,1.0916158263617317,65270.609375,210.0,132.8688246232488,11.654599218018525,False,True,science_V_003.fits,1733331.8837929717,1099.2295268806276,1576.860738731962,-11.151826188356171,0.0006885199011759716,13.274418488739927,0.014295651158297814
281,15.894866765175614,459.0213334568887,1700034.1637573242,1089.9564208984375,1559.726729584296,1711503.3841697683,5.145500373978294,0.12758280895339758,1.146240594824068,65481.53515625,179.0,132.86781686063654,11.656664609199696,False,True,science_V_003.fits,2354781.1606560685,1274.2497268335765,1847.9746246503335,-11.484498255531612,0.0005875080672200421,12.941746421564487,0.014291142295648549
282,20.721133155570186,466.1700863401373,1412995.8208007812,1005.2215576171875,1405.6561064509958,1425682.659211161,5.15549485131117,0.06887830133307771,1.0739734681639255,65996.9140625,224.0,132.86644847490467,11.65865068791478,False,True,science_V_003.fits,1770960.1304595228,1111.5983743914708,1593.1654554901725,-11.175143834164114,0.0006814734755003589,13.251100842931985,0.014295313514688539
283,24.212879674968384,482.02493360024346,1853580.8661499023,1154.324951171875,1605.7704238898589,1842015.9731107247,5.495032649176177,0.0026797955361387293,1.0026869961363907,65655.6875,316.0,132.86545914792475,11.663055029929009,False,True,science_V_003.fits,1830973.065741146,1128.489370396047,1622.4991690427355,-11.211326763350524,0.0006691528850770115,13.214917913745575,0.014294731475933123
284,92.59776025808154,464.9244248046824,693582.8201293945,731.5891723632812,948.0495971378126,689878.3253838352,5.106968409941275,0.0019657781214088565,1.0019696500163178,45252.8359375,235.0,132.84606212585697,11.65830863269665,False,False,science_V_003.fits,687387.4199696827,715.7882719598725,960.3222725172255,-10.147625823425555,0.0011305579710799904,14.278618853670544,0.014323747544249681
285,105.56933736285364,472.49158738798326,369707.06427001953,550.3580322265625,671.7573699693448,371807.3966142171,5.053837418427547,0.02324252053534681,1.0237955900251572,22298.677734375,181.0,132.84238333353434,11.660411181452442,False,False,science_V_003.fits,369272.8849682421,553.9899185376366,666.5696840531127,-9.47299042247378,0.0016287869460224218,14.953254254622319,0.014371657152220106
286,116.88272859606042,476.22910340170387,1167503.1499328613,928.6459350585938,1257.210208817849,1160541.7420907617,5.222604273736033,0.009829305673270117,1.0099268800112828,61499.828125,268.0,132.83917465236044,11.661449830982413,False,True,science_V_003.fits,1145871.7500166318,908.9308393521525,1260.6809015671213,-10.702461905516927,0.0008612012751604258,13.723782771579172,0.01430500786514164
287,131.48558085182657,489.0979765790907,1872320.9300842285,1166.34765625,1605.2854567428453,1858726.416166172,5.579402441573108,0.0025032500657318213,1.0025095320520059,62477.3828125,355.0,132.83503326577073,11.66502504390407,False,True,science_V_003.fits,1843733.510250824,1133.6983619681862,1626.2998801991414,-11.21886724692059,0.000667589054896232,13.207377430175509,0.014294658356590531
288,105.24090736477518,491.7052711819753,1594704.0412597656,1079.6109619140625,1477.1099011744795,1582733.1716031276,5.427034422466733,0.0030665253364576817,1.003075957839105,62476.79296875,328.0,132.84247729879763,11.665748294245528,False,True,science_V_003.fits,1571354.1530904968,1050.5242495960172,1495.7809433668633,-11.045307068338953,0.0007258415778156598,13.380937608757145,0.014297497276849265
289,400.05344905702736,481.61959323924765,56015.57357788086,268.1673583984375,208.88289280403055,58038.53498838025,4.663463764365939,0.06606795150731015,1.0707417114702722,3643.198974609375,97.0,132.75885814955555,11.662946914162077,False,False,science_V_003.fits,72438.21308967248,369.9680100731269,195.79588266389447,-7.704541195468328,0.005545060423276242,16.72170348162777,0.015317939727104646
290,410.17452296562976,488.17725805463397,1583443.7249145508,1079.74755859375,1466.4943785349315,1572823.5142716314,5.408845989239924,0.0002719551262015951,1.0002720291059115,62605.96875,308.0,132.75598718738428,11.664768062581755,False,True,science_V_003.fits,1564171.1650612513,1051.1465422832466,1488.0619420234584,-11.04033256294478,0.0007296067249214581,13.385912114151319,0.014297688916691286
