id,x,y,flux,flux_err,snr,kron_flux,fwhm,ellipticity,elongation,peak,area,ra,dec,flag_edge,flag_saturated,frame,flux_aper,flux_aper_err,snr_aper,mag_inst,mag_inst_err,mag_calib,mag_calib_err
1,265.9999320803781,2.000955473409104,56713.396881103516,213.0153350830078,266.2409110546123,56478.811725404295,2.6571746860376946,0.00037390570682005464,1.0003740455645913,56943.234375,25.0,132.79688181715858,11.529722426400038,True,True,science_V_005.fits,54143.97322627852,271.5060627452818,199.42086257231995,-7.388497179711237,0.005444264887813687,17.03762464681532,0.019074433858283325
2,336.00037934038556,0.6617851597231369,43731.6682434082,183.9535369873047,237.73214127666535,43661.94920588358,2.231692893408097,0.35934568307712067,1.5609041780957484,43903.51171875,15.0,132.77703684557298,11.529349550640328,True,False,science_V_005.fits,43220.301264101254,245.98527318578525,175.70280002680593,-7.1438413484839565,0.006179184394525081,17.2822804780426,0.019297054869251075
3,401.5044056014725,0.6635815083426728,251858.79122924805,419.0632629394531,601.0042241895037,251785.03556056935,2.906499184148169,0.5443063477774248,2.1944567257469023,63526.98828125,24.0,132.7584666003061,11.52934800270923,True,True,science_V_005.fits,252115.82027603095,447.3388280466053,563.5902910036789,-9.058622120352304,0.0019263994027762857,15.367499706174256,0.018382193054811525
4,380.90569074815954,15.74007011513864,95214.00994873047,318.4289245605469,299.0118126992771,95893.86116311168,4.686618492338008,0.011234456144064375,1.011362103194103,6578.9580078125,119.0,132.76430575381158,11.533536680135038,False,False,science_V_005.fits,97289.564771386,343.79417448118414,282.9878223451708,-8.024787525450627,0.003836560849165203,16.40133430107593,0.01867921855953004
5,177.82640966311837,23.138722506851792,1375870.8201904297,999.7279052734375,1376.2452892760982,1367959.667153237,5.258442770428999,0.001468570264814284,1.0014707301353587,61284.66015625,282.0,132.82187931440225,11.53559321835381,False,True,science_V_005.fits,1365082.882472748,979.0831423493387,1394.2461303104367,-10.892519426123467,0.0007787003861063347,13.533602400403092,0.018297551233339024
6,479.83296652423485,18.40104748867146,18151.192901611328,181.81712341308594,99.83214210452596,19009.696245951367,4.163632497646515,0.034410641241061524,1.0356369308846662,1198.098876953125,64.0,132.73625951505707,11.534271071440195,False,False,science_V_005.fits,18321.680915471414,261.84688757627487,69.9709707648688,-6.212035162384854,0.01551643471759736,18.214086664141703,0.023978193284540955
7,271.6840507678325,21.970459066260016,366913.27603149414,550.8827514648438,666.046041659211,366193.5839287556,5.100882801458627,0.047656634550646726,1.050041441227619,23736.861328125,194.0,132.79527028556114,11.535269481393728,False,False,science_V_005.fits,365049.3270476393,543.3968773807406,671.7913595809293,-9.460500754477865,0.0016161267698906866,14.965621072048695,0.018352271591868446
8,499.62502048741766,25.307065802829566,1063825.7137756348,965.3609008789062,1101.997929279176,1055547.9000906092,5.21450472368781,0.02312323989771292,1.0236705804069817,64757.02734375,279.0,132.73064794213667,11.53618812921455,False,True,science_V_005.fits,1051140.2589152239,871.5419992250356,1206.0695409399486,-10.608773549003814,0.0009001968486442841,13.817348277522745,0.018303124356558727
9,428.65166223264083,38.70671732230274,974046.1900024414,856.5701293945312,1137.1470432793967,967912.5599348162,5.125522214121965,0.0023121507759972237,1.0023175092067078,61821.6171875,260.0,132.7507685525558,11.539914328955998,False,True,science_V_005.fits,966161.385408337,836.1790406319363,1155.4479823820595,-10.517246064143386,0.0009396355496348112,13.908875762383174,0.01830510644086731
10,293.909131086838,48.365980256889905,62242.158111572266,270.9222717285156,229.74175476405117,63015.74581486788,4.59694248245209,0.0026444697830151354,1.0026514815458434,4232.39208984375,104.0,132.78896909970186,11.542601392339844,False,False,science_V_005.fits,62574.390014113495,306.89488213477676,203.89518905901195,-7.545613435850383,0.00532479459182224,16.880508390676173,0.01904067867200231
11,450.23060807107345,52.505628333550774,1411180.7202148438,1019.0643920898438,1384.7807176550134,1401626.8807377792,5.292503038850036,0.002656158912706541,1.0026632328824638,63612.73046875,299.0,132.74464998120092,11.543746259671417,False,True,science_V_005.fits,1395792.934993336,993.2978569216751,1405.2108592270918,-10.916674363419599,0.0007726242598190337,13.50944746310696,0.01829729365486069
12,254.44947406433357,51.003068944402614,73131.40310668945,286.2691955566406,255.46375314496535,74110.92880154721,4.650460382112529,0.023952417497878464,1.0245402149723848,4923.22265625,110.0,132.8001563592525,11.543334124396685,False,False,science_V_005.fits,72748.71744577057,343.22432904692806,211.9567620622367,-7.709185226909652,0.005122271115281554,16.716936599616904,0.01898503800954299
13,487.8151460530038,58.37168289024626,60443.419677734375,277.1787414550781,218.06657812367018,61607.04654868739,4.711420265728372,0.017419834379793775,1.0177286647841077,4041.72802734375,111.0,132.73399392222973,11.545373504090014,False,False,science_V_005.fits,60519.26388137499,311.7160696765029,194.14868134383164,-7.50935596628025,0.00559210596994608,16.916765860246308,0.01911715606528468
14,184.25552710485383,70.19094543537148,17643.866760253906,174.1850128173828,101.29382818228972,18171.96397009488,4.102056345319653,0.006083320590262842,1.0061205538817153,1235.835205078125,63.0,132.8200575718266,11.548663396780926,False,False,science_V_005.fits,16991.758315000152,249.34434042904337,68.14575492574913,-6.130217679511097,0.015932026891227004,18.29590414701546,0.024249195609506818
15,205.97596071865604,79.0047124983895,190076.40020751953,414.25244140625,458.84195531177323,190320.19682149665,4.87143747282691,0.004714344956945671,1.004736675278156,13081.6533203125,151.0,132.81389957182975,11.55111202139591,False,False,science_V_005.fits,190204.3914558912,421.26333534344235,451.50948468093884,-8.752673223407736,0.0024046006492360063,15.673448603118823,0.018438441125204985
16,13.328553323059486,83.17235864403659,320773.22772216797,512.11474609375,626.3698324817341,320446.2412633619,4.940281595665253,0.0016591196665345365,1.0016618769192145,21388.65234375,177.0,132.86851920856128,11.552261992243805,False,False,science_V_005.fits,321896.0076666261,510.00506348106194,631.1623760546822,-9.323910849933968,0.0017201595677907423,15.102210976592591,0.018361725294318242
17,387.45900849618755,80.3388336670305,21424.388122558594,239.61868286132812,89.41034090800547,22373.562950123433,4.315782250341977,0.004983498548363996,1.0050084581924958,1430.844970703125,73.0,132.76244546141967,11.551480526406527,False,False,science_V_005.fits,22641.741030656878,298.8545624771868,75.76173789344523,-6.441896420938314,0.014330452682157031,17.984225405588244,0.023228342190541405
18,240.6218120282806,93.29336943693997,18377.55648803711,386.5022277832031,47.548384373984646,20001.460453404026,4.955432214652622,0.06958051037226587,1.0747840207002817,957.0958251953125,85.0,132.80407683972118,11.555081392397108,False,False,science_V_005.fits,19432.186911963694,419.51229105783773,46.3209000693727,-6.275926071931584,0.023438663721430213,18.15019575459497,0.029724820670470546
19,27.473517182962187,101.98207524875255,219506.41577148438,436.5793762207031,502.78695634151467,219610.07839734858,4.896793307188754,0.006123337612275459,1.0061610638865033,14256.0625,161.0,132.8645100251213,11.557487820418034,False,False,science_V_005.fits,220592.23914525457,439.52962275043393,501.8825301577169,-8.913597446707481,0.002163255213642958,15.512524379819078,0.018408521938621192
20,322.4812647291153,105.165164223471,586350.4061584473,679.00048828125,863.549314438157,583576.399620975,5.072586903778187,0.004366975365530434,1.0043861294849412,37313.06640625,224.0,132.78086749581132,11.558378512658912,False,False,science_V_005.fits,580510.8532252382,664.6301260447506,873.4344569661464,-9.964147733330602,0.0012430240086601953,14.461974093195957,0.01832318519066622
21,249.0046443364587,108.6405082332274,1655222.0455932617,1102.758056640625,1500.9838609890817,1641183.2293588943,5.687665192999224,0.08395932912721293,1.0916545867414578,58131.54296875,371.0,132.80170013162507,11.559344507638187,False,True,science_V_005.fits,1628117.6264431044,1066.5134039593715,1526.5796195329647,-11.08383631932706,0.0007111977561525121,13.342285507199499,0.018294802789144807
22,508.99868956808075,103.4022195169749,106610.60916137695,284.69549560546875,374.47241283057747,106794.95601480897,2.784901689544302,0.08326852400869411,1.0908319679093073,63677.23828125,30.0,132.72798487023957,11.557880549162428,True,True,science_V_005.fits,99131.86726650331,334.83997195828636,296.05744704474216,-8.045155090810747,0.003667193684325468,16.380966735715813,0.018645168713736567
23,308.73783390464786,115.46116293106833,9598.558990478516,148.364990234375,64.69557929613643,10916.652197323205,3.8747636344926915,0.0343075455428421,1.0355263680320743,710.3496704101562,50.0,132.7847639777341,11.56123874021048,False,False,science_V_005.fits,8426.516692048262,245.8255501846253,34.27844130001782,-5.368742087574324,0.031672968747252686,19.057379738952232,0.03657008280151673
24,339.0359474488022,122.9411955244858,1998589.5009155273,1203.76611328125,1660.2805801433733,1989344.8495082543,6.254566904663754,0.22778767872589456,1.294980632204959,58248.16015625,368.0,132.7761733698934,11.563315950975957,False,True,science_V_005.fits,1955401.0488976028,1165.6388809991315,1677.5358824866273,-11.282711483563288,0.0006471992708678497,13.143410342963271,0.01829242667722236
25,274.4093663424259,127.61874242179815,780474.5015563965,772.7459716796875,1010.0013848793152,775852.7820814452,5.100322265514054,0.004324099941012904,1.0043428789837705,48632.484375,249.0,132.7944970695871,11.564616190075334,False,False,science_V_005.fits,774425.5256558057,754.2296020076852,1026.7768907430323,-10.277071022074683,0.0010573864778105084,14.149050804451877,0.018311528418152343
26,365.7788494751952,135.3453219115773,199875.3175048828,428.8429870605469,466.0804152934955,200144.36513000328,4.893798863478696,0.008280678431019428,1.0083498206104513,13268.037109375,157.0,132.76859050602346,11.566760822067256,False,False,science_V_005.fits,199644.3558168848,433.95400169767015,460.05879663710147,-8.80526446574831,0.0023599157497610247,15.620857360778249,0.018432666903932117
27,497.40674246388215,138.85485101045796,233941.26123046875,463.0046691894531,505.26760699846034,233870.2877278069,5.006257287522677,0.00978704881933068,1.0098837818750614,14977.8271484375,174.0,132.73126906884164,11.5677292834824,False,False,science_V_005.fits,231761.69360770224,461.31309340193326,502.395654757132,-8.967226013619214,0.0021610457608851118,15.458895812907345,0.018408262428213692
28,461.6332759256824,139.53681944907265,69560.00466918945,290.72161865234375,239.26670810254404,70605.86370690752,4.715328368266583,0.009395799267256089,1.0094849176495577,4338.025390625,114.0,132.74141211232427,11.567920932966947,False,False,science_V_005.fits,70428.15253925102,322.61065733006177,218.30696208896856,-7.673987614525759,0.00497327244908266,16.7521342120008,0.0189453805899525
29,352.0633533139024,139.4465150750612,20732.90985107422,193.00868225097656,107.41957102279173,21864.14428509042,4.310432193566995,0.02483587687286315,1.0254684070956384,1464.3486328125,73.0,132.77247922759182,11.567900434744358,False,False,science_V_005.fits,20308.688467182896,263.2339768712305,77.15071097040621,-6.323826568094884,0.014072456187946957,18.102295258431674,0.023070067837070416
30,399.951045964516,146.43562153065085,157112.80599975586,390.94818115234375,401.87629351965836,157621.18593098817,4.860086781217781,0.008904503846094869,1.0089845064180496,10294.2939453125,146.0,132.75890101347707,11.569840254793299,False,False,science_V_005.fits,157576.18599961427,401.43194508572367,392.5352427195716,-8.548348335376204,0.0027658663015275487,15.877773491150355,0.018489024399444928
31,28.316567681869238,149.71091447507396,185442.15606689453,407.9454345703125,454.5758828315363,185660.34537601826,4.867513963718018,0.000651014607681577,1.0006514387037937,12163.994140625,153.0,132.86427405077322,11.570745870441161,False,False,science_V_005.fits,187197.7058387861,413.96548092447813,452.20607626687,-8.735373179121147,0.002400896531428456,15.690748647405412,0.01843795842819832
32,329.33500227298515,162.173902258969,629139.4186096191,701.9107055664062,896.3240104764261,625993.2210144799,5.0762305860351775,0.0003050071638988072,1.000305100221652,41460.3671875,229.0,132.7789230784698,11.574214132722691,False,False,science_V_005.fits,625206.7387221892,686.3708183541335,910.8877038528369,-10.044680999960306,0.0011919142122654078,14.381440826566253,0.018319788927134085
33,498.86879864124046,165.04545425126912,92564.49182128906,325.64013671875,284.25393980606106,93426.82256942498,4.845977035298781,0.006661419456021833,1.0067060915447117,6209.27685546875,131.0,132.7308527205717,11.575004345937002,False,False,science_V_005.fits,91629.39522673062,346.2417774021016,264.63991698008897,-7.9597089243898935,0.004102555700550972,16.466412902136664,0.01873566038658546
34,452.04675956513705,168.8887481562034,340464.9582824707,538.1964111328125,632.6035462887044,339672.8805331922,4.990015930526995,0.002311660918014713,1.0023170170758353,23215.685546875,186.0,132.74412861019948,11.57607477403136,False,False,science_V_005.fits,338545.8355789145,532.5158722387076,635.747877627874,-9.378665563915767,0.0017077524569189349,15.047456262610792,0.018360567129025642
35,42.193013931753775,174.82255815761027,242517.5258178711,456.09686279296875,531.7237315178695,242535.5619467349,4.900490306293193,0.0036906252498366543,1.0037042964197362,16589.255859375,164.0,132.86034103694647,11.577722162486204,False,False,science_V_005.fits,243660.3253757381,457.9984279214613,532.0112701730093,-9.02158392358138,0.00204074624142254,15.40453790294518,0.01839452777505377
36,17.420620728771368,194.15681317707657,329078.98889160156,520.0106811523438,632.8312106250635,328603.84513349703,4.943567224169914,0.001661417243702612,1.0016641821446144,21364.802734375,180.0,132.8673664618793,11.583091245448294,False,False,science_V_005.fits,330524.94531607546,516.9435457677129,639.3830584057547,-9.352632479164587,0.0016980431147285908,15.073489347361972,0.018359666589151925
37,427.4408564268926,195.39147690624674,522563.53662109375,648.6974487304688,805.558180695446,520321.71649228374,5.056082052737512,0.00128667961264739,1.0012883372899726,32485.83203125,215.0,132.7511042034574,11.583437893485948,False,False,science_V_005.fits,519886.033910665,635.3679696778455,818.2440077586316,-9.844392251068767,0.0013268658122825674,14.581729575457793,0.01832906379849087
38,264.4607548388817,197.27252955330397,151623.5535583496,384.5278015136719,394.31103020767836,152069.70191144582,4.87563025454268,0.008572943517067055,1.0086470743974645,9734.4990234375,149.0,132.79731765000759,11.583964499752353,False,False,science_V_005.fits,152700.7804557713,393.44397126100927,388.1131536120811,-8.514225015908675,0.002797380067889059,15.911896810617884,0.01849376495172271
39,186.13141983106053,203.38237547135856,818929.8970336914,788.267333984375,1038.8986854172042,814208.8072306339,5.107300285080154,0.0032502996921752736,1.0032608985898581,53363.95703125,249.0,132.81952831147865,11.585661036683334,False,False,science_V_005.fits,813175.5852058651,770.2926974574287,1055.6709000227881,-10.330082701287598,0.0010284455126844585,14.096039125238962,0.01830988003832644
40,42.35899314150697,205.17538145214127,404821.5296936035,570.7511596679688,709.2785057661664,403650.3398004116,4.993843480605373,0.002120193273818294,1.0021246980443208,26804.646484375,196.0,132.86029579526343,11.586153506509785,False,False,science_V_005.fits,404267.83479233674,563.3809086866432,717.5746081541319,-9.571294845184221,0.001513013403293106,14.854826981342338,0.018343478852275785
41,302.49550561584505,220.11312309536314,644306.7875366211,709.9815673828125,907.4979085889698,641055.5347134166,5.076407803971645,0.0008200023022373326,1.0008206752578381,40955.296875,232.0,132.78653246403877,11.590308809566466,False,False,science_V_005.fits,639035.596933349,693.804570585073,921.0599411221258,-10.068434501131483,0.0011787506453459409,14.357687325395077,0.018318937194314735
42,328.75500121364615,216.15324080992988,21225.98080444336,192.92933654785156,110.01945678271048,22243.95660143969,4.264138661798231,0.016457180309082386,1.016732550916547,1564.357177734375,71.0,132.7790864105624,11.589208402664006,False,False,science_V_005.fits,20944.93848586295,264.8192571313199,79.09144792848909,-6.357319597040908,0.013727147857776494,18.06880222948565,0.022861071609935568
43,280.0603692969915,227.00835701253965,532622.8937988281,663.9696655273438,802.1795594770188,532859.0684902247,6.9441750111345515,0.40296820498704666,1.6749526714541287,21068.662109375,269.0,132.79289411719466,11.592224377062255,False,False,science_V_005.fits,518106.01040777646,632.4716311615343,819.1766790492636,-9.840668450163976,0.0013253551129654515,14.585453376362583,0.018328954498847118
44,360.46404476810113,226.66747993138338,16963.695739746094,178.41383361816406,95.08060779665374,17730.854627772842,4.102444137302854,0.025696950441357225,1.0263746997948924,1171.9320068359375,62.0,132.77009472572993,11.59212823943549,False,False,science_V_005.fits,16687.311182254656,260.8102085893313,63.98258439542258,-6.110587785723556,0.01696867999720363,18.315534040803,0.024942536111888118
45,42.784742187542065,233.75748445770782,1442643.999847412,1023.8480224609375,1409.041154740769,1433685.6357790949,5.324778324688501,0.0015527885585198131,1.0015552034606596,60281.953125,301.0,132.86017678348315,11.59409299991015,False,True,science_V_005.fits,1428645.9307410994,1000.4167082059239,1428.0508502333305,-10.94193339532088,0.0007602670449883537,13.484188431205679,0.018296776022705193
46,317.8121018517772,232.3150475026308,72186.0140991211,292.949462890625,246.41115019238765,73176.71426281844,4.714042678768459,0.006403448824888969,1.0064447172419386,4951.76806640625,116.0,132.7821890775598,11.593697999455927,False,False,science_V_005.fits,71300.27569827938,322.75750734373867,220.90973587283335,-7.6873498969177465,0.004914677009187966,16.738771929608813,0.018930083384654836
47,203.89438091688592,237.9423145173703,1651074.7061767578,1091.96923828125,1512.015767747757,1646332.197650503,6.085439216484086,0.241805666442249,1.3189230725421017,56442.37890625,297.0,132.8144920329933,11.595261313340732,False,False,science_V_005.fits,1634807.478956904,1068.7321962778854,1529.669906689918,-11.088288413703465,0.0007097609721233041,13.337833412823095,0.018294746991497142
48,339.66695792665115,238.7452233687416,641483.3791503906,709.2672119140625,904.4311768187519,638314.0984855605,5.079450601537529,0.002090850835569702,1.002095231652421,41601.7578125,229.0,132.77599169151352,11.595483713995154,False,False,science_V_005.fits,637112.0502271653,693.4634546393962,918.7391865638632,-10.065161422367058,0.001181728194331821,14.360960404159501,0.018319129028712664
49,87.2340522421972,238.66257018425645,98482.46823120117,320.0097961425781,307.7482921407912,99190.58084655638,4.758510396480092,0.00481991338521226,1.004843257466704,6441.18603515625,126.0,132.84757281955132,11.595457856530272,False,False,science_V_005.fits,99733.87420242358,340.3388343718304,293.04288588313534,-8.051728598319997,0.0037049184685990777,16.37439322820656,0.01865262522285565
50,441.5853404163393,244.17503553021922,373445.32501220703,561.8775024414062,664.6383302224326,372322.42545007,5.011428898860821,0.0038882831561805054,1.003903460917517,24130.162109375,195.0,132.74709093013593,11.596988174875932,False,False,science_V_005.fits,371906.43203452526,553.3363704389968,672.1163688182439,-9.480706097653744,0.0016153452740764879,14.945415728872815,0.018352202788761506
51,354.8912443183423,246.08855675329045,16193.80517578125,180.0367431640625,89.94722350106214,16884.325219792474,4.155282505326625,0.00556256108694364,1.0055936762528004,1140.3492431640625,65.0,132.77167441019955,11.597523140358353,False,False,science_V_005.fits,15588.997228548347,260.43101274631107,59.85845181861568,-6.036667323636697,0.018137789518678345,18.389454502889862,0.025752153608372685
52,266.03433828168875,247.06514565550438,19599.24349975586,187.2399444580078,104.67447828233772,20180.385866549077,4.215604105259281,0.01408561079270021,1.0142868497984145,1457.856201171875,69.0,132.79687130014904,11.597795777113403,False,False,science_V_005.fits,20318.850274916895,260.2516203119729,78.0738665548363,-6.324369699337105,0.013906061629949416,18.101752127189453,0.022968947666388545
53,233.75762680119124,262.433875215812,312012.1464538574,515.7454833984375,604.9731049468318,311447.76082717715,4.980348928873411,0.0049852737601436825,1.005010251234153,20037.736328125,184.0,132.8060240146703,11.602064823100479,False,False,science_V_005.fits,311158.24172562343,510.97071305129873,608.9551392633041,-9.287075145887476,0.0017828899536235917,15.139046680639083,0.018367708170375426
54,415.19596917100495,262.2290526365629,24713.871124267578,206.10812377929688,119.90731209960214,26082.53857830777,4.366069470855553,0.047510567797724446,1.0498804146182221,1701.7113037109375,76.0,132.75457325170197,11.602004442602171,False,False,science_V_005.fits,20477.331729700858,275.1495005617657,74.42256550672566,-6.332805288667225,0.01458831730144917,18.093316537859334,0.02338830922775534
55,368.19748574436534,267.1190478659391,498742.8314819336,635.0634155273438,785.3433519986153,496756.56632714195,5.036849285637876,0.0034500875158092192,1.0034620318286005,33879.15234375,210.0,132.76790052712346,11.603364550700494,False,False,science_V_005.fits,495375.5837598071,622.9978279673702,795.1481715049457,-9.791958366849009,0.0013654058940299621,14.63416345967755,0.018331894067466024
56,427.27170528926774,273.71316743974813,1006915.4337768555,872.625732421875,1153.8915211476453,1000542.1673310911,5.135630262234558,0.0008978967539677862,1.0008987036971002,58143.734375,262.0,132.7511483592071,11.605193918298761,False,True,science_V_005.fits,997940.1637491797,851.0446300199052,1172.6061460793646,-10.552383128730744,0.0009258863290373011,13.873738697795815,0.018304405817716193
57,404.299925900525,270.5168976517344,29050.231170654297,216.96673583984375,133.89255757665094,30079.10454375947,4.419775432616501,0.012300839742520497,1.0124540348291011,1888.5186767578125,81.0,132.7576627097291,11.604307087334336,False,False,science_V_005.fits,25889.24394311601,279.8532225296606,92.51007978073972,-6.587420293279173,0.01173601841629845,17.838701533247384,0.021723906994669275
58,255.16928425811525,277.990094063639,1663504.9012451172,1101.449462890625,1510.2870874161067,1652954.008212774,5.5418954112251875,0.001365754300298505,1.001367622136112,56713.31640625,326.0,132.7999522735402,11.606386057354442,False,True,science_V_005.fits,1641287.9517993943,1072.0108695741853,1531.0366698532937,-11.092583827750445,0.0007091273653844186,13.333537998776114,0.018294722421115912
59,318.2935629549379,276.2648484719799,232184.1717529297,458.1826171875,506.7502848060122,232164.67032525002,4.937128845640526,0.003208925260484885,1.0032192556111355,15341.287109375,167.0,132.78205176790172,11.60590626847035,False,False,science_V_005.fits,230673.6363491472,459.2143398557346,502.3223717743983,-8.962116778827054,0.002161361032288657,15.464005047699505,0.018408299442296133
60,337.51425537220695,280.31055077461326,1304022.9903259277,982.4204711914062,1327.3573063318865,1295884.3447695563,5.263925582928825,0.0008357909744122205,1.0008364901052924,59874.12890625,287.0,132.77660115468376,11.607029686991192,False,True,science_V_005.fits,1290675.4376431557,957.9867595898147,1347.2789939140596,-10.831664487139212,0.0008058464541526541,13.594457339387347,0.01829872660468522
61,41.20837867132236,283.1399887075975,1303254.6138305664,976.1777954101562,1335.0586542311012,1294919.2182075945,5.251660002358128,0.0017866011712733831,1.0017897988279558,59981.71484375,288.0,132.86062676172477,11.60781026168219,False,True,science_V_005.fits,1291653.3859334304,954.0295933518892,1353.8923686793962,-10.832486840904696,0.0008019101260309235,13.593634985621863,0.01829855367769746
62,186.05129521984603,281.2782386263004,148013.00036621094,379.7667236328125,389.7471557021442,148458.69259861723,4.875482125453869,0.008932272550036924,1.009012777131811,9982.185546875,147.0,132.8195525468353,11.607298773325617,False,False,science_V_005.fits,143360.85287564824,389.4586490935623,368.1028864278931,-8.445698314066032,0.00294944712478552,15.980423512460527,0.018517376844122656
63,168.05062284782338,291.7214734334676,310937.8297729492,514.175537109375,604.7308892231619,310345.46035360417,4.986226928689257,0.0013635858054585892,1.001365447710575,20804.693359375,185.0,132.82465737958844,11.610199283414543,False,False,science_V_005.fits,305220.8068380655,509.1384311155172,599.4849105563094,-9.266157214179104,0.0018110547586468746,15.159964612347455,0.018370463417784588
64,202.46878630460725,289.6244707638839,16662.263305664062,175.5353240966797,94.92256553721904,17672.742874408286,4.122948165270379,0.015441907804297217,1.0156841002341055,1180.30078125,63.0,132.8148970475945,11.609617446854786,False,False,science_V_005.fits,16815.17937003339,254.85144685983684,65.98031746424184,-6.118875634939789,0.016454907186349888,18.307246191586767,0.024595893505964233
65,350.3635796623941,295.2268732484998,105994.62936401367,336.8694152832031,314.646045485919,106716.28448604776,4.75688008506089,0.008446641206048766,1.0085185947192217,7015.08447265625,127.0,132.7729569841986,11.611172793220414,False,False,science_V_005.fits,102384.2170296089,358.55005615508617,285.5506930539259,-8.08020440760224,0.003802127000248488,16.34591741892432,0.01867217653545946
66,312.94030571772396,297.8848846012173,754208.0778808594,762.879150390625,988.6337534518728,750177.7204342483,5.082742878825687,0.0015570883309024008,1.0015595166360582,51209.5234375,239.0,132.78356946746166,11.611911923414938,False,False,science_V_005.fits,749039.1535329315,745.4243486053709,1004.8493249976655,-10.24088317302545,0.0010804604959082024,14.18523865350111,0.01831287529932322
67,108.13107032587767,298.07847059924285,384398.0059814453,560.41943359375,685.9112709858251,383442.77878491586,4.998212402765562,0.0045436126452310654,1.0045643512894673,26142.431640625,192.0,132.8416496227552,11.61196317718518,False,False,science_V_005.fits,383198.0611810179,553.7349919228892,692.0242837649322,-9.513180131708284,0.0015688755806274456,14.912941694818276,0.018348170956060807
68,236.11805620578195,298.50248555194906,123165.49258422852,353.6954345703125,348.22471693437694,123877.18399450378,4.809223209233285,0.008041152333842061,1.0081063366214849,8005.22314453125,135.0,132.80535485586697,11.6120838943984,False,False,science_V_005.fits,123850.19832085543,369.88001572513093,334.83884788436984,-8.28686363993221,0.003242455309053404,16.139258186594347,0.018566300742920032
69,426.1310889542436,300.5661860544924,263875.50985717773,485.986083984375,542.9692712469965,263694.98364094424,4.957240308149786,0.005846844904114357,1.0058812315528491,17243.48046875,174.0,132.75147051222123,11.612653141433267,False,False,science_V_005.fits,262466.27521626966,484.3653206149858,541.8766869664062,-9.102305644077598,0.002003592378328888,15.323816182448962,0.01839044287840404
70,182.74700549698596,309.47969835070603,1761434.4540405273,1131.0997314453125,1557.2759899693167,1750200.924493746,5.594343305186233,0.0013653156088935248,1.0013671822441517,56760.80859375,337.0,132.820490142468,11.615132446793764,False,True,science_V_005.fits,1737347.7356644203,1100.751318540717,1578.3290071072993,-11.154338755457538,0.0006878793934034257,13.271783071069022,0.018293911142924394
71,439.65441141259555,307.8640481152253,35882.726318359375,233.48968505859375,153.68013498906677,37140.56648956542,4.485208559487473,0.021167772732643142,1.021625537189083,2495.705078125,88.0,132.7476351576033,11.614679658602721,False,False,science_V_005.fits,34363.89113056986,290.0901163764104,118.45936552343797,-6.894877710196696,0.009165168116531801,17.531244116329862,0.020449799838864816
72,350.1663058337903,319.75673753418323,1840781.6856384277,1157.242431640625,1590.6621078772127,1829752.114653633,5.580912551102076,0.0029607741471430193,1.0029695663624572,59596.2109375,331.0,132.7730122684423,11.617986648406099,False,True,science_V_005.fits,1817330.1059637612,1126.556939607665,1613.1719951915302,-11.20320642700722,0.0006730218496454224,13.222915399519339,0.01829335850125516
73,216.5040960327097,321.88764112714455,82649.55053710938,313.5851135253906,263.56337393680946,83427.92271704803,5.031358500834255,0.12523406582459817,1.1431629432879666,5334.83203125,136.0,132.81091727378907,11.618579614637474,False,False,science_V_005.fits,81883.60498803583,330.68717075394136,247.61651563726377,-7.8376142604321455,0.004384602526232355,16.58850756609441,0.018799434729756835
74,199.4884555179507,330.61843344619933,1058406.1950073242,888.4829711914062,1191.2509629622505,1051872.070785417,5.179915871015574,0.004903194471040817,1.0049273542471422,56071.30859375,265.0,132.81574285017558,11.621004612885509,False,False,science_V_005.fits,1047877.2477766891,867.9329225815983,1207.3251521095208,-10.605397900947363,0.0008992606491324984,13.820723925579196,0.018303078335635853
75,499.2891940167367,333.92830741276526,1341307.1477966309,1001.1552124023438,1339.759441074145,1331091.5186441732,5.299242885605149,0.0022972892747072926,1.002302578964667,61297.4921875,306.0,132.73072187757964,11.621916184348864,False,True,science_V_005.fits,1324492.571717546,971.5634866611606,1363.2589016588597,-10.859745691399542,0.0007964004479845197,13.566376135127017,0.018298313051177538
76,17.170615367804444,334.2001182998907,111892.76962280273,334.41619873046875,334.5913566614803,112424.85594045899,4.704196257518747,0.003180628055822199,1.003190776729809,7835.611328125,125.0,132.8674467507311,11.621992118614681,False,False,science_V_005.fits,114747.63341174524,354.44569919949345,323.73825855666985,-8.20398121725872,0.0033536351398206774,16.222140609267836,0.018586039801323583
77,223.04790583195188,333.49617223445296,37138.740783691406,230.79425048828125,160.91709696025185,38170.16969628,4.487753457830917,0.019103913626681956,1.019475981087166,2581.657470703125,89.0,132.80906162937205,11.62180426999385,False,False,science_V_005.fits,36762.87214426485,282.8975950572629,129.95116532123038,-6.968145458606173,0.008354676907407672,17.457976367920384,0.020099617734487273
78,317.1124927308024,338.8631305332891,1773895.7487487793,1138.7774658203125,1557.7193982065342,1762146.6961726532,5.601477793571359,0.0021069126268102867,1.0021113610801298,58032.60546875,341.0,132.7823855932306,11.623294698552584,False,True,science_V_005.fits,1749065.849481501,1106.0947425037193,1581.2984026326476,-11.161637274707436,0.0006865876789557599,13.264484551819123,0.01829386261799946
79,172.9802337694316,346.971460084994,227154.3109741211,453.07293701171875,501.3636710952915,227010.5674098096,4.946533376341161,0.007906171864395795,1.0079691775517376,15644.5576171875,172.0,132.82326071985904,11.625546614313189,False,False,science_V_005.fits,226607.3370048196,452.22715103931955,501.0918439638687,-8.942806791975864,0.0021666686717780317,15.483315034550696,0.018408923379128087
80,69.38180027698343,349.18135790859765,544738.9714660645,654.359375,832.4767586099985,542316.033158106,5.047681170072167,0.003358393571624707,1.003369710385321,35653.41796875,217.0,132.8526408792452,11.626156633371565,False,False,science_V_005.fits,541851.8739864327,641.9245438338462,844.105244442381,-9.889323323308888,0.0012862140202875027,14.536798503217671,0.018326165811520106
81,372.7346859929904,350.2885794804995,684155.7075500488,732.1544189453125,934.4418197128318,680629.2932548181,5.083210229104008,0.0023989227221425935,1.0024046913909601,44906.71484375,233.0,132.7666111362866,11.626467047702615,False,False,science_V_005.fits,679838.1315191031,715.1317877829741,950.647339599758,-10.135635674349203,0.0011420638913870018,14.290486152177357,0.018316613136094628
82,46.61428172725734,358.4368733102829,872781.9888000488,810.1348876953125,1077.3292226470533,868122.3289903251,5.087921321873114,0.0006576759189143022,1.0006581087411854,54415.19140625,248.0,132.8590981991719,11.628726365145933,False,False,science_V_005.fits,867981.0426751671,793.077691255876,1094.4464234023253,-10.400897473988245,0.0009920083585497634,14.025224352538315,0.01830786954915227
83,195.87816945470126,357.981667143214,141168.78030395508,372.3626708984375,379.11635976652207,141698.32915785495,4.82276660894036,0.003953193075638239,1.0039688828357827,9603.298828125,140.0,132.81676715119386,11.628605452063637,False,False,science_V_005.fits,140846.85111838643,385.53351979214847,365.32971554411347,-8.426489729054712,0.0029718359985663476,15.999632097471848,0.018520956132114755
84,425.85558186923043,356.55865075058983,38592.97525024414,239.92391967773438,160.8550548110509,39757.90751859675,4.510609886071352,0.015988859128197586,1.0162486566097535,2614.36767578125,91.0,132.75154594102582,11.628206609251919,False,False,science_V_005.fits,39021.877471741085,293.47424365294273,132.96525441560604,-7.032892276307946,0.008165291036156376,17.39322955021861,0.020021637908784584
85,150.73252705092162,363.456102186479,191860.37396240234,420.988525390625,455.73777523836253,192077.5165661149,4.921599967080477,0.0042065368158168415,1.0042243065167007,12198.947265625,159.0,132.82957055480307,11.63012510572872,False,False,science_V_005.fits,191707.03721279203,425.186854964774,450.87714959738025,-8.76121701234701,0.0024079729943500077,15.664904814179549,0.018438881223839566
86,189.4114579951747,375.4448296075191,249187.8434753418,469.6821594238281,530.5456860039719,249077.6064407198,4.947201765605267,0.0013403992222381644,1.0013421983038007,15368.349609375,171.0,132.81860142516155,11.63345621709278,False,False,science_V_005.fits,247956.32743716575,469.2223705536597,528.4409759589878,-9.040559862162286,0.002054534090642246,15.385561964364273,0.018396062545418666
87,413.6602819912726,378.51107782466454,751118.2129821777,775.7489013671875,968.2491482210282,749863.7401130386,6.651008524638246,0.3699901012753263,1.5872766475960072,59431.3359375,288.0,132.75500352166083,11.634305058789176,False,True,science_V_005.fits,732100.3611034441,740.5087481139607,988.6451213008188,-10.216048426706479,0.0010981695823992744,14.21007339982008,0.018313928668558563
88,168.9086561344258,380.22948934373454,118132.63897705078,347.874755859375,339.5838214394745,118747.16066194283,4.8113252202395485,0.0025913194328339717,1.0025980518149897,7981.41650390625,134.0,132.82441620923805,11.634784857532141,False,False,science_V_005.fits,118100.5392736261,364.5030075260563,324.0042930652191,-8.235251575801717,0.0033508815260711953,16.19087025072484,0.018585543141030596
89,334.40266015218486,382.41442241936005,954627.6547851562,851.0132446289062,1121.7541687044275,948808.429546457,5.120636376922833,0.0005732545333143602,1.0005735833425657,56441.125,257.0,132.77748124237593,11.635391936583693,False,False,science_V_005.fits,947356.877397956,830.3417177359156,1140.9241004789021,-10.495905904674675,0.0009515970427342873,13.930215921851884,0.018305724344507238
90,318.1797755998961,387.2856263668974,18936.669067382812,187.1825408935547,101.16685550364203,19843.56896328525,4.177518049738898,0.03131545958522852,1.0323278201299877,1389.62158203125,66.0,132.78208205547048,11.636745368906519,False,False,science_V_005.fits,19223.34551118377,266.74019822823897,72.0676734848008,-6.264194303575233,0.015065006923374265,18.161927522951324,0.023688571937680387
91,63.34990335868645,389.9728132155296,181839.0327758789,408.8769226074219,444.72804093780906,182163.86595690687,4.870532892108638,0.016361213628712123,1.0166333555115998,12348.2421875,152.0,132.85435370745418,11.637487269281795,False,False,science_V_005.fits,182179.34161109198,415.79873062101024,438.1430923057428,-8.705869694588163,0.002477957587523444,15.720252131938397,0.018448151144516062
92,282.41211161999865,392.95047340676655,462648.9187011719,612.86669921875,754.8932244008888,461160.0140237411,5.015453605592453,0.0017024932461114917,1.0017053966724283,30075.986328125,201.0,132.79222596928352,11.638319386163886,False,False,science_V_005.fits,460855.53078077134,603.320205860881,763.8655664170471,-9.713533883730229,0.0014213233947598068,14.71258794279633,0.01833614373410712
93,98.39610212385351,393.0359139688172,121376.59454345703,351.1302490234375,345.6739910076938,122206.62704765984,4.846020683658657,0.011998254062907554,1.0121439603849358,8043.06689453125,139.0,132.8444144780545,11.63833982254107,False,False,science_V_005.fits,122265.24149940038,365.20574012257543,334.7845558461486,-8.272879399081974,0.0032429811382904336,16.153242427444585,0.018566392581992115
94,407.0842497003175,398.0528260228257,947574.3587341309,850.5064086914062,1114.129592735314,941553.9130141442,5.133581677844858,0.006252259123308401,1.0062915958106156,59188.4921875,260.0,132.75686767382194,11.639733601674317,False,True,science_V_005.fits,937515.5414756377,828.4340622422927,1131.6718906247022,-10.484568063763389,0.0009593770146580871,13.94155376276317,0.018306130424030048
95,242.3880042621533,397.4873680759808,273497.6617126465,489.0313415527344,559.2640767036688,273292.2226411963,4.953333623869538,0.005576559226601274,1.0056078316318289,16808.03125,173.0,132.80357716450285,11.639579716252031,False,False,science_V_005.fits,272236.2580068929,487.8262475640026,558.0598817023999,-9.141986790496988,0.0019454901446919958,15.284135036029571,0.018384203511396354
96,40.99623292455604,402.44758936731773,640809.9920349121,710.4020385742188,902.0385038886174,639371.759983027,5.892180753423891,0.2347941247284533,1.3068378488927994,25090.6015625,256.0,132.8606941279581,11.640951223795696,False,False,science_V_005.fits,632136.738845479,688.1258652806171,918.6353409164386,-10.056649453064693,0.001181861780885652,14.369472373461866,0.018319137646583217
97,221.8694828384742,404.2544452930538,1024358.4734191895,876.331787109375,1168.9162580739974,1018061.4597000062,5.1433955368977715,0.0013331797859718053,1.0013349595270282,57954.03515625,261.0,132.8093964821317,11.641459328774506,False,True,science_V_005.fits,1015249.9081253841,855.9514646328797,1186.1068647868112,-10.571054271192837,0.0009153475392751748,13.855067555333722,0.01830387576342785
98,469.544859926862,404.3519970167931,172697.17443847656,411.8976745605469,419.27203066326354,173075.96891862166,4.90057120119769,0.005428399958116503,1.0054580283188137,10743.005859375,152.0,132.73915285388878,11.641480193181282,False,False,science_V_005.fits,171611.47947999777,419.97992334054913,408.6182932626595,-8.640987712602175,0.0026570029240029964,15.785134113924384,0.018473052573505677
99,121.25292142638774,406.8351107676608,495139.3500061035,629.3270263671875,786.7759197699055,493275.2994312714,5.054201516711838,0.005520431471203291,1.005551075804775,33173.62109375,213.0,132.83793261242332,11.642173850437958,False,False,science_V_005.fits,491911.49469798757,617.3132756779363,796.8587653615064,-9.784339301579596,0.001362474816359028,14.641782524946963,0.018331675986405522
100,450.9613171550389,402.8138158176991,7771.585845947266,143.32363891601562,54.22403383506916,8543.825436642646,3.697643819878976,0.05148431466077941,1.0542788226452648,657.1072998046875,43.0,132.7444234449932,11.641053979351785,False,False,science_V_005.fits,7811.165646835972,257.5061910617247,30.333894554650232,-5.286411493373904,0.03579164548238204,19.139710333152653,0.04018999742699498
101,177.24653275892234,410.8118288266531,997703.8188171387,865.77734375,1152.3792185363925,991589.3446734512,5.136961085086356,0.002303146739691786,1.002308463469806,57478.48828125,264.0,132.82205221768623,11.643280136651592,False,True,science_V_005.fits,989676.821684332,845.0619017005196,1171.129380809623,-10.543355371966543,0.0009270538488663277,13.882766454560016,0.01830446491116422
102,307.4539914168254,406.69043525992356,34542.44583129883,299.0435791015625,115.50973919947424,35356.933396491564,4.418097523405135,0.0074803633809717995,1.0075367409419256,2261.033447265625,84.0,132.7851236748632,11.642135762845705,False,False,science_V_005.fits,34932.236759351894,345.2615016232303,101.17617109095474,-6.912687861549177,0.010730787578667947,17.51343396497738,0.021197731220671673
103,342.7354318758758,412.822594467443,29687.075561523438,217.89617919921875,136.244130900437,30427.69094023769,4.372654263443509,0.017178630791548466,1.0174788942627324,2171.30712890625,80.0,132.77511726914818,11.643838453086616,False,False,science_V_005.fits,26672.283772610088,281.2825944334616,94.82379749209655,-6.619772381711337,0.01144965745640478,17.806349444815222,0.021570550820837885
104,57.38915294552689,415.3808893245693,169066.4129333496,398.2008056640625,424.5757681263471,169462.0110501186,4.8824934583836805,0.008589611826497978,1.008664032502547,10800.2138671875,151.0,132.8560456379963,11.644544739425069,False,False,science_V_005.fits,167717.84537426944,405.7411504787705,413.3616843555652,-8.616070060300377,0.0026265133927268,15.810051766226183,0.018468691871584123
105,411.8129477576607,418.0804732036876,1002110.1578674316,871.5835571289062,1149.757988974109,996122.7505374746,5.131192739753479,0.004115643004522274,1.0041326515228524,60089.9765625,258.0,132.75552568203403,11.645296629653627,False,True,science_V_005.fits,993505.1498066632,850.3361541069762,1168.367527369271,-10.547547180553867,0.0009292452713441912,13.878574645972693,0.018304576029497647
106,136.13304849252157,418.429704299238,88174.43933105469,440.690673828125,200.0823810613334,89013.56504782141,4.739847868364904,0.0032129935876262783,1.003223350191121,5814.5244140625,121.0,132.8337128135252,11.645395089922406,False,False,science_V_005.fits,87966.58913591033,458.5032063832202,191.8559955770238,-7.915416255861361,0.005658931829232971,16.5107055706652,0.019136810504711863
107,35.91821662177061,422.40810110932546,934197.2158203125,836.3839721679688,1116.9477738780727,928568.8360937869,5.0998406839526425,0.0037361877188838433,1.0037501991669548,61189.74609375,253.0,132.86213554321918,11.646495498820299,False,True,science_V_005.fits,927003.750964197,818.3171061743531,1132.8172709207508,-10.472325602659298,0.0009584069980832355,13.953796223867261,0.01830607961359611
108,474.62716041866037,428.0601386246273,353033.1766357422,551.8523559570312,639.7239638915854,352111.3927480403,5.0246887785307575,0.003928257086579401,1.0039437491471142,23299.076171875,192.0,132.73770998542875,11.648065474037356,False,False,science_V_005.fits,350643.1546188709,543.8202040606672,644.7777261687652,-9.416785286204112,0.0016838360817008546,15.009336540322447,0.01835835806370989
109,95.98901291167623,427.69971081363747,39747.490173339844,235.4044952392578,168.84762601046225,40713.172904213396,4.55828553809519,0.018191655363630432,1.0185287235161644,2737.396484375,94.0,132.84509870474128,11.647968541166582,False,False,science_V_005.fits,40777.968475756155,282.00066780695687,144.60238265701787,-7.0806858385249445,0.007508175038686396,17.345435988001615,0.019762760415916035
110,168.72089836179168,432.57750187302986,23843.193115234375,199.7538299560547,119.36288340744112,24889.349537072318,4.31769833782118,0.01255228276459186,1.0127118454430528,1572.9410400390625,75.0,132.82447073322763,11.649325958398085,False,False,science_V_005.fits,23566.806533847324,266.63204175550754,88.38700097213852,-6.48537371551381,0.012283480467249206,17.94074811101275,0.022024484085549814
111,148.80960899140365,442.6966926349933,285100.5595703125,497.5001220703125,573.0663107857866,284685.068547871,4.977879228930138,0.006676395932238788,1.0067212697905277,18786.876953125,181.0,132.8301182699709,11.652136310112923,False,False,science_V_005.fits,284061.65727708593,493.58561633249616,575.5063516391699,-9.188153415257943,0.0018865126282406534,15.237968411268616,0.01837805584771838
112,374.43774706591216,448.30481023607473,835366.3427429199,809.2328491210938,1032.294158164995,833109.0845680677,6.0851702781864825,0.2653704456884636,1.3612302882874858,42562.90625,278.0,132.76612484962817,11.653693703913698,False,False,science_V_005.fits,821759.4529212432,779.5025321568072,1054.210113529093,-10.341483645514097,0.0010298705979640919,14.084638181012462,0.018309960139058064
113,179.40146214315985,450.75399938979456,22274.641174316406,195.12860107421875,114.15364560443943,23177.9297461108,4.293286851952927,0.03623687411719856,1.037599357294362,1467.54248046875,72.0,132.8214419029363,11.654375221012389,False,False,science_V_005.fits,22765.5940227329,265.39129419588824,85.78123895024743,-6.447819341140018,0.012656613652196131,17.97830248538654,0.022234744792470673
114,123.7135328872038,459.4707904773525,26372.503326416016,208.05917358398438,126.75482110271187,28103.927606636236,4.454189416946059,0.008007341474618679,1.0080719765472073,1726.79833984375,82.0,132.8372367034377,11.65679494898233,False,False,science_V_005.fits,23802.65511028171,268.56808303077196,88.62801134695687,-6.496185383849134,0.01225007741344609,17.929936442677423,0.022005872022729894
115,264.49419679237246,461.21318823054077,22629.383178710938,199.63673400878906,113.35280198339987,23789.288569063054,4.321978806932561,0.025685287838668747,1.0263624140311818,1434.45947265625,74.0,132.79730746015295,11.657281329713557,False,False,science_V_005.fits,20927.466063996966,269.8704904284868,77.5463298368391,-6.356413489913328,0.014000662601110339,18.06970833661323,0.023026344914368717
116,61.38199872634491,466.87569595714234,72278.64535522461,287.7555236816406,251.18073992279068,73339.19439473253,4.69751305279895,0.011618732002489529,1.011755313843644,4878.08447265625,113.0,132.8549160232588,11.658849050855977,False,False,science_V_005.fits,73836.9047855608,317.910299751823,232.2570386778964,-7.725305581398445,0.004674562313289861,16.700816245128113,0.01886916902426215
117,433.2441172717283,469.3634389250626,123225.71295166016,361.9562072753906,340.44370693138893,124176.31116986394,4.8293791527213825,0.0034560585061156335,1.0034680442700146,8060.3857421875,136.0,132.74944489069298,11.659540883877947,False,False,science_V_005.fits,122499.07216641413,379.4331450082983,322.84757875787324,-8.274953872230382,0.003362887230491653,16.151167954296174,0.018587711461348546
118,174.9190587329877,472.241923827101,89639.47372436523,315.8516845703125,283.8024240596076,90463.49552057992,4.763227284533315,0.017846247781937108,1.0181705234456762,6159.28857421875,124.0,132.82271370963568,11.660343985538345,False,False,science_V_005.fits,89791.56499453634,378.77283873200105,237.05914419610204,-7.937710726611543,0.004579869735385015,16.488411099915016,0.018845933610156858
119,277.89466597837855,480.2729519787575,1773006.8136901855,1138.860107421875,1556.8258139306301,1760776.1103798859,5.547501103102054,0.0029264093398503332,1.0029349983464237,60542.1640625,341.0,132.79350659109033,11.66257564240733,False,True,science_V_005.fits,1748441.9422976354,1106.1572045254445,1580.645079329153,-11.161249913954897,0.0006868714641877642,13.264871912571662,0.01829387327095221
120,243.58411483525572,481.02717875521137,1237196.1026916504,958.7314453125,1290.451156828787,1228937.1278148417,5.23107363005552,0.005763982901480391,1.0057973990102484,60371.71875,284.0,132.803238205015,11.662785204332785,False,True,science_V_005.fits,1224075.1165645712,934.4949708092788,1309.878763183192,-10.774142047871344,0.0008288553341849703,13.651979778655216,0.018299754315573506
121,195.7501242185014,481.45201734925945,164086.4988708496,398.63330078125,411.62265809020323,164429.47836135142,4.895708961619132,0.002298345193631035,1.0023036397529852,10368.7255859375,152.0,132.81680552981047,11.662902745094398,False,False,science_V_005.fits,163647.9173406342,406.2263292808509,402.84911524652466,-8.589398080655904,0.002695053703507833,15.836723745870655,0.018478563832455584
122,326.0376956067368,493.110712632942,27031.864776611328,214.34776306152344,126.11218512624492,28311.826884545066,4.437363097812924,0.012425390248732793,1.0125817230678524,1850.97998046875,81.0,132.77985137270923,11.66614105379268,False,False,science_V_005.fits,28285.89467077841,278.761478221515,101.46988332549057,-6.68354667364793,0.010699726504241067,17.742575152878626,0.02118202431569993
123,357.7598642736542,493.52592884599,3496.07666015625,111.67980194091797,31.3044668722262,4733.108466108695,3.2219993210883096,0.0738198195998171,1.079703518993379,299.7777404785156,29.0,132.77085378705638,11.666255624958824,False,False,science_V_005.fits,4207.016591585634,250.36568792213342,16.803487037305466,-4.614557436006295,0.06461158910585849,19.811564390520264,0.0671479817539562
124,29.08105026031304,14.006202163662751,1050963.7250061035,872.899169921875,1203.992123282882,1049258.3589232846,5.078961045805725,0.0129584811594744,1.0131286079786155,65006.03125,225.0,132.8640486408727,11.533050216206004,False,True,science_V_005.fits,1064419.9601522915,869.2851008955356,1224.4773999413178,-10.622404398807666,0.0008866639760374765,13.803717427718894,0.018302463764524896
125,31.720703081614964,22.45511427815299,118701.57141113281,327.0008239746094,363.00083274514816,126999.62999276046,4.552632056310391,0.11949889472981767,1.1357169162134662,7969.49267578125,102.0,132.86330082805117,11.535397294630217,False,False,science_V_005.fits,276687.2933148325,487.1801039181036,567.9363567797596,-9.1595949113045,0.0019116578592643688,15.266526915222059,0.01838065403124251
126,211.0908954371367,19.489892341153954,1786294.7181091309,1133.753662109375,1575.5580579873833,1775525.44115164,5.50881461627313,0.0019214930068598424,1.0019251922503056,61361.734375,319.0,132.81244864866434,11.534580209280266,False,True,science_V_005.fits,1763545.578913857,1107.757771396519,1591.9956731069508,-11.170588595312747,0.0006819742153451584,13.255533231213812,0.018293690050827358
127,238.91172874937726,16.954007306694727,1567378.5258483887,1056.81005859375,1483.122263175683,1565177.6549672866,5.322643119143995,0.024281313322253695,1.0248855675860118,61600.55859375,240.0,132.80456134289767,11.533876027076413,False,True,science_V_005.fits,1561985.2077486545,1046.0555371582486,1493.2144157393388,-11.038814165846153,0.0007270891497939597,13.387307660680406,0.01829542744723644
128,227.3962709168727,16.446663852199222,281480.05462646484,483.3070983886719,582.404139241714,282303.2732223952,4.980372449940802,0.013571003765983192,1.01375770969608,17409.171875,154.0,132.80782599947466,11.533735029393165,False,False,science_V_005.fits,295250.695029405,503.9909128297875,585.8254335810213,-9.23009919561489,0.0018532824588433385,15.196022630911669,0.0183746744928339
129,249.45005332633994,24.60512409261874,1701940.5777282715,1110.701416015625,1532.3115224193873,1688322.8361854213,5.623938402512141,0.0636778306768282,1.0680084620049723,60951.484375,329.0,132.80157371399517,11.5360013658868,False,True,science_V_005.fits,1676287.9060060186,1081.6696467333838,1549.722608070188,-11.11549340329012,0.0007005769899375618,13.31062842323644,0.018294392992503856
130,341.62564364264955,25.514631723968478,1694612.9555969238,1107.1976318359375,1530.5424315141856,1684564.7305427613,5.447352146110856,0.004478628559444364,1.004498776910197,61747.72265625,307.0,132.77544148819825,11.536252979474913,False,True,science_V_005.fits,1674501.9124629751,1081.6878014514962,1548.0454806053956,-11.114335993759932,0.000701335983730539,13.311785832766628,0.01829442207361084
131,340.5173646946445,41.366650263160686,1075876.568786621,888.37841796875,1211.0566252234942,1075425.0456167725,5.131066920109824,0.022603460615972515,1.023126192599595,60403.42578125,230.0,132.77575530822836,11.540656338701787,False,True,science_V_005.fits,1072517.9034172923,877.2758850501347,1222.5548675101218,-10.630633250402937,0.0008880583022103189,13.795488576123622,0.01830253136572832
132,351.7700033686742,41.896750681888705,375940.79067993164,553.1883544921875,679.5891266095713,376245.17302961426,5.031292883507896,0.025930721571567394,1.026621023931074,25095.68359375,176.0,132.7725650662301,11.540803306617006,False,False,science_V_005.fits,390562.55923173786,561.1074727332506,696.056599156024,-9.533848393729642,0.0015597869502514921,14.892273432796918,0.018347396059809663
133,61.65528977628592,25.678440078951287,249056.90225219727,492.4593811035156,505.7410048603484,249813.92589720583,4.951967566106974,0.029179452731904032,1.0300564845006788,15282.89453125,153.0,132.8548144376069,11.536294375305353,False,False,science_V_005.fits,257594.98768817022,503.0764951203916,512.0394019333481,-9.081965394590418,0.0021203446373475082,15.344156431936142,0.018403528689533228
134,49.87442688181589,30.465756912978925,1651355.097503662,1087.1864013671875,1518.9254532865812,1642362.7156314447,5.383170960944874,0.005645015028642009,1.0056770621296827,64292.9921875,297.0,132.85815464390254,11.53762353805877,False,True,science_V_005.fits,1630045.3104406584,1065.8401706409848,1529.3524820521325,-11.08512106572694,0.0007099082865077475,13.34100076079962,0.018294752707281852
135,37.11888741234385,41.14270099172137,127900.94320678711,386.6682434082031,330.77695256127595,128489.91615232793,4.836610155994969,0.018458284468962582,1.0188053998896789,8766.263671875,139.0,132.8617715715128,11.540588609119544,False,False,science_V_005.fits,84946.1675179507,398.1602238389213,213.34669419996183,-7.877481348435187,0.0050889000369624396,16.54864047809137,0.018976061510006248
136,13.140251659540024,28.5688227418412,385003.77087402344,551.683837890625,697.8703098247242,385916.5787132763,4.97871647120455,0.002562361746611952,1.0025689443112442,24833.16015625,175.0,132.8685688705873,11.537094355941738,False,False,science_V_005.fits,383144.4357916522,552.1141300020887,693.9587577485161,-9.513028181302158,0.001564502195378947,14.913093645224402,0.01834779752353644
137,16.36766181967968,42.66939859842971,2004717.3335876465,1203.7305908203125,1665.4202766596482,2019899.115795258,6.198665490533869,0.2857634919718781,1.4000964509092646,65748.78125,256.0,132.8676548317577,11.5410113885526,False,True,science_V_005.fits,2113886.79104208,1206.8979296207378,1751.5041986246172,-11.367326186551903,0.0006198671980647005,13.058795639974656,0.018291480043686484
138,21.228566908002268,49.644509453455264,582511.8489685059,657.2333984375,886.3089586642486,599388.0569492962,4.711708269213007,0.1607238886737058,1.1915029946696762,39087.1328125,160.0,132.86627717981727,11.542949231797587,False,False,science_V_005.fits,1094039.6016084896,881.7698710942033,1240.7314396565594,-10.652204480791188,0.0008750483507539128,13.773917345735372,0.018301904722227723
139,138.58363560516665,36.39741197385332,1561682.045288086,1055.6103515625,1479.4114542136742,1557524.6677141576,5.2772215827942475,0.04203506254879796,1.0438795418344204,61076.4296875,257.0,132.83300523845523,11.53927513858542,False,True,science_V_005.fits,1587088.077062356,1052.0090835774813,1508.6258301737048,-11.056124446631767,0.0007196615478040645,13.369997379894793,0.018295133767992296
140,137.91879772239943,46.96599415400171,1118748.5874328613,897.1852416992188,1246.9538456896748,1121415.6518226247,5.129993796171861,0.02483353180875081,1.0254659410662594,60059.8046875,207.0,132.83319407425486,11.542210830882814,False,True,science_V_005.fits,1161249.487871284,909.6250306297443,1276.624376824082,-10.716935712719033,0.0008504459257631808,13.709186113807526,0.018300744933417094
141,128.00004742539326,56.89129856265613,2062973.8424682617,1211.1915283203125,1703.2598017996427,2054798.047554933,5.780017691603329,0.1182276146589829,1.134079516011674,61173.55859375,323.0,132.83600650283432,11.544967523754991,False,True,science_V_005.fits,2033807.100009231,1185.4918909370838,1715.5807775298977,-11.325396271842099,0.0006328469135467913,13.10072555468446,0.01829192450403538
142,220.37680757663173,40.42822705394748,1880583.458984375,1165.5469970703125,1613.4771602615415,1866892.752734711,5.679120233408207,0.028589688598136487,1.0294311150114086,60090.9765625,352.0,132.8098162677251,11.540396506564866,False,True,science_V_005.fits,1847173.8739936769,1133.0026234170134,1630.3350370211856,-11.220891317516838,0.0006659367402075233,13.205230509009722,0.018293099206731004
143,199.33597285230798,44.14785311735807,1737912.728729248,1121.6627197265625,1549.4075876506924,1729327.0198263736,5.918478735751511,0.1864106369428563,1.2291212808417253,60553.8828125,337.0,132.81578159344932,11.541429473697718,False,True,science_V_005.fits,1709684.4882278277,1091.0457316391523,1567.014506036564,-11.13691180255868,0.0006928461707390646,13.289210023967879,0.018294098574722178
144,272.9574669946821,43.56776939972459,462819.2720031738,602.7037353515625,767.9050997306449,467445.322275338,4.972177986014099,0.030824211104180765,1.0318045616258107,30297.4453125,180.0,132.7949091577362,11.541268721208725,False,False,science_V_005.fits,479524.3720772323,610.4025026815357,785.5871657974079,-9.756648587320967,0.0013820235961950365,14.669473239205592,0.018333139285615658
145,272.1037205490888,52.87183747089702,193706.71914672852,412.5350646972656,469.55213198392744,195801.9467138244,4.844498211579872,0.04349735635317131,1.0454754167613487,13284.818359375,135.0,132.79515115846726,11.543853186070567,False,False,science_V_005.fits,239439.6761162134,460.33024133884584,520.1476127656005,-9.00261216497526,0.002087292094310275,15.4235096615513,0.018399749866025744
146,62.8734425800942,51.28190606906427,1090573.6508789062,894.0655517578125,1219.791601113298,1083627.9784647736,5.155616929649948,0.004867246707693895,1.0048910526676877,62765.3046875,264.0,132.85447047319832,11.543406502666612,False,True,science_V_005.fits,1078213.8161977911,875.9861803466773,1230.857107552862,-10.636384105451013,0.0008820682704254296,13.789737721075547,0.01830224170092384
147,47.06739281911561,59.39825434642479,1724681.7659606934,1105.0467529296875,1560.731943140176,1724032.3934632547,5.390813310910011,0.03472679249374444,1.0359761280264472,63672.76171875,261.0,132.8589521518406,11.545660170921629,False,True,science_V_005.fits,1760169.8626428854,1106.8373544640126,1590.2696593532028,-11.168508326031974,0.0006827144023118557,13.257613500494585,0.018293717659362416
148,38.54459128356705,63.415821874390325,634395.2523193359,685.5863647460938,925.3323650249135,660922.4461138048,4.943106218897921,0.06231286744380582,1.0664537938938514,38925.5546875,177.0,132.86136873169184,11.546775662749786,False,False,science_V_005.fits,822893.4523738666,773.4099445850842,1063.9809561995341,-10.342980890863608,0.0010204130005089986,14.083140935662952,0.018309430617497423
149,53.060678846946594,74.65766897725173,821763.4141235352,782.9884033203125,1049.5218200407498,816744.3592075615,5.137221535747944,0.006335361856814825,1.0063757545691205,54162.71875,238.0,132.8572538398043,11.549899229466792,False,False,science_V_005.fits,808193.978992149,767.9317615104684,1052.4294208153178,-10.323410900652966,0.0010316131215325657,14.102710925873593,0.018310058232508777
150,54.67025959391832,89.53748348297273,769065.3760986328,760.1820678710938,1011.6857639807487,764787.7405575141,5.100203961431546,0.0036125154338449983,1.0036256130168255,48276.765625,237.0,132.8567983348824,11.554032595433819,False,False,science_V_005.fits,762310.231988961,745.586923677459,1022.4297231891053,-10.259951246686887,0.001061882274523031,14.166170579839672,0.01831178857485774
151,155.42042358385604,57.4718949822807,736814.1706848145,749.2135620117188,983.4501242961878,733371.97839549,5.215262403806165,0.04600673385778842,1.0482254283028976,43586.0234375,242.0,132.82823246873514,11.545129654925221,False,False,science_V_005.fits,729594.6068953993,732.6853851985317,995.7815750585842,-10.212325911696832,0.0010902993459545843,14.213795914829728,0.01831345842568064
152,148.3594375794441,72.24350967996536,172022.1981201172,392.51422119140625,438.25723714665617,173500.0485287669,4.856559688894721,0.019803371067604103,1.0202034678380536,11062.09375,136.0,132.83023480015547,11.549232676884989,False,False,science_V_005.fits,181845.67985522357,418.1930999308723,434.8366338069252,-8.703879343768419,0.002496799753265658,15.72224248275814,0.01845069147358038
153,144.71891144526677,83.91643356069419,1730402.3157348633,1109.255126953125,1559.9678321865324,1726037.3793481046,5.468355590875499,0.01281456339521403,1.0129809080645344,60211.671875,265.0,132.83126731788587,11.552475044209348,False,True,science_V_005.fits,1721481.7822650585,1095.1322970840267,1571.9395609542264,-11.144377951802916,0.0006906754095182511,13.281743874723643,0.018294016490827198
154,135.94441090186245,88.5244449243255,224541.97128295898,429.594970703125,522.6829609188569,230748.7332829037,4.820789532501119,0.10912353704705169,1.1224900887889044,14506.728515625,121.0,132.83375523004122,11.553754769317086,False,False,science_V_005.fits,359713.68307674024,541.474211600711,664.3228345323249,-9.444514269474713,0.0016342957724226348,14.981607557051847,0.018353880502964565
155,132.94533754444433,100.7580296934362,1757337.4374694824,1122.6827392578125,1565.3019112338272,1748216.9403396319,5.52436945245917,0.007836008010842943,1.0078978959870664,59559.73046875,308.0,132.8346059561881,11.557152885095695,False,True,science_V_005.fits,1734315.5561520807,1098.7283171491445,1578.4753419772467,-11.152442172963053,0.0006878156225361234,13.273679653563507,0.018293908745152007
156,151.25858599333705,103.28597037249764,147013.33596801758,420.3336486816406,349.7539072332632,147796.2910379101,4.859231670976728,0.024995913803483316,1.0256367272274645,9748.2685546875,137.0,132.82941374796906,11.55785565973637,False,False,science_V_005.fits,142542.360288957,438.1105059382737,325.3570922333464,-8.439481738514804,0.00333694892755353,15.986640088011756,0.01858303621560387
157,199.60587647963123,112.12669892435864,860527.2153015137,829.9058837890625,1036.8973543995673,855289.8242667185,5.114022670441904,0.005205794987886758,1.0052330371062257,56078.2265625,258.0,132.8157061353402,11.560312475779641,False,False,science_V_005.fits,851489.2247501189,811.147460664818,1049.734192661143,-10.380069765324219,0.001034261823221821,14.04605206120234,0.018310207654866135
158,151.6171536402644,113.64099663956063,156962.5145263672,393.1084899902344,399.28548612691236,159291.96978144173,6.3944440598673795,0.3740925146787625,1.5976802058642343,7542.51806640625,170.0,132.82931238647396,11.560732064319767,False,False,science_V_005.fits,156353.16528931394,396.0475691294838,394.78380244317526,-8.539888568381105,0.0027501128295563102,15.886233258145454,0.01848667432018627
159,164.68085395549906,117.44851609242468,520122.4817504883,637.5667114257812,815.7930337789215,518438.2585264824,5.059551735468829,0.0019446120156955127,1.001948400899496,32810.51171875,202.0,132.82560853692243,11.561790056565302,False,False,science_V_005.fits,515656.9529145076,629.0250351669988,819.7717484767625,-9.83552406899163,0.0013243930423527833,14.59059775753493,0.018328884957246494
160,165.39754422515196,132.5724594269565,1112440.3912963867,928.432861328125,1198.1915307317306,1104787.0808115061,5.226708948536398,0.007087015708123534,1.0071375999913807,57514.19921875,275.0,132.82540571552,11.565991167615307,False,True,science_V_005.fits,1088734.0317458697,885.8176496681322,1229.0724080218533,-10.646926369911395,0.0008833490955568633,13.779195456615165,0.018302303474425435
161,192.3696419604113,130.86780421308788,1305732.3721313477,973.6590576171875,1341.0570793916663,1301347.5674084788,5.262599964751054,0.009190481678853502,1.009275730106455,58667.51171875,259.0,132.81775815084418,11.565518218293823,False,True,science_V_005.fits,1289356.0962447773,957.382503234862,1346.7512638764786,-10.830554069046485,0.0008061622284095205,13.595567757480074,0.01829874051359433
162,185.51303230024487,141.2602204258101,224584.65243530273,428.40399169921875,524.2356672366932,237407.73647815216,4.792928074993098,0.07484956899107531,1.080905295487403,14226.2373046875,113.0,132.81970244038743,11.568404874616819,False,False,science_V_005.fits,323057.8645987327,539.7957636317752,598.4816598507217,-9.327822669227663,0.0018140906778510214,15.098299157298896,0.018370762962729943
163,193.77975567288033,142.65729494496213,490119.2250061035,607.27978515625,807.0731761308313,494861.9414790159,4.938379419426181,0.06983493749946601,1.075078005307715,31153.546875,140.0,132.8173585385015,11.56879309966848,False,False,science_V_005.fits,554901.733648217,662.1302081379635,838.0553051773709,-9.915162078186047,0.0012954992269516344,14.510959748340513,0.018326819830302706
164,203.78710083438435,148.62533431051807,1729935.9068603516,1112.6971435546875,1554.7230590830825,1722062.6900923746,5.448359311246854,0.01351189318265067,1.0136969651121728,62458.4375,281.0,132.8145211631591,11.57045104295026,False,True,science_V_005.fits,1710196.800869696,1093.0386948978357,1564.626036436473,-11.137237098287141,0.0006939038305106728,13.288884728239418,0.018294138661640827
165,131.11014162063293,150.83132089314188,750499.802947998,770.9749755859375,973.4424938729322,752159.0929708928,6.5683951895932395,0.34580906100454767,1.5286057026952364,28962.77734375,251.0,132.83512803214438,11.571062062361134,False,False,science_V_005.fits,736167.8950666529,751.2297856341232,979.9503549306736,-10.222064057933299,0.0011079132677867215,14.20405776859326,0.018314515517869483
166,175.85522145083942,148.52593409673344,1347269.8265686035,983.43994140625,1369.9563845679304,1356259.12108969,5.240480733670653,0.05840178085082681,1.062024098668749,58531.3828125,231.0,132.82244095401876,11.570422929831592,False,True,science_V_005.fits,1430397.7372307873,1008.9321749151586,1417.7342865996616,-10.943263910128271,0.0007657993534204333,13.482857916398288,0.018297006735940265
167,151.98426634475874,150.37135724135698,205894.62286376953,421.20361328125,488.82444587740906,208800.0069675373,4.84402801540592,0.07378775848897279,1.07966614473654,13497.5068359375,136.0,132.8292093666734,11.570934947720563,False,False,science_V_005.fits,250048.25581044698,476.52725364856224,524.7302308439571,-9.049681447819392,0.0020690631798625353,15.376440378707168,0.01839769086835647
168,142.83974312682017,153.6152151484736,786469.4989318848,762.029052734375,1032.072853534666,786639.7783668563,5.071706219110064,0.02235629458111188,1.0228675277682404,50794.80859375,192.0,132.8318023075542,11.571835747726595,False,False,science_V_005.fits,795439.2013851411,764.5182974404676,1040.4449495168312,-10.306139349987284,0.0010434958625193814,14.119982476539276,0.018310731565408286
169,167.6386412853434,154.24286314126482,1654171.1175231934,1087.021240234375,1521.7468217700457,1672098.5047207754,5.407428546556626,0.03771872926630904,1.0391971977564838,57767.4296875,265.0,132.82477082016234,11.572010776524161,False,True,science_V_005.fits,1714692.3353303778,1094.4618229890236,1566.6990837994488,-11.14008739044715,0.0006929856608883925,13.28603443607941,0.018294103858116178
170,195.96298110521474,163.81857110172734,1725412.4204101562,1127.5997314453125,1530.1639156995818,1692853.361832424,6.371967178385942,0.24714215430977804,1.328272004767643,64108.7890625,401.0,132.81673986385007,11.574671266436411,False,True,science_V_005.fits,1671458.819433334,1081.10356332061,1546.0672558505382,-11.112361076866133,0.0007022333575021119,13.313760749660426,0.018294456497358235
171,133.2400238821235,165.54184833426757,576363.4083557129,675.1865234375,853.6358300241832,581823.5604622592,5.037874989250373,0.04952785326004561,1.0521086845415957,39034.1328125,176.0,132.8345246304475,11.575148390471421,False,False,science_V_005.fits,580297.7498292759,690.768505040793,840.0755761078115,-9.963749090394387,0.0012923837222243756,14.462372736132172,0.01832659986279001
172,122.65008633689081,168.0803336724834,1374582.8550109863,988.2040405273438,1390.9909276200246,1380084.264713267,5.1724480335875445,0.09394350176307709,1.1036839335580948,58128.71875,207.0,132.8375274412582,11.575853153877159,False,True,science_V_005.fits,1705318.4356814618,1091.869243000213,1561.8339344330532,-11.134135591814577,0.0006951443274883831,13.291986234711983,0.01829418575617356
173,114.44106561403235,169.45687354358944,1271929.478881836,956.4083251953125,1329.9021405131427,1275935.3346528765,5.140535223927581,0.06714904038508973,1.071982603108228,59020.54296875,231.0,132.83985512230453,11.576235216912028,False,True,science_V_005.fits,1624904.111699743,1065.7881688558227,1524.6032553018103,-11.081691218115214,0.000712119691614508,13.344430608411345,0.01829483865194032
174,134.24399446736922,183.796479646822,300315.7510070801,507.57037353515625,591.6731288223604,299287.48183656926,5.037052319881369,0.012340242717448158,1.0124944269789842,20161.21484375,196.0,132.83424058231526,11.580219153292967,False,False,science_V_005.fits,297529.17985075974,499.0789350421603,596.156557530575,-9.238445786821801,0.0018211659106749285,15.187676039704758,0.01837146298255936
175,99.70753834501672,61.229081832007424,837468.8214416504,785.8999633789062,1065.6175855270797,836334.7154620701,5.064869921685987,0.02661682252315367,1.0273446502251544,55330.046875,213.0,132.84402800344594,11.546171363567291,False,False,science_V_005.fits,880879.1066340103,796.9795809335641,1105.2718635553601,-10.416912646988132,0.0009822922629257904,14.009209179538427,0.018307345655095612
176,89.75332838661319,62.197861867975995,910913.5795288086,816.8890380859375,1115.100750602776,916652.0413636015,5.039361832050081,0.04362117535987142,1.0456107707908375,60445.33203125,217.0,132.8468502141111,11.546440029891805,False,True,science_V_005.fits,953762.9613751043,826.6570184999599,1153.758983509012,-10.503223006403505,0.0009410110911535274,13.922898820123054,0.01830517710154748
177,306.77089495867614,65.25008392247084,168422.34899902344,389.2647399902344,432.66787791580794,170190.39420324465,4.760533112091302,0.057995679118539645,1.0615662559427237,11166.3291015625,127.0,132.78532239771226,11.547291256263104,False,False,science_V_005.fits,215716.62752177467,443.0768823100319,486.86048885491704,-8.889330928992887,0.002230002279613073,15.536790897533672,0.018416484925534073
178,302.37915714206076,71.56451055678511,123136.30065917969,343.8044128417969,358.15799931527175,124483.68971497682,4.731743909212535,0.07201205895550811,1.0776002098415798,7712.8408203125,117.0,132.78656744152502,11.549045322083076,False,False,science_V_005.fits,188279.91611671494,422.10715453626295,446.0476779256769,-8.741631864405498,0.002434044730484856,15.684489962121061,0.018442304102127407
179,491.2627328935329,81.23539834950698,553440.6611938477,727.66064453125,760.5752287872698,550057.601122786,5.129804890328557,0.007108365121021976,1.007159255724708,36154.375,234.0,132.73301496008344,11.551724304249518,False,False,science_V_005.fits,545508.2076237039,649.6497612953497,839.6958486308132,-9.896625097276946,0.0012929681643303525,14.529496729249614,0.018326641086661682
180,488.9295619621932,99.75272227816201,1515172.459136963,1062.8853759765625,1425.5276188599792,1543113.452542033,5.192373281060425,0.06602048706479302,1.07068729683086,63281.5234375,235.0,132.73367523915294,11.556868149601456,False,True,science_V_005.fits,1862140.4515430746,1141.381465795661,1631.4794898522118,-11.229652960162415,0.0006654695978423539,13.196468866364144,0.01829308220697094
181,485.93724296389615,107.2127869566128,1169575.7073669434,913.3641967773438,1280.5140725830945,1213538.7199462163,4.882299559806384,0.047953168166459115,1.0503684971821254,62027.48046875,164.0,132.73452315167054,11.558940578850207,False,True,science_V_005.fits,1931616.504752339,1160.8569752294754,1663.9573573398236,-11.269424143005278,0.0006524806631677832,13.156697683521282,0.01829261429815739
182,492.5418003989013,111.59648079498952,816831.830291748,781.5778198242188,1045.1062064113567,818617.2706714678,4.977498640842974,0.10921373535974643,1.1226037487273703,48680.5,199.0,132.73265028400252,11.560157844027163,False,False,science_V_005.fits,1215691.35524966,932.4611942706639,1303.7447163691656,-10.766680195169357,0.0008327550527097021,13.659441631357202,0.01829993136115974
183,176.95046539350187,87.82938289150528,391978.45068359375,557.6018676757812,702.9719113342541,394266.2313398192,4.967298894539449,0.031095207816205117,1.0320931510165414,26306.2265625,168.0,132.82212907254154,11.553562809251554,False,False,science_V_005.fits,413493.54588052386,571.2458699379491,723.8451385660593,-9.595793711904085,0.0014999064608636828,14.830328114622475,0.01834240241180759
184,187.41425275990704,93.11227206815312,1644924.2725219727,1082.7105712890625,1519.2649967050245,1642434.891583126,5.450918007567505,0.018397560525777568,1.018742374494945,58296.3125,255.0,132.8191624550429,11.555030487216758,False,True,science_V_005.fits,1661774.2644922128,1077.2544846525652,1542.601389149163,-11.106051946211533,0.0007038111126029963,13.320069880315026,0.018294517127477504
185,196.44394192047244,94.04364760644968,235561.54489135742,452.86175537109375,520.1621512470809,254115.55119040233,4.670870159481077,0.1265276217350394,1.1448558934243234,17656.19921875,124.0,132.81660233764387,11.555289359282233,False,False,science_V_005.fits,484774.5437789152,623.2768387991928,777.7836646599662,-9.768471389835536,0.0013958894347243069,14.657650436691023,0.018334189760099005
186,463.71446110469526,89.76131031356361,1770289.0702209473,1125.8878173828125,1572.3494320562777,1793415.9141725278,5.362253941052381,0.07084468809425193,1.0762463359854724,61931.03125,265.0,132.74082495081504,11.554094297357647,False,True,science_V_005.fits,2109280.404341566,1210.0814603065448,1743.0895964700019,-11.364957669007667,0.0006228595490436597,13.061164157518892,0.01829158169386068
187,461.2362691568661,97.95621948063324,1545704.0179748535,1060.177734375,1457.9668746637872,1561032.8499924394,5.562411754303205,0.19422858836203993,1.2410467603550428,61651.484375,260.0,132.74152709767938,11.55637079999626,False,True,science_V_005.fits,1941790.9342865113,1164.2048429826023,1667.9117476541276,-11.27512804691345,0.0006509337208800212,13.15099377961311,0.018292559185480936
188,297.43359917658466,97.81562831440624,1215065.046447754,943.5151977539062,1287.8065444417728,1212247.1231065164,5.25550401297886,0.025703843183578212,1.0263819609712588,58887.14453125,259.0,132.78796928121827,11.556337355212266,False,True,science_V_005.fits,1206851.7830476023,926.4645713369148,1302.64213050919,-10.758756715073183,0.0008334599154839331,13.667365111453377,0.018299963450129148
189,285.89952878335595,101.25177353740037,561870.0204162598,660.689697265625,850.4295174295179,562207.0553187795,5.0637458874022165,0.01774260073720768,1.0180630868757252,37360.59375,201.0,132.79123945152563,11.557291955900713,False,False,science_V_005.fits,568100.7206075616,657.2805249360163,864.3200263127591,-9.940685224437386,0.0012561319499117256,14.485436602089173,0.018324079085207348
190,352.0403402549033,101.14416197042614,1234960.2038574219,954.4619140625,1293.881071274002,1227204.112398405,5.24955959858074,0.006301039224274274,1.0063409940766723,58938.47265625,277.0,132.7724868012745,11.557260898626305,False,True,science_V_005.fits,1219817.3085911071,932.2487087326449,1308.4676837465404,-10.770358852752409,0.0008297491894421965,13.65576297377415,0.01829979482296794
191,366.40321635954956,100.9017067023147,897053.5860595703,820.531494140625,1093.2591770887354,892928.5996793816,5.1301706877956414,0.00629218312267843,1.0063320253859442,58008.40234375,236.0,132.76841455823248,11.557193137747733,False,True,science_V_005.fits,887725.667721765,805.0687035649627,1102.670696042195,-10.425318817198786,0.0009846094612805912,14.000803009327774,0.0183074701320687
192,374.5708863427701,112.08290481451482,382279.47454833984,595.4555053710938,641.9950291837498,381456.8226653916,5.060704806659862,0.010640222836899027,1.0107546547600803,24374.57421875,192.0,132.7660984339002,11.560298764193075,False,False,science_V_005.fits,380163.0603161944,589.2341366313875,645.1816632511507,-9.504546661675384,0.0016827818610482864,14.921575164851175,0.01835826140017669
193,73.42244511199574,103.153820557188,139496.64022827148,366.1334228515625,380.99947047124977,140070.78681741678,4.89117912458983,0.011829514157194021,1.011971126770807,9065.6689453125,148.0,132.85148236255336,11.55781589336019,False,False,science_V_005.fits,138656.38948343537,374.97742089668486,369.7726363146502,-8.409471592245374,0.0029361285648950687,16.016650234281183,0.018515260133061515
194,61.98942492583677,115.50519155037608,1180849.9875488281,930.4859619140625,1269.0680309886166,1173069.6295433007,5.200188791998147,0.0035680273607731072,1.0035808037665859,59779.80859375,283.0,132.85472459962892,11.561246236734187,False,True,science_V_005.fits,1169143.214900779,909.4848865106256,1285.500432433101,-10.724291158000929,0.0008445738115739617,13.70183066852563,0.018300472993027825
195,421.5962733845098,115.40874953703512,944188.758605957,844.1483154296875,1118.510505023453,938216.5221735474,5.137294165459959,0.0020518431553555594,1.0020560618718344,58857.421875,253.0,132.75276520970527,11.561220755711359,False,True,science_V_005.fits,934513.9983524684,824.6106689135753,1133.279053475855,-10.481086402002976,0.0009580164714684116,13.945035424523583,0.018306059171895765
196,429.8912148660657,128.82157318034723,1179880.2954711914,934.342529296875,1262.792025916975,1172968.9763540132,5.209955269747673,0.0028189946702202873,1.0028269638662923,60186.59375,261.0,132.75041268291739,11.564946146936112,False,True,science_V_005.fits,1165650.8831747456,914.198061437798,1275.052893178834,-10.721043116706895,0.0008514940876634864,13.705078709819665,0.01830079367204248
197,421.07499111247995,140.88134693875443,1061692.1803283691,891.8002319335938,1190.5044900318283,1054972.2787852564,5.177283391591207,0.003319839281745174,1.00333089732553,58461.078125,264.0,132.75291181536983,11.56829649602346,False,True,science_V_005.fits,1049609.4898248916,870.4839301075718,1205.7769862508362,-10.607191245621266,0.0009004152611800997,13.818930580905294,0.018303135099974274
198,116.20815238627722,118.10426252531656,39440.51385498047,221.11924743652344,178.36761978987212,41980.620877784575,4.380656677384278,0.1841464243175115,1.2257101394247942,2893.312255859375,79.0,132.83935206217683,11.561970678413156,False,False,science_V_005.fits,103890.62953135281,344.0909310744965,301.92783403774234,-8.096062818815739,0.003595892387530865,16.33005900771082,0.018631276094461344
199,109.57884656245749,124.09648796746497,439292.4008178711,589.083740234375,745.7214837454054,439636.5410001609,5.039557707632608,0.0092818877920946,1.0093688483916066,28123.4296875,190.0,132.8412319207302,11.563634924801462,False,False,science_V_005.fits,442890.49479401374,586.1857768918068,755.5462999160396,-9.67036277320161,0.0014369734854378202,14.75575905332495,0.01833736348669556
200,94.29994960801305,142.76606812673845,57078.73468017578,244.21966552734375,233.71883077853545,63239.05688703994,4.372879448275216,0.1551553930737919,1.1836496224297302,4050.165771484375,76.0,132.84556483130086,11.568820271449486,False,False,science_V_005.fits,188880.1772171262,419.3118850643672,450.45271537707987,-8.745087827911764,0.002410241880973337,15.681033998614796,0.018439177659812872
201,86.3688930839339,146.92198536433824,593976.8190612793,667.2815551757812,890.1442194139603,596725.933105024,4.992673834224597,0.05309191999282792,1.056068715764286,38619.328125,174.0,132.84781378302185,11.569974332149396,False,False,science_V_005.fits,675559.9828471813,706.8696899153443,955.7065361341031,-10.128781664034861,0.0011360181802164179,14.297340162491698,0.018316237172277674
202,93.83337419242136,153.01156840893086,954525.9755554199,830.3025512695312,1149.6122396540288,956561.6667418259,5.052523696532265,0.03181010978558718,1.0328552385302667,59364.58203125,186.0,132.84569758893517,11.571666221376951,False,True,science_V_005.fits,998356.5535458187,846.5633307865309,1179.305218214754,-10.552836056875286,0.0009206268090999763,13.873285769651273,0.01830414053068261
203,92.07321058329134,166.25055526018036,1559857.8117980957,1062.05029296875,1468.7231123846536,1554227.937969635,5.799651478910628,0.14668867777723782,1.171905228440112,59311.13671875,308.0,132.8461972754699,11.575343637091239,False,True,science_V_005.fits,1533242.0769511494,1035.6641368132357,1480.4433430213905,-11.018648696897916,0.0007333613982040196,13.407473129628643,0.018295677789732744
204,276.2799045078374,152.70317522084588,281167.2817993164,495.3312683105469,567.6348330649686,285710.8314003443,4.938555502392658,0.07205210968030007,1.0776467196401258,19492.412109375,155.0,132.79396655843115,11.571584075380962,False,False,science_V_005.fits,331513.6541494849,533.6948904597891,621.1670002384303,-9.355875425347289,0.0017478391472555083,15.07024640117927,0.018364339044191685
205,296.3289850619018,160.60603740958294,321436.2306213379,523.8136596679688,613.6461405475519,320448.36302129785,5.023961298225101,0.015061971483252168,1.0152923037258847,20206.18359375,191.0,132.7882817350642,11.57377914126948,False,False,science_V_005.fits,319147.50524201273,516.6005970318612,617.7838490231737,-9.314600508850154,0.0017574107865019216,15.111521317676406,0.018365252503514826
206,280.12179193086627,161.7309455654035,767571.7864990234,761.2759399414062,1008.2701241787594,766069.5519533484,5.086440416983555,0.0181456275981855,1.01848097651569,51085.28125,217.0,132.79287716281164,11.574091764203853,False,False,science_V_005.fits,780692.5955173415,758.2699805526929,1029.5707538735808,-10.285822024831212,0.001054517133392963,14.140299801695347,0.018311362953913713
207,469.45976695449093,167.1631404876896,26787.74398803711,210.24986267089844,127.40909148638846,28155.911025045403,4.420185177910699,0.02840552977426558,1.0292359936627327,1832.41650390625,78.0,132.7391913430287,11.575594450603655,False,False,science_V_005.fits,31063.680489507704,282.29599557142166,110.03939473753006,-6.7852541504285755,0.009866466483114079,17.640867676097983,0.020773568968950853
208,475.61518001674455,175.05902829920603,101467.2328491211,332.68133544921875,304.99827323378435,102370.92769770297,4.819970694546676,0.014974871434389803,1.0152025273265832,6701.95166015625,127.0,132.7374455179959,11.577787381743324,False,False,science_V_005.fits,102164.18172323116,355.83886818803757,287.1079886339006,-8.077868526294301,0.0037815039740479194,16.348253300232255,0.0186679880852513
209,363.3805356997676,174.63649927428054,668568.0629272461,708.6362915039062,943.4572727123174,698406.2365145279,4.8297667682684535,0.20262594102094456,1.2541165451010325,43014.0859375,173.0,132.76926931227464,11.577675106268316,False,False,science_V_005.fits,1454053.5594000074,1012.8793432274742,1435.5644323506096,-10.961072883683162,0.0007562878931336174,13.465048942843397,0.01829661111306257
210,367.1010301020442,180.83862249275833,1677742.2205200195,1096.5906982421875,1529.9621118521304,1695545.3367744535,5.439917067479004,0.05304306853432739,1.056014235464995,57766.92578125,256.0,132.76821418161276,11.57939780460934,False,True,science_V_005.fits,2013220.2692920244,1183.0850384616335,1701.669959337679,-11.314350109703442,0.0006380203129533851,13.111771716823117,0.018292104219172965
211,399.1531378417196,185.3955355861107,1719121.2209777832,1135.0565185546875,1514.568827961808,1708617.909747229,5.527827166860295,0.0018269382529387812,1.0018302820652576,58656.87109375,313.0,132.75912566679534,11.580662480135947,False,True,science_V_005.fits,1696033.6407491362,1090.1173685106526,1555.826638251166,-11.128208029583817,0.0006978283912276923,13.297913796942742,0.018294287942113182
212,354.76883262534665,188.9233777460678,31947.174530029297,227.3055877685547,140.54724674238233,33329.97293283735,4.6598486618000035,0.03628139140803288,1.0376472873768012,2195.8583984375,93.0,132.77171073148705,11.581643929907033,False,False,science_V_005.fits,29303.88988853845,281.2368059670576,104.19649657083268,-6.721935058458355,0.010419736130589979,17.7041867680682,0.021041979656782926
213,376.15751891673574,197.21800233239543,490825.5242919922,632.127685546875,776.4657924567289,488333.23490120086,5.106442981424725,0.013005578318427302,1.0131769522022924,32879.421875,219.0,132.765645666982,11.583947339600979,False,False,science_V_005.fits,481213.92530735646,617.3173850026623,779.5243370722196,-9.760467340061195,0.0013927724233443845,14.665654486465364,0.018333952707165275
214,391.33250787346725,200.30979991227088,1036402.3258361816,883.8279418945312,1172.6290567535116,1030729.6230545619,5.459315643893428,0.10639288342502817,1.1190600225217677,58824.46875,271.0,132.76134263142865,11.584805632691564,False,True,science_V_005.fits,1020770.4641228645,859.7744722468045,1187.2537474337164,-10.576942112284662,0.0009144633170009126,13.849179714241897,0.01830383156619085
215,351.88904513101056,203.50223839389724,414792.7442626953,585.0904541015625,708.9378084276416,413270.8378715629,5.023926290567817,0.009698364725597819,1.0097933441490385,26543.546875,201.0,132.77252689925913,11.585693690774923,False,False,science_V_005.fits,411719.54485242197,575.2341374212907,715.742543893716,-9.591125584041771,0.0015168862173452428,14.834996242484788,0.018343798697154204
216,71.79614079999544,194.81121555514008,365701.68365478516,542.6011352539062,673.9788398777634,366382.79318659916,4.990346703288776,0.009506000236857992,1.0095972315219792,24497.01171875,177.0,132.85194820072923,11.583276181557146,False,False,science_V_005.fits,370575.34164185316,543.6837804741689,681.6008771103292,-9.476813168209096,0.001592867668543596,14.949308658317463,0.01835023798905169
217,82.33790162277904,195.82984800441207,192073.22381591797,412.5993957519531,465.51988634367444,194554.96364937694,4.884356539569986,0.02955940961951431,1.030459782816715,12774.7314453125,147.0,132.84895910864907,11.583559652643157,False,False,science_V_005.fits,203854.53166921518,429.95411441294533,474.13090103244144,-8.827922799604766,0.0022898739517627715,15.598199026921794,0.01842383048012291
218,230.51999813324258,201.11758154220888,1223701.0145263672,940.8543701171875,1300.6274439411382,1230417.1311621,5.083539049317754,0.04508874679100294,1.0472177353020833,66026.8203125,224.0,132.80694169099672,11.585032499303974,False,True,science_V_005.fits,1507179.1311616674,1028.658903916165,1465.1884365397975,-11.000034054349339,0.0007409968389895291,13.42608777217722,0.018295985438361518
219,231.22741817605407,210.28837861942236,1672864.8028259277,1092.6822509765625,1530.970967388588,1698914.4693052084,5.44103147382035,0.06199257182301687,1.06608963848346,60428.01171875,253.0,132.80674116044372,11.587579947484812,False,True,science_V_005.fits,1809361.938030609,1122.8894073458603,1611.3447381317303,-11.198435499546997,0.0006737850531344474,13.227686326979562,0.01829338659579389
220,241.2554962387935,222.2746289549651,1019610.7832641602,873.2144775390625,1167.6521742260609,1013282.8729774042,5.194664239919423,0.003605409809441018,1.0036184558255696,55764.69140625,264.0,132.80389767523397,11.590909513285208,False,False,science_V_005.fits,1008394.2240710846,852.5148784196161,1182.8464811551867,-10.563697747637693,0.000917870592081982,13.862424078888866,0.01830400211071757
221,255.9845273974654,224.5526982556732,52409.67919921875,262.1042175292969,199.95740508586292,53210.066832183235,4.702074507813804,0.02746064183630481,1.0282360210985753,3399.6875,107.0,132.7997211049134,11.591542336254648,False,False,science_V_005.fits,52405.30192691013,299.48101926741845,174.98705612496718,-7.35305994269858,0.00620445891280465,17.07306188382798,0.019305162968647153
222,483.6067553541899,221.6471648539401,1598576.7077026367,1082.0006103515625,1477.4268077198485,1588613.190647095,5.427233291016665,0.006067763839785578,1.0061048063630844,60981.16015625,306.0,132.7351765278974,11.590728026243045,False,True,science_V_005.fits,1577834.2104932799,1054.3562652238866,1496.490572053684,-11.049775294464988,0.0007254973872037548,13.376346532061572,0.018295364257215098
223,471.24917558064476,226.42676542684774,446101.9194641113,601.2643432617188,741.93975489069,445199.01400327287,4.908379179291032,0.005115243145652815,1.0051415433902378,59752.39453125,187.0,132.73868034983434,11.592056451492676,False,True,science_V_005.fits,447512.53276582307,598.2894470527347,747.9866726219864,-9.681634880069174,0.0014514964500559832,14.744486946457386,0.01833850726721969
224,412.30685990166967,237.83866879298225,84751.13247680664,313.3580322265625,270.46101826274656,85833.83596282182,4.801400710112328,0.021686681827535415,1.022167419603412,5641.83154296875,123.0,132.755393603434,11.595229464855226,False,False,science_V_005.fits,85327.61385373588,339.41873653284506,251.3933518383681,-7.882345876448836,0.004318729958690573,16.54377595007772,0.018784180453281313
225,400.45407243009186,242.85304105123745,226779.32022094727,448.2103576660156,505.96626414852307,229576.71152310236,4.947407865958711,0.03032849905373658,1.03127708613086,14496.61328125,147.0,132.75875442871902,11.59662284146882,False,False,science_V_005.fits,259207.35055075487,481.1505285304664,538.7240274731236,-9.088740156566292,0.0020153175738094674,15.337381669960267,0.018391724002079023
226,400.87107337502005,253.79993191744995,1336301.8479003906,1002.67822265625,1332.7324935414674,1330418.9145589778,5.279423679546006,0.015227287622308405,1.0154627432613794,58363.35546875,267.0,132.75863573078712,11.599663626904617,False,True,science_V_005.fits,1323281.3518682208,979.2541156699904,1351.3155887661012,-10.858752354829262,0.0008034392624681869,13.567369471697297,0.018298620753866117
227,386.7091527466593,261.3257870306316,118848.13250732422,354.0246276855469,335.7058329085737,119596.27022511276,4.842033256825455,0.011394296581688557,1.011525622947845,7671.48681640625,136.0,132.76265133476628,11.601754685102653,False,False,science_V_005.fits,116660.64326009773,370.89399930973815,314.53904209076455,-8.221932790979565,0.0034517177670004683,16.204189035546992,0.018603987808756783
228,129.5353863135983,244.1279872915217,1038463.9151611328,871.139892578125,1192.0748022316081,1050978.3720972156,5.101233010363959,0.04517476442936752,1.0473120763323456,57278.46875,224.0,132.8355778413693,11.596977741438108,False,True,science_V_005.fits,1141832.475531978,901.5118236190501,1266.575152556712,-10.6986278512215,0.000857193509448218,13.727493975305059,0.01830105973865952
229,138.46111703977786,248.25376246468966,1616808.828338623,1063.541259765625,1520.212604346843,1639191.9591692048,5.114295394263277,0.15669509157858474,1.1858107192473273,56919.19921875,178.0,132.8330469393091,11.598124088386404,False,True,science_V_005.fits,2581672.705921428,1331.6946915828719,1938.6370781825478,-11.584374832323519,0.0005600326189045309,12.84174699420304,0.018289550114193115
230,143.14831584119182,252.580915242279,1299573.7362670898,964.0048828125,1348.0987072135592,1328654.8314354834,4.957798573347435,0.17042686502645732,1.2054392287328504,57198.41796875,209.0,132.831717938076,11.599326223025125,False,True,science_V_005.fits,2347140.5702536236,1271.9322558967162,1845.3345760925624,-11.480969624728171,0.0005883485922097312,12.945152201798388,0.018290439057368182
231,171.69639863094108,250.32921148834617,75538.58065795898,293.7454528808594,257.1565956753611,76375.98147324998,4.828253012203848,0.015620921556158573,1.0158688069446304,4847.78759765625,118.0,132.8236225376489,11.598701519830302,False,False,science_V_005.fits,77471.50570208178,324.1794646058815,238.97721527878738,-7.7774768660537,0.004543110935213795,16.648644960472858,0.018837034368896912
232,178.39151926781426,262.4631323525023,1531733.4981079102,1043.7037353515625,1467.5941516985747,1570121.6050511193,5.268224322491445,0.11537164236690456,1.1304182048556435,57089.58203125,222.0,132.82172427630627,11.60207220112515,False,True,science_V_005.fits,2091688.8018339449,1203.7329037081124,1737.668543736301,-11.355864552421405,0.0006248027012479314,13.070257274105154,0.018291647964599336
233,171.3281090098071,267.3800007131186,1919889.633392334,1169.169677734375,1642.0966690760483,1947195.9047924688,5.994129123304259,0.16910603049959683,1.2035229965639012,57005.484375,284.0,132.8237273755058,11.603437841261185,False,True,science_V_005.fits,2255706.1288495953,1249.650631969307,1805.0694099156815,-11.437828172899621,0.0006014727156950243,12.988293653626938,0.018290865924637627
234,153.41202564865168,273.93201734662523,1198703.1449890137,941.9339599609375,1272.5978634836827,1190179.2238467955,5.268099446193789,0.0063200313950255715,1.006360228237164,56752.35546875,289.0,132.82880808175486,11.605257386733008,False,True,science_V_005.fits,1178837.800685035,917.8996819684777,1284.2773822047347,-10.733257007827381,0.0008453781208356761,13.692864818699178,0.01830051012984425
235,137.42959020318838,280.30736581980915,572602.8890991211,671.3001708984375,852.975932261086,569369.1135456602,5.082664616546448,0.007889427900745871,1.007952165940589,36448.16015625,227.0,132.8333405104321,11.60702783217982,False,False,science_V_005.fits,567359.9406979935,656.1746891152903,864.6477075532366,-9.93926854535885,0.0012556559053077153,14.48685328116771,0.018324046458080116
236,101.93857712705703,273.89087353429477,905771.8081359863,815.9970703125,1110.018456057821,910817.5414106912,5.016107894106211,0.050330552266188544,1.0529979693316363,56890.93359375,208.0,132.8434046551614,11.605244145320675,False,True,science_V_005.fits,988018.4620324199,842.3545155200518,1172.9247529734416,-10.541534523677708,0.0009256348263157368,13.884587302848852,0.018304393097752048
237,110.31196761443948,273.53218591147015,360621.29638671875,632.0216064453125,570.583810282952,373331.93203322875,4.852341299666886,0.07046140125294331,1.075802555534455,22740.75390625,151.0,132.8410301580369,11.605144854660972,False,False,science_V_005.fits,576571.5431964495,734.4540266298615,785.0342190131677,-9.956754883766703,0.0013829970384791458,14.469366942759857,0.018333212693191183
238,283.20072558969895,274.5957036492748,491734.21875,629.9439697265625,780.5999301230636,489891.1697218444,5.040521824700544,0.00216392666128018,1.0021686193946062,31622.166015625,213.0,132.79200325367486,11.605443061166012,False,False,science_V_005.fits,488384.50266416115,617.5219408756344,790.8779758847777,-9.776526560368877,0.0013727781441699608,14.649595266157682,0.01833244464544909
239,274.5445926479864,292.2563435629046,1234357.8136901855,957.2213745117188,1289.5217831087766,1226545.5570112828,5.2571750327102,0.0025758955034678177,1.0025825478769315,57176.46875,288.0,132.79445782039303,11.610348851508439,False,True,science_V_005.fits,1220816.2867215378,932.8527973612719,1308.6912427928803,-10.77124766030355,0.0008296074463545778,13.65487416622301,0.01829978839660151
240,465.1691048486534,283.78616347178416,2122899.6153259277,1250.425537109375,1697.7417305739473,2112121.7651947336,7.005081859271255,0.31680139221027415,1.4637032168949897,60467.859375,428.0,132.74040102021507,11.607989966996383,False,True,science_V_005.fits,1976674.5130171417,1174.2130601942931,1683.4036173043996,-11.294459780458402,0.0006449433688033234,13.131662046068158,0.01829234700070791
241,497.71378936924395,284.0237739101855,676169.9012145996,733.3842163085938,921.98589249442,671295.8742085309,5.155294956914068,0.005498225658888356,1.0055286232772496,44950.89453125,251.0,132.73117206746267,11.608053931201427,False,False,science_V_005.fits,666510.7705942575,710.8609819859217,937.6105701177132,-10.114139803696375,0.0011579434304624945,14.311982022830184,0.018317610101579722
242,481.8951027809992,289.00423357232273,306747.9844055176,521.39599609375,588.3205600036149,305953.8327135043,5.131749198876311,0.014866912324487558,1.0150912729563952,20670.376953125,194.0,132.73565757093635,11.609438418821451,False,False,science_V_005.fits,289013.0195188738,512.7481546231518,563.6549189168437,-9.206915392505305,0.001926178524417657,15.219206434021254,0.01838216990872601
243,476.9770064253464,300.31830352188456,249040.12530517578,484.2064208984375,514.3263586696883,253979.91263966286,4.855382855194333,0.19065655015429883,1.235569399110658,17757.27734375,139.0,132.73705153031128,11.612581519403498,False,False,science_V_005.fits,549392.2521700108,672.0553472703305,817.4806649503838,-9.904328200214493,0.00132810480608235,14.521793626312066,0.018329153532590733
244,473.0918055088662,308.2250585991992,1642017.5678100586,1090.5595703125,1505.6651764007154,1642786.394821175,5.475663080251906,0.019463643575423628,1.0198499968388686,60259.36328125,271.0,132.73815281695062,11.614778075437854,False,True,science_V_005.fits,1665174.7909072777,1084.4627608542942,1535.4836062748002,-11.108271442734218,0.0007070736512999906,13.317850383792342,0.018294642931571715
245,462.84200457370326,320.2770210514381,1104825.3084106445,910.6761474609375,1213.1923203336505,1097659.2210851102,5.206201836432266,0.004662508409117305,1.0046843492267783,59478.8203125,265.0,132.74105879282862,11.618126444956289,False,True,science_V_005.fits,1089198.4629906656,888.2357818866858,1226.2492518339202,-10.647389423588178,0.0008853828031913404,13.778732402938381,0.018302401742764016
246,446.98662905700604,325.50397290411064,461153.86404418945,617.1221313476562,747.2651532317159,459098.56064461695,5.0725313654879605,0.01379550822340514,1.013988486504004,29574.5234375,210.0,132.7455549000427,11.61957925285278,False,False,science_V_005.fits,455745.98094533104,604.1177722548673,754.3992278927019,-9.701428992695993,0.0014391584188556713,14.724692833830566,0.01833753483432022
247,67.80510778553317,288.1916083786829,664975.8014221191,716.0392456054688,928.6862493966076,661470.6492468568,5.078425623182079,0.0031797312280463785,1.00318987417056,44838.484375,235.0,132.8530848005539,11.609214963854155,False,False,science_V_005.fits,659832.3596473727,700.3811006238874,942.1047470578596,-10.103205900289705,0.0011524196257269486,14.322915926236854,0.018317261745116407
248,77.10627971575005,306.76290359383535,1475471.7130126953,1037.8538818359375,1421.656496001752,1465465.917739006,5.388256285591012,0.001913272690355905,1.001916940319919,58314.90625,314.0,132.8504481182228,11.614374124489405,False,True,science_V_005.fits,1458416.426960137,1011.4567338221676,1441.896996868037,-10.96432574248136,0.000752966406309371,13.461796084045199,0.01829647412083472
249,371.39554036163906,287.0300496068739,175008.6863708496,408.1715087890625,428.76262209004824,175673.2588772818,4.90377975329568,0.006610511699537636,1.0066545013586234,11485.1640625,147.0,132.76699299130996,11.608895282014116,False,False,science_V_005.fits,175944.93164797613,419.57809958878727,419.3377390774522,-8.668063776194268,0.002589082495624058,15.758058050332291,0.018463405834636553
250,366.82916887034287,298.1345741399978,291297.5704650879,503.3088684082031,578.7650263075321,291433.9165503759,4.981473801649812,0.008495974335328449,1.0085687744229106,19701.275390625,174.0,132.76828756591712,11.611980015746651,False,False,science_V_005.fits,290633.8967351165,502.39043381201685,578.5020517406291,-9.21298753613202,0.00187674355991182,15.213134290394539,0.0183770556193046
251,35.6038224459166,313.17667619649666,528282.026184082,650.906005859375,811.6103115174125,527722.4486704005,5.962774165556688,0.2573025151534092,1.3464432294483355,28278.068359375,242.0,132.86221794611959,11.616153444881517,False,False,science_V_005.fits,519544.9729198471,629.4080536006652,825.4501510549118,-9.843679741481084,0.001315282332449141,14.582442085045475,0.01832822889586981
252,49.416214635382055,314.2221148644867,426209.10095214844,586.732666015625,726.4110652751662,424775.6025076668,5.084473541328946,0.02132502555647764,1.0217896912798892,27439.107421875,203.0,132.85830100957978,11.616444656844537,False,False,science_V_005.fits,423403.44580639695,577.0265217026681,733.7677383650132,-9.621507844389043,0.0014796235146821322,14.804613982137516,0.01834075496239303
253,414.49870152343385,323.7651545051971,1136712.4182128906,921.7549438476562,1233.2045798072352,1131129.3982736263,5.363239597159008,0.07128191294271213,1.0767530146511675,58711.19921875,265.0,132.7547682069131,11.619097829015988,False,True,science_V_005.fits,1123359.459125651,899.5693771195774,1248.7746778604778,-10.680918740507986,0.0008694122480607365,13.745203086018574,0.018301636115452144
254,403.7168511890651,331.75206428344694,466723.5649108887,614.6984252929688,759.2724264560228,466834.08945248544,5.01917693008075,0.026222770657070682,1.0269289215920203,30891.216796875,193.0,132.75782548429453,11.621316874286773,False,False,science_V_005.fits,466065.1812510019,608.9425784964646,765.3680292840744,-9.725738521334844,0.0014185332525785855,14.700383305191716,0.018335927667669706
255,417.94021078895815,338.02835569374935,93714.578125,325.9808654785156,287.484904941994,94697.18341800223,4.833809867178243,0.012147187379834334,1.0122965559490744,6525.123046875,126.0,132.7537915773315,11.623059673881576,False,False,science_V_005.fits,92429.02031943087,350.6039039292534,263.6280408847976,-7.969142748677188,0.004118302424719829,16.45697907784937,0.01873911475248491
256,467.67290605056866,346.31759100653926,1146196.363067627,915.5992431640625,1251.8537685840406,1153762.7322799205,5.036918091462331,0.09956541468805125,1.110574844982834,59916.47265625,210.0,132.7396872453213,11.625359650312896,False,True,science_V_005.fits,1690300.371509648,1090.0770714791813,1550.6246445638867,-11.124531591341082,0.0007001694470716692,13.301590235185477,0.01829437739033381
257,464.9336626342556,352.21647878915036,794091.6585693359,768.7313232421875,1032.9898555716309,837176.2119314764,4.763603351668872,0.1736162911543192,1.2100916188157098,55584.625,174.0,132.74046373173508,11.626998389390907,False,False,science_V_005.fits,1533484.9104610365,1040.8466150815868,1473.3053729927672,-11.018820641211867,0.0007369144373610657,13.407301185314692,0.018295820553703938
258,246.57887485005443,348.9462038317435,677878.3987121582,716.0792846679688,946.6527146173157,688139.8226366565,5.011618804379357,0.04701203874552684,1.0493311989835026,44548.60546875,187.0,132.8023884770178,11.626096076246926,False,False,science_V_005.fits,735206.974057996,739.8619015026017,993.7083833683665,-10.220645919158153,0.0010925740571089983,14.205475907368406,0.018313593992321985
259,273.243644344049,354.29225973989884,1724314.0415039062,1118.0989990234375,1542.1836912562708,1714729.444011576,5.560984593284089,0.003908043600681865,1.0039233763264275,57177.046875,305.0,132.79482642405023,11.627581055159515,False,True,science_V_005.fits,1699541.6642239983,1091.4461925442263,1557.1465417477568,-11.130451413462417,0.0006972368822663278,13.295670413064142,0.01829426538878609
260,255.4658952741497,352.93108195565515,926301.2946777344,836.891357421875,1106.8357755913448,935960.3655187226,5.9334536808369185,0.2587228690440794,1.3490231362060785,53676.93359375,253.0,132.79986815188957,11.627202996391858,False,False,science_V_005.fits,946109.4401597411,829.9560622892816,1139.951237358363,-10.494475313640566,0.0009524091596373188,13.931646512885994,0.018305766579215014
261,234.90426463531864,356.3352792494598,574245.0601196289,700.1980590820312,820.1180404191232,572354.0339446517,5.078804683319811,0.002373380209780507,1.0023790265442993,38116.125,216.0,132.80569939319662,11.62814855060313,False,False,science_V_005.fits,570545.4720651901,688.2164508312759,829.0203923141411,-9.945347531772269,0.0013096179660543202,14.48077429475429,0.018327823276711192
262,301.7197355925604,357.3924209351789,692035.3392333984,722.3673706054688,958.0102415940427,710697.2955202995,4.951776676578486,0.08099378344458064,1.0881319211834695,44317.0703125,181.0,132.7867506311259,11.62844195450086,False,False,science_V_005.fits,1004279.9883403841,853.6557733104098,1176.4460801874102,-10.559258896201023,0.0009228642249605234,13.866862930325537,0.01830425320036456
263,286.60541489546154,362.0196381812429,1779811.0871887207,1135.1787109375,1567.8686272391806,1770630.3455066772,5.616577424054599,0.016826960141905767,1.0171149527699972,56854.19140625,307.0,132.79103698858376,11.629727456318596,False,True,science_V_005.fits,1752559.1474172082,1107.820518098717,1581.9883444883435,-11.1638035839521,0.0006862882421242769,13.262318242574459,0.0182938513822711
264,309.0481250930437,358.61724486862175,701952.6819152832,727.6014404296875,964.7488898602821,714243.3537791772,4.90461951245212,0.09779217077930169,1.1083920662313158,46030.1640625,183.0,132.78467229219245,11.628782080946687,False,False,science_V_005.fits,1009708.8333188621,855.3067563509028,1180.5224567928158,-10.565112263167096,0.000919677549336567,13.861009563359463,0.01830409281117472
265,18.28859792712543,382.01470418119305,1285969.0244750977,966.1112060546875,1331.0776403542766,1280646.3297790878,5.157110379129782,0.014271170388741372,1.014477785330038,62726.37890625,252.0,132.8671328949874,11.635274009005208,False,True,science_V_005.fits,1279475.6952694843,950.6612834817364,1345.8796708155464,-10.822201975310897,0.0008066842998988993,13.603919851215663,0.01829876352120677
266,12.11094659058857,393.67294856833826,1052138.0918273926,879.401123046875,1196.4256859054638,1047641.2257745212,5.106956875271553,0.007269177439488073,1.0073224053029188,62292.203125,238.0,132.86888570750946,11.638511995743427,False,True,science_V_005.fits,1048127.7451721157,866.0901336928893,1210.1832181173143,-10.605657417593193,0.0008971368828672297,13.820464408933367,0.018302974114387666
267,368.9772596591488,397.0385484071464,1416038.1818237305,1042.5958251953125,1358.185163995319,1415060.4428692786,5.27940909263861,0.029456888479355903,1.030350932513655,58683.6953125,252.0,132.76767522487648,11.639453264384102,False,True,science_V_005.fits,1434553.4831665314,1007.9015088362897,1423.3072086803884,-10.946413734776364,0.0007628008861183251,13.479708091750195,0.018296881483936194
268,361.3573665593933,404.31634940956263,916244.8791809082,828.251708984375,1106.2396482156769,916787.3641287396,5.068239528745163,0.036084459550373205,1.0374352918239511,57095.25,216.0,132.76983608137112,11.641475107356333,False,True,science_V_005.fits,962660.8109362719,837.6789959414448,1149.2001298831224,-10.51330510512511,0.0009447440630818755,13.91281672140145,0.018305369381415734
269,253.1697838751887,422.23798812937605,557077.103302002,658.8448486328125,845.5360992166947,565380.8444066066,4.7116455938907,0.05858449258677989,1.0622302183525272,37045.62890625,159.0,132.8005193585864,11.64645490620305,False,False,science_V_005.fits,963599.2713112867,842.9609020646542,1143.1126508372504,-10.51436303130641,0.0009497751592590639,13.91175879522015,0.01830562972690341
270,255.03090910266008,429.7441972854808,1103729.0664367676,885.501220703125,1246.4455617129026,1131926.532517482,4.993245787914822,0.03491459382179585,1.0361777243737005,58134.765625,144.0,132.7999915121038,11.648539963333626,False,True,science_V_005.fits,1598464.842650394,1058.0597694481485,1510.750988560981,-11.063879595655804,0.000718649207063667,13.362242230870756,0.01829509397429151
271,263.99418084784105,428.3369715702451,126323.103515625,344.3227844238281,366.8740763902904,130430.51988007574,4.587465338401886,0.09854215803246757,1.1093142168660803,8387.337890625,103.0,132.7974493620634,11.648149056351029,False,False,science_V_005.fits,269686.45436437003,488.87227464692916,551.6501310268446,-9.131769707891472,0.001968095245403227,15.294352118635087,0.018386609413927384
272,251.81061137021314,436.1456314890574,458627.81771850586,603.9892578125,759.3310837671892,483562.06315864343,4.752820631457628,0.167951048897517,1.2018523653866495,33263.7578125,162.0,132.80090485529092,11.650318136765604,False,False,science_V_005.fits,992596.9966187385,852.4761751254215,1164.3691936290204,-10.546554265999003,0.000932436211762156,13.879567560527557,0.018304738297346666
273,248.2063474628512,453.5489471158363,668883.4783325195,725.216064453125,922.3230304983866,664928.8867983767,5.106408229482231,0.007192842413431877,1.0072449542274826,42433.2578125,241.0,132.80192713268409,11.655152382009941,False,False,science_V_005.fits,661518.3881396479,706.3671657852304,936.5078392400551,-10.105976675835667,0.0011593069000693144,14.320145150690893,0.018317696343533283
274,508.9425096172236,416.885761702145,50834.83953857422,204.51181030273438,248.56676718730577,51033.65662998642,2.5814595925286694,0.12133257711722145,1.1380870326558223,50675.890625,22.0,132.72797833329133,11.64495922922013,True,False,science_V_005.fits,113876.41294131523,347.2840453304213,327.9056854828105,-8.195706320537097,0.0033110130384028207,16.23041550598946,0.018578396437416708
275,509.7910728098318,420.909013423631,63382.879821777344,221.61241149902344,286.0078070223817,63529.94633755261,2.510544814641452,0.20535802509414403,1.258428363438105,63336.78125,19.0,132.7277373787847,11.646076737642648,True,True,science_V_005.fits,113624.19448622706,341.1156295315604,333.0958321735722,-8.193298917554856,0.0032594223497646618,16.232822908971702,0.0185692714154188
276,288.4756576975296,424.90482530054834,496462.29107666016,634.9236450195312,781.9244014158398,505504.22829808696,4.721968266031963,0.17966455321154617,1.2190135193047162,36040.91015625,155.0,132.79050599383893,11.647195538737153,False,False,science_V_005.fits,1033583.1982574271,875.6525090715414,1180.357719014978,-10.5904854762794,0.0009198059050319331,13.83563635024716,0.018304099260774236
277,293.79792668802133,429.40364327811966,988879.993927002,853.6139526367188,1158.4627815331057,1005723.5455773456,5.02020674687893,0.060953498057858324,1.0649099889428202,58485.1640625,205.0,132.7889964556046,11.648445156114251,False,True,science_V_005.fits,1277709.4281719993,963.0539758539664,1326.7267050520395,-10.820702122662453,0.0008183298006030674,13.605419703864106,0.018299280600829623
278,328.4307207740589,428.42419844888093,646293.023223877,700.8041381835938,922.2163340801561,648628.4195252932,4.90542481663612,0.07255079255298236,1.0782261626517449,38729.80859375,175.0,132.7791739637342,11.648172548781481,False,False,science_V_005.fits,913957.6121789,818.1867686249302,1117.052545001339,-10.45693700991901,0.0009719327930081379,13.96918481660755,0.018306792733831585
279,349.75230966518524,434.57204165462633,1096098.388671875,909.32421875,1205.3988732188652,1088788.6201077597,5.178939563627188,0.005448240052182585,1.0054780859796262,59777.1875,276.0,132.77312660188386,11.649879783806448,False,True,science_V_005.fits,1084808.1443791855,885.072918357408,1225.6709270830056,-10.643004216725716,0.0008858005652331784,13.783117609800843,0.01830242195685346
280,330.1301740926083,436.73125815744777,1204461.477508545,941.0110473632812,1279.965289337945,1205882.3362675314,5.143039291293939,0.057396035657047095,1.0608909338685577,59049.765625,239.0,132.77869179109894,11.650480028451538,False,True,science_V_005.fits,1335772.1164848355,974.8910483006771,1370.1757943241007,-10.868952807947494,0.0007923800759708861,13.557169018579065,0.018298138512705054
281,123.88954706346618,440.7349334001924,226754.50701904297,441.5530090332031,513.5385839981715,231560.39983716252,4.880894664841113,0.0448566593221853,1.0469632749471434,14765.341796875,140.0,132.83718608753736,11.651590556410211,False,False,science_V_005.fits,309203.40073087177,510.19583192366076,606.048464890511,-9.280232528541879,0.0017914408878110814,15.14588929798468,0.018368540151570717
282,119.18967130240674,446.07290272195667,150925.53567504883,369.8935852050781,408.02420401903424,155393.71422725607,4.619615223439407,0.14396263866375647,1.168173312481404,10211.2646484375,116.0,132.8385192799708,11.653073149906067,False,False,science_V_005.fits,265666.6964281183,480.62656531520827,552.7507541200655,-9.115464662362193,0.0019641764247402007,15.310657164164367,0.0183861903577889
283,434.92640225654134,444.38758354398163,644024.9186401367,715.9287719726562,899.5656325776696,640475.7500412186,5.0885151703807665,0.010960604285733977,1.0110820704748757,42299.7265625,232.0,132.7489690130461,11.652603071954255,False,False,science_V_005.fits,637925.9492320118,698.0494240994869,913.8693152780164,-10.066547545348456,0.0011880254450492296,14.359574281178103,0.01831953632883291
284,415.44766338826014,450.993781279623,1479268.3401184082,1046.4794921875,1413.566487601426,1469557.2023315397,5.354131339244024,0.007535319575324273,1.0075925317282826,60952.046875,305.0,132.75449332964413,11.654439045373945,False,True,science_V_005.fits,1462205.0102558301,1017.9209599781062,1436.462228155003,-10.967142543250985,0.0007558152095613937,13.458979283275575,0.018296591580847746
285,12.343418798130385,451.58823243952645,1267227.991241455,953.57666015625,1328.92093964822,1297941.4817170263,5.023142583244316,0.08646171384264834,1.094644871652107,65271.66015625,212.0,132.86882374371143,11.654599567918506,False,True,science_V_005.fits,1722256.988975443,1095.7337874251023,1571.784140217695,-11.144866763563483,0.0006907437046982983,13.281255062963076,0.01829401906938234
286,15.898282354770148,459.02099826279505,1700324.7878417969,1089.7142333984375,1560.3400742404535,1711477.1150124636,5.145994331480193,0.1265016529645947,1.1448218572982225,65482.48046875,177.0,132.86781599832207,11.65666445955605,False,True,science_V_005.fits,2338260.699554918,1269.6841979417284,1841.6080969940774,-11.476854199773392,0.0005895391108304254,12.949267626753167,0.018290477391488254
287,20.720246817255518,466.17339725420055,1414158.4440612793,1005.6950073242188,1406.15040719336,1426543.5798408713,5.157766899487249,0.06585446773812575,1.0704970108658234,65997.765625,225.0,132.86644883297595,11.658651550792612,False,True,science_V_005.fits,1763256.0813560816,1108.846674201124,1590.1712314071117,-11.170410349972833,0.0006827566607649449,13.255711476553726,0.01829371923648013
288,24.21497204397984,482.02628756424446,1853252.273071289,1154.2991943359375,1605.5215858809083,1841650.3098232544,5.491514343259658,0.0017171313036866698,1.0017200849153398,65656.3515625,317.0,132.86545866100874,11.663055349402404,False,True,science_V_005.fits,1830159.3196119417,1128.0542427575115,1622.403648904458,-11.210844118334986,0.0006691922819164814,13.215277708191573,0.018293218009839626
289,92.60102529533755,464.9281657812441,695133.5945129395,732.7679443359375,948.6408349138366,691198.9668558282,5.111126280266306,0.0028674612995536197,1.0028757072788848,45303.40234375,238.0,132.84606130643564,11.658309615241478,False,False,science_V_005.fits,688328.9636081508,715.831948098209,961.5789927187144,-10.149111984655384,0.0011290804065200643,14.277009841871175,0.018315808183362585
290,105.56418011886798,472.50630199158024,370139.4670715332,551.8684692382812,670.7023280065624,373625.9147895265,5.083285519280487,0.030563213466718975,1.0315267729585684,22367.611328125,186.0,132.84238490337478,11.660415211861253,False,False,science_V_005.fits,367674.86027699726,553.1484152158915,664.6947729814887,-9.46828171417247,0.001633381281351277,14.95784011235409,0.018353799095980457
291,116.88451537559739,476.2308647870552,1167256.5684814453,973.4024658203125,1199.1510289608386,1159789.186416076,5.23696678116105,0.01000334757055632,1.0101044256523577,61501.015625,274.0,132.83917425210817,11.661450263562775,False,True,science_V_005.fits,1144585.250681314,908.1377179865817,1260.3652816215545,-10.701242237082011,0.0008614169366861372,13.724879589444548,0.01830125804375628
292,131.48074651809665,489.0975799313796,1870886.9054260254,1164.911376953125,1606.033679849028,1857806.7145083009,5.572809292926459,0.003733226467123152,1.0037472156718472,62478.1875,348.0,132.83503474341362,11.665024876797041,False,True,science_V_005.fits,1842342.1125584256,1133.0336743782154,1626.0259109857996,-11.218047572515509,0.0006677015370202681,13.20807425401105,0.018293163536903165
293,105.24296131522745,491.7041513533423,1593924.7100524902,1098.4925537109375,1451.0109373685596,1581672.7428828524,5.433531382031489,0.003285371247956581,1.0032962004902748,62478.484375,330.0,132.8424768226415,11.665747926506766,False,True,science_V_005.fits,1569683.5200560805,1049.6975046056655,1495.3674874608334,-11.04415212075149,0.0007260422666026679,13.38196970577507,0.018295385872351473
294,400.06184679548517,481.6004302353931,55604.206604003906,267.5649719238281,207.81571744687724,57843.12053408004,4.650521088568129,0.06108580482023196,1.0650600503579948,3639.771484375,97.0,132.75885587494415,11.66294153401336,False,False,science_V_005.fits,71849.65092814647,330.80814130722047,217.19432491662872,-7.695683530326174,0.004998749393736472,16.730438296200383,0.018952084380002242
295,410.17440194394567,488.176190296254,1583151.9010925293,1078.4114990234375,1468.0406343275852,1572753.087500433,5.400542709154604,0.0005854484020425543,1.000585791352654,62606.90234375,301.0,132.75598732824085,11.664767709226641,False,True,science_V_005.fits,1563626.2465311731,1050.6131447772127,1488.2987656343737,-11.039954253415816,0.0007294906271975778,13.386167573110743,0.018295523043097547
