id,x,y,flux,flux_err,snr,kron_flux,fwhm,ellipticity,elongation,peak,area,ra,dec,flag_edge,flag_saturated,frame,flux_aper,flux_aper_err,snr_aper,mag_inst,mag_inst_err,mag_calib,mag_calib_err
1,380.93370945913887,15.748896474715574,95477.89865112305,319.1908264160156,299.1248204817843,96144.87500454624,4.704773539480525,0.007904395366526873,1.0079673726298255,6556.064453125,120.0,132.76429799580205,11.5335392082436,False,False,science_V_004.fits,97863.38347376815,344.05470510455615,284.44134616333196,-8.031172440884598,0.0038169556382867393,16.39517725688712,0.01486463233918015
2,177.7149141056867,23.32226642210132,1433319.4470825195,1018.848876953125,1406.8027943151606,1427321.8901390377,5.486067475214162,0.10006961987793439,1.1111970682269456,61284.6171875,283.0,132.8219111135382,11.535644277655202,False,True,science_V_004.fits,1422459.716769165,998.3985512014093,1424.7413671198415,-10.93722181472697,0.0007620330433689703,13.489127883044748,0.014386411595444418
3,479.78692809961774,18.48172930529286,17960.19223022461,183.3149871826172,97.9744891907435,18877.511484899143,4.183756643487331,0.023278779626286328,1.0238335966708898,1229.598876953125,66.0,132.7362727476074,11.53429356317232,False,False,science_V_004.fits,18186.690495962666,261.67605564498496,69.50078199220677,-6.204006063960616,0.015621406966640194,18.2223436338111,0.02122301816075523
4,271.67958385475686,21.9663673616118,366758.26986694336,550.7676391601562,665.9038109541049,366026.5941037482,5.0983812657891745,0.04601823070092714,1.04823806091676,23838.0078125,194.0,132.79527173764075,11.53526842214639,False,False,science_V_004.fits,364912.1558865783,543.3368127297357,671.6131639475188,-9.460092700899567,0.0016165555684147352,14.96625699687215,0.014456880581236191
5,499.6246754322975,25.304556341341925,1064283.9362182617,895.6035766601562,1188.3426595806377,1055781.1428423892,5.214151677769341,0.023799443402467535,1.024379665880768,64756.70703125,282.0,132.7306482257899,11.536187509481799,False,True,science_V_004.fits,1051343.5962494256,870.3156232609393,1208.0026695490105,-10.608983558422596,0.0008987562919917468,13.817366139349122,0.014394301202446272
6,428.64970347882024,38.70514690877316,975756.815826416,856.7142333984375,1138.9524975624101,969760.3511793889,5.110946159851862,0.0009547694723538447,1.000955681928284,61821.140625,257.0,132.7507692936168,11.539913970139512,False,True,science_V_004.fits,967931.7097622008,837.0490630917055,1156.3619773816724,-10.51923366834584,0.0009388928564205554,13.907116029425877,0.0143968629926866
7,293.892663010061,48.32950288717802,62928.40267944336,273.98175048828125,229.68100089620725,63717.93766203399,4.648317197132149,0.005614311047312026,1.0056460095008257,4284.27392578125,108.0,132.78897395465947,11.542591337239058,False,False,science_V_004.fits,62936.96223460839,307.6930131870523,204.54465827063757,-7.551886316742824,0.005307887329736504,16.874463381028892,0.015315410936032005
8,450.22847678209865,52.50181111160256,1411365.4542541504,1019.782470703125,1383.9867763965728,1401395.401943462,5.2989520715762595,0.0008807293161394725,1.0008815056840379,63612.5546875,303.0,132.74465077131686,11.543745276763266,False,True,science_V_004.fits,1395384.4041644356,993.1732651867228,1404.9758013795251,-10.916356535735458,0.0007727535228250674,13.50999316203626,0.014386983430913861
9,254.4578908306077,51.022461058504014,73580.03677368164,286.6971740722656,256.64723418283455,74530.14026028133,4.651113373190495,0.01792624731935666,1.0182534634190412,4907.85400390625,110.0,132.80015415867527,11.543339588406393,False,False,science_V_004.fits,73313.39383629046,317.9439701014204,230.58589163651806,-7.717580185057413,0.0047084407128925015,16.7087695127143,0.015118120193369777
10,487.8622413947776,58.37256881902414,59266.36184692383,273.3027038574219,216.8524533801987,60399.4495484356,4.67360512299621,0.01265271629043152,1.0128148590665018,3881.16357421875,107.0,132.73398075565032,11.545373824479613,False,False,science_V_004.fits,59156.76344471322,310.41093115262805,190.57564508134553,-7.484632886721164,0.005696950413241832,16.94171681105055,0.01545455881755567
11,205.9820637646806,78.99718802577092,189278.1870727539,411.76324462890625,459.6772284601003,189812.55019921518,4.853849530334452,0.005332078981883814,1.0053606624575024,13151.263671875,146.0,132.8138980270688,11.551110008663887,False,False,science_V_004.fits,189713.58033053364,420.8933507355077,450.74026472266837,-8.749867924661517,0.0024087042693379302,15.6764817731102,0.014566742960987476
12,13.333021023449554,83.17272300348786,320467.30154418945,512.4100952148438,625.4117640087157,320016.77316620474,4.934186187279664,0.001222636833423718,1.001224133504135,21085.474609375,179.0,132.86851812759386,11.552262171067126,False,False,science_V_004.fits,321572.58137418015,509.7308891922647,630.8673619598646,-9.322819403759809,0.0017209639703457532,15.10353029401191,0.014468927438534607
13,387.5199889212399,80.38181956649508,21456.036346435547,192.72341918945312,111.33071650904863,22498.618229942476,4.267364945220985,0.0123371004801206,1.0124912057404585,1415.524658203125,71.0,132.76242835629373,11.551492542014541,False,False,science_V_004.fits,23019.878746178547,328.44986205354024,70.08643146400865,-6.459879453334809,0.015490872873981855,17.96647024443691,0.021127122062226514
14,241.08423949353707,93.16966518307756,34773.63818359375,224.20689392089844,155.0962041152138,35962.017953516064,4.508684441398969,0.010875899752261886,1.0109954855508403,2479.0625,90.0,132.8039459156319,11.555047109242192,False,False,science_V_004.fits,35374.93560009664,274.55231648370597,128.84588282902382,-6.9263610187959195,0.008426346082324607,17.499988678975797,0.01665507287685823
15,27.472733655505113,101.97325854927901,219546.4315185547,435.671630859375,503.9263885176387,219701.28554526455,4.875132061843468,0.010053572730743698,1.0101556735332398,14366.9912109375,158.0,132.86451043239813,11.557485448603954,False,False,science_V_004.fits,220935.7949895658,439.669509254898,502.50424543649325,-8.915287083899084,0.0021605787609951872,15.511062613872634,0.014527774943769431
16,322.47693921579577,105.16185672457992,586328.9136657715,679.07275390625,863.4257674056493,583601.0347695246,5.0645619539458755,0.0057356128908278015,1.005768699920455,37462.19921875,224.0,132.78086890794467,11.558377671305479,False,False,science_V_004.fits,580838.6432617127,664.7693676217314,873.7445970768962,-9.964760629828488,0.0012425827909347865,14.46158906794323,0.014419852850382305
17,249.0088101301197,108.64178572214333,1654772.8102416992,1101.8836669921875,1501.7672553026705,1641221.141037275,5.676993794602933,0.08235582215831394,1.0897470110386536,58132.03515625,366.0,132.80169913618175,11.559344939818287,False,True,science_V_004.fits,1628392.8096824435,1066.6005690920338,1526.712864093676,-11.084019814152251,0.0007111356860443561,13.342329883619467,0.014383805414365045
18,308.885766059532,115.44407030498968,9281.363952636719,144.4853973388672,64.23738400960187,10117.493857772983,3.7907024312525333,0.043763510858378596,1.0457664096228576,671.4364013671875,47.0,132.7847222204273,11.561234067383474,False,False,science_V_004.fits,7348.627308051235,244.64707294645004,30.037666993300796,-5.2201374298416505,0.036144618030492855,19.206212267930066,0.03889500683641257
19,339.0359903335934,122.94258971086208,1999854.7706298828,1213.837158203125,1647.547825599869,1990436.4474750063,6.252276333880003,0.22745545602802986,1.2944237426861984,58247.13671875,373.0,132.77617354336905,11.563316415564108,False,True,science_V_004.fits,1957486.8728642738,1166.7353986316496,1677.7470497252589,-11.283869019816386,0.0006471178120550353,13.142480677955332,0.014380782513376326
20,274.41535764558296,127.61926572041,781189.4630126953,772.653564453125,1011.0475107503217,776624.8572078492,5.106021871843104,0.002098043097801816,1.0021024541371928,48807.87890625,247.0,132.79449555652104,11.564616412719305,False,False,science_V_004.fits,774860.1041775044,754.5426150033375,1026.9268942140227,-10.277680125571296,0.0010572320251004434,14.148669572200422,0.014405064518746501
21,365.77558790137783,135.3502333402591,200695.78387451172,430.2684020996094,466.4432314693878,200914.5296213951,4.901343120928256,0.0034155907863133717,1.0034272970304727,13230.34375,159.0,132.7685916163086,11.566762263767243,False,False,science_V_004.fits,200144.58881065104,434.613085654776,460.51210931469944,-8.807981506141166,0.002357592727834366,15.618368191630552,0.014558378608371501
22,497.40332145248397,138.86328827371597,232889.0583190918,463.4202880859375,502.5439418740002,232694.9931130712,5.0092748305571435,0.00371300425518839,1.0037268420355248,15159.712890625,177.0,132.7312702239015,11.567731704708093,False,False,science_V_004.fits,230998.2814201973,460.5885067169902,501.52854022936964,-8.963643746146778,0.0021647820869844514,15.46270595162494,0.014528400659345823
23,461.6495467868073,139.51403496520248,69419.59512329102,291.6976013183594,237.98479935913605,70365.11782378014,4.727434580198713,0.0022439224445890416,1.0022489689565077,4351.24951171875,116.0,132.7414076859241,11.567914680337447,False,False,science_V_004.fits,70236.95413667994,322.41626377618206,217.84556806798582,-7.671036048771978,0.0049838057741031115,16.75531364899974,0.015206132454649175
24,352.04330351602266,139.4051562768597,20395.04083251953,190.7964630126953,106.89422911976348,21314.628709463082,4.274261934116343,0.015504235613103878,1.0157484025568757,1388.932861328125,71.0,132.77248509924954,11.567889024045968,False,False,science_V_004.fits,19494.594627876897,262.62822339647835,74.2288638127318,-6.2794073962022,0.01462638580511022,18.146942301569517,0.020501690319441497
25,399.9476080180885,146.4304095100775,158196.7767944336,391.72943115234375,403.841948584432,158600.64252161694,4.854338867078295,0.002056356139924831,1.0020605934539257,10309.123046875,146.0,132.7589021741447,11.569838884463302,False,False,science_V_004.fits,158118.1177531552,402.12009784115503,393.2111789538429,-8.552075963631141,0.002761111733619977,15.874273734140576,0.014629144959288813
26,28.31575647837416,149.6979940702477,184739.04818725586,407.7900390625,453.02491598854823,184928.47113937984,4.86436716996579,0.003109866524350413,1.0031195679643332,12402.427734375,154.0,132.86427446564738,11.57074235870762,False,False,science_V_004.fits,186511.47808975895,413.4844166325507,451.07256909153426,-8.731385783674174,0.0024069297811361336,15.694963914097544,0.014566449643124143
27,329.3307486198021,162.1792539186019,630188.9665222168,702.2237548828125,897.4190379352563,627049.9509763225,5.067518152881927,0.0017572622189558906,1.0017603556253882,41830.11328125,228.0,132.77892447012147,11.574215696696958,False,False,science_V_004.fits,626711.488024153,686.9868056549332,912.2613169064912,-10.047291013215302,0.0011901195193518073,14.379058684556416,0.014415426761101927
28,498.88729335463853,165.05595567970718,92528.72958374023,384.9036865234375,240.39450081522145,93442.82608075769,4.863896486973478,0.01498558878496814,1.0152135731359333,6320.7373046875,134.0,132.73084766144277,11.57500733906897,False,False,science_V_004.fits,92276.48041564238,401.31216962174085,229.9369104670265,-7.967349427598966,0.0047217299640793945,16.45900027017275,0.015122264317490175
29,452.05320368250807,168.88288484200262,341786.3084411621,539.6060791015625,633.3996626024527,341031.18248065596,4.998753429501261,0.006643263629885765,1.0066876917291177,23555.60546875,188.0,132.744126968987,11.576073222299064,False,False,science_V_004.fits,340091.5729475153,533.3504961802644,637.6511794461132,-9.383611550993136,0.0017026550487102968,15.042738146778582,0.014466761159611714
30,42.18899505428533,174.8311511525386,242656.2692565918,508.1742248535156,477.5060547916199,242595.64626333537,4.905090838062555,0.001354426524382779,1.001356263483619,16660.169921875,166.0,132.860342362693,11.577724626506905,False,False,science_V_004.fits,244078.17249614428,498.77676343231474,489.35353527002525,-9.023444231347316,0.002218641374279458,15.402905466424402,0.01453652344207569
31,17.4297746786928,194.15233196505525,328217.4386291504,518.4202270507812,633.110788319994,327807.15553700377,4.930305242869911,0.00598545890565072,1.0060215003485373,21449.677734375,176.0,132.86736405165072,11.583090078583734,False,False,science_V_004.fits,329557.2870592168,516.5377125432744,638.0120542149325,-9.349449171678367,0.001701691986581575,15.07690052609335,0.01446664784431927
32,427.44122462455533,195.39801855829674,522431.621673584,648.3317260742188,805.8091261968843,520156.7659478821,5.058537118958608,0.0014645097496781556,1.001466657684156,32253.833984375,214.0,132.7511042843967,11.583439787908508,False,False,science_V_004.fits,519723.2789275012,635.2908567489555,818.0871382080624,-9.844052298401957,0.0013271202409783837,14.58229739936976,0.014427383420716521
33,264.45877582809896,197.25524313066512,151204.84463500977,383.3053894042969,394.47617699819057,151664.00907524506,4.852506350788783,0.0023644140991491147,1.0023700178026569,9862.1884765625,147.0,132.7973183968826,11.583959775289173,False,False,science_V_004.fits,151858.2871026277,393.1090215448478,386.30069212314675,-8.508218116318652,0.0028105049308425663,15.918131581453066,0.014638547817343146
34,186.13025085873238,203.38468520915566,817801.9811096191,787.830078125,1038.0436134857289,813079.5953741004,5.103370217046721,0.0010020793982721266,1.001003084568653,53141.078125,249.0,132.81952882867142,11.58566175557021,False,False,science_V_004.fits,812278.6977316056,769.8661579086825,1055.0907964809564,-10.328884533721219,0.0010290109662799965,14.097465164050499,0.01440302078742775
35,42.36119176620711,205.17261848300748,404142.0063171387,570.14306640625,708.8431485531232,402985.2224793843,4.992140451175486,0.002547282136965201,1.0025537873538735,26832.55859375,195.0,132.86029535735727,11.58615281646322,False,False,science_V_004.fits,403641.2439864408,563.0585756700007,716.8725625147183,-9.569610713942714,0.0015144951233612171,14.856738983829004,0.014445824300227256
36,302.4935019084723,220.11303724409694,645314.6005249023,710.4253540039062,908.3496202492713,641967.2704570969,5.085489244419471,0.0025559932741942015,1.0025625431171665,41261.640625,232.0,132.7865332178815,11.590308863060539,False,False,science_V_004.fits,640363.8192691616,694.2074794891821,922.438663064189,-10.070688839499603,0.0011769888269790036,14.355660858272115,0.014414348647552023
37,328.76086788175866,216.15539046034175,21288.75698852539,193.03640747070312,110.28363647803774,22266.636565327404,4.263202265266529,0.006861540775440544,1.0069089467955938,1492.312744140625,71.0,132.7790849326421,11.589209076984906,False,False,science_V_004.fits,21205.24332202361,264.8131347590048,80.07625203833489,-6.370730024507681,0.013558326874242856,18.055619673264037,0.01975389510610926
38,280.0622390265046,227.01053308060136,532749.7916870117,664.1959838867188,802.0972794347313,533068.9786435845,6.960403855746034,0.4050934622367186,1.6809363093567293,20815.76953125,270.0,132.79289377266812,11.592225058828014,False,False,science_V_004.fits,517890.76427564194,632.3233172604494,819.0284149561521,-9.84021728945061,0.0013255950345240765,14.586132408321108,0.014427243202701836
39,360.46153868010424,226.69503727235116,16878.094451904297,178.26171875,94.68154223047003,17898.545693362164,4.107642221808772,0.030719715399675218,1.0316933253340053,1152.99072265625,62.0,132.77009562120628,11.5921359716396,False,False,science_V_004.fits,17536.340617475802,261.6551390302422,67.02081481170123,-6.164469305076089,0.01619944494930919,18.261880392695627,0.021652024406508746
40,42.785271089495566,233.7581014642097,1442082.4567260742,1023.4024047851562,1409.1059880094886,1433107.6405088305,5.322841832281384,0.0012690738346052832,1.001270686429505,60281.78125,299.0,132.86017681923406,11.59409324864707,False,True,science_V_004.fits,1428307.9594892054,1000.2958033873607,1427.8855860960746,-10.941676514992977,0.0007603550386472977,13.48467318277874,0.01438632281089048
41,317.8385692044871,232.3408525288307,72131.8408203125,290.0716857910156,248.66901650056406,72949.94234573925,4.656231402735341,0.018186574914561437,1.0185234530817082,4919.94189453125,111.0,132.7821817576049,11.593705244374267,False,False,science_V_004.fits,70989.81955184054,322.4627441545266,220.14890352053098,-7.682612054660138,0.004931662082517474,16.743737643111576,0.015189122263333455
42,203.87534119918092,237.06491060890446,1377629.671447754,1004.9957885742188,1370.7815367089136,1369187.3474749355,5.354576325029837,0.0008553060630641651,1.0008560382377591,56442.76953125,297.0,132.81449760500695,11.595017667088797,False,False,science_V_004.fits,1363504.717588146,980.5002004523536,1390.6215592399606,-10.891263486278753,0.0007807300216123398,13.535086211492965,0.014387414069282853
43,339.6715448183897,238.74611429068563,641337.1955566406,708.46484375,905.2491471022843,638232.6342361716,5.067715404569433,0.0013302842579158147,1.0013320562714043,41908.66015625,226.0,132.77599057647825,11.595484038681478,False,False,science_V_004.fits,637196.3111603006,693.476055405342,918.8439978477045,-10.065305006367065,0.0011815933962056,14.361044691404652,0.01441472535944782
44,87.23637249253972,238.66950572206355,98784.50579833984,319.3605041503906,309.31973276138444,99648.51704105939,4.752284423775996,0.01169401497373912,1.0118323830381624,6693.44775390625,124.0,132.84757234762597,11.595459860490767,False,False,science_V_004.fits,100328.52077334165,340.76665999509015,294.42000216449344,-8.058182896864825,0.003687589131235098,16.36816680090689,0.014831940460882206
45,441.57640436982246,244.17142221846666,375089.1096191406,562.919677734375,666.3279406553878,373945.2170311372,5.019468439946789,0.009400150496659099,1.0094893518319956,24353.580078125,195.0,132.74709364994786,11.596987248954756,False,False,science_V_004.fits,373640.59735977027,554.3878503449923,673.9696714624173,-9.485757018387362,0.0016109033476894995,14.940592679384356,0.014456249646085552
46,354.8524109643588,246.05671265608504,16305.03775024414,180.1757049560547,90.49520718801118,17145.42060687023,4.171628207107115,0.03872008614365463,1.0402797203868768,1203.594482421875,65.0,132.77168560862248,11.59751437316413,False,False,science_V_004.fits,15387.702397941519,319.0865394405074,48.22422915401765,-6.0225563199179275,0.02251357914986078,18.403793377853788,0.026706729308760318
47,266.03507006664364,247.0416657060007,19648.09747314453,187.2523956298828,104.92841710810654,20301.72230911012,4.235126311671196,0.003978675855746072,1.0039945689507848,1398.4169921875,69.0,132.79687127838545,11.597789332218335,False,False,science_V_004.fits,20023.82394623704,260.23788121893074,76.94430900085436,-6.308489419557252,0.014110205343295044,18.117860278214465,0.020136683914296898
48,233.75294868056173,262.4410734806516,312368.01599121094,516.200927734375,605.1287380714439,311704.05898812274,4.980750583081354,0.0035257234184464803,1.00353819812644,20030.830078125,185.0,132.80602552697232,11.602066899906353,False,False,science_V_004.fits,311385.92617437185,511.0988442939492,609.2479559497574,-9.287869323306639,0.001782033061247618,15.138480374465079,0.014476318111513403
49,415.1495571349359,262.19643459526674,24458.301483154297,204.03125,119.87527147510147,25719.452303071317,4.321275925089282,0.004182293041555485,1.0041998580787739,1752.5277099609375,74.0,132.75458659996775,11.601995461408723,False,False,science_V_004.fits,20816.369533285386,275.0403256036683,75.68479090328618,-6.350634346301885,0.014345022124555538,18.07571535146983,0.020301916263947582
50,368.19845359327513,267.13494787998576,499248.8655395508,635.2012329101562,785.9696103741115,497308.2003341474,5.034678322237382,0.003812424705300299,1.0038270149114965,34008.140625,210.0,132.76790043782538,11.603369044655398,False,False,science_V_004.fits,495890.220484238,623.231803714993,795.6754092591383,-9.793085733034392,0.001364501136224515,14.633263964737326,0.014430869952470273
51,427.2733539304008,273.7093303245468,1006618.2611083984,872.1643676757812,1154.1611861430679,1000583.4793583953,5.137335243071307,0.002104270758711446,1.0021087080514026,58143.2734375,260.0,132.7511480775417,11.605192929670602,False,True,science_V_004.fits,997993.2169478186,851.0955396023204,1172.5983400337607,-10.552440847870182,0.0009258924927087491,13.873908849901536,0.014396021017712006
52,404.30915817892173,270.51474132918867,28962.066528320312,215.99583435058594,134.08622724321418,29840.451879471468,4.377108648332718,0.023641199443150573,1.024213638909863,1880.25341796875,80.0,132.7576602774501,11.604306565290157,False,False,science_V_004.fits,26032.51047046091,279.7506421829755,93.05612408007957,-6.593412003389584,0.01166715259992668,17.83293769438213,0.01850704174157305
53,255.16995263993078,277.98835323563776,1662924.8889160156,1101.5355224609375,1509.642544437314,1652119.2162102843,5.542886832336526,0.0017360309650267247,1.0017390500096932,56713.6171875,328.0,132.79995226967768,11.606385651106436,False,True,science_V_004.fits,1640233.3181799378,1071.787989490043,1530.3710568359338,-11.091885947804766,0.0007094357901963344,13.334463749966952,0.014383721471676337
54,318.29132274235167,276.2637306668544,232613.74963378906,459.46990966796875,506.26546970591613,232487.62050870116,4.948952206411776,0.005709457518879302,1.0057422426091192,15321.298828125,170.0,132.78205258886084,11.605906035323509,False,False,science_V_004.fits,230980.31875982793,459.3652043685266,502.82502149318987,-8.96355931491685,0.0021592004247837624,15.462790382854868,0.014527570020782478
55,337.51586468436176,280.30784920550803,1305020.1735839844,984.0247192382812,1326.2066979315123,1296318.6663664407,5.275045827891056,0.0009606524007498285,1.0009615761411783,59875.51171875,295.0,132.77660088405122,11.607029013834026,False,True,science_V_004.fits,1291089.8817085274,958.0842859200493,1347.5744260523932,-10.832013067954914,0.0008056697864031656,13.594336629816803,0.014388788970551842
56,41.20560504674162,283.1418409978648,1301314.0264282227,975.0592041015625,1334.6000129574463,1293312.3586295675,5.244008114889711,0.0022947607466257125,1.002300038785346,59981.78515625,285.0,132.86062773406465,11.607810853358238,False,True,science_V_004.fits,1290251.755230844,953.5538216192564,1353.0979856384315,-10.831308020409141,0.0008023809151469063,13.595041677362577,0.01438860519186427
57,186.04676016399094,281.25620793510933,148011.71780395508,463.2251281738281,319.524371200374,148637.70180549385,4.877491890068416,0.017222691682025726,1.0175245109306628,9852.9599609375,146.0,132.81955401812408,11.607292730918486,False,False,science_V_004.fits,143696.55117613092,471.7221128201216,304.6211896174681,-8.448237736214494,0.0035640987462605004,15.978111961557223,0.01480172098465064
58,168.05228529395563,291.7198441734733,309928.40200805664,513.2446899414062,603.8609031560349,309355.27445409575,4.975247014500291,0.004144924637262681,1.0041621765453703,20908.47265625,184.0,132.82465709379346,11.610198908197722,False,False,science_V_004.fits,304505.13562883774,508.57604997904986,598.7406124243984,-9.263608428092494,0.0018133060919382498,15.162741269679223,0.014480201076553177
59,202.42454471696763,289.6271113038466,16747.765075683594,176.566162109375,94.85263130604315,17825.961401881235,4.155662457493984,0.009412549123160918,1.0095019870429705,1151.037841796875,64.0,132.81490977931384,11.609618257010142,False,False,science_V_004.fits,17420.68240138991,255.31822960924544,68.2312517521823,-6.157284781913091,0.01591206334515584,18.269064915858625,0.02143786146364892
60,350.36204721842387,295.2460063421068,106419.72540283203,337.5909729003906,315.23273412358736,107177.06197293183,4.778433698739813,0.011891932647344228,1.0120350526832609,7015.73291015625,128.0,132.77295760392252,11.61117818532362,False,False,science_V_004.fits,102227.39002479837,358.7885786115803,284.92375766361386,-8.078540056368205,0.0038104930557661576,16.34780964140351,0.014862974182928312
61,312.9405606908331,297.88117612069635,754423.6837768555,763.295166015625,988.3773897258143,750125.9498838612,5.0998100346862,0.00232218975929388,1.0023275948762793,51133.4375,241.0,132.78356958088654,11.611910970592815,False,False,science_V_004.fits,748875.0224598795,745.2933746707207,1004.8056884857473,-10.240645238099795,0.0010805074179428278,14.185704459671923,0.01440679147189203
62,108.13076778833882,298.078495788781,384413.0210571289,561.09716796875,685.1095371747422,383471.03976970684,5.010774907085178,0.0017872640241515247,1.0017904640561457,26350.6171875,195.0,132.84164989423638,11.61196326148531,False,False,science_V_004.fits,383060.61261053185,553.6414011289185,691.8930048031832,-9.512790621231016,0.0015691732572275965,14.913559076540702,0.014451659037825023
63,236.1213843647831,298.49717581296517,123554.95208740234,353.1082763671875,349.90670102255257,124293.929772156,4.795792137548582,0.018213064012345792,1.0185509333489184,8001.87744140625,133.0,132.80535409770906,11.612082496803719,False,False,science_V_004.fits,124614.26481126877,370.27077675653976,336.5490139482573,-8.293541273071527,0.003225978847071948,16.13280842470019,0.014723962909356538
64,426.1318987151977,300.5581553712464,263164.58096313477,484.1893005371094,543.5158948601452,263010.9583581013,4.939608014575784,0.0057407707473703384,1.00577391748396,17034.701171875,170.0,132.75147046863626,11.612650987965813,False,False,science_V_004.fits,262000.46463238425,484.0903220205582,541.2222734361083,-9.100377027789698,0.002006015002130484,15.32597266998202,0.014505593418510116
65,182.74629622554588,309.4767647911974,1761309.671875,1131.470458984375,1556.655463595557,1750169.5854058168,5.594787021855487,0.00236568126909098,1.0023712909877642,56760.8359375,340.0,132.82049052922707,11.615131709217398,False,True,science_V_004.fits,1737400.9387450193,1100.7846083582588,1578.3296074026944,-11.154372003623795,0.0006878791317782047,13.271977694147923,0.014382674366552535
66,439.6579520348354,307.86531423807133,35506.28366088867,231.64346313476562,153.27988616813164,36630.936708776615,4.443780443996723,0.021903331274704452,1.0223938307685374,2487.339599609375,86.0,132.74763433913242,11.614680087437694,False,False,science_V_004.fits,34195.55442322049,289.8297726047087,117.98496102006374,-6.889545997736933,0.009202020245744482,17.536803700034785,0.017060636589454767
67,350.168166458302,319.7552151877562,1843671.1327209473,1159.0047607421875,1590.736462152513,1831983.3337188861,5.594193596607546,0.0022984406987439643,1.0023037356986328,59597.25,338.0,132.77301192649978,11.617986302798483,False,True,science_V_004.fits,1819264.248212026,1127.1112257091058,1614.0946933320286,-11.204361336385379,0.0006726371163260279,13.22198836138634,0.014381953446059085
68,199.48563539923975,330.6183088192664,1058846.3461608887,889.495849609375,1190.3893049370433,1051953.9607930412,5.191301024310935,0.001391683241367181,1.0013936227227551,56071.71484375,270.0,132.8157438356126,11.621004655538913,False,False,science_V_004.fits,1048019.4592240804,867.9007233516394,1207.5338008440212,-10.605545240381492,0.0008991052666526901,13.820804457390226,0.014394322996059037
69,499.2933856825501,333.9301480737632,1341753.7442321777,1011.9902954101562,1325.8563351028672,1331002.5044538933,5.309583282941931,0.0006085542734911575,1.0006089248373031,61297.9140625,313.0,132.73072087438732,11.621916772674815,False,True,science_V_004.fits,1324084.00127548,971.5594197987165,1362.8440775653207,-10.859410719226801,0.0007966428572955829,13.566938978544917,0.014388286349542515
70,17.161336601265486,334.2035309551516,112091.64337158203,334.8494567871094,334.7523524365389,112701.4552397595,4.715152104286011,0.007830049428279695,1.0078918429486479,7880.775390625,126.0,132.8674495680334,11.621993143277741,False,False,science_V_004.fits,114990.32996520048,354.54657385761755,324.330675978777,-8.206275174504672,0.003347509441478315,16.220074523267044,0.01475106652737821
71,172.97432262583467,346.98023755417785,227485.87786865234,492.6897888183594,461.7223312345121,227349.49296585232,4.952187167014229,0.00616886255977811,1.006207153637455,15680.87890625,172.0,132.8232625821171,11.625549129679406,False,False,science_V_004.fits,227079.31649009048,486.6133543859862,466.65245506182526,-8.945065819857692,0.0023265708520833974,15.481283877914025,0.014553387102805845
72,69.38142385794526,349.17878910351044,545026.7965393066,654.715087890625,832.4640849430942,542738.939106956,5.051882929503486,0.0013372392284454193,1.0013390298316645,35635.625,218.0,132.85264117155066,11.626155997111008,False,False,science_V_004.fits,542190.6380152616,642.1580281200903,844.3258734964631,-9.890001909948932,0.0012858779223523915,14.536347787822786,0.014423648160765178
73,372.73064390467107,350.29280437405885,682807.1776123047,730.5025634765625,934.7088042548833,679546.6918140845,5.071351425642222,0.003701387950855284,1.0037151391220374,44417.98828125,228.0,132.7666124681332,11.626468298730904,False,False,science_V_004.fits,679169.279094437,714.7805710903448,950.1787073736695,-10.134566957069131,0.0011426271622113242,14.291782740702587,0.014411583572466092
74,46.615885693181,358.4379695875378,873064.4163208008,810.7073974609375,1076.91680013672,868163.3073553296,5.0924530534897325,0.0018986527400765008,1.0019022644797433,54428.27734375,251.0,132.85909793004498,11.628726747075104,False,False,science_V_004.fits,867674.6569155657,793.047647662389,1094.1015454407432,-10.40051415589658,0.0009923210551381146,14.025835541875137,0.014400446010829729
75,195.87481222165957,357.96995700399737,141175.47415161133,373.1163635253906,378.3684875616674,141781.4906356097,4.836423018613136,0.007727978748329645,1.007788165526003,9706.3310546875,142.0,132.81676828878437,11.628602276508465,False,False,science_V_004.fits,140874.41054251924,385.5401432333705,365.39492194265966,-8.426702153665353,0.002971305660811498,15.999647544106365,0.014670269307832147
76,425.8598423133884,356.575041266461,37718.06311035156,236.070556640625,159.77453371184504,38841.94180551219,4.468500482561357,0.01340511438156533,1.0135872530630061,2556.141357421875,87.0,132.75154491764263,11.628211239283855,False,False,science_V_004.fits,38226.58953091647,292.87762525764293,130.5206893059473,-7.010535757070828,0.008318221469510192,17.41581394070089,0.01660063109192454
77,150.7350822440946,363.4556413265171,192489.94454956055,421.4432373046875,456.7399059019604,192730.13837132457,4.919859810776465,0.004066354251276216,1.0040829570008345,12434.68359375,159.0,132.82957001581906,11.630125055101306,False,False,science_V_004.fits,192276.6859202815,425.69247589760874,451.6797848372814,-8.764438444101465,0.0024036940249409786,15.661911253670253,0.014565915323105801
78,189.4140813393208,375.44866154483606,248902.51559448242,468.0001220703125,531.8428433167956,248854.3419593221,4.933822070528776,0.004936504265694253,1.004960994234897,15402.2529296875,167.0,132.81860086692237,11.63345735888245,False,False,science_V_004.fits,248148.47273878992,469.00407576930326,529.0966231620785,-9.0414008905938,0.0020519881482354823,15.384948807177917,0.014512022588007857
79,413.731817828509,378.5261460843177,722816.6530456543,762.5830688476562,947.8530045754973,722096.4755913953,6.729941547913004,0.36943286731850156,1.5858739667376593,31607.546875,283.0,132.7549834187766,11.634309318581588,False,False,science_V_004.fits,704873.0925817818,728.1892609684488,967.9806203738052,-10.174899204985,0.001121613364098896,14.251450492786718,0.014409932712295247
80,168.91963897215513,380.2142658632889,117924.33666992188,348.9269714355469,337.9628011694265,118499.93418280272,4.82905499996054,0.006756034048317594,1.0068019885143167,8097.87451171875,137.0,132.82441327976275,11.634780706367037,False,False,science_V_004.fits,117896.98830943511,364.17160371967526,323.74020133702544,-8.23337865189101,0.003353615014496598,16.192971045880707,0.01475245328410866
81,334.4023413834717,382.41689731202587,954155.2095947266,850.7938232421875,1121.4881720211033,948380.0576916805,5.1165248947948605,0.002365651957342063,1.002371261536838,56669.109375,257.0,132.77748151839327,11.635392701375933,False,True,science_V_004.fits,947122.2531412174,830.1913569698811,1140.848125181793,-10.495636975820036,0.0009516604147699283,13.930712721951682,0.014397701267195103
82,318.1802370898227,387.30614313341584,19349.122528076172,187.87249755859375,102.99071327372735,20278.691835905076,4.192193478988508,0.04275098422371226,1.0446602540395855,1333.963623046875,66.0,132.78208210989237,11.636751145312989,False,False,science_V_004.fits,19495.692985940725,267.07517597796755,72.99702383252956,-6.2794685666725405,0.014873209111796433,18.146881131099175,0.020678503174010827
83,63.34181188978969,389.97067188216187,181586.9510498047,408.7509460449219,444.2483933232248,181873.02159408916,4.871823072884591,0.0036603558186711904,1.0036738032457584,12242.90625,152.0,132.85435618782884,11.6374867513527,False,False,science_V_004.fits,182116.83236917848,415.6911119597663,438.1061493246579,-8.70549709365194,0.0024781665394873146,15.720852604119777,0.014578389953344846
84,282.41165253022115,392.95552279076884,464567.81604003906,614.4290161132812,756.0968050935724,462991.5581370429,5.03319933346554,0.002565088306545227,1.0025716849054243,30167.73828125,203.0,132.7922262851186,11.638320866088742,False,False,science_V_004.fits,462927.2919786111,604.2784255882536,766.0827730660086,-9.7184038376976,0.0014172097822469272,14.707945860074117,0.014435949147917078
85,98.41010672631316,393.01401893351647,120541.06448364258,346.9993591308594,347.38123086326647,121381.35078015816,4.7848566128709775,0.014223182936048406,1.0144284007189486,8125.8193359375,131.0,132.84441069095055,11.638333818515012,False,False,science_V_004.fits,121531.423981812,364.7783393801285,333.16513307322896,-8.266343340427838,0.003258744364949395,16.160006357343878,0.014731176431990787
86,406.940338758262,398.0568187796916,974880.7113037109,860.5986938476562,1132.7936217810307,970093.8157389119,5.267785454803501,0.06791629919610198,1.0728650218188838,59187.78515625,257.0,132.75690867387124,11.639734794156649,False,True,science_V_004.fits,965180.4672842288,839.5539861710479,1149.634786067928,-10.516143184908062,0.0009443868723852705,13.910206512863656,0.014397222329292726
87,242.40103097146556,397.4807852763493,273315.28146362305,488.1247253417969,559.9291887380648,273196.49101253407,4.956405072083519,0.0018073844395485317,1.0018106569928227,16861.208984375,171.0,132.80357365565212,11.639577965058361,False,False,science_V_004.fits,272004.11636876635,487.6833183186205,557.7474277909514,-9.141060565217504,0.0019465800215342811,15.285289132554214,0.014497493508002954
88,40.99075312594377,402.44584983834903,638990.5050048828,709.1631469726562,901.048662402533,637759.8456394845,5.883698635931545,0.23512416227655109,1.3074017385310104,24975.701171875,254.0,132.8606958676751,11.640950817583679,False,False,science_V_004.fits,630715.5198077575,687.4877976200534,917.4206756704187,-10.054205668203839,0.0011834265662332155,14.37214402956788,0.01441487574251051
89,221.8701972854863,404.2551566761413,1023381.2543945312,875.6295166015625,1168.7377309600222,1017338.6182590657,5.143134349232372,0.001742520918930568,1.0017455625982734,57955.48046875,260.0,132.8093964651899,11.641459603702739,False,True,science_V_004.fits,1014631.1557761766,855.6063618900461,1185.8620984711272,-10.570392358669913,0.0009155364703870197,13.855957339101804,0.01439535867086889
90,469.5365491360853,404.33104305496613,172324.14715576172,410.8279113769531,419.4557925195266,172837.67820656273,4.881018975878866,0.007485682129003024,1.0075421401930607,10833.9638671875,150.0,132.7391553978508,11.641474450452675,False,False,science_V_004.fits,171857.84142390077,419.9986562748672,409.1866458530495,-8.642545255658064,0.002653312396685364,15.783804442113654,0.01460918241753301
91,121.24826076633396,406.8387004037975,494085.62829589844,629.1019897460938,785.38239641447,492008.7552696423,5.05547286682772,0.0038858038662524796,1.0039009622404083,33277.5546875,214.0,132.83793412006463,11.642174924700724,False,False,science_V_004.fits,490913.1669963216,616.7343777336581,795.9880050797599,-9.782133575685744,0.0013639652772044102,14.644216122085973,0.01443081929454356
92,450.97486386054993,402.7317021530184,7327.625549316406,139.83456420898438,52.40210523605012,8271.343746487577,3.6152483945557417,0.009506446638658295,1.009597686533544,592.7987060546875,41.0,132.74441979319926,11.641031246601694,False,False,science_V_004.fits,7877.313933033015,257.7017298752932,30.567563271092506,-5.295567258206482,0.03551804212757573,19.130782439565234,0.038313437079053554
93,177.24376383885223,410.80893846990887,998274.4730529785,865.5098266601562,1153.3947302541171,991957.4837484865,5.143929957775197,0.0009303384943388782,1.0009312048300383,57425.1953125,262.0,132.8220531886067,11.643279411030838,False,True,science_V_004.fits,989947.2321183337,845.0982252324545,1171.3990191448297,-10.543651988285792,0.0009268404550932666,13.882697709485926,0.014396082017811266
94,307.4694995086007,406.6804444707742,34397.2174987793,226.87124633789062,151.6155883745171,35263.510673422265,4.40608541664801,0.011438865049051339,1.0115712267503,2234.8828125,84.0,132.78511946239425,11.642133064717687,False,False,science_V_004.fits,34803.11918362405,285.0799781194084,122.08194841745932,-6.908667295942548,0.008893206686769514,17.517682401829166,0.01689607260306233
95,342.7709322529488,412.8486613161489,29692.17010498047,218.67442321777344,135.7825468020585,30711.036600948184,4.392690351406423,0.02245534015419859,1.0229711654889924,2139.54833984375,81.0,132.77510738576214,11.643845770323818,False,False,science_V_004.fits,27692.634090155672,281.72229820542765,98.2976294974089,-6.66053254224296,0.011045027286529008,17.765817155528755,0.018121279535245897
96,57.37578711815679,415.38757016830783,167478.18313598633,395.84466552734375,423.090665912782,167834.3632995021,4.850740321001778,0.0068112840312496425,1.0068579957884498,10839.46484375,148.0,132.85604961480303,11.644546671795247,False,False,science_V_004.fits,166526.05840408322,404.62387476918894,411.55766821489533,-8.608327380592636,0.0026380264148865296,15.818022317179082,0.014606413919918553
97,411.81516989783097,418.07363836228257,1003450.9274597168,872.8982543945312,1149.5623028318928,997053.3545274879,5.139890524599663,0.005860743294923143,1.005895294100293,60090.10546875,262.0,132.75552523776543,11.645294808306923,False,True,science_V_004.fits,994177.0932712108,850.6964109528708,1168.662616264745,-10.548281255003985,0.0009290106356529925,13.878068442767733,0.014396221900050991
98,136.13851830244,418.4423427960966,88797.58044433594,312.688232421875,283.98120311905876,89502.2038014449,4.749332425147284,0.007522078847304159,1.0075790893550234,5887.015625,123.0,132.8337114483095,11.64539867810896,False,False,science_V_004.fits,88472.21631150795,336.30915077772494,263.0681208254765,-7.9216391412644676,0.004127067911509774,16.50471055650725,0.014947268438767166
99,35.91460192293914,422.4076820952119,933347.1428222656,835.404541015625,1117.239728775677,928030.7149267381,5.0912314808190615,0.0023394436400951957,1.0023449294704312,61100.3359375,249.0,132.86213675407342,11.646495459523123,False,True,science_V_004.fits,926445.7810801684,818.1965081738829,1132.3022914726012,-10.471671893872433,0.0009588428886671306,13.954677803899285,0.0143981777985792
100,474.62318431167415,428.05565771365167,353022.8190307617,576.4573974609375,612.4005357302811,352083.77995635313,5.031869888266235,0.001014711756267661,1.001015742442065,23060.693359375,193.0,132.73771129905978,11.648064306899212,False,False,science_V_004.fits,350711.7124949458,568.4478822508621,616.9637066924158,-9.41699754898834,0.0017597469481965338,15.009352148783378,0.014473591591448145
101,95.95886061544599,427.68662692804884,39375.2082824707,233.70590209960938,168.4818737084711,40439.60802952881,4.514812609038472,0.014288893974116146,1.0144960261548894,2799.9345703125,92.0,132.84510744158044,11.647964982741767,False,False,science_V_004.fits,40686.79724261667,281.9398513161379,144.31020323194662,-7.078255635746936,0.007523376557477217,17.34809406202478,0.016216946046033118
102,168.73152579741765,432.5203177270688,23897.05889892578,200.528076171875,119.17063862141343,24934.130731043377,4.342655797416625,0.025819840004324246,1.026504173524165,1612.469970703125,76.0,132.82446790336635,11.649310151496234,False,False,science_V_004.fits,23087.56554666738,266.6552354611093,86.5820823159297,-6.463067227621359,0.012539545954073791,17.963282470150357,0.019069041847158442
103,148.81117842836645,442.7019151152847,285490.49966430664,497.4112548828125,573.9526334834677,284957.9786996038,4.969545159037043,0.004328241582896908,1.004347056694445,19028.619140625,180.0,132.8301180106827,11.652137838162117,False,False,science_V_004.fits,284560.3684252074,493.7967179170949,576.2702709437269,-9.190057910207464,0.0018840118165769813,15.236291787564253,0.014489225126256859
104,434.92417169177514,444.38902299548346,643553.8612060547,715.4863891601562,899.463457245446,640139.2448310874,5.084863438463282,0.0025561494644505967,1.0025627001089616,41985.80078125,231.0,132.7489698312724,11.652603549228184,False,False,science_V_004.fits,637683.7829462928,697.9503518346094,913.6520689044688,-10.06613530530277,0.001188307931378986,14.360214392468947,0.0144152773117318
105,374.4654091679046,448.4473477602131,881487.5838928223,828.806884765625,1063.5620915988102,878824.1752789402,6.054098796616714,0.27832429207062714,1.3856639332771687,60284.7578125,282.0,132.76611718484776,11.65373337402625,False,True,science_V_004.fits,867995.6812108754,799.0357446753704,1086.303944466867,-10.400915784819242,0.0009994440373065538,14.025433912952476,0.014400938601982131
106,415.44760757553007,450.99591835055594,1478621.1986694336,1046.6104736328125,1412.7712610567526,1468839.0671850462,5.352827965030279,0.003473493397545324,1.0034856006082447,60952.09375,307.0,132.75449353103906,11.654439716321846,False,True,science_V_004.fits,1461056.9638479382,1017.7423697989842,1435.586261517749,-10.966289745503184,0.0007562763932082787,13.460059952268534,0.01438610782029926
107,179.45573239060909,450.74445159722427,22752.413360595703,197.4215545654297,115.247868504931,23660.1724798528,4.3202495930823845,0.022832450001120108,1.0233659519302971,1509.0296630859375,74.0,132.82142669602345,11.654372647304916,False,False,science_V_004.fits,22828.85453141442,265.86966483244754,85.86483360484651,-6.450832175853828,0.012644291666556253,17.97551752191789,0.019138083916194308
108,123.66301511418284,459.4327490048804,26574.43231201172,209.15313720703125,127.05729718845616,27871.92523558493,4.4577271531501514,0.011141524868495623,1.0112670570649798,1758.140625,83.0,132.83725121592707,11.656784457391598,False,False,science_V_004.fits,23933.285112094814,268.50153526834725,89.13649260208244,-6.502127660287712,0.012180196553691137,17.924222037484004,0.018834684290449388
109,264.4840355269135,461.20731695288924,22195.217834472656,198.0260772705078,112.08229815184148,23581.6942046796,4.314662115680733,0.042518648662192016,1.0444067642704313,1501.709716796875,73.0,132.79731052786,11.657279776146868,False,False,science_V_004.fits,20552.360156676546,269.5265929603018,76.25355231535048,-6.336776128642282,0.014238025207140936,18.089573569129435,0.020226455597398475
110,61.381856768136295,466.8607484057161,71983.30859375,288.5907287597656,249.43042662216556,72811.10150580421,4.715801048579633,0.021017632453026125,1.0214688569986095,4835.15869140625,115.0,132.854916248395,11.658844976072322,False,False,science_V_004.fits,73089.98754071287,317.5554592299691,230.16448124666678,-7.714266593670781,0.004717061442840339,16.712083104100934,0.015120807283008483
111,433.2284285396737,469.36473144123147,123293.18780517578,362.5715637207031,340.0520066712988,124097.76573281927,4.836688567621333,0.004589852094753932,1.0046110159760906,8071.58935546875,137.0,132.74944952608192,11.659541321002093,False,False,science_V_004.fits,122633.53335625512,379.449903530126,323.1876783084194,-8.27614497772429,0.0033593483689805526,16.150204720047427,0.014753757680622374
112,174.92082814821333,472.25572511248413,90107.32247924805,317.20068359375,284.0703918363923,90835.38404109876,4.783758252808189,0.009600982644269451,1.0096940550990279,6124.4677734375,126.0,132.82271339376774,11.660347896578902,False,False,science_V_004.fits,89795.21825756873,339.6792358614511,264.3529800396588,-7.937754900017497,0.004107008742012748,16.48859479775422,0.014941742369660928
113,277.8931761070706,480.27389632004025,1775032.0618591309,1139.4326171875,1557.8210023866989,1762782.9022050658,5.548900931683811,0.0028896842427524883,1.0028980587173626,60542.35546875,341.0,132.7935071993339,11.662575982048875,False,True,science_V_004.fits,1750488.0391516702,1106.752185906308,1581.6440766441438,-11.16251974313003,0.0006864376227447999,13.263829954641688,0.014382605495676746
114,243.58343424542164,481.0313335484605,1235786.382446289,979.0582275390625,1262.219495925725,1227129.6728653926,5.236711342773105,0.0008151617457015092,1.0008158267764808,60373.28125,292.0,132.8032385837418,11.66278643575382,False,True,science_V_004.fits,1222129.7796223357,933.772137119874,1308.8094311658,-10.772415190732616,0.0008295325309758282,13.653934507039102,0.014390144837849915
115,195.75963736449427,481.47590333264156,164251.08584594727,398.94171142578125,411.7170031153897,164601.72047274606,4.890120502344574,0.006972859695481226,1.0070218218742168,10405.052734375,153.0,132.81680301764214,11.66290945755352,False,False,science_V_004.fits,163438.0485315918,406.17463665649706,402.3836886442808,-8.588004794368679,0.0026981710010611074,15.838344903403039,0.014617396176656037
116,326.0045075088355,493.083539520328,26658.37432861328,211.34375,126.13750976129306,27742.305571054192,4.397046899612907,0.03994085983186246,1.0416024994302617,1908.0184326171875,78.0,132.7798609722885,11.666133583687117,False,False,science_V_004.fits,27344.68364295983,277.915362523335,98.39212699392914,-6.646804132254122,0.01103441945174118,17.779545565517594,0.018114815949142722
117,357.8171953212416,493.5561621716107,3191.3445739746094,105.93770599365234,30.124727961976358,4587.464993258905,3.094829822195049,0.07547843966176104,1.0816405402532172,252.68710327148438,26.0,132.77083771064613,11.666264098769256,False,False,science_V_004.fits,4179.493010110695,250.26633091470214,16.700180942578267,-4.607430882147547,0.06501127165825688,19.81891881562417,0.06657967848268738
118,29.082179757360095,14.004868731983272,1049627.9318237305,872.2105102539062,1203.4112401582697,1048067.5270084377,5.080736950318065,0.011375508388777544,1.011506399533192,65006.29296875,224.0,132.86404850626604,11.533049923194493,False,True,science_V_004.fits,1063238.1315442338,868.943347205728,1223.598908908506,-10.621198232981905,0.000887300562378307,13.805151464789812,0.014393590466674681
119,31.7187613479332,22.44577542614518,118569.42498779297,327.2572021484375,362.31265258453254,126519.26973410032,4.554065534633422,0.1214608680929049,1.1382532247928931,7812.974609375,103.0,132.86330156364355,11.53539477770568,False,False,science_V_004.fits,277772.6824758725,487.8532295067998,569.3775620931928,-9.163845706186503,0.0019068190815399544,15.262503991585215,0.014492208363257694
120,211.09115243714731,19.485234641701233,1787172.8325195312,1133.931884765625,1576.0848217870919,1776256.0993294385,5.511476998218736,0.001493401613732681,1.0014956351977506,61362.59765625,319.0,132.81244876142426,11.53457899279502,False,True,science_V_004.fits,1764038.504968339,1107.8935196770499,1592.2455304933592,-11.170892025453249,0.0006818671990013969,13.25545767231847,0.014382388087915908
121,238.91538729096536,16.954099569392998,1568196.5221557617,1057.2872314453125,1483.22657790167,1565728.2418262009,5.328700067440525,0.025669175801408484,1.026345441572704,61601.390625,242.0,132.80456049136833,11.533876130036438,False,True,science_V_004.fits,1562875.8502214765,1046.2103283959866,1493.8447918188913,-11.039433075158591,0.0007267823310332408,13.386916622613127,0.014384587473787822
122,227.39062845075622,16.451142103293535,282451.8786010742,484.181884765625,583.3590381800406,283436.9961862427,4.995083468456746,0.012470202186804724,1.0126276718073914,17190.501953125,155.0,132.80782778483834,11.533736350622648,False,False,science_V_004.fits,294516.37980359566,504.1655184806944,584.1660506476571,-9.227395507761223,0.001858546895692242,15.198954190010495,0.014485935965543914
123,249.43829933876705,24.615536674736134,1715840.0772705078,1114.665771484375,1539.3314490903965,1702623.8608136005,5.612059005710589,0.06130395008158085,1.065307561576411,60952.13671875,328.0,132.80157723199613,11.53600433556452,False,True,science_V_004.fits,1690687.483423297,1086.0527948513122,1556.7267921397536,-11.124780217742485,0.0006974248824404716,13.301569480029233,0.014383134070883109
124,341.62388699553617,25.518150176856672,1695471.2063903809,1107.585205078125,1530.7817390633966,1685247.8688310962,5.4538945266554855,0.0022836698929400434,1.0022888969780568,61747.8671875,308.0,132.77544217179795,11.53625403417881,False,True,science_V_004.fits,1674896.348723496,1081.8573443792648,1548.167470901164,-11.114591713562177,0.0007012807208564014,13.31175798420954,0.014383321552541203
125,340.6208909263837,41.264944164028066,1111047.959350586,901.8499755859375,1231.9653927236968,1111148.7860304902,5.270540460997727,0.06890623206465196,1.0740056849670985,60403.1328125,232.0,132.77572614570408,11.540628161919779,False,True,science_V_004.fits,1107050.212502557,890.3363157480333,1243.406781147018,-10.665040173117157,0.0008731655773973369,13.76130952465456,0.014392726022540102
126,351.7845369343567,41.90601245300755,373402.57946777344,550.8414916992188,677.8766398223066,373788.6069441228,4.983898904287264,0.02897266607343163,1.0298371271962798,25044.13671875,173.0,132.77256113124133,11.540805956256735,False,False,science_V_004.fits,388381.32557291555,559.9945777434879,693.5447966976891,-9.527767723245558,0.0015654360110111943,14.89858197452616,0.01445125372204509
127,61.60933649170052,25.633179603252877,243547.5281982422,452.23834228515625,538.5379907585871,244162.94005076465,4.926911584488157,0.015523867820787407,1.0157686583893346,15438.4794921875,154.0,132.85482764879768,11.536281877845079,False,False,science_V_004.fits,252154.8152231369,463.5542024974731,543.9597222171908,-9.058790039017321,0.0019959198368119336,15.367559658754397,0.01450420077871686
128,49.58339402078646,30.555638541543804,1793716.4512939453,1129.518310546875,1588.0366299024297,1785836.0735889198,5.519428349647295,0.09684840149209284,1.1072338261395935,64292.89453125,293.0,132.85823734435579,11.53764856602733,False,True,science_V_004.fits,1772248.2603031353,1109.4425989597396,1597.4222208205006,-11.175933270807413,0.000679657504352444,13.250416426964305,0.014382283495939509
129,37.11405925214568,41.13778203114981,127658.32711791992,350.324951171875,364.39975711375666,128267.6255164862,4.835569925502268,0.025172007444963618,1.0258219989959332,8757.9306640625,138.0,132.8617731257286,11.540587319769914,False,False,science_V_004.fits,83238.34460467467,363.3578747442212,229.08088799030077,-7.855430460620405,0.004739373980626303,16.570919237151312,0.015127782717985773
130,13.139974120461954,28.569914159912088,385453.1385192871,551.6805419921875,698.689022323259,386377.00480385806,4.980526651020425,0.002376963333658444,1.0023826267500813,24912.5390625,174.0,132.86856913503897,11.537094736409694,False,False,science_V_004.fits,383633.98030459357,552.3887082197656,694.5000406343686,-9.514414543418253,0.0015632828458991919,14.911935154353465,0.014451020638371328
131,16.43751902242265,41.79290588229371,1723085.7637023926,1101.9761962890625,1563.6324718310022,1726897.2181477621,5.30595907748833,0.034176401797576195,1.0353857597403757,65749.046875,241.0,132.86763515330023,11.54076800068126,False,True,science_V_004.fits,1808519.6556236015,1116.138787503871,1620.3358183332814,-11.197929957009594,0.0006700462877607549,13.228419740762124,0.014381832507093573
132,20.997242865135192,49.5025931940262,609538.5927734375,677.2147827148438,900.0668743967705,612912.6481646675,4.880430328473497,0.06996667341386886,1.0752302862852188,39060.6015625,178.0,132.8663429391216,11.542909873114512,False,False,science_V_004.fits,893025.3432660023,804.6027468133922,1109.8959664291544,-10.431781333928551,0.0009781997888441748,13.994568363843166,0.014399479819120072
133,138.5799865917453,36.39576850868252,1560136.896697998,1054.92041015625,1478.9143158837146,1556443.4330462054,5.270618556222207,0.03933708621495935,1.040947855538599,61075.55859375,255.0,132.83300645860876,11.53927475926647,False,True,science_V_004.fits,1586001.1699976039,1051.7771037474854,1507.9251719272804,-11.055380632445855,0.0007199959389313503,13.370969065325863,0.01438424618763281
134,137.9162990639657,46.96920772525109,1117500.347290039,911.6970825195312,1225.7364520699768,1120280.286150127,5.139977319539008,0.01649558470101964,1.016772252818006,59830.52734375,207.0,132.83319496844138,11.542211800775316,False,True,science_V_004.fits,1158942.318030085,908.948245056411,1275.0366418917051,-10.714776426882068,0.0008515049405868084,13.71157327088965,0.014391428174375021
135,127.99968984742881,56.890448661856134,2063801.7790527344,1210.9119873046875,1704.3367318928392,2056367.161401108,5.770054897884699,0.11861900251647794,1.1345831176927497,61172.62109375,318.0,132.83600678986653,11.544967364974559,False,True,science_V_004.fits,2035764.5856135115,1186.0290909399062,1716.4541756730484,-11.326440761689655,0.0006325248966080206,13.099908936082063,0.014380133239270782
136,220.37844643292647,40.4256116075881,1880461.8592834473,1166.3201904296875,1612.3032720462986,1866656.8417691635,5.685808937032893,0.029255920749333364,1.0301376247094047,60091.8125,359.0,132.80981598874612,11.54039585738375,False,True,science_V_004.fits,1846717.610501586,1132.7963724739404,1630.2290997529383,-11.220623100761216,0.0006659800148117453,13.205726597010502,0.014381643633968965
137,199.3377925254508,44.14465759916186,1738565.4554748535,1121.80322265625,1549.7953833277547,1730015.935204127,5.916436907253676,0.18484989502275517,1.2267679215080458,60554.421875,337.0,132.81578126318226,11.541428663397943,False,True,science_V_004.fits,1710485.4878679868,1091.2581532895001,1567.443489619648,-11.137420358759861,0.000692656550102137,13.288929339011856,0.014382903647412466
138,272.95879996792206,43.56978924176504,462507.2964172363,602.7396850585938,767.3417030310106,467057.34679825976,4.974233178314402,0.031929821854398965,1.0329829619538147,30438.224609375,181.0,132.7949089654879,11.54126935958412,False,False,science_V_004.fits,479324.96052781254,610.4450597968392,785.2057328260393,-9.756196986981664,0.0013826949481029003,14.670152710790054,0.01443260162111671
139,272.11509958895607,52.86709064052572,193977.6875,411.5839538574219,471.29555387671024,196130.1332544383,4.834726481704146,0.03832698028565007,1.0398544822407876,13181.3896484375,132.0,132.79514811806234,11.543851944769647,False,False,science_V_004.fits,239735.59620198447,460.79141196896387,520.2692367411822,-9.003953182386809,0.002086804145485354,15.422396515384909,0.014516986456422912
140,62.87147466785909,51.280990817057244,1092700.608215332,895.0694580078125,1220.7997920601538,1085656.3314225487,5.1541330366836995,0.004506570141332933,1.0045269712548206,62764.70703125,265.0,132.85447121676475,11.543406325641623,False,True,science_V_004.fits,1080759.216443538,876.8293646276787,1232.5764396616123,-10.638944243480639,0.0008808378653562978,13.787405454291079,0.01439319351566555
141,47.07033586297202,59.3983071586504,1723847.0999450684,1104.9366455078125,1560.1320735930644,1723118.002704761,5.3910302367565395,0.03488953308392917,1.036150818253392,63672.52734375,262.0,132.85895150313996,11.545660263075339,False,True,science_V_004.fits,1760258.7213238843,1106.4464469656443,1590.9118115488343,-11.168563135885258,0.0006824388329501529,13.25778656188646,0.01438241520034343
142,38.54036171664273,63.42021177427798,633771.9125671387,685.4456787109375,924.6128938459755,660651.4622354284,4.940916055223715,0.06383383386818364,1.0681864354614965,39195.08203125,179.0,132.86137011679799,11.546776959228087,False,False,science_V_004.fits,822255.0282295732,772.4495591499556,1064.477309216703,-10.342138218909776,0.001019937194151103,14.084211478861942,0.014402375363611527
143,53.06513594831746,74.65684452370408,821425.7826843262,808.9197387695312,1015.4601789465765,816700.1709720767,5.136535585236221,0.0019502049202921867,1.0019540156512294,54318.796875,237.0,132.85725276177715,11.549899078015228,False,False,science_V_004.fits,808871.8569980873,776.1875456366561,1042.1087809836247,-10.324321187321807,0.0010418298164374265,14.10202851044991,0.014403942293718393
144,54.66666598615085,89.53472549835101,768749.3479919434,760.291015625,1011.1251247129235,764578.4730052855,5.101498823670799,0.0022423607503579968,1.0022474002324295,47965.1484375,238.0,132.8567995392859,11.55403190644496,False,False,science_V_004.fits,762396.2911470997,745.5658195562861,1022.5740922522843,-10.2600738113148,0.0010617323558517672,14.166275886456917,0.014405395511051196
145,155.6145702896301,57.51042215165151,755867.893951416,764.1865234375,989.1143991277618,749105.535061884,5.5743322175441605,0.15456080284291596,1.1828171716696478,43349.8671875,276.0,132.8281776122242,11.545140439534185,False,False,science_V_004.fits,737324.0019651183,736.0861962242897,1001.6816043381576,-10.223767803133848,0.0010838773471510002,14.20258189463787,0.014407044608038752
146,148.36854683307183,72.2293117406467,172400.24993896484,395.0769348144531,436.3713361802105,174203.45706496722,4.903767958093938,0.023023206739998137,1.0235657662483197,11110.107421875,142.0,132.83023240277413,11.54922881059925,False,False,science_V_004.fits,181097.4430722018,418.1232431869949,433.11977036208583,-8.699402670346846,0.0025066969330270025,15.726947027424872,0.014583266909317624
147,144.80181238954341,83.8771606986047,1766287.3262329102,1119.880126953125,1577.2110636863208,1762992.3330591493,5.5357999244025855,0.028489368148249872,1.0293248135575703,60211.34375,264.0,132.8312439981679,11.552464214921201,False,True,science_V_004.fits,1756669.205676618,1105.7739137915637,1588.6332493169548,-11.166346844548073,0.000683417648766199,13.260002853223645,0.014382461677925533
148,176.95143988255893,87.82878965925246,391759.93475341797,556.9190063476562,703.4414884179085,394421.472913382,4.961915050467622,0.028544474016907184,1.0293832020647788,26302.587890625,166.0,132.82212898191963,11.553562721801226,False,False,science_V_004.fits,413910.44848821784,571.2285198172303,724.5969592356001,-9.596887848012729,0.0014983502016698205,14.829461849758989,0.0144441405961447
149,135.93259453660383,88.5201960001791,224292.63116455078,549.6091918945312,408.09475982634586,230696.10972728988,4.84292977541733,0.11170992582775197,1.1257583857748819,14513.0771484375,123.0,132.83375876578828,11.553753665989372,False,False,science_V_004.fits,359399.25484421855,587.5872115652282,611.6526155952962,-9.443564804878541,0.001775027151552901,14.982784892893177,0.014475457354539836
150,187.41805301931782,93.11284228375956,1645501.031097412,1083.008544921875,1519.3795458152306,1642937.7216457145,5.448856309435925,0.017043921175526555,1.0173394534534133,58296.55078125,256.0,132.8191615632692,11.55503072299594,False,True,science_V_004.fits,1663620.4062460526,1077.5689344588723,1543.8644833255892,-11.107257471176627,0.0007032352979980007,13.31909222659509,0.014383416983411895
151,196.44286877290267,94.05678559324606,235126.96615600586,454.5101318359375,517.3195264234034,253559.9699127574,4.702896091777297,0.1335517429660419,1.1541370092003171,17662.2890625,127.0,132.81660282780328,11.555293086018683,False,False,science_V_004.fits,484846.70356002357,624.0273785936447,776.9638323445212,-9.768632992084324,0.0013973623414668538,14.657716705687394,0.014434014193830528
152,132.94785464290285,100.75920796104688,1756846.0919799805,1123.1220703125,1564.2521311073085,1747652.6177305728,5.528501410289103,0.008114920770711076,1.0081813114650504,59559.03515625,312.0,132.83460542824992,11.557153289791946,False,True,science_V_004.fits,1733787.5633826372,1098.611521662439,1578.1625526364755,-11.152111582521936,0.0006879519465128809,13.274238115249782,0.014382677849241507
153,151.26001497481076,103.28128470813627,146200.13046264648,370.9106140136719,394.16539979968735,147097.01418063452,4.8538461374511375,0.020772378381374912,1.0212130233285688,9812.9404296875,137.0,132.82941352836008,11.55785443551998,False,False,science_V_004.fits,140996.4712316823,391.25639182369616,360.3684800508426,-8.427642482917184,0.0030127496163005825,15.998707214854532,0.014678719442951103
154,199.6020689377344,112.12740685655201,859561.3490905762,807.0302124023438,1065.0919084328445,853798.4249967111,5.128212441315079,0.006112404536364413,1.0061499957985822,56049.80078125,262.0,132.81570740057973,11.560312749684618,False,False,science_V_004.fits,850064.2611654545,786.7074133453729,1080.5341944734762,-10.378251268369738,0.0010047807885700843,14.04809842940198,0.014401309963591192
155,151.61091504714534,113.639831232055,157623.48538208008,394.10382080078125,399.95421780434464,159640.45922623138,6.393841302727148,0.3692982818520868,1.5855355570245622,7543.03759765625,171.0,132.82931434094874,11.560731817733322,False,False,science_V_004.fits,156376.36509296717,396.5407274825437,394.3513345671438,-8.540049658808256,0.002753128758120494,15.886300038963462,0.0146276403494597
156,164.68566037357158,117.4544012197748,521457.3168334961,638.9906616210938,816.0640650218263,519593.1087901937,5.07168186805996,0.002550789453267921,1.0025573126193261,32921.109375,205.0,132.82560735998666,11.561791768756958,False,False,science_V_004.fits,516821.38830978016,629.6339253176002,820.8283695150081,-9.837973069909708,0.0013226882017266205,14.58837662786201,0.01442697640925978
157,165.40539934586383,132.56675335687228,1112914.5670166016,907.2078247070312,1226.7470988535622,1105587.2266443768,5.221740118697295,0.00842509943031522,1.0084966848449621,57513.5390625,273.0,132.8254036738555,11.565989660105878,False,True,science_V_004.fits,1088749.430011942,886.2398699572184,1228.5042310999836,-10.64694172566978,0.0008837576399943542,13.779407972101938,0.014393372495721765
158,192.5612238643709,130.78619872271108,1361670.2056274414,992.3430786132812,1372.1768559420648,1358723.1423203088,5.439373756763101,0.09301183767717236,1.1025502223082668,58667.20703125,257.0,132.8177040149946,11.565495630728433,False,True,science_V_004.fits,1344764.6271166222,976.5808928189273,1377.01304316422,-10.876237566132769,0.0007884456907577174,13.550112131638949,0.014387834821182298
159,185.52376583465286,141.0159684604538,199962.80661010742,424.0696716308594,471.53291071512746,211825.28737709537,4.738958108627394,0.042739859685099746,1.0446481138043,14352.9560546875,105.0,132.8196995779202,11.568337104394274,False,False,science_V_004.fits,298234.6147322847,538.1426764329368,554.1924619491697,-9.241016995599132,0.0019590667043385013,15.185332702172586,0.01449917537608257
160,193.84165273917054,142.52877987071602,564435.5899353027,646.3469848632812,873.2702451682283,573500.6603173575,4.693199451788672,0.11049364007306828,1.1242190557042726,63666.48828125,138.0,132.81734117179965,11.568757479408431,False,True,science_V_004.fits,691598.0314339208,728.8925029093392,948.8340580722681,-10.154256245108204,0.00114424644727214,14.272093452663514,0.014411712048415563
161,203.59221122081746,148.56431496715072,1797673.3386535645,1134.021728515625,1585.2194834102734,1789880.2807704336,5.62631844946207,0.07460639648906986,1.0806212580311927,65499.7109375,290.0,132.81457660687215,11.570434167695966,False,True,science_V_004.fits,1775229.8986881806,1112.646053389407,1595.5028045804615,-11.177758383386747,0.0006804751435617098,13.24859131438497,0.014382322157960332
162,131.1048879884701,150.83552285636344,749242.7848205566,770.6630859375,972.205362488738,750788.6525287111,6.565541175988011,0.34639819624360013,1.5299835377637732,29256.330078125,252.0,132.83512970759097,11.571063306708492,False,False,science_V_004.fits,734726.0751712691,750.5351506857987,978.9362623454956,-10.219935506733522,0.0011090609693001896,14.206414191038196,0.014408961116887522
163,175.86194707397993,148.5204954223177,1348438.8692016602,984.5081176757812,1369.6574411037298,1357220.8791372199,5.258398649582109,0.05202179057008516,1.054876567892177,58530.5234375,235.0,132.82243923259801,11.570421496551322,False,True,science_V_004.fits,1430389.9367909122,1008.8518290740636,1417.8394641993575,-10.94325798922749,0.0007657425451992805,13.483091708544228,0.014386608560737297
164,151.97813801740537,150.3693467950789,205021.32452392578,420.9930114746094,486.9946030833124,207790.39653302793,4.841087550645055,0.07670394853045148,1.083076222852212,13544.5224609375,137.0,132.82921128992362,11.57093446640473,False,False,science_V_004.fits,251046.4171860803,476.5573206819483,526.7916497995155,-9.054006943321603,0.0020609666087402713,15.372342754450115,0.01451329485667172
165,142.8422092672253,153.61964393025318,788044.2133178711,762.4432983398438,1033.5774673785857,788562.5015764642,5.065866273985473,0.023397802903187936,1.0239583762690105,51006.64453125,190.0,132.83180179412594,11.571837055334878,False,False,science_V_004.fits,796918.6213247553,765.3017609380931,1041.3129330159998,-10.308156811426839,0.0010426260594453966,14.118192886344879,0.01440399990746272
166,167.63921882358298,154.24203913884702,1656987.6875,1087.9737548828125,1523.0033629611562,1674820.3395956168,5.413414364218309,0.038545667089111446,1.0400910014856461,57766.36328125,265.0,132.82477084206752,11.57201062496395,False,True,science_V_004.fits,1717770.3551292873,1095.4295481241531,1568.124904126285,-11.142034632839447,0.000692355562457521,13.28431506493227,0.014382889155493666
167,195.96266433232836,163.81870629209752,1724396.158782959,1126.80615234375,1530.3396730628647,1691835.126016611,6.3631448538034325,0.2458385688947592,1.325976055994374,64169.98828125,397.0,132.8167401393505,11.574671381299463,False,True,science_V_004.fits,1671349.1896641997,1081.0009102648148,1546.11265706961,-11.11228986188209,0.0007022127365917548,13.314059835889628,0.014383367024510745
168,133.1488826550237,165.5261966993841,607498.3382568359,675.0946655273438,899.8713354997324,613226.5286478976,5.009080526018027,0.03278376421065732,1.0338949688782908,38745.3359375,173.0,132.83455065816617,11.575144117049879,False,False,science_V_004.fits,614121.3881358093,692.9355892210086,886.2604225974286,-10.025257431319822,0.0012250349584810064,14.401092266451895,0.014418351323360517
169,122.64941172705815,168.07505064547567,1372429.4028930664,986.3829956054688,1391.3757729071879,1378758.417745207,5.153030752599011,0.0883950421308769,1.0969663902854372,58127.44921875,199.0,132.837527818028,11.575851763660944,False,True,science_V_004.fits,1705535.2388951387,1091.6365339021738,1562.3654814835822,-11.134273616556282,0.0006949078259006639,13.292076081215436,0.014383012240864199
170,114.44114009034844,169.4540186290496,1271249.1147155762,955.6575317382812,1330.2350188181467,1275836.8326744498,5.1334275889516325,0.06838234221220918,1.0734017240233393,59019.37109375,227.0,132.83985528675942,11.576234501198764,False,True,science_V_004.fits,1626402.4517118605,1066.1936823678946,1525.4287083185545,-11.082691924804438,0.0007117343433222406,13.34365777296728,0.014383835024422928
171,134.25056554646693,183.809868921048,298076.4760437012,503.6495056152344,591.8331552407365,297403.7055646541,4.99506440924878,0.0073092526371887345,1.007363071184663,19983.638671875,187.0,132.83423890522974,11.580222950069004,False,False,science_V_004.fits,295775.2673048896,498.11683113779816,593.7869367499186,-9.232026512847499,0.001828433622912889,15.194323184924219,0.014482103222520883
172,99.7052508086219,61.22536071456475,837207.5862426758,785.7257690429688,1065.5213551954812,836163.9188546351,5.062534382624036,0.022878047151814407,1.0234137070456024,54346.13671875,212.0,132.84402883751994,11.546170407142371,False,False,science_V_004.fits,880797.6336833537,797.0587850955144,1105.059815102351,-10.416812222057413,0.0009824807536770689,14.009537475714305,0.014399771271297932
173,89.6595943888375,62.29927074995557,943785.3908996582,829.6331787109375,1137.5935957215302,950361.1781811924,5.112279599393955,0.06120773402098978,1.065198379065426,60444.08984375,213.0,132.8468769795254,11.546468272044276,False,True,science_V_004.fits,983081.3398995607,838.3853664293426,1172.5888586134008,-10.536095505874759,0.0009258999793703074,13.89025419189696,0.014396021499225033
174,306.76604341453486,65.08559076328122,149428.51873779297,390.5618591308594,382.5988514862285,151531.73623125005,4.880839193043941,0.06135680661919063,1.0653675507923255,11364.6962890625,128.0,132.78532396127548,11.547245641143547,False,False,science_V_004.fits,192913.27896220697,440.89342498575746,437.5508184737362,-8.768027181117496,0.002481311779480008,15.658322516654222,0.014578924939148896
175,302.3637541982639,71.5794945746633,123450.72229003906,344.9720153808594,357.8572080803302,124701.43842703887,4.750682394030062,0.07199316467643901,1.0775782698317495,7646.02734375,119.0,132.78657199400504,11.549049561823008,False,False,science_V_004.fits,172902.2349173524,421.9222445752235,409.7964426867901,-8.649123391436234,0.0026493641401123804,15.777226306335484,0.014608465853102605
176,491.2662992879823,81.22855622943769,553672.3915405273,668.582763671875,828.1284257161271,550022.223265165,5.138825726607274,0.008370195963009586,1.0084408475107687,36496.609375,236.0,132.73301413505067,11.551722480746635,False,False,science_V_004.fits,544902.570510732,649.5492320315205,838.8934104448139,-9.895419015640002,0.0012942049448502878,14.530930682131716,0.01442439290485483
177,488.9345876407373,99.75065589554143,1516054.8954162598,1053.0872802734375,1439.6289118814645,1543910.1193265077,5.202674282030412,0.06455127998875154,1.069005685301462,63282.30078125,238.0,132.73367400003784,11.55686765259854,False,True,science_V_004.fits,1861800.2064947698,1141.232134061147,1631.3948327667883,-11.229454559380887,0.0006655041306945241,13.19689513839083,0.014381621604753857
178,485.9362307084623,107.21355934254976,1170274.6472473145,914.1307983398438,1280.204812454251,1214611.649688385,4.8823921952693485,0.04769381785011528,1.0500824406520641,62195.03125,167.0,132.73452362427898,11.558940870781301,False,True,science_V_004.fits,1932518.7854724268,1161.1536391768188,1664.309287134866,-11.269931184704847,0.0006523426915853179,13.156418513066871,0.014381018573856867
179,492.5445901866521,111.58950364123136,815943.4244689941,780.9512329101562,1044.8071404259676,817557.202484326,4.97464288108335,0.11091765912252594,1.1247552156002294,49039.2265625,198.0,132.73264967914096,11.56015598306393,False,False,science_V_004.fits,1216364.9616137461,932.6551656611986,1304.195812555666,-10.767281627653363,0.0008324670187925941,13.659068070118355,0.014390314297183673
180,463.672548442366,89.81490521214627,1790579.391998291,1131.83642578125,1582.0125163071543,1806899.8379208008,5.416322886523371,0.04336585405916826,1.0453317020338206,61931.57421875,265.0,132.74083701650895,11.554109264535436,False,True,science_V_004.fits,2035428.555013177,1189.6501979695865,1710.9470989767472,-11.326261531386933,0.0006345608234464504,13.100088166384785,0.014380222935441733
181,461.48515688002885,98.33181918639777,1375764.8788452148,1004.5147705078125,1369.5815325340852,1400694.6034693094,5.294927175034482,0.11576855478875481,1.1309256252033624,61651.99609375,255.0,132.7414566955641,11.556475196305191,False,True,science_V_004.fits,1713237.511141707,1097.634596030543,1560.8450365334822,-11.13916581068398,0.0006955847471003636,13.287183887087737,0.014383044961855263
182,297.4376233968387,97.81992427188749,1216805.9299926758,944.4296264648438,1288.4029639639552,1213556.9589210474,5.256836915100116,0.028628594998192924,1.0294723468806863,58887.53125,261.0,132.78796832586994,11.55633862580137,False,True,science_V_004.fits,1208115.7761296846,926.9501076723099,1303.323410969138,-10.759893262992332,0.000833024244682818,13.666456434779386,0.014390346542963473
183,285.9049598903169,101.25818661737063,561555.3654785156,660.7001342773438,849.9398385815828,561786.0567112372,5.062565328447569,0.019743405491971844,1.0201410585785253,37231.31640625,202.0,132.79123809728054,11.557293814579936,False,False,science_V_004.fits,567786.7988128683,657.11308797084,864.0625323202578,-9.940085101166709,0.0012565062821143066,14.48626459660501,0.014421059332495104
184,352.04207892453485,101.1451102602066,1234926.252166748,953.95068359375,1294.5388827800814,1227683.1896017017,5.238895616334771,0.0030412780899031766,1.003050555678049,58936.71875,273.0,132.77248649395716,11.55726123930883,False,True,science_V_004.fits,1221089.5607313528,932.6440944912227,1309.2771057511313,-10.771490670072188,0.000829236221446899,13.65485902769953,0.014390127759867559
185,366.4033938306119,100.90094660058185,895230.6696472168,819.3740844726562,1092.578697095822,891318.2194289436,5.126122645251529,0.004472047650741939,1.0044921367001185,58103.87890625,233.0,132.7684146936045,11.55719300391842,False,True,science_V_004.fits,886472.8494264595,804.5805050512312,1101.7826604809595,-10.423785470852104,0.0009854030553776015,14.002564226919613,0.014399970951911636
186,374.56054672205664,112.08404463687151,379826.52529907227,560.4390869140625,677.7302550229061,379013.58299302164,5.032270658163948,0.006841981326178304,1.00688911653285,24521.625,189.0,132.7661015511112,11.560299158466075,False,False,science_V_004.fits,378011.15663768223,554.8416321474143,681.2955891119027,-9.498383418572311,0.0015935814312481539,14.927966279199406,0.01445432966319678
187,73.40568576396531,103.14570676506347,139707.18002319336,364.95745849609375,382.80401392232045,140219.89594955233,4.86117388303975,0.017448157233784012,1.017758001638531,9199.888671875,144.0,132.8514872995464,11.557813716008365,False,False,science_V_004.fits,138790.18076975702,375.3067095697281,369.80468835442235,-8.410518727587993,0.002935874082157284,16.015830970183725,0.014663134073609035
188,61.99201794258277,115.50304580888083,1179764.8405151367,929.8915405273438,1268.71230578793,1172038.2502159253,5.200699402418694,0.005963328780404287,1.0059991034064044,59778.8828125,281.0,132.85472405000365,11.561245718148628,False,True,science_V_004.fits,1168542.6861663093,909.1888300073963,1285.2585157219794,-10.72373332788093,0.0008447327807745514,13.702616369890787,0.014391029070405858
189,421.59298536974,115.4110997605443,944173.012298584,844.7083740234375,1117.7502690086824,937928.7498092292,5.1419492589218265,0.0016324338088458124,1.0016351030062742,58978.5390625,256.0,132.75276632750726,11.56122148601694,False,True,science_V_004.fits,934468.2514470932,824.5130796334984,1133.3577047224899,-10.481033251073978,0.0009579499883188608,13.94531644669774,0.014398118363677648
190,429.8903929670694,128.8242575962052,1178117.4838256836,933.6536254882812,1261.8357083008732,1171012.1406554761,5.213302431802761,0.005484742600378234,1.0055149909059407,60187.26953125,261.0,132.75041310148188,11.56494696996156,False,True,science_V_004.fits,1163563.1787247513,913.4911775763276,1273.754150326787,-10.719096797602717,0.0008523622864910462,13.707252900169001,0.014391478926843608
191,421.0715036507024,140.87494074524562,1061158.4295654297,890.3837890625,1191.7989103134291,1054884.3608508029,5.169968710138751,0.002888047660203119,1.0028964126379452,58462.13671875,258.0,132.75291299015672,11.568294794001382,False,True,science_V_004.fits,1049845.4749413596,870.4397802584468,1206.1092550591432,-10.60743532571835,0.000900167207444869,13.818914372053367,0.014394389366545234
192,116.21947691001904,118.10611194614475,39842.620025634766,221.86328125,179.58185690375373,42556.82190532934,4.388260573524551,0.18232981938888837,1.2229869985629394,2890.16455078125,79.0,132.8393490370827,11.561971269889163,False,False,science_V_004.fits,104545.36942936685,344.95144600114077,303.07270962714307,-8.102883878072651,0.0035823086853834143,16.323465819699063,0.014806116295359998
193,109.58853759322982,124.09525100885853,438584.216217041,589.5477905273438,743.9332709986624,438846.8493498009,5.052198993886399,0.01079279042433956,1.010910545657031,28075.541015625,193.0,132.84122935864283,11.563634658905725,False,False,science_V_004.fits,442202.5899688422,585.9188724924882,754.7164133623492,-9.668675078794408,0.0014385535822165052,14.75767461897731,0.014438060141281423
194,94.3353038453527,142.76451777434482,56889.172912597656,371.4419860839844,153.15762634258263,63160.77648252854,4.411954784141202,0.1491829200866669,1.175340767843851,4128.767578125,80.0,132.8455549926561,11.568819919677699,False,False,science_V_004.fits,186672.28387739218,572.0287206225739,326.33376113392575,-8.73232147645702,0.0033269619307161854,15.694028221314698,0.014746417189364546
195,86.37314103063466,146.922709140181,593003.9262084961,667.095458984375,888.934137119326,595721.8448738595,4.988035239916549,0.05244049811878493,1.0553426967010233,38480.65234375,175.0,132.84781276428578,11.569974610710943,False,False,science_V_004.fits,675085.520631217,706.6870964153999,955.2820817806372,-10.128018857176178,0.001136522939879983,14.29833084059554,0.014411100881862733
196,93.83151295623964,153.01399290757865,955019.219329834,830.7503051757812,1149.5863599204556,956921.5418798167,5.0537549616080355,0.03195505794517861,1.0330098909223668,59363.5546875,187.0,132.84569830246866,11.571666972081038,False,True,science_V_004.fits,998904.1478635967,846.8342102567334,1179.5746271997684,-10.55343141529876,0.0009204165425102264,13.872918282472957,0.014395669864444582
197,92.03950280500912,166.17031523340916,1518596.9633483887,1048.833740234375,1447.8910289528244,1513096.1829593102,5.804817077341406,0.16498367387419,1.1975813750129387,59310.234375,306.0,132.84620701511915,11.575321424006617,False,True,science_V_004.fits,1492345.2285661607,1022.5477410366228,1459.438194106491,-10.989295127455524,0.0007439163949417509,13.437054570316194,0.014385463351488353
198,276.26845703015886,152.7771419015098,295363.50701904297,496.06878662109375,595.4083687282,299732.8709658729,4.911863221718588,0.06646347541221476,1.0711953669317464,19955.591796875,158.0,132.7939699894865,11.571604699058467,False,False,science_V_004.fits,348502.4050763209,535.4309295031246,650.8820949132098,-9.410136323008103,0.0016680440412864177,15.016213374763614,0.014462728482482914
199,296.33812787882704,160.60646914704913,321691.42462158203,524.66943359375,613.1316292205937,320610.73630661715,5.0347531310085465,0.008948357866779277,1.0090291539677165,20384.966796875,193.0,132.78827932834898,11.573779338407652,False,False,science_V_004.fits,319312.12556334794,516.801191908818,617.8625950608989,-9.315160400934946,0.001757186806061612,15.111189296836772,0.014473280544014491
200,280.11708371229275,161.7281064503584,767215.8401489258,761.1821899414062,1007.9266833712754,765322.2914981009,5.084477780992018,0.016634034634251504,1.0169154060849206,51070.27734375,217.0,132.7928786834881,11.57409105290893,False,False,science_V_004.fits,780696.3294483055,758.1275774784431,1029.7690687429242,-10.285827217725782,0.0010543140524946557,14.140522480045936,0.014404850653708254
201,469.47974921382297,167.17935514364123,26873.677307128906,210.4290771484375,127.70895387319553,28097.822270488796,4.438522206300746,0.03321347033531885,1.0343545025879068,1812.807861328125,78.0,132.7391858618452,11.57559903080457,False,False,science_V_004.fits,31960.37041649937,282.84710637590854,112.99521789706239,-6.816151384258841,0.009608371223188073,17.610198313512875,0.017283198251392597
202,475.60850311310105,175.04710798467025,101132.67950439453,332.3996887207031,304.25022325869463,102072.90709886662,4.831097495055124,0.008948910834916668,1.0090297169669182,6609.6171875,127.0,132.73744759760925,11.577784148269018,False,False,science_V_004.fits,102472.00046707348,355.88844954591394,287.93291998607936,-8.08113491059826,0.0037706699187174926,16.345214787173457,0.01485281440906983
203,363.3858940659309,174.6353320897265,670873.5546264648,709.2216796875,945.9292825369745,701304.6169701063,4.82644783855171,0.2061498240473093,1.2596835401590876,43532.92578125,171.0,132.76926797862845,11.5776748592056,False,False,science_V_004.fits,1457790.5650730785,1014.0680940837675,1437.566740910258,-10.963859711831104,0.0007552345008430996,13.462489985940614,0.014386053085736029
204,367.0997826274534,180.84271992927393,1678676.3836975098,1096.385498046875,1531.100499493965,1696804.528280849,5.439386525147841,0.054508109699509255,1.0576505311771482,57767.4609375,253.0,132.76821472086857,11.57939902013976,False,True,science_V_004.fits,2015631.5734393618,1183.7157786808166,1702.8002918789066,-11.315649755671203,0.0006375967899336072,13.110699942100515,0.01438035722438372
205,399.1541868491735,185.3938675602498,1721006.1596069336,1119.3785400390625,1537.4657437571354,1710512.4870237461,5.533222179447084,0.001871502129645597,1.0018750112171315,58657.65234375,318.0,132.75912555508052,11.580662094069208,False,True,science_V_004.fits,1698053.1403739166,1090.6559374896333,1556.9100043431952,-11.129500067329621,0.0006973428117047897,13.296849630442097,0.01438313009158256
206,354.7935868823574,188.91153961714284,31717.172821044922,225.5046844482422,140.6497292889924,32998.676575827776,4.619312209503366,0.06603708696439547,1.0707063268173669,2151.482666015625,91.0,132.77170389839517,11.581640718172265,False,False,science_V_004.fits,28884.79348415527,281.1759463072529,102.72853657471693,-6.706295041140354,0.010568631036716312,17.720054656631362,0.017834912565656013
207,376.16481586331025,197.21834794535312,489379.63107299805,630.5569458007812,776.1069548627462,487186.6584777373,5.102122810380466,0.010801461598116902,1.0109194071551777,32625.72265625,216.0,132.76564378356258,11.583947512675838,False,False,science_V_004.fits,479648.79560049,616.7079559052232,777.7567826191678,-9.756930269772552,0.0013959376816281887,14.669419427999166,0.014433876341625658
208,391.33528870220334,200.3108819094962,1037153.2903442383,884.0911865234375,1173.1293176020629,1031411.6172823254,5.459467533409405,0.10665929014065112,1.119393741898815,58824.62109375,271.0,132.76134202853555,11.584806010456928,False,True,science_V_004.fits,1021638.6375920473,860.0971909931017,1187.817665597098,-10.577865147168792,0.0009140291742118813,13.848484550602926,0.014395262886299155
209,351.89286070951397,203.49907561662758,414754.90420532227,585.0735473632812,708.8936187159296,413306.25399660226,5.019891740852085,0.0070819388298952735,1.0071324504073875,26536.76171875,201.0,132.77252600308609,11.585692889439116,False,False,science_V_004.fits,412060.9417259781,575.3084128320537,716.2435530840544,-9.592025500883869,0.001515825162160431,14.834324196887849,0.014445963801581052
210,71.79745359189944,194.8141895744466,366274.32806396484,544.3198852539062,672.9027139861162,366773.40773560945,5.013157570385693,0.007123495843911476,1.0071746041064455,24542.333984375,182.0,132.85194801432655,11.58327708505492,False,False,science_V_004.fits,371012.27697556105,544.0362570278484,681.9624100100548,-9.478092576208716,0.0015920232318728427,14.948257121563001,0.014454157955590989
211,82.34574661475293,195.82337545394938,192880.5852355957,446.6101989746094,431.8768037058673,195339.81186504525,4.911729981392627,0.03444960198858371,1.0356787196810584,12614.576171875,148.0,132.84895706955305,11.58355793240249,False,False,science_V_004.fits,204561.72118817578,462.5077060435966,442.2882440987773,-8.831682797040518,0.0024547340212766953,15.5946669007312,0.014574424974919753
212,230.5241118976467,201.11773507059374,1222009.5162353516,939.7098388671875,1300.411537361867,1228659.8011354231,5.082016474759129,0.04345638230269655,1.0454306332703462,66027.5546875,221.0,132.80694071019818,11.585032619293901,False,True,science_V_004.fits,1505845.1919448746,1028.219276351287,1464.5175660278214,-10.99907269058859,0.0007413362769998861,13.427277007183127,0.014385330156445749
213,231.22358430917959,210.29219656427242,1672152.5166931152,1091.548095703125,1531.9091511180657,1698194.9320515632,5.434676201136227,0.06202055607424106,1.0661214448524206,60428.88671875,247.0,132.80674243326547,11.587581085315175,False,True,science_V_004.fits,1808800.785865951,1122.5948602700623,1611.2676530790534,-11.198098719101823,0.0006738172878511406,13.228250978669895,0.014382008690435369
214,241.2551882077687,222.27568727805914,1018976.3367614746,873.0538940429688,1167.1402461109967,1012827.1812142824,5.194597446845423,0.0023204290449421183,1.002325825959051,55765.69140625,265.0,132.80389794825905,11.59090988457802,False,False,science_V_004.fits,1007899.6292892525,852.3141536447991,1182.54475181377,-10.563165087707002,0.0009181047891293493,13.863184610064716,0.014395522242634119
215,256.0159417679273,224.5436300310488,51891.17007446289,260.1175537109375,199.4912274629813,52611.070061515886,4.657643801032483,0.01865858488557748,1.0190133470351925,3539.5244140625,105.0,132.79971238269937,11.59153989461009,False,False,science_V_004.fits,51270.89212275247,298.7286751904785,171.63029993709372,-7.329299059811665,0.006325806109981355,17.097050637960052,0.01569725986200868
216,483.607251155075,221.64959103283402,1597741.756439209,1081.735107421875,1477.017566941268,1587935.610076616,5.42683630716869,0.007173701235624552,1.0072255350654515,60981.27734375,306.0,132.73517657280826,11.590728777465177,False,True,science_V_004.fits,1577387.9191293414,1054.1836621052842,1496.312242194286,-11.049468149880532,0.0007255838516751434,13.376881547891186,0.014384526970330417
217,471.17820822398346,226.47216218075303,406126.808013916,577.8006591796875,702.8839471912346,405888.47761745675,5.0328819822050175,0.01265820536915907,1.0128204897614932,25787.796875,184.0,132.7387006563134,11.592069143248658,False,False,science_V_004.fits,407318.46802338044,575.4404587135841,707.8377299607229,-9.579457128195333,0.0015338261215042102,14.846892569576385,0.014447863745390184
218,412.2922836472328,237.84950734152483,83856.83676147461,364.1230773925781,230.29805570676487,84986.436225015,4.803450664227347,0.021633763842770937,1.022112132495233,5520.7646484375,124.0,132.75539792192487,11.59523255351111,False,False,science_V_004.fits,84231.17428792325,448.3315990148807,187.87695195476843,-7.868304012395946,0.005778782275866299,16.55804568537577,0.015484911004788432
219,400.46020526460813,242.84940232258813,226452.6828918457,519.9573364257812,435.52166115877003,229272.02792021475,4.933225743216349,0.03755691224628066,1.039022475951213,14524.814453125,145.0,132.75875287546785,11.596621907779932,False,False,science_V_004.fits,258480.579602887,549.0371570394689,470.788864266805,-9.085691671163797,0.002306129312745837,15.34065802660792,0.014550133217309627
220,400.87024675601737,253.79706529838109,1335327.0803527832,991.100341796875,1347.3177477992003,1329111.575079789,5.284622419051647,0.01827701136746618,1.018617279598316,58363.4609375,271.0,132.75863615097177,11.599662907970414,False,True,science_V_004.fits,1322190.8925876115,971.0102925281174,1361.665167467136,-10.8578572774454,0.000797332579212212,13.568492420326319,0.014388324554173241
221,386.7124227089997,261.316384368128,118545.9992980957,353.6565246582031,335.2009394218482,119239.75377120527,4.844337144320656,0.008568059921111093,1.0086421060031912,7635.5302734375,136.0,132.76265059351252,11.601752150448775,False,False,science_V_004.fits,115780.30480722853,370.46297612107816,312.5286797064118,-8.21370859546824,0.00347392118067341,16.212641102303476,0.014780266323848254
222,129.53735969206303,244.12549276461084,1036653.512878418,870.2857055664062,1191.1645868108737,1049539.862435136,5.095458401145596,0.04420473138123526,1.046249163217889,57278.3515625,223.0,132.8355774673814,11.596977125897864,False,True,science_V_004.fits,1141061.3575150154,901.2495620692359,1266.0881131472402,-10.697894369209433,0.0008575232550767486,13.728455328562285,0.014391785517000622
223,138.4609795701373,248.25494364428877,1617894.086090088,1064.3175048828125,1520.1235333137054,1640382.731943795,5.1202207930916765,0.1581891463075361,1.1879153085442717,56919.0,181.0,132.83304716401352,11.598124493802704,False,True,science_V_004.fits,2582652.4961132607,1331.933643926573,1939.0248965402945,-11.584786810134942,0.0005599206085167656,12.841562887636776,0.014377122637099301
224,143.15154384882575,252.57807225110952,1299466.655090332,964.1445922851562,1347.7922974295961,1328700.0677119908,4.957914667840713,0.17014086922344918,1.2050237961040902,57198.1484375,210.0,132.83171720830714,11.599325510720622,False,True,science_V_004.fits,2348557.3795019803,1272.3062285373676,1845.9057472365453,-11.481624812161144,0.0005881665418862105,12.944724885610574,0.014378250384359907
225,171.71144812027148,250.3378444213273,75942.92379760742,293.7459411621094,258.53267451854543,76797.91313803502,4.825121632825799,0.005853248956062429,1.005887711195471,5033.42333984375,117.0,132.8236184559755,11.598703995528874,False,False,science_V_004.fits,78308.98704260186,324.8421011203298,241.0678504187923,-7.789150889627608,0.004503711291712605,16.63719880814411,0.015055615551462884
226,178.3941259342871,262.4680806395705,1531999.7761535645,1044.101806640625,1467.2896516506762,1570199.3160673876,5.272639990809914,0.11575178224124949,1.1309041736432768,57089.26171875,224.0,132.82172372291697,11.602073653019794,False,True,science_V_004.fits,2091441.9542615267,1203.7985159831733,1737.3687759976945,-11.355736413301509,0.0006249105054720063,13.070613284470209,0.014379800324559471
227,171.32688889190982,267.37428870491107,1918695.7695922852,1168.727294921875,1641.6967225194674,1945898.3437839383,5.988981303257895,0.16986383942075822,1.2046216602614117,57005.09765625,283.0,132.82372790704457,11.603436331879497,False,True,science_V_004.fits,2257673.0053415233,1250.1139823601077,1805.9737249552484,-11.438774474590335,0.0006011715369928228,12.987575223181382,0.01437878824697136
228,153.4177710169155,273.9347792030259,1198846.7092590332,942.6575317382812,1271.7733311357874,1189930.4906408675,5.271573824374022,0.008932686715321325,1.0090131987964732,56752.140625,293.0,132.82880663827436,11.605258231391998,False,True,science_V_004.fits,1179067.7816460466,917.837978413398,1284.6142885525594,-10.733468804820811,0.0008451564097292689,13.692880892950907,0.014391053943032035
229,137.6474225248789,280.53540271533933,623778.3270874023,695.7793579101562,896.517437598298,621355.8722859803,5.2258811464664445,0.1008478595232235,1.1121588382915364,55645.80078125,225.0,132.8332789315054,11.607091260143225,False,False,science_V_004.fits,618850.5509663654,681.8160617470753,907.6502970326512,-10.033586328872723,0.0011961655315372455,14.392763368898995,0.014415927171472156
230,102.00079959408889,273.8731002951856,933474.1289978027,829.0960083007812,1125.893888828319,938084.6170272804,5.054764914254508,0.03153935518484008,1.0325664809960964,56892.27734375,219.0,132.8433871953578,11.605239288260046,False,True,science_V_004.fits,1018723.71107159,854.4192572151532,1192.29956776953,-10.57476291053648,0.0009105933016742186,13.851586787235238,0.014395045133496643
231,110.22933302932394,273.50887223049693,360577.9546203613,534.3114624023438,674.8460027399548,373034.6434179464,4.86736128673396,0.05773010078558438,1.0612670539870952,22794.46875,151.0,132.841053775848,11.605138452647909,False,False,science_V_004.fits,617761.2104956107,680.6192856072807,907.6457625563974,-10.031673462229856,0.001196171507419492,14.394676235541862,0.014415927667323863
232,283.1985546619844,274.5920876240738,494278.45877075195,632.5482788085938,781.4082740083123,491933.8812879852,5.064060310706814,0.003751783981529533,1.0037659128731227,31896.583984375,218.0,132.79200405499708,11.605442134046868,False,False,science_V_004.fits,490088.09915896517,618.5664447801545,792.2966130714511,-9.780307265640033,0.0013703201327481746,14.646042432131685,0.014431421326417103
233,274.5395240776033,292.2559396822541,1234330.6290893555,957.1759033203125,1289.5546417410123,1226168.4704377232,5.263416280288821,0.0013947366974746966,1.0013966847048874,57176.80078125,288.0,132.79445944341407,11.610348816662139,False,True,science_V_004.fits,1220501.0296063602,932.6633659513869,1308.619030362962,-10.770967249343968,0.0008296532258887199,13.65538244842775,0.014390151795918588
234,467.6804247156147,277.0217207240911,290822.3747253418,487.4710388183594,596.5941595839246,299038.66921488027,4.441902581084037,0.1948259295137016,1.2419674659866198,58283.78515625,126.0,132.7396894582552,11.606110886626592,False,True,science_V_004.fits,859618.9587174997,796.1428988318777,1079.7294806984473,-10.39038683703984,0.0010055296436823145,14.035962860731878,0.014401362230659824
235,497.7117316113769,284.0201681517348,675205.2865600586,731.5653076171875,922.9596859360355,670749.0736981443,5.126573268798485,0.009231628905672418,1.0093176459554072,45077.36328125,244.0,132.73117283689868,11.608053007056059,False,False,science_V_004.fits,666648.0410866466,710.9837137859842,937.6417886378151,-10.114363392278099,0.0011579048770610795,14.311986305493619,0.014412802917499192
236,464.82777809990654,284.6647498641291,1876862.7626953125,1164.021484375,1612.3952932905354,1874004.5705783982,5.572981388604611,0.02442888182777747,1.0250405955780508,60465.88671875,298.0,132.74049794640905,11.608234115779457,False,True,science_V_004.fits,1925428.712846443,1159.7088759542903,1660.269014723255,-11.26594048383904,0.0006539301705759847,13.160409213932677,0.014381090671515181
237,481.8986775177409,289.01821120565177,306098.6777038574,520.9351806640625,587.5945589116441,305313.48995570163,5.121791552254497,0.01690458517372939,1.0171952639782342,20694.154296875,193.0,132.73565674197818,11.609442378585722,False,False,science_V_004.fits,289030.4592225058,512.5305878427502,563.928214390169,-9.206980906323333,0.001925245044130438,15.219368791448385,0.014494644276914843
238,476.9207274561039,300.415299737484,257476.58264160156,486.530517578125,529.2095219910991,261724.9055088301,4.794936787238008,0.14601342418637542,1.170978594186054,18162.791015625,139.0,132.7370676695995,11.612608543551328,False,False,science_V_004.fits,579344.8217435172,685.0704728651796,845.6718610576156,-9.961964697890208,0.0012838312943772305,14.46438499988151,0.014423465846556219
239,473.09096439361343,308.24664467496024,1634721.5740356445,1088.309326171875,1502.074396243367,1637004.0844681726,5.442557681774263,0.025369026190361854,1.0260293658544417,60242.984375,267.0,132.7381532398064,11.614784148932197,False,True,science_V_004.fits,1666567.0130931835,1084.1435452318483,1537.219882388159,-11.109178827645298,0.00070627501793257,13.31717087012642,0.014383565922096895
240,462.8421500331655,320.2777086087172,1102731.185333252,910.4168701171875,1211.237644565297,1095457.5313532946,5.201478780014521,0.004634742087853749,1.004656322943776,59477.57421875,267.0,132.74105893719593,11.618126713251238,False,True,science_V_004.fits,1087082.503700955,887.5707311051164,1224.7840826695876,-10.645278138907825,0.0008864419576988343,13.781071558863893,0.014393537563042671
241,446.9889872372649,325.5107860083408,458870.10147094727,647.7897338867188,708.3627255370976,456719.3312708394,5.074351623675805,0.009021035560247914,1.0091031554492662,29369.59765625,213.0,132.7455544165783,11.619581222570606,False,False,science_V_004.fits,453823.6521850792,603.0255734549083,752.5777880115297,-9.69683969031834,0.0014426415678154014,14.729510007453378,0.014438468025643867
242,67.80423845249496,288.195183456378,665323.7909545898,716.702392578125,928.3125015967704,661672.0587808002,5.087270206820155,0.003694267410226937,1.0037079656268002,44558.62890625,238.0,132.85308523295637,11.609216034201138,False,False,science_V_004.fits,659930.4644882529,700.3838325099485,942.2411452921123,-10.103367317138026,0.0011522528021883538,14.322982380633691,0.014412349938663796
243,77.10273657292488,306.7642152337045,1475492.180053711,1037.31689453125,1422.4121749414549,1465633.5704162926,5.384800448394545,0.002944568446036855,1.0029532645356012,58316.0390625,311.0,132.8504493087558,11.614374565974515,False,True,science_V_004.fits,1458603.5406753812,1011.5348581578123,1441.9706141731604,-10.964465032673116,0.0007529279649173369,13.461884665098601,0.014385932182333753
244,371.3989870579672,287.01858956105764,174901.9276123047,409.5751953125,427.03251958131165,175681.7009604242,4.923063839765801,0.01212096068781121,1.012269681008973,11434.7880859375,151.0,132.76699219994262,11.608892175873008,False,False,science_V_004.fits,175564.7703654552,419.40773624418927,418.6016498828652,-8.665715306000447,0.0025936352623163452,15.760634391771271,0.014598461840491354
245,366.83278797613195,298.1324098256033,291421.5797729492,503.2486572265625,579.0806902078851,291613.5554079788,4.986506202677525,0.004987612765469884,1.0050126137417565,19778.193359375,174.0,132.76828672533898,11.611979491751663,False,False,science_V_004.fits,290317.8658671548,502.3487068372217,577.9209977367927,-9.2118062807814,0.0018786304776115253,15.214543416990319,0.014488526381442742
246,35.60253048322698,313.17324037841286,528639.4745483398,651.4432983398438,811.489619887931,528138.2307572835,5.970769522685689,0.25726091314280386,1.3463678129979262,28721.021484375,244.0,132.86221849798073,11.616152567725083,False,False,science_V_004.fits,519435.18187545455,629.4514434097314,825.2188271452362,-9.843450277786808,0.0013156510301102473,14.58289941998491,0.01442633293208574
247,49.41388205948062,314.23106936335137,426746.55267333984,587.1906127929688,726.7598346702484,425172.0244692913,5.084104805478076,0.021445986101638392,1.021915996252677,27223.09375,204.0,132.85830185727602,11.616447221386398,False,False,science_V_004.fits,424209.02236683795,577.2405660994564,734.8912174231157,-9.623571626915998,0.0014773615118261853,14.80277807085572,0.0144419784403307
248,216.4997470741584,321.8832809673216,83497.7387084961,316.4385070800781,263.86718695827403,84146.70249183841,5.070031826344788,0.13073590837538618,1.1503983767821893,5264.10400390625,140.0,132.81091869273376,11.618578480751086,False,False,science_V_004.fits,82323.95367297652,331.3070871775179,248.48232005633633,-7.843437423018813,0.004369324947359829,16.582912274752903,0.015015962997089877
249,223.049699310709,333.52471388014783,36985.24743652344,231.87782287597656,159.50316842635516,37969.762770465124,4.521043203874663,0.010718964448347412,1.0108351055596352,2598.37548828125,91.0,132.80906130669067,11.621812275558753,False,False,science_V_004.fits,36675.93615119107,469.89345526759763,78.05160029374031,-6.965574894037964,0.013910028697862235,17.460774803733752,0.01999692582897937
250,414.5896412430671,323.66163542069955,1111171.047454834,910.560791015625,1220.3150612442378,1105008.7074505305,5.189659969301492,0.007290864916283946,1.007344412032301,58709.28125,254.0,132.7547426077476,11.619069147024627,False,True,science_V_004.fits,1100170.7388773751,891.058856707828,1234.6779683467234,-10.658272098750398,0.000879338603128871,13.76807759902132,0.014393101841274661
251,403.7492328523345,331.7372371878843,467413.2340698242,616.70556640625,757.9195965322606,466550.03376481775,5.05647838614893,0.005056840546144525,1.0050825421513732,30878.18359375,198.0,132.75781648742756,11.62131283163223,False,False,science_V_004.fits,465566.0510782947,608.7346041878558,764.8095703371921,-9.724575134508726,0.001419569056283295,14.701774563262992,0.014436180954113469
252,417.95542119688207,338.0298244667045,93519.29238891602,325.5787048339844,287.240200296891,94339.33390207223,4.806410002171947,0.017667265187637393,1.0179850111490096,6529.486328125,125.0,132.75378744936248,11.623060158502637,False,False,science_V_004.fits,92218.66709138226,350.56799958864184,263.05500558976314,-7.966668975867098,0.004127273676339617,16.45968072190462,0.014947325253494598
253,317.1089759685963,338.86460084770914,1773028.4344787598,1137.4852294921875,1558.7265561859651,1762280.5697752046,5.592687988583963,0.0022162218461950767,1.0022211443949267,58034.23046875,335.0,132.7823867762045,11.623295184349026,False,True,science_V_004.fits,1749104.0887455428,1106.1259678962456,1581.2883337981705,-11.161661011549356,0.0006865920507945609,13.264688686222362,0.014382612866880818
254,246.57520767911015,348.94880003725285,678683.2700195312,716.3469848632812,947.4225261785134,688677.6583753852,5.01237965834972,0.04425039440484779,1.0462991500554089,44473.84765625,187.0,132.80238970269463,11.626096874721764,False,False,science_V_004.fits,735004.1879523767,739.8732486587488,993.419061014574,-10.220346408143984,0.0010928922572626904,14.206003289627734,0.014407725626216518
255,273.2445352222395,354.2957994143111,1723574.1502685547,1118.456787109375,1541.0288266237726,1713686.7994193193,5.567322336912939,0.005707311069093723,1.0057400714423743,57178.7890625,310.0,132.79482635705412,11.627582115713034,False,True,science_V_004.fits,1698252.3918306024,1090.9903569151859,1556.615400921115,-11.129627461357378,0.0006974747900846578,13.29672223641434,0.014383136490945048
256,255.46669891264256,352.9287271720344,925709.1021728516,838.0684814453125,1104.5745337855878,934397.425453921,5.955374584792364,0.25887967752001784,1.3493085665951499,53374.1484375,261.0,132.79986810965468,11.627202419600707,False,False,science_V_004.fits,944633.6638453408,829.3925783865147,1138.9463668495973,-10.492780420138999,0.0009532494519501561,13.933569277632719,0.014397806386807495
257,234.90323701101107,356.32944943375463,574103.1552734375,693.3666381835938,827.9936236583437,572277.099225737,5.085295923547048,0.00299342861092311,1.0030024161292663,37874.51171875,217.0,132.80569987027206,11.628147008519928,False,False,science_V_004.fits,570144.8317181447,669.6290252339624,851.4338689529493,-9.944584853688099,0.0012751430728673498,14.481764844083619,0.014422695104959856
258,301.71483897646965,357.3972367169447,691194.6795349121,721.3735961914062,958.1646503062657,710187.2102601978,4.953261837719859,0.07772236528687715,1.0842721999987053,44330.87109375,179.0,132.7867522054062,11.628443369596395,False,False,science_V_004.fits,1003625.1646947884,853.3416382515649,1176.111793573256,-10.55855072951906,0.0009231265309409345,13.867798968252657,0.014395843387119715
259,286.6060722856414,362.0186285848431,1781513.9941101074,1135.6778564453125,1568.6789911412652,1771851.1768653647,5.625142308171102,0.019546252324474378,1.0199359249437465,56855.87109375,308.0,132.79103698782905,11.629727253184834,False,True,science_V_004.fits,1754020.8898105973,1108.0993013999691,1582.9094807609506,-11.16470877745324,0.000685888873113624,13.261640920318477,0.014382579315985449
260,309.0527859960912,358.61468555009697,704563.4748840332,728.90185546875,966.6095230762377,716497.8608422215,4.9079611416167275,0.0977751061147758,1.1083711021248037,46068.2421875,184.0,132.78467115607504,11.628781447270628,False,False,science_V_004.fits,1011008.824455127,855.9110836441585,1181.2077723665159,-10.566509239762809,0.0009191439689097468,13.85984045800891,0.014395588555871364
261,467.67058955748746,346.31325810708955,1147968.830291748,916.06494140625,1253.152236706606,1156197.6768379146,5.0307425695321815,0.0971615471376629,1.1076178654438391,59916.25,209.0,132.7396880881852,11.625358524182424,False,True,science_V_004.fits,1692365.8127839167,1090.573529938787,1551.8126621676834,-11.125857483123948,0.0006996334199795846,13.30049221464777,0.014383241329989
262,464.92948157673305,352.2175189523036,794766.3262939453,769.7457275390625,1032.5050180335209,837427.9991368132,4.774878578871396,0.17457056326666542,1.2114905956801523,55539.76953125,177.0,132.74046510306576,11.626998755883424,False,False,science_V_004.fits,1534679.6507853863,1041.140652076779,1474.0368150298789,-11.019666210518926,0.0007365487679342614,13.406683487252792,0.014385084230615297
263,18.266481411168364,381.95569759071935,1250526.3554382324,954.0202026367188,1310.7965135141067,1245354.106863406,5.180106304502147,0.006937469387042872,1.0069859340909386,62727.5546875,254.0,132.86713934909372,11.635257694166583,False,True,science_V_004.fits,1243701.7179557404,937.9811725837068,1325.9346288688441,-10.79141245961649,0.0008188186478893093,13.634937238155228,0.014389531201970503
264,12.107143753164149,393.67069821901754,1052623.1590881348,879.8768920898438,1196.330041794815,1047798.8462591755,5.116331561281597,0.007704257428826744,1.0077640738524827,62292.83203125,240.0,132.86888697156527,11.63851144770622,False,True,science_V_004.fits,1048175.8807389843,866.1213140698006,1210.1952275181072,-10.605707279194394,0.0008971279801082802,13.820642418577323,0.014394199625093593
265,368.97838416123926,397.0366947572317,1415081.9300231934,1015.4555053710938,1393.5440031969279,1414379.3487376394,5.2799332163813535,0.030929503545214287,1.0319166703128055,58683.6484375,252.0,132.76767509168204,11.639452826761472,False,True,science_V_004.fits,1433473.5391619785,1007.5856898542584,1422.6815184019956,-10.945596075562456,0.0007631363632385521,13.480753622209262,0.014386470079322738
266,361.3565133825117,404.3158657375796,917703.8715820312,829.2327880859375,1106.6902862105894,918090.1737910518,5.06672874260141,0.03817683866255206,1.0396921598451279,57095.51953125,218.0,132.7698365090227,11.641475050343622,False,True,science_V_004.fits,964227.0271958511,838.2332809649735,1150.3086898265763,-10.51507012542193,0.0009438336071021799,13.911279572349788,0.014397186048400115
267,253.29522694327784,422.17565946960303,575011.6424560547,662.0087890625,868.5861154054377,583259.3695639666,4.81989383122082,0.11640381831439206,1.1317387068064648,37226.71484375,166.0,132.80048396646708,11.646437670074747,False,False,science_V_004.fits,973546.4170925164,840.7662252088061,1157.9275997328914,-10.525513531032253,0.0009376233887597526,13.900836166739465,0.014396780259957458
268,255.02540476560065,429.7575027574169,1103625.1137390137,884.2533569335938,1248.0869934903674,1132163.6799689746,4.977742005845901,0.04290274147634465,1.0448258952726739,58135.0859375,139.0,132.79999325891242,11.648543736610785,False,True,science_V_004.fits,1591745.6158631817,1058.6567015794,1503.5522029837161,-11.059306029947024,0.0007220899931811403,13.367043667824694,0.014384351156468746
269,264.0073884323531,428.34205035219924,125790.74060058594,343.828369140625,365.85329161462477,129808.50491055864,4.590395909044397,0.09398020915750027,1.1037286493158267,8275.21875,103.0,132.79744580180844,11.648150544405157,False,False,science_V_004.fits,267556.72310548107,487.273887670003,549.0889823480112,-9.123161544795805,0.0019772751501174472,15.303188152975913,0.014501646846259337
270,251.82672120115666,436.1576761529548,464590.43145751953,604.7002563476562,768.2987175557201,488627.0248056607,4.760904563865661,0.17190968697505082,1.2075977514422047,33253.5859375,165.0,132.8009004718942,11.650321559832557,False,False,science_V_004.fits,999096.3289139726,852.7076989366567,1171.6750419397706,-10.553640282040615,0.0009266221103443202,13.872709415731103,0.014396067962111403
271,248.20131679200364,453.5506607586572,668543.8463134766,726.3196411132812,920.454037686152,664251.4241726305,5.126147861266351,0.008301559882789022,1.0083710526778764,42503.43359375,247.0,132.80192874518974,11.655152935327246,False,False,science_V_004.fits,660380.6010670881,705.9083372600634,935.5047478689822,-10.104107642069648,0.0011605499624380879,14.32224205570207,0.014413015661188551
272,288.47860216072274,424.8971645577078,485586.0055541992,633.802734375,766.1469085220042,495048.94340378843,4.755069913016737,0.18444048998209006,1.2261520927860183,35660.65625,152.0,132.79050534448174,11.647193488042516,False,False,science_V_004.fits,1022041.84140235,875.2135213742506,1167.7628560828805,-10.578293563435349,0.0009297264374736576,13.84805613433637,0.014396268109579263
273,293.7943971371726,429.4071109326421,987006.5278930664,853.1604614257812,1156.8826410961483,1003903.3890812935,5.026711313331444,0.0594412712872312,1.0631978306857897,58484.13671875,206.0,132.78899764228518,11.648446196704294,False,True,science_V_004.fits,1266324.6956238546,962.4273588590389,1315.7613236650786,-10.810984565253916,0.0008251496532636799,13.615365132517802,0.014389892848267933
274,328.4336570534368,428.41787244752913,645394.9088745117,699.66455078125,922.4347698534384,648204.3182966795,4.896889101772511,0.06821509281309068,1.0732090553162472,38649.22265625,172.0,132.7791733167508,11.648170868815729,False,False,science_V_004.fits,912846.110299586,817.6191446417226,1116.4686104550444,-10.455615797392346,0.0009724411325433468,13.970733900379372,0.014399089762572271
275,349.7547689229183,434.5745009400162,1094749.546447754,907.8438110351562,1205.8787350210396,1087520.6633221197,5.173611092284581,0.0034888247679526474,1.0035010392805082,59777.54296875,271.0,132.77312608998983,11.649880544191344,False,True,science_V_004.fits,1083375.1402538582,884.6073299777953,1224.6960923114352,-10.641569038530212,0.0008865056456176812,13.784780659241505,0.014393541485474082
276,330.13384564840203,436.72891384713824,1206501.2941589355,942.12353515625,1280.6189943645118,1207382.3431432315,5.1409817999905485,0.061571307019235855,1.0656110661148528,59167.1484375,241.0,132.7786909354874,11.650479454493535,False,True,science_V_004.fits,1337444.5062447253,975.4771221641126,1371.0670151623667,-10.870311301929785,0.0007918650131565069,13.556038395841933,0.014388022603311852
277,123.89549914859275,440.7389409769517,227167.39254760742,442.6200256347656,513.2334268469315,231924.84204835154,4.89277066369394,0.04609949906775568,1.0483273664524788,14782.0712890625,142.0,132.83718458522873,11.651591747156875,False,False,science_V_004.fits,310438.5366264929,510.7676882307492,607.7881271264879,-9.28456094292096,0.0017863132752082424,15.141788754850758,0.014476845628504043
278,119.1953455820601,446.0525427824421,151275.04321289062,371.1000671386719,407.63949297902576,155352.24854644484,4.627328065729923,0.15667042427743383,1.185776034408847,10101.4140625,118.0,132.83851785551684,11.653067571902819,False,False,science_V_004.fits,267838.5536364566,481.8835449030397,555.8159361726051,-9.124304601720818,0.0019533444965184354,15.3020450960509,0.014498403324381284
279,11.864527559320566,452.1586981043738,1526533.621887207,1041.5277099609375,1465.6677948054398,1552508.9040097564,5.532692358058582,0.2529468983703076,1.3385929297643036,65303.71875,220.0,132.86895979394356,11.654758075348296,False,True,science_V_004.fits,2056457.0721370294,1193.0260025601738,1723.7319787866954,-11.33742099450533,0.000629854300646093,13.088928703266388,0.014380016017876815
280,15.91493969641592,459.03347285639063,1691055.9166870117,1086.0933837890625,1557.0078429051944,1692069.0511658515,5.108717678830129,0.13683480966771178,1.1585267932491985,65481.35546875,171.0,132.86781146038885,11.656668003136913,False,True,science_V_004.fits,2446363.2308231974,1297.77006113836,1885.051369329117,-11.525924225569216,0.0005759524741155446,12.900425472202501,0.014377755926666414
281,20.719269939634497,466.17233027357,1412046.844177246,1004.619140625,1405.5543907901003,1425122.7968275375,5.151492225489712,0.06578840893996685,1.0704213152240147,65996.6796875,222.0,132.86644929566907,11.65865133166132,False,True,science_V_004.fits,1762713.750533509,1108.818757265615,1589.722160617504,-11.17007635493502,0.000682949528475011,13.256273342836698,0.014382439441652297
282,24.184387854499477,482.10650713120293,1911237.0920410156,1170.621826171875,1632.6682531548843,1899779.3344359847,5.495737992204667,0.023114402376653187,1.0236613196395645,65655.34375,314.0,132.86546752662457,11.663077707926982,False,True,science_V_004.fits,1888067.0544573702,1145.1051573182845,1648.8154318325,-11.244665409411716,0.0006584727308097479,13.181684288360001,0.014381297944607485
283,92.60108418076825,464.92652372389006,694979.9692077637,731.9161987304688,949.5348926738169,691204.7447069031,5.108453056889153,0.003653945467351538,1.0036673457487273,45270.4921875,234.0,132.84606147534606,11.658309236433038,False,False,science_V_004.fits,688549.1281317644,715.8993160662528,961.7960412579059,-10.1494592058041,0.0011288256069135446,14.276890491967619,0.0144104958792255
284,105.56500100259794,472.50825975371976,370151.7621154785,551.3487548828125,671.3568477980025,373667.28238061594,5.0698100671650765,0.030258690850804792,1.0312028481877835,22476.787109375,184.0,132.84238485631573,11.66041583303273,False,False,science_V_004.fits,367915.6531265935,553.3180660681263,664.9261531274392,-9.46899253770602,0.0016328128994377452,14.957357160065698,0.014458707487148417
285,116.87967925672872,476.23182889233675,1168147.607421875,929.44970703125,1256.8163705737759,1160846.2715280359,5.229907832774843,0.01252316154499622,1.0126819800296176,61500.90625,272.0,132.8391758095089,11.661450608499106,False,True,science_V_004.fits,1145352.588998345,908.6072999727398,1260.5584272024978,-10.701969878687688,0.0008612849484568888,13.72437981908403,0.014392010144409634
286,131.48572988244888,489.0964233075523,1870838.8776245117,1166.23681640625,1604.1672251348466,1856986.1537097956,5.5834795169720195,0.0014846746493769603,1.0014868821856646,62478.35546875,358.0,132.83503351559804,11.665024632999573,False,True,science_V_004.fits,1841749.9744896446,1132.7614889572442,1625.8938818489098,-11.2176985553195,0.0006677557570764581,13.208651142452219,0.014381725973799534
287,105.24203149117353,491.70569680663556,1595068.968597412,1079.8551025390625,1477.113887638191,1583074.3198973718,5.426172260051959,0.003029549259377262,1.0030387553183013,62478.37109375,330.0,132.84247727212502,11.665748433075303,False,True,science_V_004.fits,1571017.5681319644,1050.2220270998123,1495.890895061808,-11.045074478111399,0.0007257882266574934,13.381275219660319,0.014384537280854953
288,400.0641064501032,481.60249290801073,56097.26934814453,270.22607421875,207.59384345247668,58239.504547406636,4.708211603906004,0.06545638522192343,1.070041017012852,3779.149169921875,100.0,132.7588554196091,11.662942184201365,False,False,science_V_004.fits,71634.65096555879,331.21157092765094,216.28064129802544,-7.692429746950165,0.005019866750366956,16.73391995082155,0.01521798956583264
289,410.1769116959302,488.17409790579404,1585984.8184204102,1079.5189208984375,1469.1588889432921,1575829.4050496505,5.4045833080104675,0.0005063467144679201,1.0005066032313497,62606.1796875,302.0,132.7559868021406,11.664767205215043,False,True,science_V_004.fits,1566800.9292338202,1051.6957079957806,1489.7854173234928,-11.04215642515598,0.0007287626710365703,13.384193272615738,0.014384687666579618
