id,x,y,flux,flux_err,snr,kron_flux,fwhm,ellipticity,elongation,peak,area,ra,dec,flag_edge,flag_saturated,frame,flux_aper,flux_aper_err,snr_aper,mag_inst,mag_inst_err,mag_calib,mag_calib_err
1,78.27677557716201,13.890097645526211,17589.213409423828,171.2232208251953,102.72679911436168,18085.74925083843,4.113920075489702,0.042253932504647373,1.0441180955356442,1301.3212890625,64.0,132.85010168872066,11.53302093640552,False,False,science_V_000.fits,18816.925995871068,242.6927934364346,77.5339297448053,-6.240993566286546,0.014002901743449175,18.185535834375212,0.019284329051317262
2,380.93940738088236,15.742367005563896,95096.36059570312,319.7866516113281,297.3743904460533,95811.73740916925,4.709595307086826,0.016920112549415944,1.0172113301934136,6513.12890625,122.0,132.76429630264641,11.53353756674736,False,False,science_V_000.fits,97299.8917037722,343.9638100262904,282.8782821551349,-8.024902766271886,0.003838046497343282,16.401626634389874,0.01380343039387514
3,177.82583525617395,23.13997431148498,1376553.9133300781,1000.3888549804688,1376.0188415503223,1368343.6811809856,5.262196175954124,0.0001938906588722089,1.0001939282597503,61284.71875,285.0,132.82187958497678,11.53559381581964,False,True,science_V_000.fits,1365015.8263257544,979.2779509288554,1393.90029667371,-10.892466090845645,0.0007788935855676522,13.534063309816117,0.013281971425222439
4,479.84669029047956,18.3857997651641,17596.857147216797,180.7801513671875,97.33843574162819,18521.797514706595,4.148249200989644,0.007957934779997733,1.0080217715145303,1219.1785888671875,64.0,132.73625573292628,11.534267084876454,False,False,science_V_000.fits,17946.20353205098,261.5476577471905,68.61542438050662,-6.189553346233899,0.01582297289278944,18.23697605442786,0.020643898878088325
5,271.69591472990174,21.96931267450679,367525.18951416016,575.1260986328125,639.0341011959631,366935.3929672439,5.095816574268629,0.0466644904642467,1.0489486544846849,23933.681640625,193.0,132.79526702976426,11.53526941265255,False,False,science_V_000.fits,366008.2149997295,568.5272030636726,643.7831171971874,-9.463348956987385,0.0016864375144330726,14.963180443674377,0.01336593285980721
6,499.6265437459458,25.303216739006174,1064601.6170959473,896.58642578125,1187.394306319433,1055975.958025,5.223366830416143,0.02239718689744219,1.0229103134701112,64757.19140625,287.0,132.73064761817116,11.53618730968466,False,True,science_V_000.fits,1051335.6639273125,870.4197665894881,1207.849022141002,-10.608975366579486,0.0008988706204981781,13.817554034082276,0.013289546949207176
7,428.72622874612097,38.549467863038466,1008870.8640136719,882.8319091796875,1142.7666507332042,1003672.2696289525,5.297331673514369,0.08140028382222031,1.088613443253521,61821.87890625,263.0,132.75074752766747,11.53987089480857,False,True,science_V_000.fits,1000485.2033181158,862.4990713353031,1159.9840933963967,-10.555148549088127,0.0009359611103123879,13.871380851573635,0.013292107166390291
8,293.8963786641087,48.32015521776435,62554.59942626953,271.2822265625,230.5886390675791,63523.44956156764,4.607239453293953,0.00975373605706753,1.0098498084892846,4291.326171875,104.0,132.78897282333193,11.542588913066774,False,False,science_V_000.fits,62781.12517685635,307.7744459632535,203.98420336804716,-7.54919461142359,0.005322470966249675,16.87733478923817,0.014287504572505225
9,450.2303389986874,52.50263578697423,1413174.3800964355,1020.472412109375,1384.8236986390675,1403219.826507957,5.300390208330404,0.0014146859396203526,1.0014166901112014,63613.171875,304.0,132.74465016528285,11.543745678178995,False,True,science_V_000.fits,1397313.9179808055,993.8679180831994,1405.9352279684238,-10.917856836233188,0.0007722261868129134,13.508672564428574,0.013281582097264865
10,254.4268482053582,51.01638450003666,73484.92932128906,286.1443786621094,256.8106690226579,74319.01257909335,4.635748349035936,0.016194331763718872,1.016460905122402,4913.19287109375,109.0,132.80016288163975,11.543338072910013,False,False,science_V_000.fits,73121.1638701839,318.0248138967834,229.92282575131304,-7.714729612665222,0.004722019209933966,16.711799787996537,0.014074855421700514
11,487.86837641060276,58.37736068293236,59754.04217529297,274.49737548828125,217.68529505610508,60769.75605480517,4.688387550994506,0.018786477297265236,1.0191461663160921,3979.508056640625,108.0,132.73397893794012,11.545375327597334,False,False,science_V_000.fits,59471.824694749856,311.1255062765442,191.1505919475733,-7.490400032997339,0.00567981500312473,16.93612936766442,0.014424437188067607
12,205.9958614136773,79.00212762671771,190238.03866577148,414.69854736328125,458.73813611196596,190595.44994408748,4.886545355406584,0.008152830779468045,1.0082198457912372,13220.4677734375,152.0,132.81389403724359,11.551111553399982,False,False,science_V_000.fits,190485.97739595905,421.6489159266988,451.7644186925265,-8.754279400661764,0.0024032437152580045,15.672249999999998,0.013475150094812082
13,13.331194590335437,83.17270387786519,320126.6621398926,588.555419921875,543.9193172027644,319630.1827849348,4.949043707686367,0.006194532731463198,1.006233144146901,21206.216796875,179.0,132.86851856747293,11.552262338072468,False,False,science_V_000.fits,321019.257571367,586.3755918994231,547.4635404442777,-9.3209495890571,0.001983145761850977,15.105579811604661,0.013406601241013116
14,387.49877178490004,80.35860306000174,21521.329864501953,193.6896209716797,111.11245794450025,22386.52438503234,4.2837783346005684,0.004897348394284018,1.0049214504517514,1419.39208984375,72.0,132.76243429463224,11.55148626620443,False,False,science_V_000.fits,22770.928521845737,264.11267980830576,86.21671832784774,-6.448073724150573,0.01259268528258657,17.978455676511185,0.018286055133600012
15,27.478407583311395,101.96771175536944,218406.80212402344,434.1284484863281,503.092582127572,218607.84081117972,4.870977055014554,0.001987225592376962,1.0019911825212422,14226.712890625,156.0,132.86450874538187,11.557484080624745,False,False,science_V_000.fits,219718.4193781244,438.951204615085,500.5531755421308,-8.909288039316301,0.0021690003241396244,15.51724136134546,0.013435350837581605
16,322.4706683189881,105.15424223771731,584946.2877197266,679.4290771484375,860.9379659974886,581919.651869241,5.075422687151417,0.0038824189760173766,1.0038975509015977,37080.24609375,228.0,132.78087060805487,11.558375728727647,False,False,science_V_000.fits,579140.4907971695,664.0971121979114,872.0719909177628,-9.96158169863057,0.0012449660249464229,14.464947702031193,0.013317433315998163
17,308.76897890006916,115.46876934136591,9320.640106201172,146.790771484375,63.49609046910213,10028.84305711356,3.835729330095811,0.027516809016608246,1.0282954083646245,677.359130859375,49.0,132.78475525473868,11.561241102394968,False,False,science_V_000.fits,7639.172936748235,245.1583134155855,31.1601627141174,-5.26223772844814,0.03484256516761107,19.16429167221362,0.037280134618614395
18,339.0347996783128,122.94031915136605,1997946.2688598633,1211.107177734375,1649.6857632347887,1988810.2945901626,6.249168607292813,0.22719214977634794,1.2939827147338088,58246.2265625,366.0,132.776173803004,11.563315957320645,False,True,science_V_000.fits,1955998.2670408846,1167.5975918896459,1675.233214446158,-11.28304303823872,0.0006480888694407477,13.143486362423042,0.013274942896505429
19,274.4139177428078,127.61882809862172,781114.9278564453,773.6499633789062,1009.6490206564943,776297.3384046548,5.113522261717842,0.0008679522373559179,1.0008687062328743,48691.96875,252.0,132.79449588678753,11.564616463605098,False,False,science_V_000.fits,774712.2851483487,754.5260471760447,1026.7535336226692,-10.277472981363902,0.0010574105317849275,14.14905641929786,0.013301210725175233
20,365.76265426287466,135.35452088178886,199910.12957763672,429.0001525878906,465.99081229156553,200219.57007317495,4.89703658255272,0.00200416249976898,1.0020081872333144,13094.7294921875,157.0,132.768595205311,11.566763627584907,False,False,science_V_000.fits,199220.00809609995,434.38347254709913,458.6270442748003,-8.802954257570422,0.0023672829885484684,15.62357514309134,0.013468783110238946
21,497.39233198297296,138.83575607815735,233680.79251098633,504.4308166503906,463.2563768857625,233645.7154844011,4.995308153174374,0.011672946755690083,1.011810813755803,14957.583984375,172.0,132.73127326366364,11.567724230057712,False,False,science_V_000.fits,232303.33934062198,503.8115577523359,461.0917232169133,-8.969760506018682,0.002354629123301894,15.45676889464308,0.013466564819250989
22,461.6222830573015,139.52770651803337,69726.62008666992,400.71514892578125,174.0054506888243,70600.26638996779,4.731564905695688,0.013242913384107768,1.0134206417807696,4323.02880859375,116.0,132.74141533736636,11.567918651980314,False,False,science_V_000.fits,70324.2999914034,436.3845718610234,161.15212252233283,-7.6723854187616505,0.00673711263002162,16.75414398190011,0.014872551103034872
23,352.00539855822655,139.43999197972457,20463.054656982422,274.5989685058594,74.51977976583616,21556.71952968319,4.305622539651604,0.006130686510220751,1.006168503672474,1416.65234375,73.0,132.77249576774128,11.567898874079333,False,False,science_V_000.fits,20093.162675673775,328.2685097723339,61.209534504570996,-6.312242624882405,0.01773743271840962,18.114286775779355,0.022145442175826948
24,399.9385059771424,146.4333277110393,156658.3614807129,390.1366882324219,401.5473709752324,157214.41420479302,4.841965944505865,0.008908198815026691,1.0089882680942126,10316.8369140625,145.0,132.7589046767887,11.56983986787756,False,False,science_V_000.fits,157089.65622257936,401.3775361325265,391.37630305925154,-8.544990847249489,0.002774056557623605,15.881538553412273,0.013546197972408401
25,28.315412230043318,149.70435718353752,145383.97552490234,368.0638732910156,394.99659182783245,145943.20348002363,4.798037542243555,0.007470263711278791,1.0075264885656845,9620.7421875,138.0,132.86427448570853,11.57074429865553,False,False,science_V_000.fits,147827.56796038736,380.839437047699,388.1624474249824,-8.479010454056551,0.0027970248209284237,15.94751894660521,0.013550920174352611
26,329.33901814126176,162.1738319630092,630479.8593139648,702.3688354492188,897.6478275986215,627313.6919753822,5.072864779876556,0.0014711186726046321,1.0014732860512248,41501.49609375,228.0,132.77892204746064,11.574214362868666,False,False,science_V_000.fits,626859.9769852711,687.2007667167587,912.1933608721392,-10.047548230049518,0.001190208180162562,14.378981170612244,0.013312425971058498
27,498.8790720415078,165.06079554508173,91647.75958251953,322.7827453613281,283.9301694392852,92655.15005128217,4.805695618586061,0.016142805979392993,1.0164076718425203,6394.1005859375,127.0,132.73084991417625,11.575008856467345,False,False,science_V_000.fits,91258.39612253291,346.0339935359675,263.7266795380533,-7.955303953353661,0.004116762103484277,16.4712254473081,0.013883508920279168
28,452.0497000416918,168.8864076515846,340574.71893310547,538.0595703125,632.96842529035,339917.48014653474,4.987434416537278,0.0031211797256448515,1.0031309519895164,23450.95703125,185.0,132.74412788420324,11.576074373486652,False,False,science_V_000.fits,339251.4495640237,532.9838651919956,636.5135451929973,-9.380926154047275,0.0017056981869424397,15.045603246614487,0.01336837671625563
29,42.195234550771374,174.8304847687682,242714.74368286133,457.1259765625,530.958108108469,242656.47764346108,4.910468639306739,0.007300811815740604,1.0073545056776911,16697.955078125,167.0,132.86034051550823,11.577724614206307,False,False,science_V_000.fits,243675.3247477647,458.21999615555484,531.7867548168778,-9.021650757851596,0.0020416078252529324,15.404878642810166,0.013415373726994003
30,17.419045345556455,194.15622639567985,328475.5120239258,518.2191772460938,633.8544122768698,328109.4950011689,4.9298808173212345,0.0031323115383328215,1.0031421537427565,21680.83984375,175.0,132.86736701628436,11.5830913321051,False,False,science_V_000.fits,329801.12926740287,516.7840819500215,638.1797365409141,-9.350252219972557,0.0017012448654116666,15.076277180689205,0.013367809237675278
31,427.4407037859285,195.39999876109277,521523.6253051758,647.0167236328125,806.0435012822711,519453.7942235766,5.034370446992716,0.0011101274924327775,1.001111361245105,32340.873046875,210.0,132.7511043539619,11.583440510428957,False,False,science_V_000.fits,519162.19237940595,635.2956377781123,817.1977918739182,-9.842879518427019,0.001328564529659801,14.583649882234743,0.013325508374251884
32,264.44808865489745,197.2591615085135,150222.5424194336,382.0698547363281,393.1808295190007,150700.2793751076,4.845285755765747,0.0016341485743094353,1.0016368233869135,9731.642578125,146.0,132.7973213492605,11.583961036194902,False,False,science_V_000.fits,151409.8588082683,392.54951763660006,385.70894117983585,-8.505007260211105,0.002814816780443249,15.921522140450657,0.013554603765151227
33,186.13202994971016,203.37444691158046,816962.4615478516,806.8507690429688,1012.5322958009652,812483.1887082134,5.099473110375484,0.0034313921458262175,1.003443207139762,53215.03125,245.0,132.81952824602092,11.58565908407245,False,False,science_V_000.fits,811583.4615296696,775.9916445323124,1045.8662374113683,-10.327954845007044,0.0010380868615543271,14.098574555654718,0.013299688494657258
34,351.8945990359352,203.5079557367161,414879.599609375,584.00537109375,710.4037396648782,413695.4207496067,5.016488347782006,0.005434853715411303,1.0054645527602837,26551.404296875,197.0,132.77252543192174,11.585695528531819,False,False,science_V_000.fits,412550.4690629803,575.6803102107715,716.6311957272517,-9.593314587133428,0.0015150052167324506,14.833214813528334,0.01334538611391643
35,42.368562427955574,205.1302193379312,411654.3007507324,604.1763305664062,681.3479441751925,410479.0505846825,5.014525192927931,0.014682726313159922,1.0149015212716412,26936.158203125,196.0,132.86029318686732,11.586141211802396,False,False,science_V_000.fits,410983.84092073044,597.3298878582129,688.0349523348895,-9.58918374055028,0.0015779721601578663,14.837345660111481,0.01335268084921602
36,302.5011813784931,220.11441463507063,644907.2824707031,710.2589721679688,907.9889276191915,641481.8432069913,5.081279304402738,0.0009686763266353315,1.000969615570284,41056.11328125,232.0,132.78653096227262,11.590309418008005,False,False,science_V_000.fits,639529.9233924185,694.1724102859763,921.2839835120401,-10.06927404850202,0.0011784639909414112,14.357255352159742,0.013311381111692824
37,328.7407273715642,216.18083222624136,21308.507293701172,192.20077514648438,110.86587594384598,22311.201037565013,4.243118968454372,0.01792265250966263,1.018249736189785,1501.0863037109375,70.0,132.77909056512158,11.589216316991235,False,False,science_V_000.fits,21111.10389581908,265.1956276466162,79.60577662294823,-6.365899231744935,0.013638457484591911,18.060630168916827,0.019021346226852823
38,280.06530184243235,227.00964916155883,534101.3331298828,762.2412719726562,700.6985225919943,534237.9769601895,6.971783626790591,0.40767382081187964,1.6882589950197087,21072.662109375,271.0,132.79289282617918,11.592224985713356,False,False,science_V_000.fits,518999.34301561106,648.5573769197101,800.2365889053204,-9.842538894264756,0.001356723767761204,14.583990506397006,0.013328345325087998
39,360.3973039289336,226.65115225186918,17058.702026367188,179.49835205078125,95.03542417782849,17741.181521587143,4.112111600413279,0.021059025801970832,1.0215120485882438,1177.7142333984375,63.0,132.7701137590053,11.592123955668434,False,False,science_V_000.fits,16744.1358409666,261.085977538693,64.13265085630697,-6.1142787207082,0.01692897432904459,18.31225067995356,0.021503354658197815
40,42.78519502164667,233.75709949109208,1444280.694152832,1024.2216796875,1410.1250957639327,1435267.4337964589,5.324607445247437,0.0007589546865991448,1.0007595311363147,60282.16015625,300.0,132.86017676278783,11.594093142756444,False,True,science_V_000.fits,1430805.8482802326,1001.0832580974015,1429.257593418889,-10.9435736405838,0.0007596251403520104,13.482955760077962,0.013280855397023257
41,317.8315629389213,232.30769721576405,72528.99258422852,291.638427734375,248.69491015871236,73324.32725932982,4.686693983834735,0.006530913749395295,1.0065738469770038,4971.89990234375,113.0,132.78218366690734,11.593696207126895,False,False,science_V_000.fits,71555.95363820935,323.0648484646201,221.49099160209525,-7.691236309065599,0.004901779490655049,16.735293091596162,0.014136178122031195
42,203.87355434822607,237.06505349095366,1377662.5509643555,1005.0026245117188,1370.804928627618,1369159.7879582625,5.352623448723938,0.0012520982414468973,1.001253667956891,56442.78125,297.0,132.81449803371208,11.595017879192646,False,False,science_V_000.fits,1363693.4176087682,980.6013041940263,1390.670613812422,-10.891413734580782,0.0007807024821094283,13.53511566608098,0.013282077626951244
43,339.666939373906,238.75176359252495,640152.8130187988,707.8806762695312,904.3230511565137,636977.5277756158,5.064213970267841,0.0010894320233196808,1.001090620179869,41717.78125,226.0,132.7759918042778,11.595485780479216,False,False,science_V_000.fits,635459.8415447054,692.9924842935836,916.979413120872,-10.06234214935954,0.001183996046655944,14.364187251302221,0.013311872008146857
44,87.21109932748627,238.6571711768149,98362.87210083008,320.6712646484375,306.7405250940353,99045.22424597744,4.77614514972325,0.011794467413454801,1.0119352371794395,6478.49169921875,128.0,132.8475794356582,11.595456605497287,False,False,science_V_000.fits,99538.64031478004,340.27107154598184,292.5274836398459,-8.049601134143149,0.003711446140003353,16.37692826651861,0.013768766181939932
45,441.58245798751614,244.17010549679634,374497.9000854492,562.193359375,666.1371818795316,373434.01414733334,5.017925334501296,0.003111287493071102,1.0031209978145372,24139.888671875,194.0,132.74709185538896,11.596987055326306,False,False,science_V_000.fits,373009.45974841516,554.1784383812651,673.0854791788041,-9.483921488847072,0.001613019495420708,14.94260791181469,0.013356867956800135
46,354.87372049244476,246.1002548263731,16394.610260009766,180.30491638183594,90.92713936479977,17258.035756286306,4.161118021329329,0.008842928193758315,1.0089218232359916,1178.646240234375,65.0,132.7716794867049,11.597526640061401,False,False,science_V_000.fits,15855.957611860124,261.3730391039164,60.66409016867317,-6.05510306437121,0.01789691392356287,18.37142633629055,0.02227338361610569
47,266.0626893283851,247.0517384711272,20023.608795166016,187.9439239501953,106.54033593803344,21072.41592665373,4.237517101184937,0.007583676184165999,1.007641627815035,1484.0003662109375,69.0,132.79686336843724,11.597792302563949,False,False,science_V_000.fits,20741.13690674463,261.46315622266724,79.3271878393492,-6.3467032694570875,0.013686354320270674,18.079826131204673,0.019055717889987212
48,233.74767627125186,262.4351250412566,312340.8207397461,515.909423828125,605.4179402696902,311763.3462537491,4.981078297667678,0.0030083408438383863,1.0030174182664522,20045.720703125,184.0,132.80602694405306,11.602065419970742,False,False,science_V_000.fits,311595.6205390131,511.3247132636641,609.3889312530434,-9.288600236680956,0.0017816208078600178,15.137929163980806,0.01337827576430486
49,415.1749511550202,262.1857926260215,25109.495513916016,209.00743103027344,120.13685537467354,26647.511368917527,4.415199253659514,0.03684644941644921,1.038256048990449,1697.44580078125,79.0,132.75457932140773,11.60199267662215,False,False,science_V_000.fits,21020.182044505716,275.85424939905624,76.20031988014621,-6.361213056290234,0.014247971684471582,18.065316344371528,0.01946301073432091
50,368.19440561915667,267.13168565936724,498903.9052429199,635.4560546875,785.1115770519604,496859.6959145291,5.048217093687256,0.00461830777261707,1.0046397354991357,33727.625,212.0,132.76790150781227,11.603368311049472,False,False,science_V_000.fits,495098.58239202277,623.0095969510503,794.6885325924161,-9.791351081102668,0.0013661956294477443,14.635178319559094,0.013329312818773108
51,427.27193144980146,273.71372559681396,1007595.3291625977,873.0897216796875,1154.0570277521335,1000909.1126073438,5.147641428707597,0.001620711898582372,1.0016233428696868,58145.68359375,264.0,132.7511484026839,11.60519432308646,False,True,science_V_000.fits,997994.5713288861,851.1231401802,1172.5619058102338,-10.552442321326652,0.0009259212623403345,13.87408707933511,0.013291403985540462
52,404.3338331275733,270.5538244217356,29393.497131347656,218.7545166015625,134.36749827152008,30425.69396001291,4.449760508294053,0.028453224773037133,1.0292865207301936,1895.826171875,83.0,132.75765320061345,11.604317593122387,False,False,science_V_000.fits,25896.26932018082,280.27209708472157,92.39688713055446,-6.587714881699659,0.011750395859829493,17.8388145189621,0.017716542907279767
53,255.25081891444293,277.9050546192209,1711273.3814086914,1115.978759765625,1533.4282722084142,1701709.3510074907,5.5910634312769405,0.04133063373271584,1.0431125007088133,56713.08203125,327.0,132.79992925994702,11.6063626850371,False,True,science_V_000.fits,1689990.0092911632,1087.1758941934165,1554.4770798519025,-11.124332217050604,0.0006984342285081723,13.302197183611158,0.013277496002422248
54,318.29363082532115,276.26848465051233,232842.24862670898,458.24761962890625,508.114474910458,232875.59795816473,4.931740533567011,0.005463707912128801,1.0054937240154993,15335.0849609375,166.0,132.7820518562554,11.605907528273674,False,False,science_V_000.fits,231585.89276812653,459.90660318503495,503.54983199698097,-8.966402125241997,0.0021560924679377303,15.460127275419765,0.013433273035752856
55,337.51126922360095,280.3071381552879,1304919.181854248,982.7734375,1327.79248203302,1296378.5788883064,5.26583012713491,0.0010494693873086547,1.0010505719303888,59875.3828125,288.0,132.77660210922554,11.6070289888646,False,True,science_V_000.fits,1290877.7001240887,958.2685149571968,1347.0939303288585,-10.831834620146081,0.0008059571612314772,13.594694780515681,0.013283585986793146
56,41.20972933412412,283.14068991248104,1302674.9957580566,975.8031616210938,1334.9772238838962,1294594.8022785892,5.245622432187681,0.002312386936939248,1.0023177464635846,59981.984375,287.0,132.86062648648522,11.607810706295938,False,True,science_V_000.fits,1291494.1625015917,954.0697638591729,1353.6684752250726,-10.832352992844088,0.0008020427600040565,13.594176407817674,0.013283349062328441
57,186.0610510757988,281.28169981423594,146823.8546142578,377.70458984375,388.72668895815207,147299.5695521285,4.841562922614159,0.008533430327039904,1.008606876508055,9859.0126953125,144.0,132.81954988806487,11.607299984707664,False,False,science_V_000.fits,142728.52394902628,389.00181954467547,366.9096564023511,-8.440898810256844,0.0029590390469566366,15.985630590404918,0.013585286224596116
58,67.80404359800684,288.18637617770395,664189.9566650391,715.1472778320312,928.7456965207653,660934.5009830454,5.069727576940748,0.0037369322358009605,1.0037509492790768,44610.65625,233.0,132.85308520978703,11.60921376016542,False,False,science_V_000.fits,659534.7609170844,700.2368020632052,941.8738903379618,-10.102716099207946,0.0011527020879731902,14.323813301453816,0.013309125133772118
59,168.05404628396727,291.72201148009066,310062.13970947266,513.2470703125,604.1186743076498,309499.78615251416,4.970826573353095,0.00324757407270293,1.0032581551729676,20675.228515625,183.0,132.824656516487,11.610199682709244,False,False,science_V_000.fits,304614.8024907487,509.04085357053617,598.409342499932,-9.263999383227187,0.0018143099094415016,15.162530017434575,0.013382668275433138
60,202.47645368593555,289.680160378283,16756.318115234375,176.74502563476562,94.80503372049877,17564.270005482565,4.140824711314175,0.02092743606451397,1.021374754880674,1133.658935546875,64.0,132.81489498180326,11.609633166057574,False,False,science_V_000.fits,16934.514370850367,255.29369276792323,66.33346161922152,-6.12655374140483,0.01636730502973473,18.29997565925693,0.021064015848341142
61,350.36302548538634,295.23011895294184,106322.1728515625,337.45428466796875,315.07133760703624,107186.92678051688,4.773376962753188,0.017232039828727785,1.0175341896837222,7065.001953125,128.0,132.77295724892213,11.611173944574423,False,False,science_V_000.fits,102306.868251639,359.0073816159105,284.97148941938343,-8.079383850395095,0.003809854811132387,16.347145550266664,0.013795618268301554
62,312.9440677976996,297.8818709114672,753381.7439880371,762.5146484375,988.0226504917938,749178.584684502,5.0809533921335435,0.0013359514539931228,1.0013377386078313,50969.58203125,239.0,132.7835685083203,11.61191133597362,False,False,science_V_000.fits,748091.2647293926,745.1415938821006,1003.9585373726417,-10.239508333108967,0.0010814191618323957,14.187021067552795,0.013303140874483936
63,108.13023462666885,298.08158638252917,383467.50326538086,560.0982055664062,684.6433347837539,382441.51480397047,4.991675780255293,0.002230874627502266,1.0022358625565502,26161.236328125,193.0,132.84164996759168,11.611964292401234,False,False,science_V_000.fits,382242.9027538929,553.2968844214048,690.8459337406409,-9.510470450171105,0.0015715515529220677,14.916058950490656,0.013351923606966852
64,236.11261068270528,298.49065700259166,122632.5366821289,351.9315490722656,348.45564998478596,123228.53981438071,4.790181800744388,0.005917672300701393,1.0059528996098313,7973.32373046875,132.0,132.80535650774152,11.612080858416927,False,False,science_V_000.fits,123597.66974332558,409.90114896655473,301.5304300925742,-8.284647581117966,0.003600631616738233,16.141881819543794,0.013739309944907784
65,426.13745250300576,300.5618406064315,264316.031829834,486.418701171875,543.392001979049,264044.2695010607,4.96600648931643,0.003750013777740424,1.0037641293145312,17161.701171875,175.0,132.7514688154791,11.612652183818373,False,False,science_V_000.fits,262644.3079864362,484.58351841098334,542.0000846245933,-9.10304185712602,0.0020031362186077716,15.323487543535743,0.013409572865422865
66,77.1068036211413,306.7666189408023,1475464.6235351562,1037.206787109375,1422.5366068488388,1465805.50757195,5.381673411616919,0.003980739897129104,1.0039966495193255,58315.625,310.0,132.85044807756444,11.61437540631046,False,True,science_V_000.fits,1459057.8118862242,1011.7331461952859,1442.1370075430889,-10.964803124483494,0.0007528410922965383,13.461726276178268,0.013280469096874447
67,182.74665200310366,309.4755074456454,1760678.2814941406,1130.3243408203125,1557.6752777139702,1750060.8349608406,5.581779893719739,0.0015724462261501593,1.001574922707418,56759.34375,332.0,132.82049035032753,11.615131532401533,False,True,science_V_000.fits,1738014.3584979284,1101.0389511335923,1578.522137394438,-11.154755274101941,0.0006877952321860327,13.271774126559821,0.013276940611609467
68,439.6601611201649,307.8893948298632,35970.67645263672,235.7342071533203,152.5899736275507,37090.4441969404,4.538224524043514,0.020179800000940995,1.0205954112815396,2498.44140625,91.0,132.7476336333897,11.614686948814382,False,False,science_V_000.fits,34236.2480060246,290.0662742438661,118.029054205872,-6.890837283361197,0.009198582563461616,17.535692117300563,0.016137472258678155
69,350.163624053969,319.75739134936606,1840826.5607910156,1157.13427734375,1590.8495641635557,1829631.0017650807,5.582249591932914,0.0005844746062585449,1.0005848164166034,59597.5859375,331.0,132.77301313660178,11.617987079847005,False,True,science_V_000.fits,1817314.7051115714,1126.5425115935182,1613.1789847335112,-11.203197225963555,0.0006730189335930086,13.223332174698207,0.013276183344913614
70,199.4896145392981,330.61680063228556,1058182.2137451172,889.53564453125,1189.5894450668554,1051381.0144708648,5.189064978749026,0.0027890451328718147,1.0027968456616518,56070.609375,271.0,132.81574262915723,11.621004409098978,False,False,science_V_000.fits,1047830.5728518525,867.9021759756117,1207.3141442167519,-10.605349538618169,0.0008992688482949488,13.821179862043593,0.013289573890245718
71,499.2928929385597,333.9270472773108,1340218.6768493652,1001.3263549804688,1338.443425745552,1330017.0765831955,5.29973602862703,0.00322425372541979,1.003234683164664,61297.48828125,309.0,132.73072093630282,11.621916083816071,False,True,science_V_000.fits,1323703.269367746,971.4376226124394,1362.6230223696464,-10.859098477813781,0.0007967720948321657,13.567430922847981,0.013283031863768535
72,17.163896655202336,334.20615448136624,112928.2864074707,335.7702941894531,336.32601919141985,113412.58304065603,4.708559551170359,0.0006741091671436106,1.0006745638968504,7844.8671875,126.0,132.8674487642481,11.621994044642582,False,False,science_V_000.fits,115763.39713360838,431.71602054585804,268.14709583220497,-8.213550031246745,0.004048897104891209,16.212979369415013,0.013863536976139365
73,317.10949046966806,338.8625949781672,1772241.8686218262,1137.4295654296875,1558.1113085910733,1761240.0917504118,5.590346296491399,0.0028541579987197974,1.0028623275337452,58032.40625,335.0,132.7823865523263,11.62329479959394,False,True,science_V_000.fits,1748574.9433795614,1106.0787410270655,1580.8774534043541,-11.161332500968177,0.0006867705005609322,13.265196899693585,0.013276887566113817
74,172.98256824823272,346.9747863570316,227545.2694091797,454.0221862792969,501.17654221682164,227332.99926937284,4.955370718537716,0.0033238422425213576,1.0033349270138054,15587.88671875,174.0,132.82326016559023,11.625547788085404,False,False,science_V_000.fits,227133.211240219,452.63711588130263,501.7997934128348,-8.945323476695243,0.0021636118911407876,15.481205923966519,0.013434481982505794
75,69.37593050771953,349.18229812781766,545259.6431884766,654.885009765625,832.6036404217253,542933.9297334882,5.052835144721528,0.0026728870808215843,1.0026800505533215,35558.15625,218.0,132.85264265166558,11.626157143996396,False,False,science_V_000.fits,542493.3606812806,642.4250353128494,844.4461701544618,-9.89060794261361,0.0012856947409701786,14.535921458048152,0.013321302514759784
76,372.7320319114509,350.2891307955861,684193.7242126465,731.7217407226562,935.0463244906861,680688.4447219553,5.078600924582195,0.0017577344891110958,1.001760829559958,44759.42578125,231.0,132.7666119966074,11.626467450687164,False,False,science_V_000.fits,680146.89877958,715.3522203878223,950.7860315451933,-10.136128679480636,0.001141897297581821,14.290400721181125,0.013308193685132917
77,46.61660814977348,358.4380123428564,874498.1018371582,811.1731567382812,1078.0658785030632,869430.4544329727,5.097649843062799,0.0012209489264571882,1.0012224414650515,54171.28125,250.0,132.85909764720307,11.62872693143284,False,False,science_V_000.fits,869117.383341745,793.6942924880323,1095.0278861364623,-10.402317965032564,0.0009914815994601074,14.024211435629198,0.013296131974557673
78,195.87728667745824,357.9858379114178,141789.53170776367,373.7368469238281,379.3833358279014,142344.54071931867,4.84330283338319,0.004182221752143445,1.0041997861892986,9727.7431640625,142.0,132.81676750931402,11.628606860350523,False,False,science_V_000.fits,141407.59145797882,386.29144947395463,366.0645133371328,-8.430803686940095,0.0029658706606179768,15.995725713721667,0.013586775868406068
79,425.8367703596848,356.5754367707977,37873.030853271484,236.17245483398438,160.36176140817963,38864.00014643379,4.463992068376162,0.015180873857342458,1.0154148852864007,2634.60498046875,87.0,132.75155138276193,11.62821152267807,False,False,science_V_000.fits,37816.61585422564,292.9506931268174,129.0886717166938,-6.998828528941483,0.008410497881508506,17.427700871720276,0.015701610246648144
80,150.72773810125912,363.447244395529,191742.80850219727,421.2255554199219,455.20222131595955,191941.71626556508,4.914924694269358,0.0024529210663778445,1.0024589526832157,12180.919921875,160.0,132.82957202039682,11.630122894848808,False,False,science_V_000.fits,191504.10229236307,425.46229296407785,450.1082832939368,-8.760067078077352,0.0024120862474574798,15.66646232258441,0.013476729936745058
81,189.40736670084834,375.4435064763018,249379.3127746582,470.4144287109375,530.126836155993,249248.14468492847,4.957828558842177,0.0061828422923658755,1.0062213076564581,15415.8056640625,173.0,132.81860269314052,11.633456099237046,False,False,science_V_000.fits,248304.54496609728,469.45329054080787,528.9227916158638,-9.042083546423392,0.0020526625382944396,15.38444585423837,0.013417060528256712
82,413.83031601438387,378.62408130387195,692714.5802307129,785.9505615234375,881.3716970797733,691946.0969405889,6.739697654722817,0.36481279009627987,1.5743390049550545,31615.978515625,286.0,132.75495540185494,11.634336690894122,False,False,science_V_000.fits,675309.8343851602,752.4303148826393,897.5048200848898,-10.128379559788513,0.0012096870966078043,14.298149840873249,0.013314181634425992
83,168.89644136549657,380.2247320726453,117673.11630249023,347.82958984375,338.30680234925,118300.11974490155,4.810358856494989,0.0038402197309866937,1.0038550238697146,8197.9853515625,135.0,132.82441978099385,11.634783785531907,False,False,science_V_000.fits,117372.09395191856,364.2811025499447,322.2019839358158,-8.22853400551662,0.0033696254341384715,16.19799539514514,0.01368058716902092
84,334.4039853720983,382.41808527520254,956081.9743041992,851.3807983398438,1122.9780800418782,950053.5486451737,5.1153607354008015,0.0030425381856353795,1.0030518234750943,56787.95703125,256.0,132.77748097411498,11.635393203768981,False,True,science_V_000.fits,948827.7155479935,831.0045867248743,1141.7839693129488,-10.497590279241436,0.0009508804022299452,13.928939121420326,0.013293166036055215
85,63.33616403166759,389.9801776737889,182677.58374023438,409.5705871582031,446.02222295243155,183036.32785841596,4.868125985302763,0.010371755806496186,1.0104804565424956,12248.4921875,152.0,132.85435771215808,11.637489563987389,False,False,science_V_000.fits,183134.59396206462,427.2782304906096,428.6073590779145,-8.711547848772952,0.002533087631383006,15.71498155188881,0.013498911906929851
86,318.1968886100135,387.3085354739285,18996.28369140625,186.38137817382812,101.92157541452137,19999.00869065879,4.158663197987062,0.03298357606758928,1.034108599659001,1302.6627197265625,65.0,132.7820773093586,11.636751981999511,False,False,science_V_000.fits,19243.039806755427,266.98621291566775,72.07503187752124,-6.265306069675479,0.015063468883995155,18.16122333098628,0.020067690064924693
87,282.4083331801411,392.9451043757951,464312.0323486328,614.011474609375,756.1943897612357,462803.32018509274,5.0238001260359635,0.0037018199489484704,1.0037155743361479,30169.833984375,202.0,132.792227148597,11.63831814455076,False,False,science_V_000.fits,462799.8889995711,604.3538568933267,765.7763472853272,-9.718104989331358,0.0014177768794358828,14.708424411330403,0.013334698384389873
88,98.39666126401335,393.030602056145,121112.33316040039,349.1824035644531,346.8454650752329,121754.63329528792,4.812130386781538,0.004681967711234969,1.004703991648246,8045.677734375,135.0,132.84441442696377,11.638338596790083,False,False,science_V_000.fits,122054.75631245578,365.12695418143517,334.2803233633789,-8.271008643952497,0.0032478728902621996,16.15552075670926,0.01365110867417321
89,407.08987673101757,398.05450380565645,947079.867767334,849.9771118164062,1114.2416126281548,941086.827636767,5.13238511282685,0.005209913887581519,1.0052371992446583,59187.6875,258.0,132.75686618551103,11.63973431724226,False,True,science_V_000.fits,937293.5775770585,828.4667399871421,1131.3593320494742,-10.484310977066386,0.0009596420599927686,13.942218423595376,0.013293795643310232
90,242.39799891047957,397.4885430303145,273123.4992980957,489.9442443847656,557.458328020698,272757.5025397524,4.971474025311592,0.006401470194845937,1.0064427130302833,16802.72265625,177.0,132.8035744376108,11.639580292418024,False,False,science_V_000.fits,271558.2447323011,487.4616978555974,557.0863227345214,-9.139279356209652,0.001948890065494192,15.28725004445211,0.013401576855361794
91,40.994581716428094,402.4535560136596,638950.9195251465,708.8851318359375,901.3461995885443,637652.8868132287,5.886174093678359,0.23617413758796646,1.3091989276746512,25060.65625,253.0,132.86069470435478,11.640953130852493,False,False,science_V_000.fits,629938.4791439059,687.4639060142434,916.3222587148515,-10.052867218020275,0.0011848451673788893,14.373662182641487,0.013311947558244363
92,221.86961926007294,404.2539896384777,1025595.8332214355,878.6492919921875,1167.241404014646,1019076.5333945672,5.160054907241627,0.003297640496544463,1.0033085509080035,57955.9375,272.0,132.80939655112618,11.641459451960099,False,True,science_V_000.fits,1016364.6733239645,856.2870169650997,1186.9439255615728,-10.572245777759512,0.0009147020146603205,13.85428362290225,0.013290627129613207
93,469.5390777619801,404.3480735659726,172436.9794921875,412.1128234863281,418.4217759433737,172871.27745249355,4.900775147248942,0.006315905244445252,1.0063560494505037,10726.5771484375,153.0,132.739154601641,11.641479353434056,False,False,science_V_000.fits,171767.13463522444,420.0773598523131,408.8940539323822,-8.641972051417207,0.002655211024857651,15.784557349244555,0.013522360567198043
94,121.25123665224149,406.83067932059845,495113.22705078125,629.598388671875,786.3953211430743,493038.95694674196,5.057028420618955,0.004150316314343927,1.004167613227514,32949.9140625,214.0,132.8379331977939,11.642172869173791,False,False,science_V_000.fits,491749.3935420286,617.3716114919946,796.5209031131569,-9.783981456518244,0.0013630527406833933,14.642547944143518,0.013328991053214473
95,450.98256677238663,402.7165029288526,7544.947113037109,141.55960083007812,53.29873119728368,8784.679273595008,3.6783233961741577,0.024985106640793342,1.0256253589673,552.4478149414062,42.0,132.74441753138132,11.64102719661987,False,False,science_V_000.fits,7957.932289442859,258.4884207743738,30.786416914160654,-5.30662247305273,0.035265552435906136,19.11990692760903,0.03767576513267425
96,177.24210012316894,410.81309614683335,999004.1709289551,866.421142578125,1153.0237685062898,992775.9788220461,5.145592738606559,0.002831529174456615,1.002839569498334,57203.765625,265.0,132.8220535825705,11.64328073834407,False,True,science_V_000.fits,990687.4235562822,845.5891268627361,1171.5943264690297,-10.544463498553718,0.0009266859487721323,13.882065902108044,0.01329145727790744
97,307.4744539392633,406.69230001795137,34921.014099121094,227.55715942382812,153.46040611308678,35908.15656519434,4.442373931019017,0.006153197811270661,1.0061912940683813,2233.611083984375,84.0,132.78511797907797,11.642136530290848,False,False,science_V_000.fits,35838.01264590772,286.31462021356475,125.17004063283885,-6.940481669983853,0.008673800811367337,17.486047730677907,0.015844207466391737
98,342.7661952099551,412.8343138588386,29469.841247558594,214.36337280273438,137.476103600394,30197.2077895327,4.313520100865221,0.007558996631457315,1.007616570260399,2103.38623046875,76.0,132.775108651601,11.64384195747672,False,False,science_V_000.fits,26951.47559111676,281.3525358389412,95.7925455007983,-6.631078243444838,0.01133386731007114,17.79545115721692,0.01744306847791082
99,57.38104265403571,415.383391688816,168119.6766357422,397.4034423828125,423.04534562585684,168476.96172123507,4.86256366105901,0.002164442827623847,1.0021691378023823,10762.1083984375,151.0,132.8560480460645,11.644545683835565,False,False,science_V_000.fits,166926.94643188058,405.18219983927935,411.97995987507414,-8.610937996476874,0.0026353223596827864,15.815591404184888,0.013518469353526345
100,411.81037949974746,418.07653731270466,1002429.2662353516,871.3038940429688,1150.493270016209,996481.0186405624,5.124247879175101,0.0014297780161488527,1.0014318252083547,60089.92578125,256.0,132.75552651824708,11.645295786218274,False,True,science_V_000.fits,993966.4096646903,850.6683918493922,1168.4534410685715,-10.548051144028731,0.0009291769460725009,13.87847825663303,0.013291631183564325
101,136.1399588764622,418.437569077106,88092.5569152832,311.9716796875,282.37356994559553,88904.09214877657,4.750580443347618,0.002407227327288153,1.002413036053618,5741.1953125,123.0,132.83371096160747,11.64539752456411,False,False,science_V_000.fits,88161.81703391978,335.99009924795814,262.39409206179323,-7.917823205296347,0.004137669379173065,16.508706195365413,0.013889722733522559
102,35.91116634266139,422.40378693201154,934947.2788391113,837.057861328125,1116.9446247785897,929435.7721378915,5.10948442802227,0.0015622909738971513,1.0015647355461175,60758.3515625,255.0,132.862137650265,11.646494549765297,False,True,science_V_000.fits,927830.7413118216,818.7548705729612,1133.2216450358696,-10.47329376820144,0.0009580650041022069,13.953235632460322,0.01329368189309765
103,474.61432731337425,428.05687409384245,353539.6997680664,552.4791259765625,639.9150359629414,352586.30612670555,5.012802073278009,0.005567726813297091,1.0055988999587222,23107.708984375,193.0,132.73771373295756,11.648064817761696,False,False,science_V_000.fits,351249.69418308005,544.3597523659851,645.2528730429121,-9.418661761023671,0.0016825961500644047,15.007867639638091,0.013365448721498224
104,168.7528547851382,432.54662475619534,23838.50067138672,200.5404510498047,118.87128280900481,24576.35784370434,4.3307780842170684,0.014184282156916472,1.0143883708691022,1596.4144287109375,76.0,132.82446177670815,11.649317631948675,False,False,science_V_000.fits,23110.900502887733,266.44238364388025,86.73882956165541,-6.4641640436469086,0.012516885522743496,17.96236535701485,0.018233938491512267
105,148.8105090998061,442.6895997187386,285319.6298828125,496.40911865234375,574.7671006878378,284955.12171602057,4.953562228425083,0.006722258373638379,1.0067677529576287,19126.34375,177.0,132.8301181221754,11.652134589641813,False,False,science_V_000.fits,284391.42422317324,494.06363030810536,575.6169990610775,-9.189413114481383,0.001886149995172048,15.23711628618038,0.013392596892577423
106,374.43456003008885,448.3054592258944,835564.1563720703,809.3031616210938,1032.4488967748177,833074.1195727941,6.091031354813147,0.26783729396418754,1.3658166303148016,42608.52734375,278.0,132.76612586117702,11.653694134049124,False,False,science_V_000.fits,821688.7829228222,779.6643549930557,1053.9006659219926,-10.341390269922158,0.0010301729898331436,14.085139130739604,0.013299073129800013
107,179.40147286658268,450.7124081624475,22655.575653076172,198.12454223632812,114.35017286274413,23648.94906970969,4.346750863613946,0.012678176433792654,1.0128409766007187,1521.6119384765625,75.0,132.82144200670757,11.65436391766008,False,False,science_V_000.fits,23380.166650496143,266.22451786769074,87.82123764466992,-6.4767408801059725,0.012362613293982585,17.94978852055579,0.018128383744265286
108,123.68864988935977,459.51000178359186,26499.963104248047,209.0602264404297,126.75755477476743,28146.319967768643,4.46652443698815,0.007074377590210568,1.0071247809811186,1758.593017578125,83.0,132.83724387010113,11.656806089846071,False,False,science_V_000.fits,23849.73448510019,268.92652714924463,88.68494580255535,-6.498330745238276,0.012242213040499113,17.928198655423483,0.018046491898752886
109,264.5100536463106,461.2082268750489,22358.009338378906,199.8914794921875,111.85073718588761,23576.450650910352,4.353008278998611,0.026568734367351854,1.0272938987120825,1441.47216796875,75.0,132.79730307039998,11.65728020127374,False,False,science_V_000.fits,20185.304510350816,437.7186234523548,46.114794822176364,-6.317210137669482,0.023543420374883522,18.109319262992276,0.02702030223130873
110,61.35151786279151,466.8531973086896,72096.12356567383,287.03106689453125,251.17881609716255,73009.17735884138,4.6977246433579145,0.011299269914757382,1.01142840251952,4763.28076171875,112.0,132.85492477502098,11.658843049355673,False,False,science_V_000.fits,73552.06567379356,317.90077777962625,231.3679953459598,-7.72110905949828,0.004692524557584446,16.705420341163478,0.014064987609177623
111,433.2274578623089,469.37046824148916,123093.24084472656,360.81646728515625,341.15194844320933,123956.21343425292,4.815145273210784,0.0036365662205738447,1.0036498391021633,8025.58203125,134.0,132.74944972308154,11.659543087043039,False,False,science_V_000.fits,122190.92143486466,379.48969346784116,321.98745720407663,-8.272219223561553,0.0033718704741715457,16.154310177100207,0.013681140311296306
112,174.92657125494068,472.23988711651793,89591.96411132812,317.1846618652344,282.459951198378,90413.49391614803,4.782614560295622,0.004793590577373608,1.0048166797681244,6030.60546875,127.0,132.82271168650786,11.660343669708258,False,False,science_V_000.fits,89422.96818937937,339.55730298282276,263.35162696796135,-7.933244576980592,0.004122624995713748,16.49328482368117,0.013885248524173801
113,277.89440003799723,480.2698434260358,1774543.5265808105,1139.1572265625,1557.7687479854212,1762574.4304291774,5.54881992095972,0.0006688048203868924,1.0006692524196312,60542.14453125,340.0,132.7935067742152,11.662575028678168,False,True,science_V_000.fits,1750460.7242043696,1106.8018942123786,1581.5483632236019,-11.162502800964223,0.0006864791651309762,13.264026599697539,0.013276872499461079
114,243.58123706247824,481.02612452434647,1235675.8644104004,980.4579467773438,1260.304808046005,1226716.271427168,5.246785115805883,0.0005902910822442875,1.0005906397316107,60373.203125,297.0,132.80323912892808,11.662785161237087,False,True,science_V_000.fits,1221626.8164059317,942.5100141457227,1296.142001751776,-10.771968267841597,0.0008376397019251309,13.654561132820165,0.013285545904968608
115,195.7575068763099,481.46569162305644,164638.81777954102,400.88873291015625,410.6845722113085,165030.09852544483,4.926268625113305,0.00037815188995815596,1.0003782949429059,10409.119140625,157.0,132.8168035437662,11.662906793375631,False,False,science_V_000.fits,164234.145628297,406.6679472270398,403.85318476207874,-8.593280512946484,0.0026883531960745005,15.833248887715278,0.013528907296216901
116,326.0555643529838,493.14909437968805,26502.64471435547,211.14588928222656,125.51816568368474,27866.750919684204,4.380896247005938,0.021300765823599632,1.0217643634323723,1960.7305908203125,78.0,132.77984641136828,11.666151964776109,False,False,science_V_000.fits,27552.663150160486,278.588120904277,98.90106965338839,-6.65503083078728,0.010977636579715228,17.77149856987448,0.017213732732881872
117,357.718729788701,493.38335368126377,3237.1666564941406,107.71202850341797,30.053901142446847,4471.9028620888275,3.128776934279353,0.04606216753263859,1.0482863410642795,267.6966857910156,27.0,132.7708655661027,11.666216271734543,False,False,science_V_000.fits,3951.5753253113876,250.2525540658541,15.79034963324102,-4.546547536334902,0.06875718557329732,19.879981864326858,0.07002395774078778
118,462.4845491480935,509.7780397868655,127071.55587768555,305.59375,415.8185691876406,127177.02843558716,2.6088510633422217,0.22118358171525376,1.283999639096445,65327.984375,24.0,132.74114917111365,11.670765823993833,True,True,science_V_000.fits,126006.69134871323,353.76760329160464,356.18493659762294,-8.305605894347934,0.003048135640914259,16.120923506313826,0.013604970437608409
119,223.00188298455075,510.3341003994298,61256.35580444336,213.9297332763672,286.3386723588756,61257.17841263523,2.236188231552868,0.3588139866410983,1.5596098155064613,60990.61328125,15.0,132.80907638613078,11.670926130261758,True,True,science_V_000.fits,60573.42652066639,273.80391637923,221.22921878432754,-7.510327227917106,0.004907579595344636,16.916202172744654,0.014138190379515688
120,29.083300477682272,14.007260466072998,1049816.8301391602,872.5875244140625,1203.1077694402131,1047891.0094805873,5.081775930122709,0.011220000176555778,1.0113473170761538,65006.37890625,226.0,132.86404811073874,11.533050760072843,False,True,science_V_000.fits,1063649.505215353,869.0288812350531,1223.9518480717322,-10.621618230057697,0.0008870447000921318,13.804911170604065,0.013288752312491511
121,31.71842344266372,22.438652656106477,118395.18154907227,326.2366638183594,362.91194301506164,126600.74671535601,4.549322328488905,0.12807909508661408,1.1468930201866614,7852.8056640625,101.0,132.8633015810378,11.535392971580952,False,False,science_V_000.fits,281073.3709145869,490.0374768520341,573.5752553461466,-9.176671129533458,0.0018928640834493316,15.249858271128303,0.013393544122494218
122,211.09494840345576,19.48866746428876,1785595.5498657227,1133.5902099609375,1575.1684640318592,1774982.766944501,5.508197208969999,0.0005930340227248143,1.0005933859207645,61361.26171875,319.0,132.81244760731258,11.534580118841038,False,True,science_V_000.fits,1763007.348933441,1107.743530408353,1591.5302599723013,-11.170257180589804,0.000682173645896557,13.256272220071958,0.013276650579342018
123,238.83489914019106,17.207452746518094,1707472.8498535156,1100.421630859375,1551.6532954010215,1705957.0154863868,5.375717028284857,0.08941708713441221,1.0981976334840484,61600.02734375,242.0,132.80458323312115,11.533946677908071,False,True,science_V_000.fits,1702900.284914247,1090.1658346651,1562.0561851834034,-11.132594919403376,0.0006950454217320783,13.293934481258386,0.01327731817277336
124,227.4031336411672,16.428730277265934,281889.4279785156,483.6510925292969,582.8363304305786,282676.73893194005,4.982632178997695,0.014832454054853672,1.0150557680426062,17369.412109375,154.0,132.80782416142492,11.533730297658323,False,False,science_V_000.fits,295851.3483255084,504.69017706724776,586.2038965067622,-9.232305756265065,0.0018520859490524998,15.194223644396697,0.01338784195027207
125,249.45106579352117,24.60306073949574,1701994.4981689453,1110.3448486328125,1532.852158736668,1688833.1358471862,5.611826493609568,0.060478467032591854,1.0643715603213213,60951.11328125,326.0,132.8015735346353,11.536001042490426,False,True,science_V_000.fits,1677483.56138825,1082.0740680429997,1550.2483710954155,-11.116267556451433,0.0007003393909279437,13.310261844210329,0.013277596355714098
126,341.62480665229026,25.515065528674725,1695354.1199951172,1107.43359375,1530.885580465639,1685615.358968211,5.445745198758128,0.00262819349541199,1.0026351190982858,61747.59375,307.0,132.77544183313768,11.53625334975095,False,True,science_V_000.fits,1676116.2747397905,1082.2311777716113,1548.7599222478782,-11.115382231563963,0.0007010124580343023,13.311147169097799,0.01327763187428791
127,340.5190618330451,41.36481232719207,1075826.789642334,888.4277954101562,1210.933285969134,1075077.8831497836,5.128441027295352,0.023031279376624525,1.0235742239136674,60402.6015625,230.0,132.7757549347777,11.540656077879673,False,True,science_V_000.fits,1072616.6503582387,877.3917839575762,1222.5059203541643,-10.630733209754,0.0008880938586256244,13.795796190907762,0.013288822386672023
128,351.76086769765334,41.893076047949265,374220.5946960449,551.393310546875,678.6817822016934,374480.86762322846,5.0059060126178565,0.018963730543029356,1.0193303052429716,25211.1328125,173.0,132.7725677640359,11.54080253588461,False,False,science_V_000.fits,389084.0765853044,560.6297973908761,694.0124809563619,-9.52973051778989,0.0015643810879364672,14.896798882871872,0.013351081525894455
129,61.61205648330511,25.637614992071512,243343.27655029297,451.7668762207031,538.6478942104018,244003.77181704028,4.923810108501193,0.01612236945471024,1.0163865596230446,15488.84375,153.0,132.85482679994965,11.536283282479578,False,False,science_V_000.fits,251317.50439540535,463.78119306097807,541.8880889427572,-9.055178720249586,0.002003550220338371,15.371350680412176,0.01340963471568875
130,49.876839951697406,30.46725095501961,1647982.681427002,1086.4014892578125,1516.91865090579,1639478.5787182255,5.384086713870604,0.003821326563850258,1.0038359851156713,64293.0234375,299.0,132.85815406760207,11.53762420296068,False,True,science_V_000.fits,1627182.3384463165,1064.9959104860682,1527.876607247876,-11.083212428392963,0.000710594032822875,13.343316972268799,0.013278141195298023
131,37.114738817441285,41.14466001902893,128019.88946533203,351.4332275390625,364.2794119434889,128615.5073721999,4.85092811957346,0.0329487476283814,1.0340713561433037,8886.10546875,140.0,132.86177285553302,11.540589402799196,False,False,science_V_000.fits,84468.4658398043,363.84199981883916,232.15699639366002,-7.871358389971105,0.004676576699670161,16.555171010690653,0.014059674937589589
132,13.138594854690853,28.576291418149744,383984.9196166992,550.5366821289062,697.473814336663,384723.2607883949,4.966073896289472,0.0011644906483104789,1.0011658482677157,24838.92578125,173.0,132.8685694485519,11.537096680214713,False,False,science_V_000.fits,382947.7855911162,551.7396310633306,694.0733708997606,-9.512470780401522,0.0015642438472931977,14.91405862026024,0.013351065445745578
133,16.435583602174837,41.79554740593633,1723535.697631836,1101.982666015625,1564.0315866886765,1727608.946174326,5.309591473580721,0.033772311449608794,1.0349527464900914,65749.125,240.0,132.86763562423533,11.54076890674907,False,True,science_V_000.fits,1811165.098681031,1116.6417342625793,1621.9751090327186,-11.199516975775833,0.0006693690883132408,13.22701242488593,0.013275998821150003
134,21.00731586399686,49.4936602473335,600660.2609558105,677.5711059570312,886.4903707890725,626142.2213209353,4.937391465761918,0.07736914337539358,1.0838570949799406,39308.5703125,179.0,132.86634000477076,11.542907564832364,False,False,science_V_000.fits,886985.094817497,805.9718091240733,1100.5162770909674,-10.424412678713495,0.0009865369759635618,14.002116721948267,0.01329576417238702
135,138.57971118547343,36.39161405251425,1561375.7272338867,1054.954345703125,1480.0410402530101,1557720.232516872,5.270643077253341,0.038162079760053036,1.0396762063098248,61076.7109375,253.0,132.83300645857904,11.53927377768315,False,True,science_V_000.fits,1587247.1690240058,1052.2594143598574,1508.4181213903498,-11.056233276915531,0.000719760645012194,13.37029612374623,0.013278634911348957
136,137.92254823872074,46.967924877992004,1117164.5078125,896.8724365234375,1245.6225236924267,1119671.6977054663,5.138358684652066,0.02635394222257803,1.027067271532673,59872.4609375,209.0,132.83319311871728,11.542211617070103,False,True,science_V_000.fits,1160112.8702725118,909.2086145040051,1275.9589512967614,-10.71587248622857,0.000850889441934319,13.710656914433192,0.013286387867482352
137,128.00056967163806,56.89334970101362,2065007.4503173828,1212.1715087890625,1703.5604576948751,2056780.1902331968,5.787205107626689,0.1182603918602132,1.1341216735286601,61174.0703125,327.0,132.83600646255704,11.544968343288199,False,True,science_V_000.fits,2035615.1519117544,1185.9487937724084,1716.444388325254,-11.32636106115041,0.0006325285033320099,13.100168339511352,0.013274192330620887
138,220.3777836623767,40.42685088086494,1879996.244354248,1165.0306396484375,1613.688241642778,1866598.1284512356,5.673158117636114,0.0303403531370271,1.031289693486971,60090.609375,349.0,132.8098160986723,11.540396374059267,False,True,science_V_000.fits,1847080.419589779,1133.1063910179748,1630.1032579388905,-11.22083638527787,0.0006660314275874547,13.205693015383892,0.013275830956490865
139,199.3363450571389,44.150899554412725,1740001.7082519531,1122.806884765625,1549.689204671346,1731168.8094026323,5.926802685452635,0.18573813352960233,1.2281061427262046,60553.90625,341.0,132.81578159566843,11.541430569689993,False,True,science_V_000.fits,1711342.9442477738,1091.7138048637337,1567.5747037579886,-11.137964495599853,0.0006925985711540398,13.288564905061909,0.013277190309080892
140,272.96185803744305,43.570243271278706,463583.6162109375,603.8675537109375,767.6908841385575,468057.2851456199,4.980621118188245,0.033949063099683485,1.0351421046271254,30432.037109375,183.0,132.79490802049588,11.541269658127817,False,False,science_V_000.fits,480488.9193817004,611.0728585807781,786.3038140781445,-9.758830316035281,0.001380764000582733,14.66769908462648,0.013330813889185169
141,272.10234257811675,52.86898837710478,193112.71627807617,411.6506042480469,469.1180197119616,195330.81711347305,4.840672407821369,0.04043537984443468,1.042139298380842,13137.5009765625,134.0,132.79515165682986,11.543852644417843,False,False,science_V_000.fits,239156.82067611793,460.63814686560096,519.1858779031951,-9.001328802352091,0.0020911585738517227,15.42520059830967,0.013423003907612504
142,62.87391742710631,51.281723914775796,1092541.0027770996,976.5648803710938,1118.759259868054,1085341.1013883227,5.156133460397162,0.0016966114472450888,1.0016994948296276,62765.05859375,268.0,132.85447044629325,11.543406701848236,False,True,science_V_000.fits,1080411.224309136,930.0192728360842,1161.7084246162265,-10.638594592517965,0.0009345718572701787,13.787934808143797,0.01329200941465166
143,47.06828031627234,59.39734845567519,1725625.2059936523,1105.3319091796875,1561.1828371754057,1725220.1966562956,5.388539938383497,0.03536056025731926,1.0366567639684645,63672.74609375,261.0,132.85895200790304,11.5456601690913,False,True,science_V_000.fits,1762483.0834388414,1107.4524566124176,1591.4751670966486,-11.169934267200304,0.0006821972610359095,13.256595133461458,0.013276651792743224
144,38.5430824529781,63.42020238564382,635432.3930969238,685.5830078125,926.849682468659,662073.8088419931,4.935421318285951,0.0641538365103913,1.0685516904521708,39175.2734375,177.0,132.86136926747153,11.546777129221697,False,False,science_V_000.fits,826423.8020171757,774.3068948836205,1067.3078174531668,-10.347628916301941,0.0010172323131584673,14.07890048435982,0.013298076977582911
145,53.05911125032643,74.65633502362198,821039.5191650391,781.9898681640625,1049.9362620805516,816372.4394753268,5.130571276258452,0.00612576580397084,1.0061635220968639,53941.765625,234.0,132.85725439190293,11.549899108592331,False,False,science_V_000.fits,807922.2066143774,768.0116786947051,1051.9660430001577,-10.323045737411105,0.0010320675341417246,14.103483663250657,0.013299220019152113
146,54.67391010068164,89.53624813631399,768312.4758911133,759.8640747070312,1011.1183058461336,764053.0524461773,5.099255434657588,0.0027347959179639947,1.0027422955366034,47789.33984375,237.0,132.8567974075429,11.554032502238556,False,False,science_V_000.fits,761183.2707433662,745.3795534129117,1021.2022415400223,-10.258344961072037,0.0010631586534345166,14.168184439589725,0.01330166891954388
147,155.42315764708573,57.471749402074124,737338.9523620605,751.0621948242188,981.7282209692767,733579.4539642268,5.237057621943591,0.045570179101044106,1.047745971577169,43336.19140625,251.0,132.82823180129256,11.545129864316197,False,False,science_V_000.fits,729628.0109492326,732.675739979659,995.840275767134,-10.212375620343332,0.0010902350772704426,14.21415378031843,0.013303860426451333
148,148.35340741725216,72.2395306616843,172249.5950012207,393.28076171875,437.9812382595082,173906.573872298,4.8816217099889005,0.03052673785704918,1.0314879626381568,11021.12890625,138.0,132.83023661740313,11.54923182118113,False,False,science_V_000.fits,181754.42556708844,418.4335867219281,434.3686341982728,-8.70333435995202,0.0024994898676418227,15.723195040709742,0.013492647602351108
149,144.71510933040415,83.91710277141101,1729788.7084350586,1177.571044921875,1468.9463670956854,1725334.7262188517,5.4705084508733055,0.014158057171891114,1.0143613865030692,60213.15234375,266.0,132.83126850359602,11.552475479740592,False,True,science_V_000.fits,1721388.882539109,1119.158476675044,1538.110033936621,-11.144319358491856,0.0007058662748732431,13.282210042169906,0.013277889023515387
150,176.95007131845324,87.82720210496947,392423.0526123047,557.2006225585938,704.2760483833424,395016.1436015322,4.962919234175499,0.0317384931482394,1.0327788442725923,26315.37890625,166.0,132.82212929192343,11.55356245322447,False,False,science_V_000.fits,414278.79223450477,571.594419267745,724.7775315322825,-9.597853627686856,0.0014979769001733211,14.828675772974906,0.013343463737584774
151,135.94584319179106,88.52428641047351,224885.8963623047,429.74658203125,523.2988597590559,230990.11385174145,4.824376912458744,0.11250013103739065,1.1267607297439841,14570.1806640625,121.0,132.83375493166056,11.553754975087376,False,False,science_V_000.fits,361189.02944018587,543.0404439150394,665.1236265870009,-9.448958251082363,0.001632328121572127,14.977571149579399,0.013359213480563223
152,187.41691161399604,93.11310292854877,1644762.139678955,1083.127685546875,1518.5302357482524,1641989.2063503945,5.4516674518980865,0.018461459540654035,1.0188086955118587,58297.37109375,259.0,132.81916180890823,11.555030967815616,False,True,science_V_000.fits,1662829.7522696522,1077.4535884459708,1543.2959434178313,-11.106741340392837,0.0007034943651802616,13.319788060268925,0.013277763141607375
153,196.4486330321096,94.05656258334159,236216.18759155273,454.6386413574219,519.569095328717,255191.63637544937,4.701684365167952,0.133010823926777,1.153416937140105,17552.462890625,128.0,132.81660111550948,11.555293196604092,False,False,science_V_000.fits,486540.2529786449,624.348779324774,779.2763741843663,-9.77241881557921,0.0013932155984279053,14.654110585082552,0.013332109338978953
154,132.94634309143248,100.75895818707244,1757566.469696045,1123.1778564453125,1564.8158122155971,1747958.2785423836,5.528708562348548,0.009086912321755403,1.0091702415022556,59560.76953125,312.0,132.8346057788333,11.55715339279915,False,True,science_V_000.fits,1733884.8952339906,1098.7236246888092,1578.0901186365932,-11.152172532174003,0.0006879835233605046,13.274356868487759,0.013276950367128833
155,151.24858072626293,103.28637213124284,146838.0291442871,372.064697265625,394.65724704178604,147634.11553173076,4.878350798785266,0.02797827705329492,1.0287835923753619,9640.7822265625,139.0,132.82941669244877,11.557856020805053,False,False,science_V_000.fits,143629.767685698,391.72212314331466,366.66238437891315,-8.447733019103747,0.0029610345818239844,15.978796381558015,0.01358572101574092
156,199.60524781072928,112.12844042026052,862304.9989013672,807.3792114257812,1068.0297271694553,856821.9835009684,5.118781536244751,0.005851243898587155,1.0058856824621831,55976.27734375,258.0,132.81570642130853,11.560313209273634,False,False,science_V_000.fits,853168.9724671488,788.1198041774304,1082.5371573521247,-10.382209506305138,0.0010029216943052669,14.044319894356624,0.013296989946890051
157,151.6160300898073,113.62852989762325,157709.34442138672,393.2284851074219,401.0628690297037,159857.82333094673,6.4026374542835764,0.3756997274728412,1.6017933100557749,7540.47314453125,169.0,132.82931281237742,11.560728851060935,False,False,science_V_000.fits,156842.10293014965,396.86149030960917,395.20615317901013,-8.543278515699255,0.0027471738262846027,15.883250884962507,0.013540718361837754
158,164.67760192109426,117.44794757950491,521057.99896240234,637.7353515625,817.0442452120158,519453.5850872118,5.066868562774809,0.00391839212489431,1.0039338063206018,32603.314453125,201.0,132.82560956666362,11.561790148319172,False,False,science_V_000.fits,516207.22932106256,629.6132527962956,819.8798659787356,-9.83668208006352,0.0013242183947326728,14.589847320598242,0.013325075762626468
159,165.40346335013624,132.5699791670573,1112631.1116638184,906.6966552734375,1227.126079259966,1105254.1900942896,5.216308553600717,0.009740346584984572,1.009836154135326,57514.33984375,271.0,132.82540414488184,11.56599072855567,False,True,science_V_000.fits,1088327.0183308006,886.1562999288386,1228.1434081303682,-10.646520401318371,0.0008840172839854158,13.78000899934339,0.013288550571118428
160,192.21226751822948,130.94075138502185,1353618.9143981934,990.5011596679688,1366.6000298797705,1350457.9491174845,5.411838443919291,0.07908316292173223,1.085874380549534,58667.63671875,263.0,132.81780288092705,11.565538728424,False,True,science_V_000.fits,1336679.4442274265,973.9691438167921,1372.404303271092,-10.869690047590709,0.0007910934098736508,13.556839353071053,0.013282692441893416
161,185.5094640534626,141.2786068512931,223741.0319519043,426.356689453125,524.7742969364225,237006.37930596585,4.751599405335217,0.0555055835293744,1.0587675083742547,14349.4755859375,109.0,132.8197035601783,11.568410231641984,False,False,science_V_000.fits,323092.12219967577,540.753113355394,597.4854591125267,-9.32793779642236,0.0018171153514139767,15.098591604239402,0.01338304890236643
162,193.7334201006708,142.66881957964813,478645.4703063965,607.7940063476562,787.5126528191079,483219.07439665956,4.957487750650192,0.07519754643979626,1.0813120100950304,31221.40625,143.0,132.8173717842877,11.568796549927473,False,False,science_V_000.fits,544510.5313859365,662.918140588633,821.3842675996807,-9.89463758371284,0.001321793030164463,14.531891816948923,0.013324834953476096
163,203.7849732957757,148.62747695246875,1731637.2094421387,1130.6466064453125,1531.5459309485798,1723378.5649256376,5.451672086679912,0.01278165630963024,1.0129471422318295,62458.3515625,285.0,132.8145218741255,11.570451887853348,False,True,science_V_000.fits,1711770.8748902867,1093.6891845495843,1565.1346827528955,-11.138235955924383,0.00069367832172141,13.288293444737379,0.013277246677561323
164,131.1132658729162,150.844234246027,753800.600982666,770.9329833984375,977.7770794806985,755222.2982496624,6.557392870205742,0.3451625711538503,1.5270965829824983,29197.888671875,252.0,132.83512725445732,11.571065899263678,False,False,science_V_000.fits,739134.4226973981,751.0939154556002,984.0772338690194,-10.226430445423247,0.001103267063431026,14.200098955238515,0.013304934721224253
165,175.8535549272531,148.52352663575363,1347940.1272583008,983.54541015625,1370.4909944566377,1357226.5761444806,5.2404730235134,0.05801871089156263,1.0615922116101435,58530.91796875,230.0,132.82244153419143,11.570422510811264,False,True,science_V_000.fits,1433668.7223182141,1009.9377804563906,1419.5614324580863,-10.945743900400071,0.0007648136777849917,13.48078550026169,0.013281153176005235
166,151.97309751887576,150.36025145340085,206160.60000610352,421.8404541015625,488.716997152834,209135.04777158654,4.8535017775369385,0.0788139971317997,1.085557093666648,13385.783203125,137.0,132.82921264086684,11.570932112218347,False,False,science_V_000.fits,252332.88495022565,477.82953043378893,528.0813948881514,-9.059556506693875,0.0020559330635572825,15.366972893967887,0.013417561271878544
167,142.84147979056274,153.61875511975538,787702.0647583008,762.45068359375,1033.1187074887655,788095.0469227966,5.071522935289549,0.022193068869737043,1.022696780073019,51055.51171875,191.0,132.83180192296047,11.571836980860228,False,False,science_V_000.fits,796521.6833122777,765.3402823475909,1040.7418787222873,-10.307615881240935,0.0010431981475876686,14.118913519420827,0.013300088424439789
168,167.64169176989182,154.24515493762595,1655461.2778320312,1087.06689453125,1522.8697388911621,1673677.4088105133,5.408815086369442,0.038636557141225936,1.0401893346665374,57766.7109375,262.0,132.8247700629842,11.572011662962504,False,True,science_V_000.fits,1717319.8107846898,1095.425644026871,1567.7191967787855,-11.141749823832432,0.0006925347359596049,13.28477957682933,0.013277186979300156
169,195.93078832804707,163.65280139587216,1786069.9570922852,1144.8807373046875,1560.048919415925,1753543.2406189216,6.442059141855954,0.2744823071732908,1.3783261385451164,64823.4765625,397.0,132.8167490968477,11.574625468537498,False,True,science_V_000.fits,1732968.579681384,1099.9566995693397,1575.4879990820402,-11.151598595605403,0.0006891198159761194,13.274930805056359,0.013277009295905381
170,133.16052744546784,165.52588765754322,605033.6564025879,697.1920776367188,867.8148760001383,610803.0394078565,5.032151615061299,0.03202496295429602,1.0330844926043108,38743.703125,174.0,132.83454727836985,11.57514420403592,False,False,science_V_000.fits,612092.4091727883,714.43071107554,856.7554553349387,-10.021664358180084,0.0012672227451129077,14.404865042481678,0.013319532394514399
171,122.65275040283754,168.07668235491744,1374252.6478271484,988.0107421875,1390.9288524378708,1379964.2242628895,5.16555653896449,0.09104845913376769,1.100168661408504,58127.78125,206.0,132.83752679345395,11.575852389474873,False,True,science_V_000.fits,1708040.5928911262,1092.6659934048946,1563.186374610819,-11.135867343581339,0.0006945429013672813,13.290662057080423,0.013277291876155568
172,114.43923931182258,169.45153058189112,1271620.6987304688,955.6038208007812,1330.6986337338733,1276128.4405296552,5.1365978223229245,0.06509456958031379,1.069626902852722,59019.72265625,226.0,132.83985574764878,11.576233982440732,False,True,science_V_000.fits,1627426.978704481,1066.9648411270189,1525.2864161723028,-11.083375652153514,0.0007118007401682353,13.343153748508248,0.013278205828216816
173,134.24062436820682,183.80747383458663,299396.89236450195,506.22296142578125,591.4328570186703,298496.1462234559,5.021328269081847,0.013204230132503159,1.0133809148110517,19945.87890625,193.0,132.8342416459912,11.580222456875742,False,False,science_V_000.fits,296540.689624458,498.8815216115519,594.4110510778868,-9.234832607051638,0.001826513820749505,15.191696793610124,0.013384328240900845
174,99.71032852151755,61.22419261777291,836193.9969177246,785.019287109375,1065.1891114634736,835232.5887056042,5.057683229168384,0.022339860201099904,1.0228503334560568,54767.19140625,211.0,132.8440273198958,11.54617025532795,False,False,science_V_000.fits,880023.723954955,796.7495403842672,1104.517391413273,-10.415857824427238,0.000982963245703904,14.010671576234524,0.013295499481598716
175,89.75250257723799,62.198677546640106,910993.0516662598,832.74853515625,1093.9593565245102,916796.2345179843,5.0419802247528756,0.0465958495309422,1.048873134764536,60445.01171875,216.0,132.8468505560013,11.546440506186313,False,True,science_V_000.fits,954421.1675475606,827.0322614479498,1154.0313625451336,-10.503972030870425,0.000940788990002461,13.922557369791337,0.013292447992995752
176,306.7671639153864,65.24558795988453,168655.6968383789,389.1082763671875,433.4415561986777,170450.08629622764,4.758660943026433,0.056742316822316674,1.0601556900455462,11202.1240234375,126.0,132.7853235632566,11.547290257193833,False,False,science_V_000.fits,215883.57951698152,443.4525812159152,486.8244963757889,-8.890170900020415,0.002230167150754731,15.536358500641347,0.013445361104971945
177,302.3716886417226,71.57371787477197,122818.27633666992,344.8576354980469,356.14196611681376,124117.41281237514,4.750412203563235,0.0740718194274601,1.079997370186593,7608.5458984375,120.0,132.7865696665242,11.549048129521667,False,False,science_V_000.fits,187712.9779102736,422.0575361352512,444.7568443609539,-8.738357622722358,0.0024411091448406632,15.688171777939404,0.013481954738828182
178,491.26242738856627,81.2323804150686,553610.7633972168,668.8546752929688,827.6996242191574,550129.9542107155,5.133801489110904,0.0023009848178631165,1.0023062915597276,36431.2265625,237.0,132.73301515452283,11.551723715710262,False,False,science_V_000.fits,545427.345752755,649.8270970881005,839.3422622676636,-9.896464144302662,0.0012935128478658374,14.5300652563591,0.013322059345701059
179,488.93184998524305,99.75370219199372,1514247.710357666,1042.808349609375,1452.0862926777363,1542374.7130302587,5.190485005523007,0.06401729311045234,1.0683958075712683,63281.56640625,235.0,132.7336746979975,11.556868671406836,False,True,science_V_000.fits,1864395.6158504246,1142.1589024313114,1632.3434610382928,-11.230967056573018,0.0006651173762839185,13.195562344088744,0.013275785131095704
180,485.936276380207,107.21107090280198,1169113.7226867676,913.568603515625,1279.7218711191972,1212332.3470567546,4.882563438505157,0.04830639486075583,1.0507583476445532,62027.265625,166.0,132.73452353345814,11.558940351985457,False,True,science_V_000.fits,1936067.359091988,1162.1976288784238,1665.8675865312043,-11.271923031746953,0.0006517324718831506,13.15460636891481,0.013275121277701906
181,492.54673643553895,111.59348769620127,815094.1576843262,780.4495239257812,1044.3906142504604,816763.6188539392,4.963943395927308,0.10730816838063595,1.1202074048173785,48936.703125,197.0,132.73264899231577,11.56015726204364,False,False,science_V_000.fits,1216746.6963019306,932.975260376464,1304.1575141134635,-10.767622313354018,0.0008324914653718298,13.658907087307744,0.013285222307613219
182,463.6765357063574,89.8166915475812,1790585.5407409668,1147.3238525390625,1560.6626993575935,1806670.59174845,5.420899945944008,0.04343167340728982,1.0454036289932296,61931.4765625,267.0,132.7408358078941,11.554109932949622,False,True,science_V_000.fits,2036634.9368755016,1190.0467481270648,1711.3906996349729,-11.32690484773287,0.0006343963422446856,13.099624552928892,0.01327428146612239
183,461.5336082939762,98.37994444235852,1384569.2109069824,1003.822021484375,1379.2975062049225,1435041.135858098,5.395968359201537,0.14352001519003155,1.1675696078547302,61651.7890625,256.0,132.74144287753785,11.556488734101418,False,True,science_V_000.fits,1711676.1909707647,1095.385466915681,1562.6245213846018,-11.138175898469143,0.0006947926294142556,13.288353502192619,0.013277304941917818
184,241.10374570581936,93.15161941427247,35116.7243347168,225.43890380859375,155.77047147342518,36200.06118462184,4.527319517242868,0.029653628503996665,1.0305598386051356,2452.735107421875,91.0,132.80394030709172,11.555042269046044,False,False,science_V_000.fits,35614.78662063078,275.0310752925131,129.49368206029877,-6.9336977407753375,0.008384192824901247,17.492831659886424,0.01568753578634683
185,249.00356686788476,108.64208009605854,1654683.7326660156,1101.8814697265625,1501.689408640871,1641106.2818866512,5.676355854236233,0.08167572089345587,1.0889399559085162,58131.76953125,366.0,132.8017005448032,11.559345194019754,False,True,science_V_000.fits,1628348.6777809984,1066.6419144957017,1526.6123107030407,-11.083990388664615,0.0007111825264267716,13.342539011997147,0.013278172702171099
186,297.43810879918493,97.81676047020643,1215735.5093688965,944.43115234375,1287.2674798494982,1212558.8197570047,5.262246251322353,0.027058284050591075,1.0278107964814596,58887.0,263.0,132.78796811028315,11.55633791940206,False,True,science_V_000.fits,1207185.5825679381,926.6511815212909,1302.7400241222285,-10.759056974076486,0.0008333972856414943,13.667472426585276,0.01328527909975931
187,285.8993081753909,101.25474386566766,561114.1853027344,660.2814331054688,849.8106370546783,561431.8193279319,5.058642765714799,0.014260972421082707,1.0144672900454283,37485.0234375,201.0,132.79123962172116,11.557293030748298,False,False,science_V_000.fits,567688.9498204442,657.0312844577719,864.0211862802557,-9.93989797573657,0.001256566409759124,14.486631424925191,0.013318522773375502
188,352.03748014784736,101.14714916650816,1233412.5061645508,953.3766479492188,1293.73056159673,1226273.715144542,5.233578514812374,0.0020929732734512596,1.002097362998151,58935.4296875,272.0,132.7724877197644,11.557261978233843,False,True,science_V_000.fits,1219975.4892565315,932.3128257857493,1308.5473625532732,-10.770499637228646,0.000829698665153054,13.656029763433116,0.013285047594861816
189,366.40527699308876,100.9013186534632,895255.3785095215,819.4800415039062,1092.4675808657312,891448.7923399855,5.121801537119664,0.0038086178921804548,1.0038231789198195,58102.84375,233.0,132.76841408165433,11.557193279648194,False,True,science_V_000.fits,886763.0267063905,804.8686664840753,1101.748724521798,-10.424140816675717,0.0009854334076685556,14.002388583986045,0.01329568233389081
190,374.5541534822623,112.08775344928732,381170.61935424805,562.1908569335938,678.0092821738509,380374.0567395525,5.0310539320613925,0.0007864215234061334,1.0007870404689707,24604.845703125,192.0,132.76610328564192,11.560300361341227,False,False,science_V_000.fits,379441.0243022898,555.9436217779067,682.5170924505584,-9.502482584102832,0.0015907293927274772,14.92404681655893,0.013354194461803906
191,73.42372396652642,103.13761546884632,140008.64376831055,365.4898376464844,383.0712357691658,140508.13624338695,4.874374574544369,0.019205609109776645,1.0195816873425882,9116.9697265625,145.0,132.851482106861,11.55781164176986,False,False,science_V_000.fits,138964.48060240183,375.6093049144874,369.9708148445338,-8.41188139536604,0.0029345557985600147,16.014648005295722,0.01357997450136226
192,61.99565122112854,115.50280481031712,1179449.74710083,929.9938354492188,1268.2339410681316,1171529.1329338015,5.198655129236568,0.0026304964091555805,1.00263743417027,59779.70703125,283.0,132.85472294188736,11.56124582383738,False,True,science_V_000.fits,1168077.9594120418,909.0472311801925,1284.947491557239,-10.723301447190297,0.0008449372500694413,13.703227953471465,0.013286008003886716
193,421.5869399613743,115.41129041214282,944674.2712402344,844.1412963867188,1119.0949610969624,939032.4699229596,5.1299582238035155,0.0017961794411144316,1.0017994115070696,59197.55078125,252.0,132.75276796353063,11.561221711692694,False,True,science_V_000.fits,935652.737610338,825.1463002085532,1133.923447725397,-10.482408605600197,0.0009574720429124814,13.944120795061565,0.013293639172015538
194,429.889017038939,128.82565314358288,1180837.030303955,935.2142944335938,1262.6379187447312,1173368.2160384657,5.222271218106214,0.005465196382015924,1.0054952288870478,60186.64453125,264.0,132.75041341351118,11.564947530119206,False,True,science_V_000.fits,1166110.0639284684,914.4424173596185,1275.2143183553544,-10.721470732733236,0.0008513862998340771,13.705058667928526,0.013286419696604955
195,421.0752786467063,140.88002844408328,1060679.142150879,889.9353637695312,1191.8608758934156,1054553.6435492747,5.165608783307332,0.0017767422248889941,1.001779904656649,58461.08203125,256.0,132.752911841544,11.568296379516921,False,True,science_V_000.fits,1049688.3049088952,870.5374990941981,1205.7933242406043,-10.607272770396303,0.0009004030609339808,13.819256630265459,0.013289650687468284
196,116.20112341751948,118.08119264900832,40345.03890991211,222.46424865722656,181.3551577542504,42901.87400443872,4.412239533383359,0.18649569044403802,1.2292497879277784,2833.37451171875,79.0,132.83935416191915,11.561964519604665,False,False,science_V_000.fits,105550.01119730876,345.76332842606325,305.2666448977662,-8.113267583330778,0.003556562821868734,16.313261817330982,0.013727826806479089
197,109.58397020808137,124.08962506799104,440415.70098876953,589.9791259765625,746.4937005352042,440885.9678892323,5.053759306486647,0.0073483755441065,1.007402773906842,28236.966796875,191.0,132.84123057544625,11.563633268401995,False,False,science_V_000.fits,444212.26910901937,587.069480883188,756.6604696274552,-9.6735982479374,0.0014348575663461695,14.752931152724361,0.013336525258045583
198,94.32721126289842,142.76038195235546,57420.54489135742,246.47378540039062,232.9681625089628,63788.46681033871,4.404546585993805,0.15530184736546138,1.1838548443382866,4029.5693359375,79.0,132.84555720905604,11.568818942920089,False,False,science_V_000.fits,188433.4114160862,419.1360837537624,449.57573141516644,-8.742516650797857,0.00241494352148959,15.684012749863905,0.013477241629308702
199,86.3738676084425,146.9206445950307,593707.1781921387,667.1736450195312,889.8840393714265,596314.860726191,4.989443141320366,0.05059881893888696,1.0532955087356584,38725.49609375,174.0,132.84781248021048,11.569974209699886,False,False,science_V_000.fits,676791.2426427583,707.4118549082873,956.7145898770684,-10.130758700298374,0.0011348212011060743,14.295770700363388,0.013307588394644116
200,93.8308000499408,153.01271281506365,954375.3271484375,830.449951171875,1149.2267845903143,956132.197869285,5.052410475342853,0.03307389167234265,1.0342051904354361,59364.1171875,187.0,132.8456984265831,11.57166678890788,False,True,science_V_000.fits,998953.8631317671,847.0813055904457,1179.2892329685649,-10.553485450837117,0.000920639288181257,13.873043949824645,0.013291037070963643
201,92.0429954009385,166.16828935098525,1516249.7561340332,1048.312744140625,1446.3715762389293,1510713.3898969148,5.806392085461064,0.1657852534854488,1.1987321060651581,59310.734375,308.0,132.84620594675516,11.575321033858355,False,True,science_V_000.fits,1490439.6791574885,1021.951837696781,1458.4245794954093,-10.987907884105152,0.0007444334216964681,13.43862151655661,0.013279995137127335
202,276.26716152714755,152.77965035967438,296218.70834350586,496.671875,596.4072524612067,300637.1707969522,4.9158693009094545,0.06802573996655081,1.0729910072453175,19630.865234375,158.0,132.79397027880222,11.571605568299484,False,False,science_V_000.fits,350304.09004983807,536.6264045940943,652.7895143639252,-9.415734894152889,0.0016631700971145359,15.010794506508873,0.013363017043120274
203,296.32520127537106,160.60150172628838,321668.1604614258,524.6822509765625,613.0723115994916,320712.3916992502,5.027236394923203,0.014649175778482015,1.0148669645555486,20149.09765625,193.0,132.78828291565378,11.573778131155853,False,False,science_V_000.fits,319439.05330192024,517.09797780998,617.7534374719712,-9.31559189929465,0.0017574973025532709,15.110937501367111,0.013375084541462494
204,280.1162316705241,161.72481789981677,766629.0409545898,761.1591186523438,1007.1863059486573,764916.7507067509,5.08653803196843,0.017764436177570397,1.018085718774465,51061.39453125,218.0,132.7928788471043,11.5740903118684,False,False,science_V_000.fits,780688.633533345,758.1550269001659,1029.7216345386657,-10.285816514749001,0.0010543626195504902,14.14071288591276,0.013300968771344903
205,469.499638893947,167.15821087727548,27037.746551513672,211.5821075439453,127.78843573007688,28172.407985694947,4.471554775108916,0.024556629286300646,1.0251748384617483,1714.686767578125,79.0,132.73918014548426,11.575593328664393,False,False,science_V_000.fits,31921.36853608775,283.46911532405306,112.60968765361346,-6.81482562952604,0.009641266418743697,17.61170377113572,0.016393843596911064
206,475.61884748340134,175.04311330647369,101721.3671875,332.5329895019531,305.89857367189893,102730.27793120108,4.81658895069092,0.009521094869258562,1.0096126175125373,6711.52490234375,126.0,132.73744458671365,11.577783210446926,False,False,science_V_000.fits,102663.85480231517,356.6820408188737,287.83017660944915,-8.08316579162852,0.0037720158907214377,16.34336360903324,0.013785216487333161
207,363.38056504187773,174.63741378519867,669405.2403259277,709.9299926757812,942.9172555492231,699183.2273419754,4.844079992783647,0.2056534906478883,1.258896449127251,42992.96875,177.0,132.76926941158044,11.57767561005313,False,False,science_V_000.fits,1459168.3982293124,1042.4501562871806,1399.7488411593001,-10.964885412550185,0.0007756391490210498,13.461643988111577,0.01328178097290725
208,367.0982823523321,180.83911127366275,1676860.5345153809,1156.7420654296875,1449.6408357834625,1694866.4982196246,5.436915711696778,0.054068936991767846,1.0571594898467747,57767.0546875,252.0,132.76821506837058,11.579398190221724,False,True,science_V_000.fits,2015407.5952088328,1200.3435862138053,1679.025587636912,-11.315529101287039,0.0006466250472859273,13.111000299374723,0.01327487151254446
209,399.1527399985509,185.39695320190867,1720603.0010375977,1118.817626953125,1537.876200362801,1710134.2101774446,5.528615820705342,0.001500958667418173,1.0015032149308978,58656.05078125,314.0,132.7591258871906,11.580663123688721,False,True,science_V_000.fits,1698124.4847518548,1090.7483794259874,1556.8434634260034,-11.12954568400972,0.0006973726167759983,13.296983716652042,0.013277440200935417
210,354.7222166362003,188.91218168698222,31703.675659179688,377.8248596191406,83.91103669339807,33115.412711137375,4.650173053699169,0.029801153969930994,1.0307165423787852,2121.54248046875,91.0,132.77172405746364,11.581641070929548,False,False,science_V_000.fits,28007.232649681417,413.70953880848464,67.69781700065317,-6.672797371524027,0.016037444752310476,17.753732029137733,0.020808741526247995
211,376.1625449469183,197.21847044769973,489767.93908691406,630.5740966796875,776.7016464295097,487564.8549414863,5.097432862669247,0.012719520442278864,1.0128833909974366,32764.830078125,215.0,132.76564434946937,11.58394771921982,False,False,science_V_000.fits,480460.3386345674,617.1630283502166,778.4982517810909,-9.758765731663793,0.0013946081414005444,14.667763668997969,0.013332254932712907
212,391.33364028621,200.3081763285548,1033956.2580566406,882.4447631835938,1171.6951600760135,1028317.6092596051,5.455132903282018,0.10525928538321094,1.1176422215549817,58738.8125,268.0,132.76134241803737,11.584805431408524,False,True,science_V_000.fits,1018965.6594784756,859.1638182407406,1185.9969401003777,-10.575020743894273,0.0009154323786940893,13.85150865676749,0.013290677415494986
213,71.79220696584444,194.80540424142106,367441.8222351074,544.9574584960938,674.2578094978788,367855.53671586514,5.009011886298023,0.005134931543080534,1.0051614351592875,24534.041015625,182.0,132.8519494236044,11.583274816860094,False,False,science_V_000.fits,372041.44780988095,544.7328958046313,682.9795862802341,-9.481100188479454,0.0015896521972393555,14.945429212182308,0.013354066190901364
214,82.33256997814289,195.82990371939968,192115.9280090332,413.31884765625,464.8128898511123,194664.03041475097,4.906938777261318,0.03513154091652271,1.0364107050922713,12567.21484375,149.0,132.84896072817892,11.583559917620317,False,False,science_V_000.fits,204260.33658772582,430.52205436675047,474.448020759749,-8.830081982087803,0.002288343406431401,15.596447418573959,0.013455133045367667
215,230.51436553739325,201.11744001437341,1222519.709411621,940.2002563476562,1300.2758733130702,1229305.220745617,5.085079202588911,0.04540984259403913,1.0475699882737504,66027.7578125,223.0,132.80694339583042,11.585032709707605,False,True,science_V_000.fits,1507379.568138481,1028.7767428935865,1465.2154401340306,-11.000178434807328,0.0007409831825828192,13.426350965854434,0.013279802174718474
216,231.22517368270542,210.28972868119916,1671090.564605713,1091.632568359375,1530.8177980776177,1697311.087258304,5.437877824067195,0.06160323709932802,1.0656473248148328,60429.109375,250.0,132.80674190458166,11.587580572242219,False,True,science_V_000.fits,1809623.8407674406,1122.9438672200633,1611.4998207767126,-11.198592647047088,0.0006737202114466964,13.227936753614674,0.013276218913760752
217,241.2561124942788,222.27518789540122,1018005.3004455566,892.8414306640625,1140.1860011003319,1011819.009349595,5.184746199723782,0.0027520171314883157,1.0027596116299702,55765.77734375,261.0,132.80389760817505,11.590909918303765,False,False,science_V_000.fits,1007292.7193308794,873.4592608763314,1153.2223246683245,-10.562511111291094,0.0009414489962395201,13.864018289370668,0.01329249472203421
218,256.0295510965231,224.56769281342164,51974.637145996094,259.635986328125,200.18271689160662,52788.28667070763,4.663955458026894,0.023624269753952043,1.0241958797439574,3460.953857421875,104.0,132.79970844562362,11.591546751151943,False,False,science_V_000.fits,52199.29097181241,299.1448004424419,174.49506357659726,-7.348783383983295,0.0062219525168596855,17.077746016678464,0.014646391461545862
219,483.6116958160476,221.65090063438993,1598625.581085205,1081.75537109375,1477.8069273359408,1588482.7447828755,5.426726434086872,0.007193209057785976,1.0072453262038623,60982.328125,305.0,132.73517523436294,11.590729313402013,False,True,science_V_000.fits,1577826.0730592432,1054.4029211536279,1496.4166367567866,-11.049769694935282,0.0007255332327452996,13.37675970572648,0.013278949062128554
220,471.17779870649525,226.4650430372342,407115.99282836914,579.7755126953125,702.19590844003,406837.5489838909,5.062738552080518,0.020617515956294574,1.0210515465532612,25901.8359375,189.0,132.73870069483968,11.592067338173957,False,False,science_V_000.fits,408177.7752114553,575.915811745119,708.7455612211966,-9.581745259570917,0.0015318614456354353,14.844784141090845,0.013347310186378799
221,412.3159229452216,237.9477099401899,77531.39181518555,359.06915283203125,215.923287209954,78668.33273921738,4.889378512664553,0.03029588853375209,1.031242404951695,5782.2734375,123.0,132.75539113627613,11.595260003414351,False,False,science_V_000.fits,77782.27691845642,383.4623014554108,202.84204372434507,-7.781823504260799,0.005352440648228859,16.64470589640096,0.014298696115926079
222,400.45570963191454,242.8464775723211,226698.00274658203,447.7760009765625,506.2754641878359,229503.27428522296,4.9469233268636525,0.0345626082378695,1.0357999478089255,14501.5927734375,146.0,132.75875407237777,11.596621267969827,False,False,science_V_000.fits,258428.1020263934,481.3270163909241,536.9075352639323,-9.085471219053172,0.002022135896204722,15.34105818160859,0.013412424214343454
223,400.869949745441,253.8017144200209,1337680.554260254,992.1404418945312,1348.277418976995,1331279.1655200976,5.293598218693902,0.018435485205877233,1.0187817356149473,58364.37890625,273.0,132.75863615698447,11.599664371844323,False,True,science_V_000.fits,1323800.6376318359,971.7117981238545,1362.3387512509178,-10.859178338885398,0.0007969383525228918,13.567351061776364,0.013283041837640536
224,386.7027213362729,261.32359745914675,119334.96630859375,355.19989013671875,335.965662215326,120100.63059143769,4.858791514939198,0.012372625715083685,1.0125276253344455,7740.74365234375,138.0,132.76265326625858,11.601754326877613,False,False,science_V_000.fits,116155.06089623694,371.29375690011636,312.8387125762645,-8.217217216127688,0.003470478417006417,16.209312184534074,0.013705776525454306
225,129.54108030892593,244.129435236871,1035947.3846740723,869.6885375976562,1191.1705626656567,1048613.557473177,5.090362243452145,0.047214874012294517,1.0495545876236776,57278.171875,221.0,132.83557633450746,11.59697839359744,False,True,science_V_000.fits,1141966.2234488165,901.6138579717516,1266.5801588473314,-10.698755020884793,0.0008571901213011708,13.72777437977697,0.013286792864602175
226,138.46272537664063,248.2533237751096,1617275.5411376953,1064.1494140625,1519.7823912373162,1639391.011539546,5.117191368214254,0.15773214230569788,1.1872707605600523,56918.49609375,181.0,132.83304659093304,11.598124216334961,False,True,science_V_000.fits,2586313.6098990575,1332.9318681467366,1940.3194354524514,-11.586324837032455,0.000559547041668854,12.840204563629307,0.013270914912492934
227,143.14703740686014,252.57835205307282,1299869.2883911133,964.3423461914062,1347.933432068854,1328749.4357908966,4.95912489743728,0.173585301531744,1.2100462417397477,57197.39453125,210.0,132.83171840822868,11.599325760743655,False,True,science_V_000.fits,2352351.6993084145,1273.394009375645,1847.3085957596036,-11.483377507740592,0.0005877198874579837,12.94315189292117,0.013272132623994555
228,171.70758118676633,250.33001315743644,75142.88543701172,293.45941162109375,256.0588703627404,76074.1812996286,4.820116377346435,0.006328097924235054,1.0063683977689375,5003.54638671875,118.0,132.82361947435214,11.59870199252858,False,False,science_V_000.fits,77437.72266139969,324.3782440479066,238.72662264600922,-7.777003305229153,0.0045478798634449235,16.64952609543261,0.014017392802340769
229,178.39386134028612,262.4642742697956,1533523.8889160156,1044.8106689453125,1467.7528996368655,1571999.7139368951,5.270614833008135,0.11443636877037122,1.1292243320917248,57088.07421875,225.0,132.82172371988605,11.602072768128956,False,True,science_V_000.fits,2094229.5982308544,1204.5213650719454,1738.640474929033,-11.357182607248173,0.0006244534253375849,13.069346793413589,0.013273809995747371
230,171.32657989602092,267.3787477716742,1916734.9327697754,1167.7581787109375,1641.3800114725952,1944255.3909530058,5.986105955133975,0.16928516015131978,1.2037825160101343,57003.62109375,279.0,132.823727916794,11.603437742941516,False,True,science_V_000.fits,2257718.6151967286,1250.2653460052047,1805.791564495086,-11.438796408577574,0.0006012321805831287,12.987732992084188,0.013272737843329677
231,153.41820095324746,273.93137256198884,1198360.8377685547,941.6776733398438,1272.5807053684664,1189784.6015704945,5.2649267171392,0.008417153837097624,1.008488603720475,56750.4921875,287.0,132.8288064382819,11.60525745755464,False,True,science_V_000.fits,1178403.8437160526,918.0334491383056,1283.6175466396553,-10.732857250085976,0.0008458126821670694,13.693672150575786,0.01328606370661008
232,137.4323714939973,280.35656451475836,621558.475982666,694.8712158203125,894.4944931254649,617869.3774981226,4.943295841998314,0.0041418614976233,1.0041590878635105,56781.7578125,225.0,132.83333983106624,11.607041748326852,False,True,science_V_000.fits,617088.8522914897,681.0581309770649,906.0736877279431,-10.030491126432304,0.001198246913805085,14.396038274229458,0.013313147088094173
233,101.93821875888207,273.8887655665949,904881.2781982422,816.457275390625,1108.302057526907,909531.6268114996,5.024775025365473,0.051890747188298,1.0547307676139763,56891.87890625,213.0,132.84340486441445,11.60524380951401,False,True,science_V_000.fits,987582.6693289045,842.2662172255285,1172.530310644604,-10.541055524231774,0.0009259462123440813,13.885473876429987,0.013291405723659982
234,110.30004082095122,273.5217425420418,360013.48809814453,533.1785888671875,675.2212028300753,372211.15146756003,4.835718164405231,0.07367129283345542,1.0795304002385948,22921.3046875,148.0,132.84103364746514,11.605142203003433,False,False,science_V_000.fits,580179.2285406801,662.1339018317396,876.2264353715486,-9.963527314595455,0.0012390632788197354,14.463002086066307,0.013316882800854954
235,283.2021618860302,274.5915948260393,494234.18325805664,631.562744140625,782.5575334253875,492174.54435795615,5.052300614139947,0.006071026835803406,1.0061081093314708,31841.212890625,214.0,132.79200295408356,11.605442169570033,False,False,science_V_000.fits,490498.1123265673,618.9045001289377,792.5263303536826,-9.781215224901997,0.001369922939362131,14.645314175759765,0.013329695367208417
236,274.5443743477059,292.25257734060415,1232489.8293151855,956.8161010742188,1288.1156869449287,1224602.6019757935,5.259257778634524,0.00506310669687382,1.0050888721997882,57175.6640625,289.0,132.79445798999552,11.610348055091793,False,True,science_V_000.fits,1219415.4745565718,932.3340898180062,1307.916859282282,-10.770001128990609,0.0008300986353182853,13.656528271671153,0.013285072580424401
237,465.1552084308297,283.8628066085,2100028.861846924,1250.1337890625,1679.843293750005,2088538.3979418017,6.920677634720054,0.30459449223487733,1.4380098932690017,60467.24609375,425.0,132.74040506400763,11.608011507307417,False,True,science_V_000.fits,1959579.895288842,1173.7724452719806,1669.4717133479635,-11.28502931172587,0.0006503254839956133,13.141500088935892,0.01327505227703157
238,497.72012483645244,284.01720526806037,675551.0866699219,732.389892578125,922.3926948143402,671125.5657632528,5.137925010279031,0.006644412428360114,1.0066888559459388,44933.6171875,247.0,132.73117037893675,11.608052355909386,False,False,science_V_000.fits,667313.9625114562,711.2362716616715,938.2451220498092,-10.115447403754512,0.0011571602926408425,14.31108199690725,0.013309511999530696
239,481.89148149474966,289.0072120851595,306223.0951843262,521.9307861328125,586.7120762376402,305492.436419528,5.140372303034123,0.019498103387111332,1.0198858395424495,20528.193359375,196.0,132.7356587052893,11.60943949616774,False,False,science_V_000.fits,288436.3418177489,512.7277229518467,562.5526549592047,-9.204746821168458,0.0019299526727479992,15.221782579493304,0.013398836033097581
240,476.9829818140912,300.3289053990692,247074.7985534668,482.890380859375,511.6581492341193,252228.22071297356,4.829546669528628,0.18479341122027737,1.2266829215608934,17725.095703125,138.0,132.73704994275872,11.61258471375522,False,False,science_V_000.fits,552533.9672404851,674.2500936738298,819.4792591423426,-9.910519328040834,0.0013248657460059221,14.516010072620928,0.013325140110622732
241,473.09566327418713,308.2220285219411,1641232.0549621582,1089.4302978515625,1506.5048752534144,1642239.3060376097,5.461689591598564,0.017089998803530793,1.017387145092356,60332.94140625,265.0,132.73815183076107,11.614777483272233,False,True,science_V_000.fits,1666823.6044288564,1085.0312143168342,1536.1987585567617,-11.109345979074867,0.0007067444846915518,13.317183421586895,0.013277935739015643
242,462.8431555396092,320.2767129778538,1100439.3664245605,909.2981567382812,1210.2074091647967,1093051.324397209,5.203062875892353,0.004205042559742522,1.0042227996118316,59478.41015625,266.0,132.7410585740751,11.618126609068971,False,True,science_V_000.fits,1084870.787697948,886.6965879550121,1223.4971944574468,-10.643066911826063,0.0008873743273938997,13.7834624888357,0.013288774319691967
243,446.9896968242005,325.50842294733434,459238.0460205078,616.6758422851562,744.6992642337888,457133.4853003958,5.075118427339448,0.0026542051078584095,1.002661268660731,29412.30859375,212.0,132.745554137448,11.619580738566974,False,False,science_V_000.fits,453834.2978230699,603.253041783613,752.3116609262956,-9.696865158843327,0.0014431518962011232,14.729664241818435,0.01333742018226523
244,371.3950814495829,287.031907998455,174947.88970947266,408.2080993652344,428.5752536059855,175741.05561456617,4.915463509876931,0.010556185342970315,1.0106688072496866,11476.748046875,148.0,132.76699322903806,11.608896048003627,False,False,science_V_000.fits,175667.61226992335,419.6008979655203,418.654042738389,-8.66635111971102,0.002593310679382209,15.760178280950742,0.01351034233476653
245,366.827424696069,298.1254762396929,290619.2822265625,502.57196044921875,578.2640200754445,290826.45039290155,4.984462616498147,0.006079871177105622,1.0061170621268192,19624.265625,174.0,132.76828816847285,11.611977738361546,False,False,science_V_000.fits,289382.8801604552,501.9086809434065,576.5648038135547,-9.208303960938233,0.001883049386328975,15.218225439723529,0.013392160569308482
246,35.67928562816331,312.53093265467527,681149.1677246094,724.71728515625,939.8826020518508,678965.8850934883,5.805430114293778,0.30146259942267417,1.431562575137025,60397.84375,241.0,132.86219661360548,11.615974326132653,False,True,science_V_000.fits,667704.5758901336,703.7414933144922,948.7923935611194,-10.11608275538027,0.0011442966947964484,14.310446645281491,0.013308399777903766
247,49.41988543730008,314.22365418148513,425614.76541137695,586.336669921875,725.8880217539302,424299.3892470292,5.081083601780305,0.025637100855741668,1.0263116554194105,27183.947265625,203.0,132.85830007641428,11.61644533439612,False,False,science_V_000.fits,422857.754004351,576.9083223772839,732.9721857051187,-9.620107620844891,0.0014812294670575495,14.806421779816871,0.013341593999851237
248,216.5240939252654,321.90868369627594,82884.69073486328,313.4751281738281,264.405955323199,83684.10763803273,5.026751048445476,0.12836703646058834,1.1472718929070012,5263.60595703125,135.0,132.8109117105364,11.618585709762932,False,False,science_V_000.fits,82283.10973875335,331.39972629820403,248.2896128426865,-7.8428986157754075,0.004372716150183404,16.583630784886353,0.013961544909244884
249,223.06072075145454,333.5028890175738,36914.7526550293,229.90115356445312,160.56793140309404,37626.901149444355,4.4575779642618745,0.033885974367277805,1.03507450825495,2509.66357421875,88.0,132.8090581029162,11.621806385635024,False,False,science_V_000.fits,36333.84670587595,282.81166292986137,128.4736503773075,-6.955400322915816,0.008450760111598486,17.471129077745946,0.015723213290754882
250,414.5884900902222,323.6565784193822,1110319.4473266602,910.3955688476562,1219.6011111214655,1103962.3302336014,5.197298265807648,0.007785871424492163,1.0078469668998467,58711.83203125,256.0,132.75474285640806,11.619067914793078,False,True,science_V_000.fits,1098625.9847259852,890.5886036239621,1233.595377546358,-10.656746540914561,0.0008801103017745379,13.7697828597472,0.013288291231986023
251,403.74686041095924,331.7372550617425,468322.7212219238,616.96435546875,759.0758154352484,467507.15572126664,5.054953640913416,0.004949339449897394,1.0049739572527505,30899.15625,198.0,132.75781708221055,11.621313009134523,False,False,science_V_000.fits,466437.8573992062,609.2697148054226,765.5687556178113,-9.726606353377264,0.0014181613238955187,14.699923047284498,0.013334739264919283
252,417.953112322351,338.0239580400651,93181.29483032227,326.0638427734375,285.77622724966915,94064.86034070083,4.835182375559752,0.02033589807858094,1.0207580312871483,6441.7998046875,127.0,132.7537880263906,11.623058701484275,False,False,science_V_000.fits,91653.12108467922,350.37405533181965,261.58649503280054,-7.959990020739137,0.0041504436223432075,16.466539379922622,0.013893533459312515
253,467.6652035937647,346.3124109449801,1147600.8544006348,916.1078491210938,1252.6918697417923,1155580.5015509098,5.031551152010729,0.09820192252137383,1.1088956884848773,59916.4453125,210.0,132.73968953763804,11.62535846161668,False,True,science_V_000.fits,1694511.5197226587,1091.2571997090704,1552.8067262002176,-11.127233188111855,0.0006991855339632338,13.299296212549907,0.013277535544433327
254,464.92556437959684,352.214220477853,794653.2330322266,769.444091796875,1032.7627978486141,837565.1616264248,4.775378956143407,0.17499193165154225,1.2121093579143412,55721.24609375,176.0,132.74046613613524,11.626998012308635,False,False,science_V_000.fits,1538066.2156790497,1042.2676788984347,1475.6921343897193,-11.022059456015544,0.0007357225634661239,13.404469944646218,0.013279509682709679
255,246.57727978540555,348.95176301340496,678946.0433654785,716.2161865234375,947.9624394711451,689192.2172086923,5.00461393760618,0.04598744244221886,1.0482042317765126,44749.14453125,185.0,132.8023890370684,11.626097870215007,False,False,science_V_000.fits,736904.621399687,740.7387829670436,994.8238682035809,-10.22315007441996,0.0010913489660843384,14.203379326241802,0.013303951754593831
256,273.2466813920051,354.29518387591116,1722519.1067199707,1117.5234375,1541.3717949159081,1712918.1246004447,5.559676620865443,0.00562479718087916,1.0056566144901165,57175.89453125,304.0,132.79482567041197,11.627582117158967,False,True,science_V_000.fits,1697503.8287647034,1091.084455190474,1555.79508138842,-11.129148780331677,0.000697842545581968,13.297380620330085,0.013277464891356757
257,255.46418608759794,352.92997794662034,927136.9796142578,838.8952026367188,1105.188081538895,935689.7633688343,5.95188425367142,0.2593510889498306,1.3501673803612235,53599.23046875,261.0,132.7998687442913,11.627202939477959,False,False,science_V_000.fits,947355.0327590998,830.6122919085703,1140.5502205876096,-10.49590379058949,0.0009519089825265645,13.930625610072273,0.0132932396515598
258,234.9004900107899,356.32725306131596,574035.903503418,672.7149047851562,853.3123012738164,571770.5743439373,5.077695490310182,0.003341951848944147,1.003353157941326,37886.1328125,215.0,132.80570057131405,11.628146570840947,False,False,science_V_000.fits,570118.65155566,660.5107403182625,863.1481923835973,-9.944534997228294,0.001257837309491227,14.481994403433468,0.01331864273940611
259,301.72010863293576,357.39225017359786,690285.1291503906,721.384765625,956.8889752645872,708884.9057555491,4.951997567562815,0.07976686114634168,1.0866811439171902,44023.3203125,180.0,132.78675063300363,11.62844215681728,False,False,science_V_000.fits,1006250.5496477045,854.616844708128,1177.4288745635045,-10.561387200546292,0.0009220939145071417,13.86514220011547,0.013291137908770567
260,286.6081239538053,362.0202059210308,1780139.20022583,1167.5931396484375,1524.6228671417427,1770511.0705621657,5.617124285389561,0.01775013029167305,1.0180708909607123,56853.33984375,307.0,132.7910363279633,11.629727863755324,False,True,science_V_000.fits,1752727.7341278207,1124.674435252339,1558.4312039017475,-11.163908020879337,0.0006966621287367709,13.262621379782425,0.01327740290284222
261,309.0456276653042,358.6155575071185,703517.1933898926,728.581787109375,965.5981055758676,715650.3259535299,4.902645599146892,0.09864788254193846,1.1094443343852558,45836.16015625,184.0,132.78467310815313,11.628781862027695,False,False,science_V_000.fits,1012969.948536511,856.8262105801214,1182.2350157223495,-10.568613277722053,0.0009183453252199892,13.85791612293971,0.013290878370489301
262,18.26524290893049,381.961388309713,1250647.4342041016,954.2671508789062,1310.5841829012147,1245403.3925581265,5.174352905336108,0.008602561918761964,1.0086772081390603,62727.00390625,255.0,132.86713962276767,11.635259447278393,False,True,science_V_000.fits,1244152.4588176748,938.236692925868,1326.0539352152343,-10.791805879522439,0.0008187449779889821,13.634723521139323,0.013284367996324443
263,12.105871800674146,393.6747619092316,1052429.1665344238,879.4865112304688,1196.6404863469652,1047774.5958341542,5.110806570402967,0.005710589236389674,1.005743387362442,62292.51171875,238.0,132.8688872546295,11.63851274886154,False,True,science_V_000.fits,1048550.0376271609,866.2774301587792,1210.4090457891452,-10.606094774460711,0.0008969695028114738,13.82043462620105,0.01328941849787871
264,368.97470570562905,397.0343309596247,1414718.9466247559,1015.1861572265625,1393.5561833207978,1414045.3225218127,5.276701798852964,0.029654179085950028,1.0305604233530024,58683.3515625,251.0,132.76767605698998,11.639452342707362,False,True,science_V_000.fits,1433690.1785036768,1007.7325624495977,1422.6891458371265,-10.945760149330308,0.0007631322718506873,13.480769251331454,0.013281056455987489
265,361.3549299622497,404.3126711037166,916927.6608886719,828.1149291992188,1107.24686702042,917761.6160989279,5.061877898933721,0.03541004107244805,1.0367099416127217,57095.1015625,214.0,132.76983688018296,11.641474335432239,False,True,science_V_000.fits,964064.4315733312,838.3205050548579,1149.9950505329043,-10.514887024518051,0.0009440910197803808,13.91164237614371,0.013292682106197263
266,253.16194709224723,422.252778025735,554380.9920654297,659.6737060546875,840.3866744682273,562749.0866837697,4.7264813899545945,0.06400004900661249,1.0683761243135628,36954.875,162.0,132.80052168891908,11.6464592642559,False,False,science_V_000.fits,972786.4952469389,848.0649832418767,1147.0659848827768,-10.524665706184589,0.0009465017830782874,13.901863694477173,0.013292853544222825
267,255.0442273930052,429.74119942823245,1115326.877960205,890.306884765625,1252.744303166674,1143059.7528814052,5.004103648758988,0.04339560741250936,1.0453642150807294,58136.79296875,147.0,132.7999878424655,11.648539380350961,False,True,science_V_000.fits,1610099.666559372,1062.017931046217,1516.0757831774345,-11.071753774209117,0.0007161251515571071,13.354775626452644,0.013278438347768146
268,264.0155292224165,428.0872428676159,107824.00381469727,342.057373046875,315.22198411996,112631.74059672846,4.648988687160127,0.08281791607919375,1.090296046478754,8253.4697265625,100.0,132.79744341558293,11.64807993701758,False,False,science_V_000.fits,246254.6039052562,485.4157347505637,507.306595720052,-9.03308277076661,0.002140125930077842,15.393446629895152,0.013430719590527475
269,251.79894949991768,436.140936420427,455607.0813598633,603.83154296875,754.5267991795557,480276.79489687365,4.7685044256102,0.16916164683062096,1.2036035604101858,32946.57421875,163.0,132.8009082705169,11.65031708232551,False,False,science_V_000.fits,992838.1432105824,853.6099684654953,1163.105141561752,-10.54681800827036,0.000933449574938843,13.879711392391402,0.013291930553224406
270,248.20454216335563,453.548868279711,668402.8609924316,725.4666748046875,921.3419226629276,664238.7486999305,5.115408670750444,0.004759202635689963,1.0047819609568798,42411.1328125,244.0,132.80192775239598,11.655152609862613,False,False,science_V_000.fits,660363.8003107862,706.0345982337785,935.3136545471813,-10.104080019481408,0.0011607870736428266,14.322449381180354,0.013309827810799178
271,288.4785914298715,424.88602873895576,493050.76748657227,637.357666015625,773.5856863051914,501971.8898116237,4.746891814122988,0.17558805808880473,1.212985825607702,35848.51171875,160.0,132.79050526963113,11.647190567201395,False,False,science_V_000.fits,1030202.3549527245,876.5405261861267,1175.3048765870396,-10.586928219803388,0.0009237603124329386,13.839601180858374,0.013291253621747393
272,293.7996146174405,429.40984234505993,989898.3503417969,854.3656005859375,1158.635541579517,1007266.5386515956,5.0291484944794,0.05959544399463279,1.063372134486227,58485.6953125,207.0,132.78899608447932,11.64844712781283,False,True,science_V_000.fits,1276172.739672251,964.1638674162563,1323.6056471314455,-10.819395532591876,0.0008202594196790857,13.607133868069885,0.013284461420711012
273,328.42265043432604,428.4262753552641,643388.468963623,701.258544921875,917.4768330777358,645876.6340037418,4.930741224622783,0.07514198459559762,1.0812470491081176,38541.671875,177.0,132.7791763602514,11.648173375618953,False,False,science_V_000.fits,914382.3360738452,819.456638258479,1115.8398057731324,-10.457441443592304,0.0009729891283523002,13.969087957069458,0.013294765795856606
274,349.7532247554096,434.57164653086386,1096081.0964050293,909.1333618164062,1205.6329054024704,1088519.3212919557,5.184493733169124,0.007291947048751135,1.0073455101195892,59777.15234375,275.0,132.77312645001322,11.649879923780844,False,True,science_V_000.fits,1084492.412656234,885.0776789889316,1225.3076067798975,-10.642688168897386,0.0008860632170995939,13.783841231764375,0.013288686833072853
275,330.1295996938943,436.73283232468833,1204970.9868164062,941.3794555664062,1280.005612711617,1206236.48580038,5.143198628967151,0.056879349428670234,1.060309727492674,59049.71484375,240.0,132.77869206163894,11.65048071548681,False,True,science_V_000.fits,1338132.2133780378,975.6183132312775,1371.5734885563015,-10.870869438457042,0.0007915726055209716,13.55565996220472,0.013282720990542495
276,123.9014075022537,440.7364121633652,226947.42626953125,443.51348876953125,511.7035490829523,231922.3718299619,4.909157696903661,0.04685365210713821,1.0491568290753235,14759.8955078125,145.0,132.83718283142616,11.651591217364093,False,False,science_V_000.fits,310302.53356591146,510.92240366847585,607.3378879804586,-9.2840851778837,0.0017876375267978227,15.142444222778062,0.013379078355776335
277,119.18792418857998,446.0648258331084,151171.5225830078,370.1523742675781,408.403492972675,155931.9786871392,4.627572180953534,0.1398108183910184,1.1625349648428531,10254.45703125,116.0,132.83851988289922,11.653071156017305,False,False,science_V_000.fits,266895.92748230067,481.5767472545851,554.2126545848494,-9.120476741579553,0.001958995326105064,15.306052659082209,0.013403050115943328
278,435.045249514045,444.2524379711371,671434.3203735352,728.797607421875,921.2905112967334,668693.241668948,5.2420039522426265,0.08125514455718352,1.0884414688972819,42275.85546875,233.0,132.74893541975297,11.652565775377964,False,False,science_V_000.fits,665165.2964440071,711.1338291188653,935.35881603071,-10.1119458309567,0.0011607310279142693,14.314583569705063,0.013309822923012532
279,415.4482783865229,450.9961930100731,1479019.3927001953,1046.71630859375,1413.00883587764,1469078.3280190197,5.356769202275267,0.007354949414526857,1.0074094455114533,60952.29296875,307.0,132.75449326274634,11.654439965025757,False,True,science_V_000.fits,1461449.524588392,1017.8729865235848,1435.7877101933773,-10.966581424863161,0.0007561702835955979,13.4599479757986,0.013280658237473774
280,12.338892232152936,451.5877618941144,1269935.3253479004,954.5263061523438,1330.4351249018557,1300881.6730212,5.0226423565933755,0.08499568853320949,1.092891025176655,65271.6171875,212.0,132.86882513526805,11.654599686661363,False,True,science_V_000.fits,1727701.463094853,1097.3576206008067,1574.4197066303063,-11.14829362661517,0.0006895874050787248,13.278235774046593,0.013277033573506928
281,15.898477739070833,459.0218294758192,1698945.041595459,1089.566650390625,1559.2850983336937,1710017.2191568685,5.148247860708901,0.12775631129153187,1.1464685992520058,65482.5703125,179.0,132.867816050704,11.65666494021596,False,True,science_V_000.fits,2342830.935728197,1270.9432353499853,1843.379680983975,-11.478974249044306,0.0005889725330054988,12.947555151617456,0.013272188152954351
282,20.72103923997109,466.1709651172086,1413361.2660827637,1004.9606323242188,1406.384708636813,1426119.4763138578,5.156369048997669,0.06773176048568752,1.0726526525466253,65997.96875,222.0,132.866448715802,11.658651125006578,False,True,science_V_000.fits,1766093.4116521247,1109.780648577855,1591.3896263331962,-11.172156050078211,0.0006822339306695231,13.25437335058355,0.013276653676997971
283,24.213723231327187,482.02370033875644,1854393.368133545,1154.0657958984375,1606.8350476411997,1842944.0432009408,5.493212853531958,0.0016761268929406103,1.001678941011121,65656.7421875,313.0,132.86545912278507,11.663054880404719,False,True,science_V_000.fits,1831165.5072094325,1128.4458629775115,1622.73226149966,-11.2114408719051,0.0006690567666391513,13.215088528756661,0.013275983077714907
284,92.59811643018884,464.9262763633627,694492.7269592285,756.1561279296875,918.4514960696148,690203.2088162794,5.125271454626882,0.0009179521148264813,1.000918795525122,45283.16796875,241.0,132.8460622391091,11.658309340027538,False,False,science_V_000.fits,687314.4089016565,715.4997205171478,960.6075155485462,-10.147510495492886,0.0011302222629187124,14.279018905168876,0.013307197003365662
285,105.5659342542327,472.50712431169876,370185.5937805176,551.9541015625,670.681842444104,373519.0821496787,5.072873697982324,0.02853176283515535,1.0293697330943348,22339.904296875,186.0,132.84238451360176,11.660415690110945,False,False,science_V_000.fits,369115.08617805055,553.5220249921982,666.8480557449419,-9.472526363282999,0.0016281070187528026,14.954003037378763,0.01335869837174637
286,116.88227107449842,476.227785701417,1168853.082824707,929.7352294921875,1257.1891929524102,1161678.0205848417,5.226182144862707,0.013594635793171994,1.0137819970232052,61500.5625,272.0,132.83917499625989,11.661449657931177,False,True,science_V_000.fits,1145813.1205840006,909.1194008856214,1260.3549318910182,-10.702406351545694,0.0008614240104341335,13.724123049116068,0.013287066683378215
287,131.4849586684274,489.09758620081095,1871365.8965148926,1165.8756103515625,1605.1162576002373,1857565.0130812745,5.583521935974622,0.0038630119526149587,1.0038779926847081,62478.0078125,354.0,132.83503365641067,11.665025128438124,False,True,science_V_000.fits,1842194.7839229964,1133.024307547726,1625.90932220172,-11.217960744760454,0.0006677494157729552,13.208568655901308,0.013275917256636247
288,105.24455910979427,491.70481800854714,1594494.7304992676,1080.311279296875,1475.9586066129486,1582186.85484725,5.435311312909308,0.002546884588617959,1.0025533877725847,62477.80859375,334.0,132.8424764771965,11.66574836150993,False,True,science_V_000.fits,1570497.052509529,1050.048695564578,1495.64211559267,-11.044714688182122,0.000725908951534021,13.38181471247964,0.013278969595895014
289,400.05636177179497,481.6172522898429,56258.40213012695,269.04510498046875,209.10397955097906,58264.38717361113,4.675322106129526,0.0745687278037016,1.0805772725042346,3774.420166015625,98.0,132.75885753763535,11.662946456775517,False,False,science_V_000.fits,72363.31019332925,331.5776606776104,218.23940142845558,-7.70341793665432,0.00497481203162079,16.72311146400744,0.014161668138773268
290,410.1767177008617,488.1763382302345,1585027.2911987305,1079.3255615234375,1468.5349330201254,1574632.8478065943,5.404859036353797,0.0018025746978442836,1.0018058298410244,62606.84375,303.0,132.75598677904551,11.664767999974357,False,True,science_V_000.fits,1565605.9359034125,1051.3694341478515,1489.111139294587,-11.041328022178927,0.0007290926589363314,13.385201378482835,0.013279144017145902
