id,x,y,flux,flux_err,snr,kron_flux,fwhm,ellipticity,elongation,peak,area,ra,dec,flag_edge,flag_saturated,frame,flux_aper,flux_aper_err,snr_aper,mag_inst,mag_inst_err,mag_calib
1,44.99893360370388,1.9964919503029204,40417.82263183594,170.2168731689453,237.4489783496378,39998.554352672065,2.6506899171606046,0.0006794974892374572,1.000679959520024,41000.38671875,25.0,132.8322400163337,11.562012001724426,True,False,science_V_002.fits,39238.37469998007,251.5437105916831,155.99028338924975,-7.0388993992606785,0.006960048897986824,
2,499.99961368274774,0.6607381995707102,53960.517517089844,180.78785705566406,298.4742360239137,53724.8052533862,2.22890060351954,0.35895411933808363,1.5599507463762858,54263.96875,15.0,132.7632214067366,11.561812866126752,True,False,science_V_002.fits,53815.37559744597,258.0607372838694,208.5376340618934,-7.381887813351655,0.005206254520360422,
3,105.90714193624304,1.89762444116862,981.7669677734375,57.81003189086914,16.98264013461829,839.2714180919248,1.7305513330535256,0.17802161641186198,1.2165770049021896,1089.687255859375,8.0,132.82300090583186,11.561998171296215,True,False,science_V_002.fits,1773.959921402057,209.9964729207572,8.447570079291122,-3.6769813833120777,0.12852216552326093,
4,380.9254855225416,15.745029325423097,67490.81805419922,273.3139343261719,246.9351525036258,67952.0451390789,4.5961366880590795,0.0029221708873803376,1.0029307349958638,4724.06787109375,108.0,132.7812834835639,11.564056299786033,False,False,science_V_002.fits,69984.54342869074,318.82330659668463,219.5088689586362,-7.667127208189114,0.004946041611669855,
5,177.82224098417979,23.147057175598114,1055272.2907714844,790.0277099609375,1335.7408575246832,1049473.5820865207,5.146116551322355,0.001058251987247849,1.0010593730709054,54290.796875,263.0,132.8120923030595,11.565156713382914,False,False,science_V_002.fits,1050777.5548148758,768.016812808555,1368.1699896286061,-10.608398842652598,0.0007935417442497161,
6,271.67965471307417,21.96639474287889,269379.4713745117,451.1008605957031,597.1601805830775,269056.1122774988,5.055201833234276,0.04719073756165437,1.049528000431994,17749.609375,184.0,132.79785499772146,11.564981477837227,False,False,science_V_002.fits,269141.16827554523,448.6578904887968,599.8806083234723,-9.129572207147941,0.001809860137060074,
7,479.7544604549352,18.477732573222934,11383.045593261719,164.2787322998047,69.29104841451989,11654.396749086369,3.9491295297857887,0.006179778053551854,1.0062182051814648,847.9091796875,56.0,132.76629204911828,11.56446104288448,False,False,science_V_002.fits,12739.736905890348,270.7417674349996,47.05493735446245,-5.817523022237835,0.02307303039894575,
8,499.6222305763848,25.313676964886664,716069.7865600586,671.1990966796875,1066.8515349653167,712306.5128383806,5.110168959511556,0.019918015341449102,1.0203228052889761,46900.42578125,243.0,132.76327816460235,11.56547657182073,False,False,science_V_002.fits,714031.013391024,651.086629367211,1096.675897161317,-10.188914562627252,0.0009899916673743563,
9,428.64915317377057,38.711866425944855,694854.1555175781,662.9268188476562,1048.1611782208784,691083.109467861,5.086425267090099,0.0011407138916709192,1.0011420166058778,44949.796875,242.0,132.7740439493965,11.567468861606914,False,False,science_V_002.fits,691576.4700899033,642.9385787398357,1075.6493589876006,-10.154222395537092,0.0010093437893384319,
10,293.88877159280406,48.3371437418188,46777.39270019531,249.282470703125,187.64814296109634,47496.395390607795,4.609618538151756,0.02114086333481635,1.0215974521184323,3165.04296875,103.0,132.79448599812102,11.568900414177392,False,False,science_V_002.fits,46715.23813067654,301.619725759659,154.88124330402997,-7.228268291548668,0.00700988690973241,
11,450.23598431635963,52.504670099586946,1047695.3079833984,794.5860595703125,1318.5422716199673,1040841.4841783864,5.18834265184457,0.0023310773590550227,1.0023365239771973,54262.04296875,282.0,132.77076918169485,11.569518310482245,False,False,science_V_002.fits,1040170.2607320005,766.738510707363,1356.6166903138594,-10.597382956048278,0.0008002997513975879,
12,254.45937966105768,50.98682408929808,55377.778259277344,259.4657897949219,213.42997974047816,56128.73760362266,4.621463424381298,0.010779230858705802,1.0108966887826898,3698.762451171875,106.0,132.8004671548123,11.569294245660616,False,False,science_V_002.fits,55077.96790514277,308.0188212682109,178.81364417398052,-7.407066645638211,0.006071684322610445,
13,487.8485410782882,58.37713686836424,40373.4140625,240.0,168.22255859375,40879.67711080462,4.538643194891464,0.012961667862811388,1.0131318789157318,2810.016845703125,98.0,132.76506350474926,11.570390388615495,False,False,science_V_002.fits,41661.87248477369,297.69243072621913,139.94938461532183,-7.103968837369873,0.007757804744795829,
14,338.4214731222115,75.91812753769341,29839.38311767578,221.80960083007812,134.52701328530347,30744.546855305234,4.506344045520357,0.024403396647794562,1.025013818789388,2066.760986328125,90.0,132.78773052036064,11.572999038805435,False,False,science_V_002.fits,30932.471717514014,288.9395116206761,107.05518101007453,-6.780658435315235,0.010141498895768802,
15,205.99296838364504,79.02618610721714,146189.35382080078,392.40667724609375,372.5455306896311,146701.17495447953,4.871636264582194,0.005780159921584982,1.005813764409619,10196.166015625,146.0,132.80781928386907,11.573461110610904,False,False,science_V_002.fits,146441.84860646352,408.0449033383557,358.8866014705058,-8.46878488042571,0.003025189560021024,
16,387.4859503103385,80.35665727834666,16578.41259765625,191.37136840820312,86.62953468720464,17230.390914770076,4.310877307275131,0.02327060782818513,1.0238250307758647,1084.767822265625,74.0,132.78028763413096,11.573658235371385,False,False,science_V_002.fits,17381.535198789235,277.64979873188173,62.602369164956876,-6.154842204627173,0.0173427941223628,
17,13.33323994379473,83.17488199686908,222925.32348632812,409.99176025390625,543.7312285209618,222955.01641800787,4.8662047696794595,0.0030102388676553904,1.003019327765449,15139.10546875,161.0,132.83704493945342,11.574075442367535,False,False,science_V_002.fits,225324.95029147912,417.6133216375494,539.5540290906735,-8.93664508386495,0.0020122173896648735,
18,27.48384330586728,101.97821965937352,155812.1495361328,361.9288635253906,430.50490093117986,156071.45655723102,4.84300622371022,0.008831354003865255,1.0089100417366308,10209.7685546875,150.0,132.83489870068638,11.576870088322972,False,False,science_V_002.fits,157920.47320225573,375.9597371482057,420.0462379300007,-8.550717965723916,0.002584715447876308,
19,322.48163322271654,105.15629397108242,453062.7147216797,577.6469116210938,784.3246550911454,450772.9325958821,5.079375870647998,0.005332156408101585,1.005360740716063,29177.302734375,223.0,132.79014835607668,11.577344249277083,False,False,science_V_002.fits,448260.67920836835,561.6282398735899,798.1448356465514,-9.68344848614077,0.0013602794273805073,
20,308.74352213178014,115.45417007685408,7306.909118652344,149.9741668701172,48.72111825085436,8310.932509212904,3.8676468717384576,0.023680525165806543,1.0242548937885605,545.3482666015625,49.0,132.7922323475058,11.57887469361033,False,False,science_V_002.fits,5942.379874804359,269.7744238260954,22.027217371187838,-4.989522902108366,0.04928902192703302,
21,339.03414292511934,122.99425717680069,1624075.6569824219,976.1920776367188,1663.6845290879396,1616275.0086414153,6.141965530595479,0.22733406472099138,1.2942203795213274,54250.125,364.0,132.78763726190016,11.579995069368186,False,False,science_V_002.fits,1595372.054886251,931.4823972291135,1712.723782684476,-11.061776825347549,0.0006339025655954306,
22,0.6608317273462161,117.99925053002002,54033.072021484375,179.83811950683594,300.4539425215158,53846.23864730567,2.229730464251498,0.3592282053904997,1.560618005368699,54314.4765625,15.0,132.8389680032008,11.579250480363571,True,False,science_V_002.fits,54812.901502154185,253.229335425095,216.4555753785003,-7.401828853816472,0.0050158098173332544,
23,274.4042242153342,127.62350704742713,611166.4987182617,631.4283447265625,967.9110920858723,607477.3911177753,5.10773180442958,0.0025683615928062675,1.0025749750598525,38191.01953125,243.0,132.79744154026443,11.58068329126685,False,False,science_V_002.fits,606982.8551116703,609.9340852036357,995.1613950366783,-10.012562934366791,0.0010909788155116134,
24,365.7609111214518,135.35082054326253,154353.3583984375,373.0284729003906,413.7843880878613,154567.4361210519,4.914349081287975,0.007869944510639604,1.0079323718368332,9999.05078125,159.0,132.78358273102904,11.581831186101441,False,False,science_V_002.fits,153921.13164605098,383.38816994544527,401.47595495174875,-8.522867493263359,0.002704271542564696,
25,497.40217078061403,138.8364325807463,166082.3510131836,380.05755615234375,436.9926299968379,166218.213293413,4.882847719812143,0.0007693777350791242,1.0007699701329562,10830.2119140625,157.0,132.7636127052711,11.582347350322665,False,False,science_V_002.fits,166977.8171258855,391.20523310376933,426.8292011359514,-8.611268822273315,0.0025436404002128913,
26,461.61711634415445,139.50527191741548,50958.103759765625,263.93890380859375,193.0678010117069,51716.61060106091,4.700449806070342,0.02410093562764226,1.0246961356020385,3209.3212890625,113.0,132.7690412903982,11.582447381948082,False,False,science_V_002.fits,52163.83055538696,309.4276452059672,168.58167446759535,-7.348045562828329,0.006440201780109217,
27,352.0487361498515,139.43706249432452,15821.015625,189.74061584472656,83.38233516616738,16747.621062183815,4.293035105259124,0.01021527048738713,1.0103206992215543,1068.3115234375,72.0,132.78566283401693,11.58243855953236,False,False,science_V_002.fits,15301.63224168699,279.658438143879,54.71543195065185,-6.016466273919576,0.01984266524623618,
28,399.9496408095255,146.42203020432623,120418.83264160156,343.164306640625,350.90721940294577,120851.60854611795,4.875583516792232,0.009824324514466465,1.0099217994924476,7932.5478515625,147.0,132.77839617614637,11.583476145295734,False,False,science_V_002.fits,120418.13027703128,361.19572734342745,333.38747155925483,-8.256351573207754,0.0032565710850566035,
29,28.32079516428059,149.7074340102343,82334.99676513672,289.0916748046875,284.8058382198756,82783.35597735169,4.676415793296927,0.003559047390626069,1.0035717594517828,5513.712890625,118.0,132.83477261125338,11.583963192825586,False,False,science_V_002.fits,84865.06315470893,324.95310131813926,261.1609577211678,-7.876444220915618,0.004157206381357979,
30,509.7799879851795,153.99961476662088,54092.66864013672,186.84352111816406,289.50786367340663,54029.11116039908,2.469282605892435,0.1479312674636576,1.1736142423901794,54238.078125,20.0,132.76173467732625,11.58460052389965,True,False,science_V_002.fits,51098.85579493202,268.2558760206766,190.48550418703007,-7.325649812855623,0.005699646304497768,
31,329.3352114961276,162.17446916177596,493071.1134033203,578.33251953125,852.5737300799966,490847.99302710575,5.055422858685945,0.0008103700487031018,1.0008110272809203,32359.36328125,224.0,132.78910834358825,11.585817744251841,False,False,science_V_002.fits,491575.4605822818,561.7133058460853,875.135866404023,-9.78359736104303,0.0012406073635870915,
32,498.8691235064619,165.05863558588305,64870.45153808594,277.50091552734375,233.76662168775397,65542.72354989944,4.651445381048743,0.010370605374585784,1.010479281871484,4550.61962890625,113.0,132.76338965195765,11.586244231777924,False,False,science_V_002.fits,66403.1434443687,321.40787859191573,206.600857873429,-7.610093471114173,0.005255060463810554,
33,452.0348071816602,168.881946581175,255767.77661132812,447.27032470703125,571.8415966426116,255324.52832293278,4.985422990651,0.004673600173483505,1.004695545274694,17186.748046875,183.0,132.7704944607923,11.586813234099813,False,False,science_V_002.fits,255254.2453603716,445.1437509270634,573.4198106314535,-9.07205430893288,0.0018933772078861741,
34,42.20175278575122,174.8356950280215,179127.6416015625,382.6836242675781,468.08285027716204,179245.5094330801,4.87908672305335,0.0061229215786069435,1.006160642710799,12127.9033203125,157.0,132.83266728825132,11.58769777180438,False,False,science_V_002.fits,180727.2371679598,392.9661987924858,459.90529903921,-8.697180897672604,0.0023607033932162565,
35,202.69326708799662,178.03589735096227,19144.070861816406,187.33859252929688,102.18968021136685,19415.983153537654,4.149564909313435,0.008411431254103485,1.0084827836052423,1445.5230712890625,67.0,132.8083202513556,11.588175038809743,False,False,science_V_002.fits,20548.80897537239,278.6369932728049,73.7475980271352,-6.336588511296957,0.014721835409480322,
36,17.4261681519887,194.14634846293941,239097.1385498047,425.12322998046875,562.4184276187152,238946.49245949456,4.903043353177325,0.0024000342746726133,1.002405808297044,15814.52734375,169.0,132.8364261894331,11.590567107844395,False,False,science_V_002.fits,241320.61167633292,429.21555470518246,562.2364078629212,-9.011107917675256,0.0019310382337685691,
37,427.44494131342253,195.38661579836443,399063.5810546875,531.3668823242188,751.0132722407697,397428.02501600026,5.030724529679837,0.0022477587547238276,1.0022528225563476,24720.02734375,209.0,132.77422443682408,11.590752480906339,False,False,science_V_002.fits,397383.5133505709,519.1477953902424,765.4535314974389,-9.552646486880022,0.001418374800461199,
38,264.5092528732283,197.28182965402016,116300.21704101562,330.39825439453125,352.0000953217525,116739.2179141255,4.7434663684762475,0.010464932698563856,1.0105756057004658,7489.310546875,128.0,132.79894254646476,11.591035302658806,False,False,science_V_002.fits,119329.85723750206,359.36253041331406,332.05982020512005,-8.246494676660932,0.0032695916034928326,
39,186.13020768922624,203.38265661504698,643546.8697509766,642.9949340820312,1000.8583826087732,639924.4918531823,5.095707103734168,0.0059219845157748585,1.005957263337013,42273.671875,240.0,132.81083306334628,11.591941769378758,False,False,science_V_002.fits,640904.6633103878,622.9399420853068,1028.8386086866474,-10.0716054529956,0.0010552675520079271,
40,351.8896738785427,203.5043925698817,326118.6823730469,491.9342041015625,662.9315051768954,325079.83261709963,5.024727793313266,0.004034928920786829,1.0040512755295872,20609.033203125,199.0,132.7856864624581,11.59195967707718,False,False,science_V_002.fits,324108.5988104711,483.1248313017786,670.8589122549577,-9.331348257286333,0.0016183730739309065,
41,42.3616057815876,205.18112336989563,301177.07232666016,469.5732116699219,641.3846975120191,300430.4981406812,4.986487784196598,0.0010056165197129818,1.0010066288022657,19818.388671875,192.0,132.83264355921472,11.592207441469705,False,False,science_V_002.fits,301471.891829554,464.01733751884075,649.6996285560411,-9.252738939755506,0.0016710799149030925,
42,92.00408389032717,209.0509646682797,13999.429931640625,180.3905487060547,77.60622733318813,14707.723925573826,4.2520376444758,0.006277891084606413,1.006317551987908,1033.177001953125,69.0,132.82511257454507,11.592783280039134,False,False,science_V_002.fits,14608.952791874488,271.24393203176567,53.85909532591357,-5.966169588241719,0.02015815515337166,
43,302.48701398458167,220.11920599237223,511580.05291748047,609.1863403320312,839.775975013899,509067.51587046526,5.079067693012159,0.0020198583056781905,1.0020239463906055,32238.685546875,224.0,132.79318104750234,11.594429104887375,False,False,science_V_002.fits,507647.28899213736,570.825732191595,889.3209614834742,-9.818527052158975,0.001220819082223078,
44,328.75461273920064,216.126591271991,16826.181701660156,190.06578063964844,88.52820136814334,17606.361305309845,4.246062451614038,0.0056257884701154115,1.0056576170267528,1237.69873046875,70.0,132.78919610021785,11.593835632062838,False,False,science_V_002.fits,16392.832541863358,282.1609981269651,58.097443128858686,-6.091256880147514,0.01868756939254529,
45,280.0621434284589,227.02146913692656,425760.7682495117,563.3280639648438,755.7954156462595,426050.2419616113,6.964564958093999,0.40434053215551946,1.6788115592600432,16797.380859375,266.0,132.7965830369913,11.59545492220497,False,False,science_V_002.fits,415137.5858594639,527.4002646294141,787.1395099719313,-9.600102012669055,0.0013792980612022832,
46,360.3662994278302,226.69932628607611,13264.408447265625,180.2588348388672,73.58534442499109,14137.14652005052,4.174153378426337,0.02128114578328666,1.0217438804735384,918.768798828125,65.0,132.78440031549934,11.595406633998381,False,False,science_V_002.fits,13092.563572199371,282.3205863464914,46.37481007541866,-5.847183602383876,0.0234114166340378,
47,42.789091346142,233.75909287290227,1135679.724243164,820.9320678710938,1383.4028035819078,1128380.0935231203,5.228931543222078,0.0018892938033037154,1.0018928699908478,54293.1640625,290.0,132.83257919713847,11.596454451742519,False,False,science_V_002.fits,1127591.3848988374,792.8470582198958,1422.2054218508565,-10.685001246755153,0.0007633918302653293,
48,317.8549550123422,232.30916345642913,57871.43780517578,272.766845703125,212.1644866919131,58871.90073716585,4.7204572295226725,0.017748763121799183,1.0180694739343963,3867.7822265625,115.0,132.79084956578635,11.596240600922123,False,False,science_V_002.fits,57031.10936266377,316.50929951074625,180.18778421620254,-7.444901422826442,0.006025380714473393,
49,203.87361717649074,237.06801781434368,1168047.326965332,835.2489013671875,1398.4422189043282,1160021.4975596853,5.247809009054349,0.003281336274873259,1.0032921388896339,54249.13671875,293.0,132.8081414320952,11.596947872417589,False,False,science_V_002.fits,1158230.2647495738,805.1246702664781,1438.5725683529554,-10.714109146372671,0.0007547064526908332,
50,339.66599320480543,238.7503210016193,509761.14459228516,628.8067626953125,810.6801243791477,506998.8568222173,5.0891625909798535,0.002603676951174916,1.0026104737815917,33110.33203125,234.0,132.78754061939185,11.59719770122405,False,False,science_V_002.fits,505545.66849578987,581.5169068823028,869.3567848374024,-9.814022858328558,0.001248854347186191,
51,87.24212326255864,238.65694756527478,75007.0082397461,286.5667419433594,261.74359149664133,75773.78989948246,4.717221965653155,0.011958874005144282,1.012103619667757,5050.9150390625,120.0,132.82583539270806,11.597182995316565,False,False,science_V_002.fits,76573.06536228802,323.0405845021713,237.03853025245294,-7.764811956686268,0.0045802680215899835,
52,441.58203486601116,244.17139337692652,285696.9620361328,469.7975769042969,608.1277896721306,284884.0399537551,5.020862217730265,0.00400440767591137,1.004020507426712,18854.939453125,195.0,132.7720790383213,11.598002239317232,False,False,science_V_002.fits,285112.53600431344,462.3573209240903,616.649770862227,-9.192162656685,0.001760642833746498,
53,354.910003010819,246.0664556162759,13352.404052734375,183.69540405273438,72.6877415446999,14332.389692078332,4.252488498944887,0.011985453813288971,1.0121308475260282,980.3765869140625,68.0,132.7852279188693,11.598284848792286,False,False,science_V_002.fits,12631.712413907291,399.6064777060661,31.61037950740792,-5.80827744787562,0.034346313360317786,
54,266.05385162044814,247.02887957135056,16105.983703613281,187.47467041015625,85.91018545799645,17097.771735431423,4.262740974148528,0.009018952095439459,1.0091010338840587,1179.17138671875,69.0,132.79870817889488,11.59842826569888,False,False,science_V_002.fits,17235.196924037817,280.71673365006654,61.39711266918174,-6.145662498758276,0.01768324197670238,
55,233.75238934993826,262.4437122138133,248275.611328125,441.1416931152344,562.8024174610737,247952.47305294435,4.980859693792329,0.0038097568216479694,1.0038243265759088,15729.4697265625,180.0,132.80360862434955,11.600719068076696,False,False,science_V_002.fits,248407.2934360553,440.4210028415597,564.0223600449391,-9.042532731350278,0.0019249236854962555,
56,368.20416063617256,267.11908521198706,391174.3217163086,528.9666748046875,739.5065518271892,389545.79517787683,5.041245613464473,0.010645200433256119,1.0107597400224042,26571.25,211.0,132.78321088566304,11.601413391258419,False,False,science_V_002.fits,388467.1278774482,515.8099782141089,753.1206147318817,-9.528007560677036,0.0014416017551007018,
57,427.2672570314329,273.711469549636,782269.1624755859,705.7922973632812,1108.3560495035283,777045.6791324682,5.134138951114885,0.0027370872715207772,1.0027445994798223,50671.87890625,267.0,132.77425030256467,11.602392425587428,False,False,science_V_002.fits,775826.6837414757,678.090594256831,1144.134265115063,-10.279033655596152,0.0009489270910794841,
58,404.3522974368478,270.540414041773,23358.840454101562,215.6646728515625,108.3109261486649,24311.484437102867,4.519222454710912,0.020480899617259407,1.0209091375648076,1484.7401123046875,87.0,132.77772679267008,11.601921463171344,False,False,science_V_002.fits,19946.43548629483,289.46528852636703,68.90786659719974,-6.304285115708579,0.015755820831697617,
59,255.17779803001616,278.0013069447801,1418178.3809204102,913.2338256835938,1552.9192426253421,1408895.0756937806,5.4108771710535635,0.00204596666864032,1.0020501612301826,54239.11328125,318.0,132.80035817247327,11.603031117372474,False,False,science_V_002.fits,1404477.4308395865,878.7613258116899,1598.2467475367168,-10.923408785856434,0.0006793068727800167,
60,318.2848564101802,276.2501854146198,186085.60748291016,407.7376708984375,456.38561448805115,185994.3399704062,4.986981325212443,0.0012678120029587792,1.0012694213906346,12244.7529296875,174.0,132.7907841218284,11.602770722775285,False,False,science_V_002.fits,184099.34068321943,407.0675325252709,452.2574904000492,-8.717252456950135,0.0024006235895388545,
61,337.51549977830985,280.3261819600785,1013677.7963256836,790.03955078125,1283.072214958458,1006969.4296549535,5.192247644413803,0.01573295024576038,1.015984432527421,54228.8125,284.0,132.7878665898126,11.60337635018202,False,False,science_V_002.fits,1004608.0599716345,757.5825872572133,1326.0706843972796,-10.559613519497494,0.0008187346366784876,
62,41.214471513220396,283.14129406890913,1013775.0724487305,781.1052856445312,1297.8725033363603,1007283.9485413188,5.169103424625496,0.0002799954512157088,1.0002800738706255,54287.15234375,280.0,132.83281893191676,11.603793167815914,False,False,science_V_002.fits,1007116.4397928725,754.3036345076697,1335.1605291550961,-10.562321087257304,0.0008131606471972645,
63,186.0489700109017,281.25258867660887,116635.89782714844,337.8046875,345.27613778937996,117107.74017322011,4.868196590037839,0.009201637248498096,1.0092870937159653,7875.5546875,144.0,132.81084582120607,11.603514105817217,False,False,science_V_002.fits,112431.7316785106,357.5630825839844,314.4388701037184,-8.181844123386856,0.0034528173938606238,
64,67.80976552539487,288.19319723549177,502635.44903564453,579.4215087890625,867.47806460638,500091.8605622797,5.07285167624549,0.0028585833628907986,1.0028667782876088,34076.78125,227.0,132.8287841893173,11.604544358693635,False,False,science_V_002.fits,499331.30298973876,562.4970004644334,887.7048278967869,-9.800593855919985,0.0012230416754320434,
65,168.05367751908295,291.72673036099565,245798.81408691406,441.6421203613281,556.556548288045,245181.89433617692,4.9937630075379955,0.0016164318963144408,1.0016190489787253,16822.82421875,187.0,132.81357599025173,11.60507056857706,False,False,science_V_002.fits,240483.81702831754,437.6662187339038,549.4685372885245,-9.007336515402088,0.001975909312947434,
66,202.45353122657178,289.65841120987886,13539.979187011719,176.8905029296875,76.54441003197185,14283.484649031252,4.140680080543714,0.010577022645404277,1.0106900919904689,895.1369018554688,63.0,132.80835709381918,11.604763383299534,False,False,science_V_002.fits,13528.778138503194,276.9653625209161,48.846462298987,-5.882768310903036,0.02222678877652345,
67,350.36586145820615,295.23033614008824,84821.13171386719,309.10638427734375,274.40756978271264,85576.42579784164,4.845305946923391,0.012258178068571102,1.0124103058070393,5496.533203125,133.0,132.7859169264397,11.605591182548897,False,False,science_V_002.fits,82557.54092492821,337.9761566072512,244.27031111802683,-7.846513745279273,0.004444666218464062,
68,312.94504499593296,297.8818443473998,600633.0342407227,629.3331909179688,954.3959271631884,597243.6959730608,5.10442910992545,0.002000172554246449,1.0020041812626017,40873.95703125,241.0,132.79159413003097,11.605985453199985,False,False,science_V_002.fits,596467.8053678961,607.7937117605173,981.3655420030343,-9.993589392512769,0.0011063155914196987,
69,108.12631187766468,298.07373411004386,296144.95153808594,468.47760009765625,632.1432475669129,295468.0220547394,4.990703592115009,0.007750834348226321,1.0078113790532996,19942.962890625,189.0,132.8226677951714,11.606013249176836,False,False,science_V_002.fits,295458.29027058114,463.977232775467,636.7948024155802,-9.230862324953257,0.0017049448203433337,
70,236.1221416784054,298.4984105336284,98543.07629394531,317.1722717285156,310.6925954053559,99010.0321277122,4.78788455852973,0.008791677463989456,1.008869656624246,6481.90625,131.0,132.80324916388028,11.606077200582865,False,False,science_V_002.fits,99345.56567450943,345.80650166178975,287.2865755765133,-8.047493091506247,0.0037791532647192716,
71,426.11769978259645,300.5700113618011,203088.46911621094,414.06219482421875,490.47817370148414,202860.01523290676,4.973633468920172,0.004120752873478684,1.0041378037401307,13058.9892578125,174.0,132.77442433182904,11.60638391850987,False,False,science_V_002.fits,201492.65120127413,416.2179739413208,484.10367599761787,-8.81526990220722,0.0022427014167216166,
72,77.10716326296965,306.7673167318438,1195174.101135254,841.2848510742188,1420.6533014461886,1187244.5842375956,5.261691925363282,0.004053130555196183,1.0040696252777577,54277.84765625,295.0,132.82737392773262,11.607304813229339,False,False,science_V_002.fits,1184557.1386544537,811.9044348570794,1458.98591976896,-10.738511909849166,0.000744147003263697,
73,182.73605104053098,309.4759680626917,1505248.9905395508,938.3706665039062,1604.109169511518,1495244.358737485,5.456832569181466,0.003152000059524207,1.0031619665783673,54249.3515625,330.0,132.81134859434914,11.60770839494833,False,False,science_V_002.fits,1488339.5260377524,902.1571902209622,1649.7563198196299,-10.9863769128593,0.0006580971910558895,
74,439.6685198230318,307.8820185450477,27445.746826171875,220.65867614746094,124.38100012813698,28236.488340794174,4.486261422540386,0.020884385518756265,1.0213298462509162,1978.6417236328125,87.0,132.7723683847388,11.607470373030962,False,False,science_V_002.fits,25905.282372803376,293.2958544411978,88.32474779488255,-6.588092700406884,0.012292138127824969,
75,350.16050244916255,319.80315522728415,1495217.1173095703,951.341552734375,1571.6932714774957,1485708.279250307,5.449735781480621,0.0029661954777679966,1.002975019968545,54222.12890625,325.0,132.7859478931433,11.609242977860339,False,False,science_V_002.fits,1480294.7346243693,912.0745670570279,1622.9974917520237,-10.980492359956052,0.0006689474293814147,
76,216.51582349595458,321.89002633390805,66335.08392333984,296.27142333984375,223.8997037768605,67244.92926222621,5.053079746365955,0.11258413836676862,1.1268673946841166,4391.63671875,137.0,132.80622377086544,11.609553409989752,False,False,science_V_002.fits,65620.806808113,323.081673481398,203.1090346320471,-7.597225788379518,0.00534540475743414,
77,199.48905984721074,330.61910883698937,863968.6473388672,731.7506103515625,1180.687293070766,858156.3171283954,5.134265923599135,0.00032800477498351466,1.0003281123974166,53430.58203125,266.0,132.80880702434567,11.610850585211482,False,False,science_V_002.fits,855838.5173597917,705.8630805294248,1212.4710031836196,-10.385601444508792,0.0008954440948684519,
78,499.28979902725996,333.9189742896597,1013323.6695556641,788.448486328125,1285.2122708419454,1006527.5526604104,5.182120687310829,0.0018605561396248804,1.001864024261409,54220.359375,286.0,132.76332250271798,11.61133874056487,False,False,science_V_002.fits,1005547.231228343,757.9385090778246,1326.6870850140351,-10.560628060328781,0.0008183542391147302,
79,17.179922370733877,334.2097223391427,81344.57409667969,290.1017150878906,280.4001833358177,81828.09973678413,4.668964373870284,0.004217849522640038,1.0042357151316863,5625.47265625,118.0,132.8364662365246,11.61138207246711,False,False,science_V_002.fits,84063.46189235235,326.7105502165577,257.30256288519456,-7.866140051805534,0.004219545999953475,
80,223.04416367429246,333.54396090166586,29595.503845214844,224.4331817626953,131.86777290582498,30644.28160776324,4.545132198418273,0.029918039070880753,1.0308407333357956,1952.680908203125,91.0,132.80523335423538,11.611285332294914,False,False,science_V_002.fits,28603.69406818704,292.0636382876046,97.93651217896577,-6.69567718499542,0.011085753166459817,
81,172.98779656344144,346.9695440882734,178448.35888671875,392.0946960449219,455.11546237869567,178470.66725132303,4.93964699574971,0.006083600892420216,1.006120837625662,12163.8671875,167.0,132.8128277887124,11.613280297065666,False,False,science_V_002.fits,178231.9173304816,397.89290388843216,447.93942186125855,-8.682085571655653,0.002423765239256564,
82,69.38180873439786,349.17810359896174,409448.6384277344,532.6129150390625,768.7546187228767,407857.6750561162,5.055231089754964,0.0029706105007081263,1.002979461319791,26650.765625,212.0,132.82854660559474,11.61360741522388,False,False,science_V_002.fits,408062.56010118435,520.0224510117836,784.7018129837202,-9.581438748824082,0.0013835828872011597,
83,372.7299261616638,350.2944737598521,531318.7196044922,598.8607788085938,887.2157576616164,528414.6145236654,5.082898781451923,0.003220326988140787,1.0032307309983663,34292.5234375,231.0,132.7825234885471,11.613774135925853,False,False,science_V_002.fits,528260.502046906,579.661758752294,911.3254308581134,-9.861742223470948,0.001191341713110863,
84,46.619259216280234,358.4298360490659,645659.7335205078,641.3191528320312,1006.7682068581747,642187.3549607559,5.080334530694908,0.004461587716411475,1.0044815826906943,40446.21875,239.0,132.83200022933426,11.614981969928401,False,False,science_V_002.fits,643367.1707785242,622.188673949955,1034.0387051633677,-10.075769114797207,0.00104996069738847,
85,195.8816942471793,357.97236788707386,111838.35858154297,333.2401428222656,335.6089024400407,112451.87896863901,4.868231542613,0.006263204964283342,1.0063026799405754,7724.9970703125,142.0,132.80935444874726,11.614915566786925,False,False,science_V_002.fits,111144.03344228682,354.5188976522361,313.50665416801877,-8.169337257493405,0.0034630843893289007,
86,425.865366638404,356.5476081327873,29206.828979492188,225.42071533203125,129.5658606019073,30051.745401758308,4.507922810449015,0.014891997279354197,1.0151171214102674,1932.81298828125,90.0,132.7744618414925,11.614702813610382,False,False,science_V_002.fits,29262.05441576321,294.9479709091475,99.21090260619819,-6.720383908017577,0.010943353718991073,
87,150.7359998639231,363.43091055379426,149172.9507446289,366.5235290527344,406.9942007001857,149442.3367850727,4.912231980633198,0.0031980187422514517,1.0032082788782344,9499.3173828125,156.0,132.81620390216995,11.615726474591668,False,False,science_V_002.fits,149459.14098546508,378.43264402602915,394.942517102687,-8.490928078604004,0.0027490076479097154,
88,510.33591256408965,366.0011118143228,54228.57989501953,182.03501892089844,297.90191039331853,54170.413003437214,2.233466302747324,0.35875315027183163,1.55946185220857,54221.50390625,15.0,132.76164597057883,11.616106282729572,True,False,science_V_002.fits,54042.866567647376,264.0728005974776,204.6513932725095,-7.38646781658378,0.005305119025279759,
89,189.4331962577723,375.3933686673701,190523.044921875,396.4757385253906,480.541497016907,190601.23873568268,4.901338199437893,0.0076186359373838775,1.0076771251590162,11808.4453125,160.0,132.81033289325424,11.617504488961826,False,False,science_V_002.fits,190619.58473857775,405.5891193791389,469.9819981126991,-8.755040671813164,0.0023100884807499694,
90,413.72313590541086,378.5318555108627,545579.9840087891,645.6672973632812,844.9862432816097,544770.034444643,6.743893612801797,0.36951684396845896,1.58608519582714,23438.84375,291.0,132.77630375103365,11.617970075002727,False,False,science_V_002.fits,532984.0282547465,582.1020742596633,915.6195310463603,-9.871407361219141,0.0011857545226883416,
91,168.88973749702552,380.1385074001297,78800.87799072266,285.14337158203125,276.3552859514845,79156.75944820375,4.577059141403449,0.010399445235511284,1.010508730199718,5627.5322265625,109.0,132.81344976448068,11.618209545746666,False,False,science_V_002.fits,79009.71784888992,328.7181929923766,240.35699737106506,-7.798823151273082,0.004517030965917284,
92,334.40225147845547,382.4115706441967,742911.8360595703,689.7816772460938,1077.0246015023117,738012.7257846175,5.129881635520628,0.002046656191340479,1.0020508535835246,46461.88671875,261.0,132.78833825084524,11.618547392152092,False,False,science_V_002.fits,736757.8556926904,663.4324942647438,1110.5242237331322,-10.222933812087563,0.0009776463914945655,
93,318.22134215743125,387.37734352209304,15624.240478515625,189.98486328125,82.2393963848888,16922.70913174878,4.317710684053618,0.04144472789852249,1.0432366594861677,1071.80029296875,71.0,132.79079319014602,11.619285452532926,False,False,science_V_002.fits,15389.679347768706,282.1904590618254,54.53649779277961,-6.022695801958541,0.019907768997659066,
94,63.34595489554838,389.98202342624137,134535.3114013672,350.0782165527344,384.30072206763924,134913.19582629923,4.862813643500783,0.00578336488625153,1.0058170067588839,9001.46484375,149.0,132.82946297957955,11.619671239567808,False,False,science_V_002.fits,137814.19635497386,365.85083470272815,376.6950442164624,-8.402856766320161,0.0028821722416292744,
95,282.4238875268328,392.99121184242875,343788.01568603516,499.7982177734375,687.8536246439298,342732.45796906145,4.999442031962236,0.004182259755626805,1.0041998245126669,22480.642578125,197.0,132.79622437558098,11.62011986422921,False,False,science_V_002.fits,343029.65449977916,491.9985613457049,697.2167836457309,-9.39295103879012,0.0015571914295047506,
96,510.33670546297975,387.99976753093756,25276.70587158203,136.5592041015625,185.09705030781456,25133.326448852877,2.230544454376149,0.3581845393869686,1.5580802603989126,25278.4921875,15.0,132.76164539652916,11.619375526307104,True,False,science_V_002.fits,25431.34215903375,235.3723627435859,108.04727395602768,-6.568045076572242,0.010048379382915766,
97,98.40278809584426,393.01732753286535,90914.19311523438,309.3161926269531,293.9199281586926,91635.68956032413,4.816762844615806,0.0063733333961639715,1.0064142133161016,6099.0546875,134.0,132.82414418103303,11.620122803224282,False,False,science_V_002.fits,92072.17699405791,335.95704446010797,274.05937310235714,-7.964942903835782,0.003961550330170635,
98,242.3836622791896,397.4849900217755,213410.87335205078,419.6519470214844,508.54255500719756,213216.2494192013,4.999272629930949,0.0049610066256338126,1.0049857409193685,13006.3154296875,177.0,132.80229931038767,11.620787713006735,False,False,science_V_002.fits,212443.37341136902,420.32543939979246,505.4259235765731,-8.872729846568483,0.002148089263639668,
99,40.94007670541045,402.4851469836926,442146.44708251953,552.8017578125,799.8282220232869,441835.50842590723,5.825395242232956,0.23834671489898496,1.3129333511210077,17489.521484375,229.0,132.83286262445264,11.621528981845213,False,False,science_V_002.fits,438976.57340231945,534.2654106874043,821.6451310922732,-9.660725234363884,0.0013213733750928448,
100,221.87508447230664,404.251109468196,802801.2618408203,711.27490234375,1128.6793041557887,797221.6922771899,5.144597177051147,0.002604395933786141,1.0026111965233941,53233.5,268.0,132.8054109113137,11.621793196206887,False,False,science_V_002.fits,796360.1774034918,684.036220424267,1164.2076159498645,-10.307395710721858,0.000932565622424819,
101,469.54519890460114,404.3422029452874,124410.32904052734,350.28594970703125,355.16791108687187,124729.5553910085,4.877485473827353,0.015208238370360228,1.0154431007274,7896.2412109375,151.0,132.76783400958695,11.621804952665414,False,False,science_V_002.fits,124470.95844783896,366.0495738496183,340.0385284944343,-8.292291958300627,0.0031928734805643376,
102,121.24757749147278,406.8333525644915,373453.6737060547,516.0147705078125,723.7267129747802,371918.33320355305,5.059347624191311,0.0012212992871600825,1.0012227926829922,25393.626953125,211.0,132.82067830377898,11.622176280516907,False,False,science_V_002.fits,371316.14877069177,503.2495924694113,737.8369586921449,-9.478981467477228,0.001471463291733801,
103,451.0463914556764,402.8251704704312,5705.547912597656,141.79298400878906,40.23857705289563,6469.312833564649,3.711081732438916,0.07001213931557437,1.0752828529009495,450.05633544921875,43.0,132.77064070140588,11.621579805918278,False,False,science_V_002.fits,6240.738189748781,280.0347988084981,22.285580993155467,-5.042711782851537,0.048717599075987716,
104,177.24085629494587,410.8092243742173,775792.7602539062,700.5894165039062,1107.3429629086907,770255.249187923,5.144886945445752,0.0016847836721071152,1.0016876269584514,52283.48828125,268.0,132.8121829284423,11.622767608598094,False,False,science_V_002.fits,769696.0991221023,673.3204642542264,1143.1348666561353,-10.27042008786054,0.0009497567012157175,
105,307.4576975606794,406.6562760509647,27229.398559570312,219.30059814453125,124.16472544969818,28165.69989381719,4.512737924289866,0.006117544737544556,1.0061551994455211,1712.020263671875,87.0,132.79242617101468,11.622150565043835,False,False,science_V_002.fits,26609.514153570337,295.4321569717653,90.06979614650895,-6.617214236823937,0.01205398531416662,
106,342.7735231874426,412.87261956513817,24012.180603027344,215.8998565673828,111.21906695446594,25067.00296563882,4.5207350266617805,0.034397051327309525,1.035622355311354,1590.959716796875,87.0,132.78706794703203,11.623074186276813,False,False,science_V_002.fits,20358.623572943525,289.0949375946338,70.42193039537135,-6.326492905098274,0.015417072407764618,
107,57.355241719807914,415.4382907004849,117072.75897216797,327.70184326171875,357.25389215668196,117477.64580092808,4.745668027075754,0.012668651780809226,1.0128312058597746,7731.365234375,132.0,132.83037229940805,11.623454230231413,False,False,science_V_002.fits,116730.27470206046,353.4121184148472,330.29505390372174,-8.222580642921978,0.003287061029731534,
108,136.05284056925083,418.4412235501421,58591.781005859375,261.2541809082031,224.27117071265843,58887.20993998728,4.530395067337867,0.0019154517455853837,1.001919127742169,3966.98828125,103.0,132.81843213442198,11.623901487050542,False,False,science_V_002.fits,58516.202469378455,311.2660649725871,187.99416015533822,-7.47281220885195,0.005775179394417859,
109,35.915915216155966,422.3997686437397,668746.9774780273,650.2465209960938,1028.4514501570777,665284.7069146608,5.073821494014734,0.002704364811895066,1.0027116982331774,43612.46875,240.0,132.83362524971602,11.624488428647183,False,False,science_V_002.fits,665816.9357088703,631.1917226932839,1054.8568870134122,-10.113008968212394,0.0010292391445382825,
110,474.6219883430766,428.0670307550355,252919.77087402344,476.2618713378906,531.0518983254614,252354.25567196903,4.989890802407837,0.0015504037384094227,1.0015528112227343,16795.259765625,186.0,132.76706333030955,11.625330637103762,False,False,science_V_002.fits,252324.4072794418,472.9049817129071,533.5625908729036,-9.059520028417449,0.0020348128196615222,
111,168.7369831115057,432.49012797209633,17982.30987548828,192.0279998779297,93.64420754743819,18832.360180199386,4.301545627632241,0.029285997900449834,1.03016954307562,1187.54248046875,73.0,132.81347330513964,11.625989575791673,False,False,science_V_002.fits,19316.217210343446,278.7304709229413,69.30070166488423,-6.269427075004755,0.01566650804273374,
112,434.9157487715304,444.38923232328983,466430.2138671875,570.2328491210938,817.9644764171366,463911.070296485,5.0915509467990105,0.007872623027302517,1.007935093023362,30064.8828125,230.0,132.7730874615905,11.627756925826226,False,False,science_V_002.fits,462815.02046008233,550.681428046003,840.4405830469001,-9.718140487408021,0.0012918224344473542,
113,148.76517817059866,442.76232457141685,192115.85583496094,392.4630432128906,489.51323992753163,192102.8135579315,4.840081419030455,0.007910135194535872,1.00797320431863,12914.630859375,153.0,132.81650359267192,11.627515985491918,False,False,science_V_002.fits,192363.9232753637,404.70045769671356,475.3242048950759,-8.764930938935237,0.0022841252114220857,
114,374.4394237263388,448.2886461044402,622930.2298583984,653.5634765625,953.1288883136172,621111.9135311033,6.116571229598165,0.26344310561649065,1.3576683724303331,31454.6796875,285.0,132.78226318282074,11.628337139854356,False,False,science_V_002.fits,612830.5707753466,616.4725134706671,994.0922869783492,-10.022972928411837,0.001092152121308679,
115,415.44271842870023,450.9894070724437,1142622.2102661133,833.7481689453125,1370.4644313780323,1134088.087162234,5.264549438671455,0.001957079338242962,1.001960917008404,54225.7265625,310.0,132.7760419177169,11.628738047648948,False,False,science_V_002.fits,1131024.9394666303,798.2924674831283,1416.805225574215,-10.688302327453831,0.0007663015214811749,
116,179.44053660079013,450.92221079857063,14446.490173339844,173.79441833496094,83.12401693762423,14543.821638994415,4.016436045868697,0.041165559661808016,1.0429329172273876,1038.307373046875,60.0,132.81184943315094,11.628728856084754,False,False,science_V_002.fits,14017.368444779853,274.43619451624005,51.07696697765702,-5.921288096209012,0.021256156429079392,
117,509.0015459667727,453.00188261276406,29263.485595703125,156.82879638671875,186.59510415130202,29192.387480501064,2.658031898523263,0.0008836266417375782,1.000884408128322,29358.466796875,25.0,132.7618466333982,11.629035585816387,True,False,science_V_002.fits,29434.55339908013,254.24379042915587,115.77294906355624,-6.726765501013491,0.00937783833600006,
118,123.77934826842876,459.46307983866944,19293.938049316406,196.4249267578125,98.22550715829155,20930.31649691317,4.393972269355599,0.019063856118986977,1.0194343497667055,1221.8885498046875,77.0,132.8202947369253,11.62999766720265,False,False,science_V_002.fits,17427.389455373588,278.5397655797787,62.56697107179146,-6.1577027155914426,0.017352606038004162,
119,264.522221743918,461.1696573329093,17101.32012939453,343.592041015625,49.772166080578224,17743.067463937845,4.32176973407599,0.03241653868979788,1.033502576248981,1125.396484375,72.0,132.79894037604765,11.63025196293202,False,False,science_V_002.fits,15565.792106544599,400.4649132254395,38.86930313363539,-6.035049938554522,0.027932067530701217,
120,61.39026900288178,466.8588606910487,49665.504821777344,250.1549530029297,198.53896245338657,50368.367508176685,4.58223264594781,0.004640170844478875,1.004661802404077,3341.49072265625,102.0,132.82976089944148,11.631095958061751,False,False,science_V_002.fits,51495.7406889601,304.77025143464556,168.9657715822135,-7.334050147042932,0.006425561756285841,
121,433.22850127685376,469.36810857416293,87205.97149658203,310.8210754394531,280.5664685809552,87824.92387397216,4.8072593522208065,0.0018401627398303422,1.001843555181384,5760.3798828125,133.0,132.77334309921366,11.63146908691286,False,False,science_V_002.fits,87160.82740634173,339.3732332817763,256.8288210696141,-7.905425234777232,0.004227329298473548,
122,174.90316817057058,472.2332462085528,67086.234375,282.3982238769531,237.5589812640992,67963.85684145123,4.763040120518496,0.01041375799766886,1.0105233455717793,4430.71435546875,121.0,132.81253800488508,11.631895883742231,False,False,science_V_002.fits,67282.30843785458,319.7914993354347,210.3942993408997,-7.624374082970919,0.005160310918124506,
123,277.8943890705723,480.2526820047978,1409914.1463012695,911.7357177734375,1546.406616321274,1400303.077474845,5.412017555547001,0.002272207149277339,1.0022773818325588,54235.2109375,320.0,132.79691143277293,11.633087894343086,False,False,science_V_002.fits,1395785.8819785365,876.4911691361423,1592.4699884360546,-10.916668877123833,0.0006817710901203563,
124,243.5725859247795,480.99220427132593,948492.9799194336,762.0994262695312,1244.579049957165,942604.2453549423,5.197914196502929,0.023669403072347217,1.0242432257545044,54241.13671875,272.0,132.80211900274347,11.633197811146982,False,False,science_V_002.fits,941690.062151279,735.2940886536303,1280.6985350250438,-10.489391842153351,0.000847740487169972,
125,195.74007798772408,481.4563505503273,121844.9658203125,342.2586669921875,356.00257223900707,122282.59247093328,4.882456974951878,0.002919223307327523,1.0029277701221064,7639.259765625,146.0,132.80937652561602,11.63326665425853,False,False,science_V_002.fits,122111.2601694033,360.53959018123567,338.69029503256644,-8.27151115683431,0.003205583436914263,
126,326.03045681229145,493.0798405049827,18774.998413085938,191.8612823486328,97.85715066247563,19377.335940743076,4.217357662679069,0.002731482707583166,1.0027389641407705,1372.6146240234375,69.0,132.78960778297997,11.634993972507672,False,False,science_V_002.fits,20109.80526602946,283.6957969609754,70.88510115923827,-6.313141536820871,0.0153163356226445,
127,357.7472931337133,493.48525772026824,1905.6633911132812,94.41663360595703,20.183555781775375,2487.4465139635545,2.7421083055401745,0.01145853654051332,1.0115913565227839,201.33489990234375,20.0,132.78479542341495,11.63505400325689,False,False,science_V_002.fits,2652.183898770626,268.428022648349,9.880428550655044,-4.113630959432629,0.10988389769065446,
128,179.00702328287383,509.01371795737134,55114.346130371094,192.64540100097656,286.0921976024318,55145.43240498904,2.6665982034144955,0.008834444060663138,1.0089131871136205,54260.09765625,25.0,132.81191556476375,11.637361893773406,True,False,science_V_002.fits,54948.31691611332,275.3103192817508,199.5868409853521,-7.404507860014318,0.005439737382684867,
129,29.085135207013884,14.013608835702403,711997.1330566406,654.6031494140625,1087.6775244573016,711354.8001208976,5.017873668443973,0.007944347820627029,1.0080079658869687,49682.953125,207.0,132.83465418453778,11.563797604244783,False,False,science_V_002.fits,727554.0555277428,652.011900990173,1115.8600854107851,-10.209285038788117,0.0009729714452509679,
130,31.697795412366368,22.424895502416252,79023.25885009766,267.8395080566406,295.0395907738392,84116.27345005918,4.436667997123093,0.10990550097431373,1.1234762163956953,5257.953125,92.0,132.83425802173235,11.565047660495019,False,False,science_V_002.fits,210762.7203525297,412.56920789359845,510.85421868634796,-8.864106362676663,0.0021252638429645494,
131,211.09184707972668,19.48768044801482,1399683.3034667969,901.1061401367188,1553.2946021813061,1391420.2913491149,5.371925406370704,0.002197374629316573,1.0022022137178686,54284.4453125,303.0,132.80704559672787,11.564613048426981,False,False,science_V_002.fits,1387072.4574255953,871.645345466185,1591.3266383402101,-10.909869744529061,0.000682260934896691,
132,238.90875271376464,16.962284697440236,1224024.3632202148,836.102294921875,1463.9648409703111,1221676.4524317514,5.208298114861099,0.02388472310922085,1.0244691622748707,54280.5625,234.0,132.80282603275342,11.564237812521972,False,False,science_V_002.fits,1225442.532372131,824.3750148962583,1486.5110055844477,-10.775354248162364,0.0007303679528246333,
133,227.40382089473064,16.440363919952883,205936.81048583984,461.33013916015625,446.3979111807963,206518.70397228916,4.956310199106117,0.010784361464191372,1.010901931837788,12620.9638671875,150.0,132.80457121826274,11.564160229503562,False,False,science_V_002.fits,220023.41259391577,483.1463273753974,455.397050804778,-8.910794114952559,0.0023840734104038446,
134,249.4410973333958,24.60458522678145,1354162.8786010742,890.7367553710938,1520.2728195906886,1343390.7733887383,5.475326106620024,0.059120121299069184,1.0628349299813873,54279.0390625,312.0,132.80122838156115,11.565373551868351,False,False,science_V_002.fits,1339543.0018426569,858.3436023390694,1560.6139524920702,-10.872013523629374,0.000695687744087061,
135,341.6390529314537,25.525501067213007,1325949.4119262695,879.0250244140625,1508.4319275325709,1318130.7564774326,5.31519777328264,0.004204290740880023,1.0042220414305743,54267.97265625,290.0,132.7872427819523,11.565510115308202,False,False,science_V_002.fits,1315120.5010089695,851.4319081426248,1544.5985620598465,-10.85203574379663,0.0007029010816584808,
136,340.5159897415457,41.37077976428454,809253.1619262695,700.428955078125,1155.367944256397,808539.923622452,5.099313669264889,0.023971033411450016,1.0245597561466178,49320.9453125,227.0,132.78741303110354,11.567864906568484,False,False,science_V_002.fits,809206.3630861916,687.6094999529234,1176.8399987806933,-10.324770096863055,0.0009225553185861102,
137,351.7614794761824,41.90990455797215,276078.6182861328,450.4483947753906,612.8973296126303,276449.8447927904,5.004863069119302,0.013293510749429194,1.0134726090222899,18898.890625,171.0,132.78570717299738,11.567944945612998,False,False,science_V_002.fits,290709.9100672567,462.15973996373214,629.0247395631435,-9.213271465972689,0.0017260052454439497,
138,61.60433535975232,25.631603063956405,168406.8660888672,365.8377380371094,460.33213247066533,168988.992942742,4.865816787910813,0.0074139690218949506,1.00746934652565,10736.4658203125,141.0,132.8297215276752,11.565524704127544,False,False,science_V_002.fits,177420.61140598173,388.6357884032629,456.52154716611824,-8.677132052857772,0.0023782010000175033,
139,49.88776056726873,30.470737888611648,1213654.9326171875,837.653564453125,1448.8745516286806,1207629.29722822,5.24683829611066,0.00020249306274888745,1.000202534074494,54322.16015625,270.0,132.83149890640004,11.566243668819633,False,False,science_V_002.fits,1203527.2044747157,815.7364809613775,1475.3872513539072,-10.755761652778153,0.000735874597671692,
140,37.11918476748855,41.15711178362757,88022.62371826172,298.1794738769531,295.2001443083409,88406.01505217182,4.748561743451932,0.016519650228013605,1.016797132989839,6203.0029296875,128.0,132.83343597696543,11.56783156890517,False,False,science_V_002.fits,54100.85145193451,327.0323945087275,165.42964048930241,-7.3876321245137335,0.006562910955913051,
141,12.981781492728004,28.678465910279684,339115.5598144531,474.2372741699219,715.0757190227652,338587.9402684609,4.514859203790468,0.014562676190793766,1.0147778816967292,54323.953125,158.0,132.83709718908517,11.565976666547083,False,False,science_V_002.fits,341140.6212067603,483.4283207594306,705.6694996082424,-9.386955463937065,0.001538538934448399,
142,16.44076186087796,41.805230487114045,1245869.5998535156,836.8663330078125,1488.7318926735757,1248269.6174027002,5.183339088497132,0.027974736631264374,1.028779845221628,54323.953125,221.0,132.83657274509412,11.567927514158658,False,False,science_V_002.fits,1311756.0210504765,847.7227951921036,1547.3879297456165,-10.849254539832225,0.0007016340111806896,
143,21.047404952969046,49.53291426066633,403531.6837158203,518.1380004882812,778.8112111745161,406273.02249933593,4.87091147769613,0.07856739698356352,1.0852665693902759,27349.8984375,162.0,132.83587409899926,11.569076019140862,False,False,science_V_002.fits,625732.0070785943,620.9638552401764,1007.6786302426149,-10.045592799850102,0.0010774268376998334,
144,138.58946184955465,36.40191544176406,1186683.220703125,824.5712280273438,1439.151865075473,1183700.3744466766,5.180586584871727,0.037746717567298194,1.0392274240643478,54300.19140625,239.0,132.81804367929988,11.567126232286693,False,False,science_V_002.fits,1214627.8157427039,819.6296217682572,1481.9227898599897,-10.765729930335514,0.000732629262083604,
145,137.92482377096508,46.96069613462148,835078.1879272461,699.5755615234375,1193.6926242945508,836414.2062490758,5.081166234583339,0.025971641731476147,1.0266641535752044,54298.79296875,198.0,132.81814459931357,11.568695377740116,False,False,science_V_002.fits,877225.1699518558,711.0182763121002,1233.7589611645924,-10.412399584696352,0.0008799936082937677,
146,128.01676432700125,56.87855106270015,1611908.0651245117,958.5968627929688,1681.52862552466,1604815.0525216088,5.678361096889297,0.12217996391492447,1.1391856632252617,54300.6796875,312.0,132.81964768147074,11.570169185287575,False,False,science_V_002.fits,1593463.5499763482,928.417807233548,1716.3216146451018,-11.060477207943698,0.0006325737500104253,
147,220.52321189738524,40.351841378111565,1556483.8332519531,950.8572998046875,1636.9268380982776,1546670.2853587372,5.7355558380749425,0.058585260725319,1.0622310850693248,54282.05078125,339.0,132.80561500625043,11.567713722650213,False,False,science_V_002.fits,1534411.9153232172,913.4724557435336,1679.7571789663448,-11.01947677981668,0.0006463434201055753,
148,199.33775917775756,44.13270346805926,1334718.5311279297,887.0359497070312,1504.6949693174874,1328405.226319023,5.841443865246922,0.18543838604705165,1.2276542165388156,54284.92578125,323.0,132.8088286911101,11.56827552525655,False,False,science_V_002.fits,1317147.891642975,851.3642339390252,1547.102684298703,-10.8537082266285,0.0007017633742211136,
149,272.9593286191323,43.5724367577968,346785.4309082031,489.9836730957031,707.748951546125,350280.49503598805,4.971309193815689,0.030179575240328105,1.031118725147294,23052.0703125,178.0,132.7976608517388,11.568192372928294,False,False,science_V_002.fits,362375.8616455035,499.00910712055565,726.1908780313244,-9.452520026579727,0.001495061467782811,
150,272.10536801542804,52.8698812037402,145867.55206298828,349.39483642578125,417.4862844430547,147560.33908419378,4.836406138277752,0.03784945354530833,1.0393383901144941,9867.31640625,131.0,132.79779037827993,11.569574077260251,False,False,science_V_002.fits,187304.04584883704,401.3442242975258,466.69176858512407,-8.73598977010642,0.002326374864702525,
151,62.877548490918564,51.285736705210866,784242.3941650391,694.6193237304688,1129.0247296220434,779488.4822536383,5.116423557833938,0.0052003778680947965,1.005227563171918,52874.50390625,256.0,132.8295287907441,11.569337211094652,False,False,science_V_002.fits,777465.7559742567,672.7342182280378,1155.680408262982,-10.281325047326867,0.0009394465738428808,
152,47.076274788045,59.40827594036808,1296235.5383911133,857.3787231445312,1511.8587660270202,1295838.9588326449,5.2537120556736605,0.034535618976690885,1.0357709923385119,54320.55859375,247.0,132.83192587036146,11.570544060768412,False,False,science_V_002.fits,1343536.9174447756,855.7714698587436,1569.9716159812435,-10.875245885020936,0.000691541164788148,
153,38.58924943258822,63.318934092843584,463935.98907470703,534.70458984375,867.6491615871059,480282.52517802385,4.948862641548173,0.04626345724805414,1.0485075858733104,27887.125,176.0,132.8332133668982,11.571125085675972,False,False,science_V_002.fits,636885.9888795451,612.2410348092042,1040.2536789746887,-10.064776110954249,0.0010436877291990017,
154,53.06302924158631,74.65733812288684,588198.6747436523,611.82861328125,961.3781735200814,585137.4420004217,5.112357327108076,0.007597878396160107,1.0076560481187615,39379.5859375,227.0,132.83101796613852,11.572810336800757,False,False,science_V_002.fits,580740.6758740243,596.2621458473812,973.9687147985916,-9.964577488241515,0.0011147175299409012,
155,54.67577861895755,89.53821936105251,554688.7889404297,597.041259765625,929.0627404179382,552065.3937132421,5.078766485278675,0.002038567188161866,1.0020427314334364,34435.9140625,223.0,132.83077356097326,11.575021825943498,False,False,science_V_002.fits,551595.5905965107,582.5923289155027,946.7951485446221,-9.90867383856158,0.0011467105652884866,
156,155.42955216846502,57.47510190172775,547928.025390625,599.6965942382812,913.6753996186833,545560.933937228,5.211959093881024,0.04575444088712377,1.0479482879958697,32450.44921875,234.0,132.81548934398774,11.570258084392268,False,False,science_V_002.fits,543935.2179835851,581.1659572096553,935.9378525803099,-9.893489821137537,0.001160012918600105,
157,148.37402693451972,72.2486179179243,128986.81610107422,337.5688781738281,382.1051774644154,130318.69754680987,4.866194272094819,0.02983478014182217,1.0307522672748293,8576.8984375,135.0,132.81655974900983,11.572453534996862,False,False,science_V_002.fits,138555.46138046985,370.50296931354785,373.965859537319,-8.408680996172604,0.002903206194659744,
158,144.7265925297486,83.92152887419539,1386701.978942871,888.32666015625,1561.0270873767997,1382313.6064200879,5.360282694055211,0.014559194079886262,1.0147742959216026,54291.1171875,261.0,132.81711314965435,11.574188227602605,False,False,science_V_002.fits,1384616.6663030318,871.3143030604219,1589.1127477647003,-10.907945761057757,0.0006832114345109763,
159,135.92899152361497,88.52072346043842,168843.9390258789,357.71392822265625,472.0082884801268,173817.41441011574,4.821116813315337,0.10263628210388254,1.1143753419678197,10789.5830078125,119.0,132.81844775215285,11.574871639214733,False,False,science_V_002.fits,289630.88104422943,461.201773482738,627.991689748066,-9.209234037467784,0.001728844533652276,
160,132.95247192277165,100.77286204919464,1421448.7053222656,907.749267578125,1565.904546653825,1412657.1173598003,5.4195273483168735,0.007262854831643906,1.0073159898035366,54291.73046875,309.0,132.81889939924804,11.576692414403611,False,False,science_V_002.fits,1405053.8486439353,877.1196053403453,1601.895385862157,-10.923854296246443,0.0006777596150048618,
161,151.26129543783077,103.2792198596048,112291.78857421875,324.42987060546875,346.1203753053123,113115.93562290948,4.8651380755424265,0.021216056087627333,1.02167593391737,7631.9345703125,133.0,132.8161220254584,11.577065050156119,False,False,science_V_002.fits,110711.42377749355,355.2344216863631,311.6573648801433,-8.165102963896995,0.0034836333818632423,
162,199.6059681683929,112.12318774667634,668324.1156616211,654.8139038085938,1020.6321395658338,664092.0391554467,5.12358604552493,0.004534036016926479,1.0045546871324307,44438.50390625,253.0,132.8087883099638,11.578379665583828,False,False,science_V_002.fits,661741.9507710051,631.3624179864255,1048.1174233991749,-10.106343542487782,0.0010358572195841762,
163,151.6150006819288,113.6368482476758,121102.25842285156,349.8188781738281,346.1856005457623,123495.29307019815,6.39593574651916,0.36574027414152166,1.5766411758944454,5685.2734375,167.0,132.81606845581624,11.578604311431642,False,False,science_V_002.fits,121503.46651431987,358.940997929564,338.5054012084817,-8.266093545554998,0.0032073343471743588,
164,164.6868019432923,117.4548961167318,400109.5729370117,524.207763671875,763.2652560015463,398808.28256816114,5.084805580034433,0.005750113900557685,1.005783368930638,24961.830078125,201.0,132.81408551615365,11.579171815657334,False,False,science_V_002.fits,395841.89402964595,515.7216553992287,767.5494908648313,-9.548426263971157,0.0014145016222689363,
165,165.40495030988947,132.5746438044809,896912.8741455078,742.8157348632812,1207.450020307646,889872.4225085434,5.174922743070818,0.009189660693165402,1.0092748938203395,54278.57421875,277.0,132.81397668358437,11.581418782943976,False,False,science_V_002.fits,874787.7566208796,714.8479132169698,1223.739680072851,-10.409378614283876,0.0008871984930123104,
166,192.34618843754672,130.8426595628081,1041652.2938842773,783.68310546875,1329.175385580408,1037671.4737805952,5.178109072945168,0.006519210311298873,1.0065619892996034,54274.82421875,249.0,132.8098896986842,11.581161552877791,False,False,science_V_002.fits,1031294.6832622088,765.5531803820398,1347.1235045324402,-10.588078821023858,0.0008059394675745228,
167,185.48254808064155,141.22756166411622,172064.32788085938,357.8414306640625,480.8395930050688,174128.21329235955,4.779250169738084,0.0699918087953545,1.0752593465920914,11116.90625,112.0,132.81093096781257,11.582704828715016,False,False,science_V_002.fits,259205.49047679442,457.7278874063741,566.2873021469848,-9.088732365286901,0.001917224694750788,
168,193.72945376212465,142.6244474207011,340870.2671508789,467.12017822265625,729.727130281237,344356.9134673936,4.848771394935153,0.04713376887231646,1.0494652526583248,21710.322265625,127.0,132.80967991632141,11.582912464044673,False,False,science_V_002.fits,402363.8427842483,530.4092622550012,758.5912830285505,-9.566169242127723,0.001431205478219473,
169,203.8704002809743,148.59119630741813,1353797.1923217773,882.9784545898438,1533.2165641013694,1348107.5615204866,5.299912578616345,0.026823134216217404,1.027562445388192,54269.9375,262.0,132.80814155475974,11.583799234172957,False,False,science_V_002.fits,1344651.0908217845,863.086482373162,1557.9563789766485,-10.876145895317348,0.0006968744533869091,
170,131.11157696079633,150.8496446059563,582495.2495117188,628.1456909179688,927.3250743159016,583963.5586801346,6.571213424795325,0.3459001866684379,1.5288186598107187,22650.0625,250.0,132.81917915863212,11.584134361579462,False,False,science_V_002.fits,573636.3433912226,604.71244439218,948.6101182650654,-9.951213520937168,0.0011445165712396803,
171,175.84415011287402,148.51498245751796,1096262.3036499023,794.8394775390625,1379.224780133076,1102310.6679888691,5.157409479959603,0.05659407284563189,1.0599891003614306,54274.546875,223.0,132.81239316264367,11.583787763699915,False,False,science_V_002.fits,1181540.2449216447,815.7653606827542,1448.3824661698743,-10.735743171293064,0.0007495948241289074,
172,151.98191746913378,150.36408690790188,159392.36810302734,361.6417541503906,440.74658491105316,161778.28239592162,4.865894101429702,0.07944977834152567,1.0863068374459657,10495.8701171875,137.0,132.81601310079566,11.584062389404718,False,False,science_V_002.fits,200851.3139413649,416.6433660335486,482.0701115524113,-8.811808566968615,0.00225216202785051,
173,142.83910989652497,153.62408905453333,610612.3449707031,613.1834716796875,995.8069210477228,611013.2814524976,5.079962617228583,0.022662279156677956,1.0231877668009408,39704.46484375,190.0,132.81740010402666,11.584546784168339,False,False,science_V_002.fits,620930.4731962694,616.2288146228958,1007.6297285388233,-10.037229309274434,0.0010774791267565988,
174,167.64689985255703,154.2357944117702,1379933.3182983398,887.9911499023438,1553.994449663262,1392515.531256531,5.311330694260021,0.04004713232268553,1.0417178110208503,54275.22265625,263.0,132.813636733463,11.584637885915727,False,False,science_V_002.fits,1441935.5667390379,888.9211760684904,1622.1185922428047,-10.951986509682337,0.0006693098798028501,
175,195.9198897955456,163.588001401048,1251290.4846801758,853.7916870117188,1465.5688310338412,1244588.6165532095,5.2603881369037815,0.008082700814411425,1.0081485632129288,54268.0390625,273.0,132.80934772620563,11.586027891251542,False,False,science_V_002.fits,1239465.089438683,829.8957810062718,1493.5189668464116,-10.787707621571254,0.0007269408853189675,
176,133.3440561707,165.98370747775368,526607.5700073242,573.04296875,918.9669862908063,532296.6319530648,5.408864861937684,0.20773400888455273,1.2622023552873698,54280.046875,175.0,132.81884063776104,11.586383472876573,False,False,science_V_002.fits,535729.1013139647,587.9328616011481,911.2079563897581,-9.87698496979755,0.0011914953028961538,
177,122.62992081117761,168.0828259811474,1113806.4448242188,795.0630493164062,1400.9032941247458,1116980.9831484475,5.097929409207716,0.08549739448835414,1.0934905969355002,54283.6875,203.0,132.82046601947465,11.586695317629985,False,False,science_V_002.fits,1414231.808163056,881.0957949588807,1605.082916357643,-10.930923376396978,0.000676413653734313,
178,114.42696330165535,169.44423728491762,1016134.5191040039,769.1277465820312,1321.1518159625102,1019326.5494147509,5.061080324453956,0.0684493906649255,1.0734789822248987,54285.5703125,226.0,132.82171044404765,11.586897549980197,False,False,science_V_002.fits,1333154.6622543952,857.3330824392203,1555.0020051266454,-10.866823213568189,0.0006981984566068624,
179,134.24229366955706,183.804164981967,233787.7064819336,433.788818359375,538.9435978689768,233121.71824451967,5.024645355635203,0.013164428812642903,1.0133400428571941,15617.0634765625,191.0,132.81870454684034,11.589031799220603,False,False,science_V_002.fits,231410.66696415294,428.0471715796816,540.6195445939899,-8.965580309163816,0.002008251478986707,
180,89.76366857697415,62.19866524934427,662910.0546875,635.4893798828125,1043.1489111741632,667324.7266925743,5.009598295749231,0.04478700353306908,1.0468869285685223,44733.02734375,203.0,132.82545049885442,11.57095937202392,False,False,science_V_002.fits,702636.2625982605,644.1518482583302,1090.7928999940955,-10.171448273262776,0.0009953310110524896,
181,99.71131877354495,61.22402143606919,610905.0476074219,614.0785522460938,994.832086828201,610488.2147428417,5.034726340099056,0.019873246429348068,1.0202762003556671,40347.36328125,200.0,132.82394148842022,11.570814654989702,False,False,science_V_002.fits,652623.3531697884,624.7139262139826,1044.6755319269862,-10.091278399843803,0.0010392700573711544,
182,306.7613339063636,65.24823314095457,127816.58569335938,334.0044860839844,382.67924838955696,129231.61828119302,4.759475874673056,0.05550761420777761,1.058769784746564,8542.138671875,126.0,132.7925332518765,11.57141354323738,False,False,science_V_002.fits,167259.85541822348,389.036467603162,429.93361637459003,-8.613101166637545,0.002525273573988357,
183,302.35945425960335,71.54933626845293,93198.02551269531,298.301025390625,312.4294507223117,94276.02704549488,4.699262834612697,0.06916444062713567,1.0743036081192838,5702.7978515625,112.0,132.7932009674201,11.572349974165453,False,False,science_V_002.fits,148273.20644051037,376.87589535506794,393.42714211217196,-8.482278572476039,0.0027595960821901067,
184,491.25738456353747,81.24313894677525,387548.31439208984,524.4763793945312,738.9242482940516,385923.2954395787,5.046597241989163,0.00902825588142997,1.0091105078777602,26008.625,212.0,132.7645459687645,11.573788466043428,False,False,science_V_002.fits,385101.3127443147,511.31773897355544,753.1546109027748,-9.5185593716925,0.0014415366835484377,
185,488.921845184093,99.76678991190127,1143690.9352416992,810.303955078125,1411.4344723041995,1163009.6433258965,5.069464752607123,0.06177832859334509,1.06584619656112,54253.71875,220.0,132.76489990951956,11.57654132870832,False,False,science_V_002.fits,1433292.5268098004,887.4522277732844,1615.0644304607692,-10.945458965201855,0.0006722332431593802,
186,485.9361206454249,107.21690919948372,851121.4102172852,698.1432495117188,1219.1214493766993,882475.9636898699,4.846508532982423,0.04806668440998452,1.050493751634475,54251.609375,160.0,132.76535269585133,11.577648553630775,False,False,science_V_002.fits,1481792.245276512,900.6404597820182,1645.2650213328745,-10.9815901681444,0.0006598936863803527,
187,492.5343440161383,111.58920892986963,579527.2870483398,602.4989624023438,961.8726723405316,581042.5350061234,4.94202528671212,0.10597689804565347,1.1185393283618585,34517.49609375,188.0,132.7643516777218,11.578298203684342,False,False,science_V_002.fits,908330.2841642722,724.0639260757019,1254.4890740341966,-10.45023135907746,0.0008654519377427472,
188,463.6798547593766,89.82716392541087,1380727.8264160156,889.1792602539062,1552.8115512070615,1390370.2786152284,5.300424248502522,0.043049844871080656,1.0449865070195647,54255.953125,261.0,132.76872920985826,11.57506463139895,False,False,science_V_002.fits,1594658.4966079534,931.0184315442498,1712.8108773990066,-11.061291102055959,0.0006338703322860097,
189,461.52805298220545,98.37245412939586,1047165.8831787109,785.9220581054688,1332.4042408263645,1082645.790640777,5.294926222659234,0.14065794109193774,1.1636809692180867,54253.8828125,244.0,132.76905548737759,11.576334591328045,False,False,science_V_002.fits,1328971.51107709,856.8378603029129,1551.0186613454107,-10.863411051915726,0.000699991577830678,
190,176.9580626248982,87.82836616135486,299067.47674560547,459.0106201171875,651.5480549649421,301094.1146181267,4.968102116957273,0.03220778448198558,1.0332796482194748,20359.970703125,165.0,132.8122237986006,11.574769066487187,False,False,science_V_002.fits,319235.0297672746,475.4932436415572,671.3765842862842,-9.314898225473856,0.0016171252102188936,
191,187.41549146723582,93.11302255910782,1342116.916381836,874.302978515625,1535.0707356166813,1339240.6301202793,5.345145891649991,0.01469005109579724,1.0149090660376814,54280.91796875,251.0,132.81063747703172,11.575554485103856,False,False,science_V_002.fits,1363128.2576711467,865.6855639184771,1574.6228359186482,-10.890963676096865,0.000689498447014833,
192,196.46512389835394,94.0453140136582,178724.13793945312,377.0643310546875,473.98845029850327,193717.5697831004,4.685767187713614,0.1208595589639021,1.1374746892788425,13528.48046875,122.0,132.80926468427484,11.575693079002322,False,False,science_V_002.fits,403025.71184999665,527.0527018091539,764.6782009969328,-9.567953758366185,0.00141981293383876,
193,241.0911470522634,93.13843239880977,27493.147399902344,219.78057861328125,125.0936164304053,28558.579160248413,4.571747400367771,0.03293521735004157,1.0340568883708,1918.34130859375,92.0,132.80249507023947,11.575558433964652,False,False,science_V_002.fits,27905.12576642601,285.5810708765365,97.71349929032957,-6.668831834519815,0.01111105433625023,
194,249.00893730229717,108.64552198218429,1359243.1921386719,906.2731323242188,1499.8162735474357,1347081.2535271568,5.577608579922724,0.07840814182310685,1.0850790305138058,54269.19921875,364.0,132.80129397697647,11.577862965628933,False,False,science_V_002.fits,1339819.5879106717,861.1124532784543,1555.917096320775,-10.87223768105397,0.000697787820808267,
195,297.44920331616606,97.76373417704306,1025369.5126342773,782.393310546875,1310.5550607501584,1021516.4339229148,5.137806313079324,0.02363167345662287,1.0242036461181465,54262.87890625,261.0,132.7939457366801,11.57624574158251,False,False,science_V_002.fits,1020016.6337926993,760.8611277017139,1340.608156542049,-10.57614000909637,0.0008098563287877075,
196,285.90003110673956,101.26154902989748,434822.61083984375,541.0803833007812,803.6192481924264,435065.5889678604,5.051346456018625,0.01658226694059428,1.0168618750538563,29374.376953125,198.0,132.79569770081028,11.576765589091167,False,False,science_V_002.fits,441319.0036809248,537.9425632717179,820.3831297469059,-9.666503446658778,0.001323406053382578,
197,352.0385907321543,101.15036896599915,974918.8872070312,769.4094848632812,1267.100167578864,968655.8167037163,5.190512683989043,0.0035722798013866353,1.003585086734314,54255.921875,272.0,132.78566467312154,11.57674873243121,False,False,science_V_002.fits,964886.8434073208,743.1765536857757,1298.3278853752522,-10.515812835728598,0.0008362294395966109,
198,366.39594528652606,100.90050131530333,681823.2883911133,657.0380249023438,1037.7227231140137,678660.889181352,5.140457628688054,0.005067412254685433,1.0050932217087885,44543.05859375,236.0,132.78348670635862,11.576711481181942,False,False,science_V_002.fits,675825.6737726049,638.6342115432473,1058.2359378140504,-10.129208589182856,0.0010259526833332469,
199,374.5536005151955,112.09371766113222,290725.4455566406,467.3406066894531,622.0847095142902,290143.55848191795,5.043779348576965,0.007076190416213546,1.0071266197344786,18808.595703125,189.0,132.7822491058564,11.578374842788781,False,False,science_V_002.fits,289446.4265625623,463.2836720991301,624.7714823427419,-9.208542354637121,0.0017377553724585632,
200,73.41120197288068,103.15141831538882,102946.39910888672,318.740478515625,322.9787430460928,103467.5884032098,4.862435043578022,0.019257239082883015,1.0196353619422844,6690.58056640625,140.0,132.82793166934496,11.57704518043957,False,False,science_V_002.fits,102482.52784198367,340.29784197085274,301.1553856717126,-8.081246447066233,0.0036051156700332566,
201,61.99497107175493,115.50466904178614,890505.5565795898,736.1517944335938,1209.6765413235978,884790.8980293449,5.134810788781757,0.0035874042367075587,1.003600320040073,54308.5859375,270.0,132.82966367253218,11.578880841413802,False,False,science_V_002.fits,883997.9337717734,711.354881651387,1242.6960952592342,-10.420749998811791,0.0008736649323530032,
202,421.58623304339636,115.40788752142723,706475.6956787109,672.627685546875,1050.3220590813416,701761.8817094655,5.150298534256039,0.0011988735703202247,1.0012003125933646,42685.64453125,256.0,132.77511430636068,11.578866833740692,False,False,science_V_002.fits,699589.1107551863,647.8803363812181,1079.812229929359,-10.166729476487236,0.001005452586947479,
203,429.8879011265869,128.81996673699484,903263.5218505859,743.5421752929688,1214.8114146916873,897378.8588787599,5.175888249350437,0.0045108656133152625,1.0045313057244913,54245.7734375,260.0,132.77385476858302,11.580859905344454,False,False,science_V_002.fits,893309.2092982377,719.4725079288077,1241.616878273591,-10.432126402136127,0.0008744243244418633,
204,421.06844487574244,140.88336823079305,813942.2756347656,712.0684814453125,1143.0674111325304,809005.5632731435,5.141376725782031,0.002804738235739457,1.0028126269179993,54242.703125,256.0,132.77519251224192,11.582652779259297,False,False,science_V_002.fits,806145.3896640919,688.4623638284714,1170.9360337160579,-10.320655310546861,0.0009272069256887121,
205,116.20661890950879,118.09261689741177,30080.84002685547,204.2626953125,147.26546117897354,32218.315008370417,4.319839530038852,0.16109297699110048,1.1920272122807005,2199.62353515625,73.0,132.82143989005343,11.579266149425244,False,False,science_V_002.fits,87234.07449284449,369.39710523281076,236.1525665932483,-7.906337268529588,0.004597451620629731,
206,109.58096174337994,124.09413305734729,332524.3707885742,484.2630920410156,686.6605699540085,332931.26764182246,5.048690423512949,0.011945799456576478,1.0120902268822969,21708.400390625,187.0,132.82244506249415,11.580157966874607,False,False,science_V_002.fits,336667.20623705786,483.1799607038901,696.7739426664251,-9.372623911789349,0.001558181116597482,
207,94.32008855981158,142.7850569340071,43019.578186035156,220.19537353515625,195.3700365969164,47778.919120641774,4.348966058558584,0.15271147499598747,1.1802355047771529,3175.391357421875,74.0,132.82476036327455,11.582935460829784,False,False,science_V_002.fits,159660.81596070822,382.06101653271986,417.8935014350903,-8.562617735143466,0.0025980303504878443,
208,86.36368394191217,146.88896869622312,446716.28771972656,533.3549194335938,837.559140157787,449460.56099374424,4.949974188517381,0.05498011189670948,1.058178788180911,28885.59375,168.0,132.82596740926726,11.583545244103941,False,False,science_V_002.fits,521743.1155487178,571.3150191795975,913.2319264036425,-9.848263692084052,0.0011888546256541275,
209,93.82107342142146,153.00802819880826,734202.5595092773,661.2911376953125,1110.2561604984921,734876.7654253611,5.0756964996314755,0.03808936698883403,1.039597615081558,48918.50390625,192.0,132.82483619716518,11.584454701348092,False,False,science_V_002.fits,774929.0464281557,674.039442394021,1149.6790806125528,-10.277776723353762,0.0009443504872868832,
210,92.06730352665512,166.16768633705453,1206587.8418579102,844.9716186523438,1427.9625672899083,1201462.2899071435,5.713361085180903,0.16317761717492096,1.1949967167752371,54291.58203125,302.0,132.82510241944934,11.586410350007245,False,False,science_V_002.fits,1189434.5256814635,813.2960362024957,1462.4865642223742,-10.742973225539759,0.000742365794366995,
211,276.31337554865127,152.76628359293704,228621.41015625,412.7986755371094,553.8327124203614,232185.08047199712,4.846739941229506,0.05313724440401868,1.0561192676446256,15348.4990234375,145.0,132.79715188016814,11.584419783816974,False,False,science_V_002.fits,281062.92131890246,457.7650597581853,613.9894588446181,-9.176630763862294,0.0017682714000384126,
212,296.3291545070514,160.61195763347067,253144.3451538086,445.8079833984375,567.8326871225246,252611.5029438421,5.006194992604705,0.017159104095503475,1.0174586793925706,16063.13671875,185.0,132.7941154347672,11.58558568853504,False,False,science_V_002.fits,252398.46973538204,442.7416214108281,570.0807367762175,-9.059838667789931,0.0019044670867842122,
213,280.13039221078157,161.7237125590021,601638.5999755859,618.4234008789062,972.8587228758394,600566.7005994082,5.057892810257168,0.012239264091788549,1.012390919831952,40108.33984375,210.0,132.7965728156872,11.58575095019604,False,False,science_V_002.fits,618400.4502909083,615.0502685557877,1005.4470047513145,-10.032796366900268,0.0010798182249978808,
214,469.46138141171417,167.17269182639288,19253.865356445312,198.0094757080078,97.23709073821186,19971.942587197147,4.361371206469206,0.014258740686450944,1.0144649932745846,1302.6806640625,75.0,132.76785083493075,11.58655893654024,False,False,science_V_002.fits,24426.603430606658,287.78270981645426,84.87863446065182,-6.524279578120122,0.0127912048408756,
215,475.62636828464616,175.04852060268001,73541.26971435547,290.8423156738281,252.8561552124005,74181.67471530891,4.756638462277665,0.02377706977792582,1.024356188573154,4781.09326171875,121.0,132.76691545134906,11.587729265959714,False,False,science_V_002.fits,75395.16772011833,328.93867362568767,229.2073683190973,-7.74798065318019,0.004736758717496871,
216,366.0860674914062,179.16125902826155,1916565.605895996,1072.444580078125,1787.0999038070377,1910180.2583446545,7.4667115619003,0.4206494544606174,1.726070697092358,54233.83203125,417.0,132.78353301180636,11.588341900486647,False,False,science_V_002.fits,1833183.387277075,993.9342898016239,1844.370806085133,-11.212636656330027,0.0005886560318662332,
217,399.1454144759761,185.39548887253937,1421812.4959106445,915.3677978515625,1553.26907855809,1412120.4098128497,5.422330091420535,0.002066905333351632,1.0020711862793188,54233.4453125,321.0,132.77851772416497,11.589268042740763,False,False,science_V_002.fits,1405595.0113365236,879.8493202287589,1597.5406004417575,-10.924272391828309,0.0006796071409388773,
218,354.77855346296354,188.89663114620058,24764.09423828125,219.1164093017578,113.01798125113118,25866.803733007408,4.600170575775773,0.049733579004164086,1.0523364583924217,1686.67822265625,90.0,132.78524832164575,11.58978877908659,False,False,science_V_002.fits,23314.3597795807,291.092840928551,80.0925220462678,-6.473680609233138,0.013555572633520188,
219,376.16304712465103,197.2262396696359,381003.1460571289,525.52880859375,724.9900287610229,379343.04878901475,5.1036499688472,0.01043200897721519,1.0105419830389148,24967.15234375,216.0,132.78200412300868,11.591026464619022,False,False,science_V_002.fits,373505.81638170546,510.3283334877958,731.8931595057863,-9.485365297068773,0.0014834132357967702,
220,391.33394830398225,200.3043427373844,802506.0568847656,712.7374877929688,1125.948993323994,798127.6174552119,5.463648783230165,0.10266497698987453,1.114410977346547,44430.765625,269.0,132.77970258982083,11.591483750472584,False,False,science_V_002.fits,791566.3801789731,684.0913207531829,1157.1063046194774,-10.300840224900478,0.000938288898492382,
221,71.80238144623999,194.80971879890802,277612.81005859375,449.2710876464844,617.9182629197753,278172.264052166,4.973470172821914,0.008559500909132156,1.008633398491368,18306.326171875,172.0,132.82817707908305,11.590666596449589,False,False,science_V_002.fits,282831.56086705375,454.76163451522,621.9336447951567,-9.18344154973864,0.0017456846226056668,
222,82.33203648872033,195.8364350531699,146951.74395751953,355.61566162109375,413.2319237224588,148913.11109210923,4.883979804600357,0.022015231817100966,1.0225108125743159,9696.7763671875,144.0,132.8265796958817,11.590819325994532,False,False,science_V_002.fits,157412.04688759157,380.4465850782297,413.7559727477211,-8.547216789660753,0.0026240104590876385,
223,230.50875488881917,201.11188814884773,850665.9229125977,704.1345825195312,1208.1013261253959,857334.5930785332,4.950010199129213,0.02285676023491423,1.023391412133608,53080.73828125,182.0,132.8041005952498,11.591604471757613,False,False,science_V_002.fits,1087876.8431494888,782.5572099445111,1390.156309756097,-10.64607120489109,0.000780991311826284,
224,231.2466504928952,210.34197521295326,1292351.301147461,857.887939453125,1506.4336980553567,1312653.2783295591,5.338252408085572,0.06496360156889958,1.0694770831145206,54247.3984375,231.0,132.80398867037107,11.59297616663401,False,False,science_V_002.fits,1402619.8227050884,877.7204440067314,1598.0256951771894,-10.921971804862821,0.0006794008402221702,
225,241.28653513448145,222.23112622163964,839060.2637329102,719.4093017578125,1166.318341565422,834693.23376971,5.187015021293149,0.023305021167542295,1.0238611047180781,54160.55859375,251.0,132.80246557353274,11.594743041428872,False,False,science_V_002.fits,832522.0733673734,697.5477074410153,1193.498400878583,-10.355611266917899,0.000909678638195721,
226,256.0172122063896,224.55984214628853,41388.80676269531,246.21942138671875,168.09724647061432,42314.24367032788,4.650885579646258,0.031236057463011946,1.0322432081660795,2763.50390625,102.0,132.8002308281707,11.59508912188316,False,False,science_V_002.fits,41638.49110466035,302.5502888869443,137.6250251085354,-7.103359331949271,0.007888826898623875,
227,483.6091200773876,221.66443245424406,1254353.1596679688,861.9920043945312,1455.1795762294043,1246608.579698967,5.299658259922777,0.005265387789318177,1.0052932588498318,54228.3125,291.0,132.76570358306267,11.59465676526846,False,False,science_V_002.fits,1243663.8146330493,832.4564163476676,1493.9686813749595,-10.791379369980735,0.0007267220615366493,
228,471.1735008755072,226.4600786490361,303039.66662597656,474.5690002441406,638.5576522488378,303056.8472982968,5.037709875531455,0.012120890861334277,1.0122696094584918,19047.873046875,185.0,132.76759006719294,11.595369670175327,False,False,science_V_002.fits,306001.59581866703,473.73657736203296,645.9319597456761,-9.2689311024461,0.0016808271887142334,
229,412.302557465327,237.84725984293976,65178.28869628906,284.34442138671875,229.2230259993187,65931.00954199607,4.7757115179880625,0.024661269356751503,1.0252848252427003,4374.73974609375,121.0,132.77652106802236,11.597062801156877,False,False,science_V_002.fits,65435.91947474308,323.400228675706,202.33727026940306,-7.594162397273934,0.00536579345245905,
230,400.4521980242301,242.8582492306437,176060.52978515625,384.0406799316406,458.44239682237594,178231.96192576253,4.970720736411117,0.042630653275999575,1.044528951571174,11108.328125,149.0,132.77831880495907,11.597807631702382,False,False,science_V_002.fits,205169.04041131702,418.3774917075608,490.3921565520712,-8.834901442127043,0.002213942424433368,
231,400.87455741526526,253.80519643758794,1096096.0332641602,810.8896484375,1351.7203424365118,1090088.7313597458,5.211268420763208,0.018125788773096674,1.0184603980487965,54225.40234375,274.0,132.77825460045617,11.599434464701204,False,False,science_V_002.fits,1086976.9705952683,785.6761971198035,1383.4923020195824,-10.645172731383248,0.000784753191915218,
232,386.70975835389436,261.34195453005606,93761.193359375,323.14471435546875,290.1523348335969,94396.43916397257,4.925796610067599,0.0243433174270965,1.0249507002431437,5847.310546875,144.0,132.78040345369047,11.600554666173736,False,False,science_V_002.fits,91291.90016857885,348.65604738495296,261.8394284375713,-7.9557024907096165,0.0041464343490149975,
233,415.0482836595439,262.2383121504425,19350.52423095703,204.1739501953125,94.77469683300122,20563.63117202492,4.4384034147817815,0.034931977282724125,1.0361963887108896,1345.22412109375,80.0,132.77610420375132,11.600687547750598,False,False,science_V_002.fits,16345.401241347392,286.2492423987106,57.10198952624729,-6.088110838941874,0.019013348028809947,
234,129.5389468637489,244.1297579157434,827360.9896850586,704.7943115234375,1173.9041819118672,836922.5337205422,5.062513092504448,0.04418238339509739,1.046224700850393,53346.90234375,220.0,132.81941867355906,11.597996806230263,False,False,science_V_002.fits,927780.9198170399,729.3479997495836,1272.0689165331046,-10.473235466131232,0.0008534914939663536,
235,140.5220922041337,250.1506649462649,2451150.0366210938,1180.466552734375,2076.424809278475,2449714.793673299,7.212733366016183,0.3845190748984495,1.6247457219490697,54266.3203125,382.0,132.81775249117644,11.598891684110667,False,False,science_V_002.fits,2386194.072830018,1123.3071518400761,2124.257883448193,-11.498886280561491,0.0005110961378369193,
236,171.69509439456075,250.35191535936295,60217.09002685547,274.6343078613281,219.2628098644582,60934.844363231445,4.854722296286151,0.0027167502105202024,1.0027241510484546,3951.35546875,118.0,132.81302326342018,11.598921836051382,False,False,science_V_002.fits,62310.958252246055,317.57446157201446,196.20897078374225,-7.541032949355725,0.005533386142658267,
237,178.40591744766328,262.46888533761205,1261901.5050048828,846.540283203125,1490.6573615494362,1291472.3860502453,5.207541749829827,0.11631910188543237,1.1316302096532946,54253.10546875,222.0,132.81200524510697,11.600722594833877,False,False,science_V_002.fits,1731583.0860516843,967.5056682674258,1789.7394742426065,-11.150730211571593,0.0006066246040974503,
238,171.30182571010295,267.39904870731493,1578804.3989257812,946.7998657226562,1667.516500671174,1599969.1185710086,5.912771534931263,0.1690022197990365,1.2033726489114882,54254.52734375,278.0,132.8130830411237,11.60145522681854,False,False,science_V_002.fits,1879053.1585732591,1005.9946144231669,1867.8560815663018,-11.239469540296023,0.0005812546323641702,
239,153.41228888440273,273.9269181787806,977481.1434326172,774.2539672851562,1262.4812848683962,970123.3922387564,5.210848833865052,0.004197538908205289,1.0042152325106761,54258.2578125,289.0,132.81579712574188,11.60242520956546,False,False,science_V_002.fits,961977.6327197539,743.4656930846464,1293.9099163116719,-10.512534309594578,0.0008390846892145473,
240,137.4205803668305,280.30584996391474,447939.4642944336,555.2051391601562,806.7999243883431,445705.87767440506,5.075200784672501,0.005982065370061851,1.0060180658332778,28524.87890625,221.0,132.8182233052195,11.603373050968287,False,False,science_V_002.fits,444516.6911678141,539.3546009203129,824.1640850181406,-9.674342056406486,0.0013173347634726196,
241,101.94193512010949,273.89167611583525,705133.6596679688,656.6012573242188,1073.9145741839259,708850.8986355504,5.014587192404179,0.04875216151527029,1.051250746170345,48544.41015625,209.0,132.82360574649553,11.602419453566883,False,False,science_V_002.fits,778915.6210818924,675.7779082821708,1152.6207227784316,-10.28334790819881,0.000941940378603365,
242,110.3039451098959,273.52145145497263,279598.37255859375,441.0439453125,633.9467427910962,289310.3512658832,4.826100129242805,0.07089288203574107,1.0763021622211577,17548.126953125,145.0,132.82233713296415,11.602364532595926,False,False,science_V_002.fits,473730.04844516417,551.9097590016465,858.3469321182104,-9.743449205715345,0.0012648731641886721,
243,283.199249725259,274.5924042533556,369491.40802001953,513.7701416015625,719.1764917832971,368336.6088490614,5.017249697016333,0.016928829609218377,1.0172203499798382,23911.31640625,201.0,132.79610700679697,11.602524485092122,False,False,science_V_002.fits,366881.7872922544,504.5649140191351,727.1250479345474,-9.465937256764116,0.0014931406957909253,
244,274.5122158682548,292.2342602237281,1004028.9642333984,782.0514526367188,1283.840034882965,997630.0489507939,5.161171511811964,0.003510668850608467,1.0035230370670996,54236.125,278.0,132.79742489859584,11.605146277292658,False,False,science_V_002.fits,995387.7629689809,754.1674067682445,1319.8498821825422,-10.549602617392342,0.0008225935499608902,
245,465.1317157910642,283.9225745086428,1678385.5126342773,1008.3619384765625,1664.4673391480735,1668191.1305321953,6.747172194236746,0.30023625064378645,1.4290537355214605,54222.09765625,419.0,132.76850567409582,11.603909336050029,False,False,science_V_002.fits,1581476.4309932813,932.7573640637588,1695.4853340457564,-11.052278683883278,0.0006403476209430309,
246,497.71306656930875,284.01771129432547,492438.2483520508,581.4475708007812,846.9177155110563,489913.0603903861,5.073747518139826,0.005856749767069291,1.0058912533638358,33346.20703125,229.0,132.76356269634053,11.60392289052138,False,False,science_V_002.fits,489388.09686987347,562.6187625199568,869.8396311525679,-9.778755379108935,0.001248161110527247,
247,481.89734783295035,289.018668563076,225872.06243896484,434.0374450683594,520.3976408150471,225423.50038443424,5.077213695493424,0.01634317770302418,1.0166147149418032,15366.787109375,188.0,132.76596203615324,11.604666382135399,False,False,science_V_002.fits,214570.5298347414,429.7665125222329,499.2723341226851,-8.883547058038456,0.002174564713079442,
248,476.7767027888622,300.368689771885,209365.4356689453,399.1359558105469,524.5466679236544,212227.58007521764,4.747970911059276,0.1603300050893871,1.190944068575959,13589.0693359375,136.0,132.76673869730288,11.60635321202046,False,False,science_V_002.fits,500055.28455917997,569.8248720509436,877.5595960902072,-9.802166927139508,0.0012371809331663869,
249,473.08599674808124,308.2339534114955,1292248.0780029297,869.1671142578125,1486.76595881839,1292941.9863145594,5.339312006016292,0.021225016694527477,1.021685287279051,54220.79296875,262.0,132.76729848737938,11.607522141636073,False,False,science_V_002.fits,1326805.4829471963,858.3481559732318,1545.7661016849365,-10.86164001791107,0.000702370170245389,
250,462.8375361834575,320.27227766381156,840658.2940063477,726.13671875,1157.7135163382036,835059.138707384,5.167333491191136,0.0027617938143326137,1.0027694424433418,54220.3984375,266.0,132.7688531180301,11.609311342870708,False,False,science_V_002.fits,830583.62529221,699.1597543660685,1187.9740218246748,-10.35308028622194,0.0009139088734721771,
251,446.99022323254667,325.50930263959265,346881.87829589844,506.23858642578125,685.2142203244599,345498.617679542,5.052036224847039,0.008475921792581831,1.008548377168919,22198.24609375,206.0,132.7712573081588,11.6100898737249,False,False,science_V_002.fits,343670.6143571565,494.5185939745487,694.9599439628839,-9.394977872203793,0.0015622483129156932,
252,371.37233724172546,287.0369758471415,126751.40740966797,344.93585205078125,367.463708559375,127195.03172336295,4.850472044609084,0.028663722147104553,1.0295095764470619,8415.453125,139.0,132.78273005278675,11.604373382187344,False,False,science_V_002.fits,127434.14612990993,368.69295307973584,345.63759644831134,-8.317836407320872,0.0031411513422046435,
253,366.77674984744453,298.11699247161823,221433.04150390625,419.514892578125,527.831181732528,221621.4515265309,4.916187433301098,0.007538962860283549,1.007596230560356,15271.54296875,163.0,132.78342715900143,11.606020037176997,False,False,science_V_002.fits,221012.96165752175,427.53062118859737,516.9523554665477,-8.91566623485173,0.0021001935449547564,
254,35.60704198092375,313.16624571710645,393297.7619628906,531.6759033203125,739.7321554479876,393002.33274364844,5.929274016722038,0.25732827583798557,1.3464899328547066,21668.044921875,233.0,132.83367017698743,11.608255112301675,False,False,science_V_002.fits,388665.9212308036,509.75901740500495,762.4503107553808,-9.52856303093006,0.001423961646660445,
255,49.41755673828536,314.215863511417,318799.6765136719,482.8190612792969,660.2880915036109,317809.39471415384,5.06648150486492,0.026029594573351744,1.026725241781807,20423.818359375,199.0,132.83157494343226,11.608411329504946,False,False,science_V_002.fits,317307.25385490287,474.3816377829415,668.8860372797361,-9.30832187522753,0.001623146454686641,
256,414.3735563070582,323.79461458094414,932471.6019897461,756.0535888671875,1233.340619924693,928618.1428846249,5.3219082133578555,0.08974214400552794,1.098589804432375,54220.03125,262.0,132.77620577427254,11.609835505854766,False,False,science_V_002.fits,923911.3767059926,731.2752870825276,1263.424859319395,-10.468697661253913,0.0008593308830292172,
257,403.72716037524515,331.7454532371593,359406.01037597656,508.9044494628906,706.2347573406007,359065.44744615455,5.046703255976839,0.02102363678383601,1.02147512194755,23101.56640625,197.0,132.77782089741387,11.611017218570314,False,False,science_V_002.fits,358981.7488891164,502.285737172859,714.6962820598163,-9.442302796613184,0.0015191068251690341,
258,417.96081124976905,338.00248637069416,72220.18176269531,295.9991455078125,243.98780489313663,72875.58106103039,4.8611167672854325,0.012471300663013829,1.0126287982024085,4947.724609375,128.0,132.7756613466357,11.611946907404302,False,False,science_V_002.fits,71162.54921162008,329.8995879819508,215.7097244253408,-7.685250616918204,0.005033152783873549,
259,317.1068807537487,338.869353099172,1492687.514465332,938.710693359375,1590.146490313681,1482409.8618594608,5.481423787728049,0.002311838217556428,1.0023171951979728,54224.44921875,337.0,132.7909625198428,11.612076632387545,False,False,science_V_002.fits,1475847.0547475193,899.7892679432533,1640.2141116008465,-10.977225256374874,0.0006619257768367561,
260,246.5742754033274,348.940572837266,503842.51599121094,568.0431518554688,886.9792978675098,511813.5784792445,4.990455420364298,0.038145738924134975,1.0396585433654655,33108.0859375,180.0,132.80166347314955,11.61357347741522,False,False,science_V_002.fits,557504.8641576704,591.6792058983021,942.2417732447647,-9.920243526290355,0.0011522520342748268,
261,273.23711917887977,354.29052125332794,1456953.8414916992,930.9791259765625,1564.9693970994342,1447921.6004567635,5.451709558370291,0.003782523508272795,1.0037968853162396,54232.89453125,307.0,132.79761825533828,11.614368528781029,False,False,science_V_002.fits,1439059.577433485,889.7679540091513,1617.3425565051136,-10.94981880956865,0.0006712863614657304,
262,255.49014180803945,352.93092765979566,718575.9409790039,677.2052612304688,1061.0903106000173,725602.1277030192,5.924371803724396,0.2546354231254566,1.341625334803529,41401.22265625,252.0,132.80031078339726,11.614166491244854,False,False,science_V_002.fits,742110.290935183,665.2786429784119,1115.487921892097,-10.230793009155812,0.0009732960605780739,
263,234.8761679635844,356.3272656138458,449249.17401123047,554.009033203125,810.9058645015184,447714.5008023726,5.062820321008287,0.006002863651200174,1.0060391156389548,29741.556640625,210.0,132.80343828835265,11.614671208735583,False,False,science_V_002.fits,446394.1308261505,542.1574673719149,823.3661946777694,-9.678918063738282,0.0013186113384517774,
264,301.7171858269295,357.40261453769614,510055.55072021484,567.4508666992188,898.8541222734149,524363.7586186208,4.914330560282559,0.07124546353521777,1.0767107569739653,32991.87109375,168.0,132.79329731756275,11.614830947107967,False,False,science_V_002.fits,770711.3880281759,676.6689856898136,1138.978443414978,-10.27185131445796,0.0009532226059913529,
265,286.6161549617912,362.01923276502856,1500310.9982299805,933.2119140625,1607.6852166393369,1490915.7617031552,5.498671586536487,0.017466113864808563,1.017776602019816,54230.4765625,304.0,132.7955884010175,11.615517074679053,False,False,science_V_002.fits,1481638.158471008,901.5590397166567,1643.417783195496,-10.981477260061016,0.000660635421559661,
266,309.0758927899209,358.60329479751186,532453.8784790039,581.8438110351562,915.1147926308903,541881.7903506225,4.896411742369932,0.0911325621622493,1.1002704667020078,34923.6796875,181.0,132.79218086546285,11.615009352139054,False,False,science_V_002.fits,780054.4986162076,679.8211855328672,1147.4407023734839,-10.28493423852822,0.0009461926858217833,
267,467.6648881394967,346.31972222872497,875984.7261352539,722.2308959960938,1212.8873619109086,881453.5877379272,4.972163101133695,0.09881740316526955,1.1096530309310797,53957.4140625,208.0,132.7681202900327,11.613182201400942,False,False,science_V_002.fits,1315451.9303968484,854.3159593118489,1539.7721604737949,-10.852309330551627,0.0007051043185934244,
268,464.929460969756,352.21020838940206,601167.5657348633,609.0408325195312,987.072678276599,632951.880082923,4.7397799296970184,0.17206087041280327,1.2078182613480188,54220.50390625,175.0,132.76853520057253,11.614057638692632,False,False,science_V_002.fits,1210836.4345848896,823.017735677167,1471.2154818737058,-10.762335575509374,0.0007379612391090922,
269,18.274015748074284,381.96082359377465,923740.6879272461,742.292724609375,1244.442599667613,920060.4554671323,5.113949368493178,0.005046866875550671,1.005072466940932,54287.9921875,242.0,132.83630115831775,11.618478435332017,False,False,science_V_002.fits,921616.3246191465,725.254961724236,1270.748044836642,-10.465997271088842,0.0008543786507572944,
270,12.113071711133742,393.67249295810427,756144.7019042969,678.8687133789062,1113.8305345385088,753112.0214080338,5.069149218814955,0.006226432879872457,1.0062654442479448,50650.61328125,225.0,132.83723612486816,11.620218801871191,False,False,science_V_002.fits,756048.2195598675,665.8427773753582,1135.4755886067942,-10.25099561154043,0.0009561632243737906,
271,1.2288487304213582,398.9884423992348,24929.53985595703,142.08346557617188,175.4570087016363,24798.968787500085,2.490861222083961,0.14705607246303876,1.1724100116260765,24979.91796875,21.0,132.83888759545246,11.62100859649574,True,False,science_V_002.fits,32021.359620171468,241.0374601070114,132.8480627283212,-6.818221294107935,0.008172494033430457,
272,368.96643048529626,397.0327774526271,1146242.8508911133,821.980224609375,1394.4895711278648,1144679.2446431445,5.195964751925238,0.031837379968032486,1.032884330906084,54223.84375,256.0,132.78309404535236,11.620720000725916,False,False,science_V_002.fits,1165669.1522632907,809.3172631129572,1440.3117360670917,-10.721060133170152,0.0007537951492116612,
273,361.3529807323983,404.3212263857505,705009.5098876953,664.1953735351562,1061.4489922374908,705092.0869918634,5.08110683699676,0.039818494640324054,1.0414697579760281,45407.62890625,222.0,132.78424910290076,11.62180321150502,False,False,science_V_002.fits,747674.5118663762,667.9718629138026,1119.3203686827428,-10.238903313672632,0.0009699635871700357,
274,407.0835110137639,398.04841279463733,719565.8790283203,682.5272827148438,1054.2668362884347,714673.3408980059,5.134877960815971,0.0036359056638883835,1.0036491737152682,48840.96875,264.0,132.77731087174362,11.620870533454656,False,False,science_V_002.fits,711910.9073935697,654.8326184277043,1087.1647003518458,-10.185685991390244,0.000998652733710567,
275,411.80539136126214,418.07506693731875,753638.0919189453,696.2041625976562,1082.495814312562,748314.0153197602,5.1437078401076155,0.005381342012350077,1.005410457534788,50517.35546875,269.0,132.7765942093492,11.623846658243263,False,False,science_V_002.fits,746887.1705798269,667.4303168121255,1119.048913071876,-10.237759372904677,0.000970198878098786,
276,253.16429816800797,422.24936081632785,423081.57794189453,531.1539306640625,796.5328947353302,429929.9928951929,4.7376501788287495,0.05841696151045739,1.0620412211377215,28264.265625,158.0,132.8006636647305,11.62446797924653,False,False,science_V_002.fits,778268.8040298331,684.988651607027,1136.1776610517047,-10.282445930603426,0.0009555723873280699,
277,255.03157771977365,429.7422147915912,863488.7698974609,699.244384765625,1234.8883862498058,885010.4765709932,4.972107697874634,0.0341144622508226,1.0353193633381448,54239.08203125,145.0,132.80038035537305,11.625581500515649,False,False,science_V_002.fits,1276939.444484331,841.9393475338642,1516.6644108327177,-10.820047630218472,0.0007158472185708514,
278,264.0145759041184,428.32485898678453,97102.34338378906,300.42303466796875,323.21870222470716,100515.53054405548,4.633189477860044,0.09569568071294043,1.1058224302062225,6259.82958984375,106.0,132.7990174231356,11.625370862515513,False,False,science_V_002.fits,221296.1260257298,457.7424902160165,483.4511341110072,-8.91705640230261,0.0022457285202080175,
279,251.80607333056,436.1457259665971,349544.3498535156,491.57147216796875,711.0753362312229,368457.85338937346,4.761554252566456,0.1646621775868612,1.197120462127744,25401.576171875,162.0,132.8008697423234,11.626533132819176,False,False,science_V_002.fits,807350.6561515897,692.1481846423244,1166.4419181692972,-10.322277380472167,0.0009307793067862139,
280,248.2052651067425,453.54564232109004,505209.31842041016,588.1598510742188,858.9660064312326,502274.8787722837,5.110194940544753,0.009402429266975987,1.0094916740609594,31789.23828125,238.0,132.80141608150294,11.629118951667738,False,False,science_V_002.fits,500396.77633561636,566.5849230753064,883.1805365020404,-9.802908132069152,0.001229306982126289,
281,288.47180646075736,424.8929882373341,381876.2509765625,515.7593994140625,740.4154949195297,388899.3797702519,4.751980543242482,0.1759492846567592,1.2135175437393695,27066.0078125,161.0,132.795306694947,11.624860807292206,False,False,science_V_002.fits,825952.3479934935,704.0759751579232,1173.1011668282442,-10.34700935432596,0.0009254956270612586,
282,293.8071335553735,429.4016072115037,760353.8213500977,680.82470703125,1116.812908664311,773324.1194553288,5.0330269498210995,0.06255101315598699,1.0667247114603744,48391.6015625,211.0,132.79449718761055,11.625530822740489,False,False,science_V_002.fits,997754.8742474633,761.9891829099511,1309.4081866584372,-10.55218151924921,0.0008291532091079006,
283,328.4315385830452,428.4057653526332,494293.39453125,566.82470703125,872.0392537582148,495789.8883910018,4.957370427467563,0.07420897232309742,1.0801573682446575,29627.583984375,187.0,132.78924385349055,11.625382675515329,False,False,science_V_002.fits,727434.3137128507,660.3585086084524,1101.5748328067195,-10.209106332172045,0.0009855889656027528,
284,349.7574854053709,434.57368899083843,847334.8340454102,732.4834594726562,1156.7972260499096,840733.2742306038,5.173658421306578,0.005747780229636068,1.0057810081942422,54203.6953125,284.0,132.78600815825305,11.626299155060314,False,False,science_V_002.fits,837526.8617350427,700.609597437551,1195.4259045240897,-10.362118736346599,0.000908211873183581,
285,330.1373243866221,436.72177535569404,940229.1841430664,753.1718139648438,1248.3594934249013,940177.7825031227,5.112867043047402,0.06229628554647082,1.0664349352426055,54231.5390625,245.0,132.78898499515853,11.626618516666676,False,False,science_V_002.fits,1057733.7751612319,775.1548785471284,1364.545079228219,-10.615562804802023,0.0007956497857982584,
286,123.89578912832609,440.733957274954,168846.4952392578,370.77587890625,455.3869462526454,172641.80246035208,4.901603669120224,0.049980372448872656,1.0526098314175967,10898.1875,141.0,132.82027687144495,11.627214313580952,False,False,science_V_002.fits,235394.37903098227,430.5014220573202,546.7911764520027,-8.984112094385756,0.0019855843450965103,
287,119.19944216549906,446.0621972307343,111820.86517333984,312.9896240234375,357.26700372970316,115162.62880458482,4.598785593201164,0.14887907812492185,1.174921182523549,7522.42822265625,112.0,132.82098948088324,11.628006099291307,False,False,science_V_002.fits,204694.76962312122,412.5073372368935,496.2209181398626,-8.832388738234556,0.0021879367844263057,
288,12.3497218557289,451.59325751839793,909346.0982055664,726.239990234375,1252.128924919294,930688.8995272968,4.93016539618989,0.08247976123766676,1.08989421459403,54289.65234375,198.0,132.8372013555404,11.628826472182682,False,False,science_V_002.fits,1288346.8074717154,842.2263927172831,1529.6918009362182,-10.829703838078139,0.0007097508134223629,
289,15.903947158364995,459.01699693410933,1257450.2783203125,844.3072509765625,1489.3278209631515,1264897.402835677,5.025103268611206,0.11786227508559188,1.1336098341072849,54289.578125,169.0,132.83666223284808,11.62992978973912,False,False,science_V_002.fits,1771653.1587642538,985.3832720432335,1797.93305714502,-11.175568631267009,0.0006038600801544906,
290,20.708306479607305,466.17430329161897,1009278.0667114258,762.0651245117188,1324.398708519964,1017883.2862872593,5.055535645578892,0.06328495910183918,1.0675605241068393,54289.3359375,207.0,132.8359334223152,11.630993534691447,False,False,science_V_002.fits,1302145.4740381755,846.78918692014,1537.7445699020006,-10.841270638466934,0.0007060340327322313,
291,24.20133285766073,482.0182553889559,1352887.492980957,885.5426025390625,1527.7497537689378,1344855.1394863199,5.342201393180267,0.0027532462045924966,1.0027608474974863,54289.19140625,293.0,132.8354037329524,11.633348185264175,False,False,science_V_002.fits,1342872.9491375957,858.0472160401347,1565.033862978915,-10.874709187733183,0.0006937230086085538,
292,92.60592584739408,464.917921120983,501398.89947509766,578.1094360351562,867.3079320653163,499055.34550625255,5.076868158568894,0.00395615754082812,1.003971870887792,32451.794921875,224.0,132.82502462804578,11.630807953846437,False,False,science_V_002.fits,498244.5558910495,562.179956980479,886.2723576400117,-9.798228279153623,0.0012250184614705003,
293,105.58088713127314,472.49552491105925,266770.1569213867,447.56146240234375,596.0525633495421,268208.2347470827,5.05447626760421,0.03042210054047534,1.0313766439575753,16155.5576171875,179.0,132.82305607450152,11.631934230025859,False,False,science_V_002.fits,269034.8762075531,452.6358126074191,594.3738182309779,-9.129143332064476,0.001826628237480826,
294,116.8801756986671,476.22280082902057,863547.2429199219,728.7964477539062,1184.8949670121294,858370.4755024845,5.185516612147392,0.009032741130799105,1.0091150752458828,54274.6171875,265.0,132.82134170801385,11.632488273324627,False,False,science_V_002.fits,849877.5806704748,704.4901043416924,1206.372630974908,-10.378012806361276,0.0008999706824603702,
295,131.4898240180871,489.09559380900447,1442269.99609375,919.6013793945312,1568.3643243807937,1431989.3023377098,5.442110085616697,0.006253022342740722,1.0062923686645893,54272.37109375,331.0,132.819125152706,11.634401464276394,False,False,science_V_002.fits,1425139.7975068502,883.4504032146668,1613.1520143305204,-10.939265544214337,0.0006730301858443144,
296,105.23619993360879,491.7053891573757,1206717.3508300781,846.7588500976562,1425.1015512750862,1198196.3897386421,5.288943711735479,0.004830572143943335,1.004854019836954,54277.10546875,304.0,132.82310860531194,11.634789023988866,False,False,science_V_002.fits,1193837.3218286058,815.1670621357166,1464.5308640179633,-10.74698475332427,0.0007413295456412337,
297,400.08139041761154,481.60955537129854,40148.69256591797,238.9565887451172,168.01667941762648,41489.35651587516,4.614557128145469,0.051583706208309654,1.054389308308994,2599.27783203125,93.0,132.77837226155597,11.633288726351667,False,False,science_V_002.fits,54272.39847812844,313.8925395121889,172.9012054968607,-7.391069411350504,0.006279308445999891,
298,410.16991881329164,488.17109670513264,1204361.7075195312,846.8661499023438,1422.1393872672936,1196655.7211165908,5.274201223127631,0.0031537967662080835,1.0031637746685267,54228.703125,289.0,132.7768414689191,11.634263723680878,False,False,science_V_002.fits,1194132.2910798066,817.383428429004,1460.9206029230456,-10.747252980185461,0.0007431615365186205,
